round,val_loss,accuracy,balanced_accuracy,macro_precision,macro_recall,macro_f1,weighted_f1,macro_pr_auc,worst_class_f1,worst_class_recall,precision_c0,recall_c0,f1_c0,support_c0,predicted_count_c0,precision_c1,recall_c1,f1_c1,support_c1,predicted_count_c1,precision_c2,recall_c2,f1_c2,support_c2,predicted_count_c2,precision_c3,recall_c3,f1_c3,support_c3,predicted_count_c3,precision_c4,recall_c4,f1_c4,support_c4,predicted_count_c4,precision_c5,recall_c5,f1_c5,support_c5,predicted_count_c5,precision_c6,recall_c6,f1_c6,support_c6,predicted_count_c6,precision_c7,recall_c7,f1_c7,support_c7,predicted_count_c7,precision_c8,recall_c8,f1_c8,support_c8,predicted_count_c8,precision_c9,recall_c9,f1_c9,support_c9,predicted_count_c9,train_loss_client_0,train_accuracy_client_0,train_samples_client_0,train_batches_client_0,update_l2_client_0,train_seconds_client_0,train_loss_client_1,train_accuracy_client_1,train_samples_client_1,train_batches_client_1,update_l2_client_1,train_seconds_client_1,train_loss_client_2,train_accuracy_client_2,train_samples_client_2,train_batches_client_2,update_l2_client_2,train_seconds_client_2,train_loss_client_3,train_accuracy_client_3,train_samples_client_3,train_batches_client_3,update_l2_client_3,train_seconds_client_3,train_loss_client_4,train_accuracy_client_4,train_samples_client_4,train_batches_client_4,update_l2_client_4,train_seconds_client_4,round_train_seconds,aggregation_seconds,fl_round_seconds,validation_seconds,round_total_seconds,round_orchestration_seconds
1,9.667531094330906,0.9602333896726184,0.1,0.0960233389672618,0.1,0.0979713328761315,0.940753450583922,0.112027334003729,0.0,0.0,0.9602333896726184,1.0,0.979713328761315,344284,358542,0.0,0.0,0.0,345,0,0.0,0.0,0.0,325,0,0.0,0.0,0.0,869,0,0.0,0.0,0.0,4733,0,0.0,0.0,0.0,3347,0,0.0,0.0,0.0,2484,0,0.0,0.0,0.0,1917,0,0.0,0.0,0.0,214,0,0.0,0.0,0.0,24,0,1.448320388793945,0.0633593946695327,147997,37,1.672189462914916,0.6390765000833198,0.051192719489336,0.997077703475952,1342096,328,2.5838908022130265,4.965973832993768,2.064783811569214,0.6001983880996704,10080,3,0.4829808545986855,0.1828663330525159,1.4107016324996948,0.0159200616180896,141708,35,1.0718872261636017,0.5633831250015646,2.1104798316955566,0.0613222606480121,31310,8,0.5542294823790005,0.1403917920542881,6.491691583185457,0.0023764999350532,6.49406808312051,1.523446291917935,8.017514375038445,0.4322504168376326
2,9.18094399682924,0.9602333896726184,0.1,0.0960233389672618,0.1,0.0979713328761315,0.940753450583922,0.1317590355091621,0.0,0.0,0.9602333896726184,1.0,0.979713328761315,344284,358542,0.0,0.0,0.0,345,0,0.0,0.0,0.0,325,0,0.0,0.0,0.0,869,0,0.0,0.0,0.0,4733,0,0.0,0.0,0.0,3347,0,0.0,0.0,0.0,2484,0,0.0,0.0,0.0,1917,0,0.0,0.0,0.0,214,0,0.0,0.0,0.0,24,0,1.6129136085510254,0.5922011733055115,147997,37,2.1577727203652466,0.5322448749793693,0.0027591749094426,1.0,1342096,328,0.5053920769136206,4.917378916055895,4.857594966888428,0.0203373022377491,10080,3,1.3853708580218995,0.0340455829864367,1.6985604763031006,0.743599534034729,141708,35,2.10106255831487,0.507074834080413,3.4100897312164307,0.0235707443207502,31310,8,1.7193593976847934,0.1007718329783529,6.091516041080467,0.0011846249690279,6.092700666049495,1.5188208750914782,7.611521541140974,0.0190277928486466
3,7.576692801417646,0.9602333896726184,0.1,0.0960233389672618,0.1,0.0979713328761315,0.940753450583922,0.1561892080640718,0.0,0.0,0.9602333896726184,1.0,0.979713328761315,344284,358542,0.0,0.0,0.0,345,0,0.0,0.0,0.0,325,0,0.0,0.0,0.0,869,0,0.0,0.0,0.0,4733,0,0.0,0.0,0.0,3347,0,0.0,0.0,0.0,2484,0,0.0,0.0,0.0,1917,0,0.0,0.0,0.0,214,0,0.0,0.0,0.0,24,0,1.4920605421066284,0.5858429670333862,147997,37,2.144175322758017,0.5345702499616891,0.0017160726711153,1.0,1342096,328,0.3334379232703573,4.8979284160304815,4.910807132720947,0.051091268658638,10080,3,1.3639106090221218,0.0342310830019414,1.6035432815551758,0.7219987511634827,141708,35,2.4322019296867747,0.5104298340156674,3.3000102043151855,0.0419035442173481,31310,8,1.728991278166226,0.0995734160533174,6.076732999063097,0.0010999159421771,6.077832915005274,1.5347245000302792,7.612557415035553,0.0209339169086888
4,6.418690515691684,0.9602333896726184,0.1,0.0960233389672618,0.1,0.0979713328761315,0.940753450583922,0.1853486396175864,0.0,0.0,0.9602333896726184,1.0,0.979713328761315,344284,358542,0.0,0.0,0.0,345,0,0.0,0.0,0.0,325,0,0.0,0.0,0.0,869,0,0.0,0.0,0.0,4733,0,0.0,0.0,0.0,3347,0,0.0,0.0,0.0,2484,0,0.0,0.0,0.0,1917,0,0.0,0.0,0.0,214,0,0.0,0.0,0.0,24,0,1.4422831535339355,0.6129313707351685,147997,37,2.0399397903034955,0.5730246250750497,0.0014929923927411,1.0,1342096,328,0.3041809678917225,4.849534958018921,4.337177276611328,0.1201388910412788,10080,3,1.3387813624079692,0.038025000016205,1.4975143671035769,0.7897084355354309,141708,35,1.9765997466622565,0.4976164579857141,3.068120002746582,0.0738741606473922,31310,8,1.657829444755512,0.1277972919633612,6.085998333059251,0.0011262919288128,6.087124624988064,1.5392565419897437,7.626381166977808,0.0167636258993297
5,5.543084033521216,0.9602333896726184,0.1,0.0960233389672618,0.1,0.0979713328761315,0.940753450583922,0.1922381386461487,0.0,0.0,0.9602333896726184,1.0,0.979713328761315,344284,358542,0.0,0.0,0.0,345,0,0.0,0.0,0.0,325,0,0.0,0.0,0.0,869,0,0.0,0.0,0.0,4733,0,0.0,0.0,0.0,3347,0,0.0,0.0,0.0,2484,0,0.0,0.0,0.0,1917,0,0.0,0.0,0.0,214,0,0.0,0.0,0.0,24,0,1.31143319606781,0.6759258508682251,147997,37,1.9743031812425764,0.5470816669985652,0.0013400790048763,1.0,1342096,328,0.2856222131764551,4.917044791975059,4.156136989593506,0.1103174611926078,10080,3,1.272789864320092,0.0335785830393433,1.3378384113311768,0.8209628462791443,141708,35,1.882027588564018,0.5166550410212949,2.821563243865967,0.1065474301576614,31310,8,1.5705910976430553,0.1078840419650077,6.12224412499927,0.0012352910125628,6.123479416011833,1.54074062500149,7.664220041013323,0.0209825839847326
6,5.262054039300001,0.9605959692309408,0.1379707240348758,0.1120854423619649,0.1379707240348758,0.1204414133160939,0.942074089086264,0.1960492713068618,0.0,0.0,0.962450554212152,0.999997095421222,0.980864645106332,344284,357715,0.1584038694074969,0.3797101449275362,0.2235494880546075,345,827,0.0,0.0,0.0,325,0,0.0,0.0,0.0,869,0,0.0,0.0,0.0,4733,0,0.0,0.0,0.0,3347,0,0.0,0.0,0.0,2484,0,0.0,0.0,0.0,1917,0,0.0,0.0,0.0,214,0,0.0,0.0,0.0,24,0,1.2685343027114868,0.7432515621185303,147997,37,1.764379146191343,0.542077042046003,0.0012220328208059,1.0,1342096,328,0.2750461701407419,4.962423624936491,3.756315946578979,0.1382936537265777,10080,3,1.2408892832279177,0.0339329170528799,1.2974106073379517,0.8763584494590759,141708,35,1.5673343324145392,0.5147297499934211,2.6860191822052,0.1286809295415878,31310,8,1.4600360353477606,0.1007960420101881,6.1539593760389835,0.0011333329603075,6.155092708999291,1.5567936250008645,7.711886334000155,0.019446708029136
7,5.03714218046957,0.9607075321719633,0.1501440561625985,0.1119200685979482,0.1501440561625985,0.1219217362849022,0.9424609919703264,0.1995629994784112,0.0,0.0,0.9632042928325028,0.999991286263666,0.9812531262603016,344284,357433,0.1559963931469792,0.5014492753623189,0.2379642365887207,345,1109,0.0,0.0,0.0,325,0,0.0,0.0,0.0,869,0,0.0,0.0,0.0,4733,0,0.0,0.0,0.0,3347,0,0.0,0.0,0.0,2484,0,0.0,0.0,0.0,1917,0,0.0,0.0,0.0,214,0,0.0,0.0,0.0,24,0,1.2383077144622805,0.7444069981575012,147997,37,1.8177612818672932,0.5438723749248311,0.0011040490353479,0.999999225139618,1342096,328,0.2577596557439446,5.016654665931128,3.78576922416687,0.149404764175415,10080,3,1.249512815903558,0.0336220000172033,1.280443549156189,0.883104681968689,141708,35,1.4744736280548365,0.5123027500230819,2.617386817932129,0.1741935461759567,31310,8,1.4287556023959291,0.101780500030145,6.208232290926389,0.0013300410937517,6.209562332020141,1.5202228330308571,7.729785165050998,0.0191770000383257
8,4.872551864934088,0.9607437901277952,0.1539121721046275,0.111499087682785,0.1539121721046275,0.1217910341294128,0.9426193887762486,0.2020798431701095,0.0,0.0,0.9635250787822476,0.999991286263666,0.9814195593488008,344284,357314,0.1514657980456026,0.5391304347826087,0.2364907819453274,345,1228,0.0,0.0,0.0,325,0,0.0,0.0,0.0,869,0,0.0,0.0,0.0,4733,0,0.0,0.0,0.0,3347,0,0.0,0.0,0.0,2484,0,0.0,0.0,0.0,1917,0,0.0,0.0,0.0,214,0,0.0,0.0,0.0,24,0,1.161026954650879,0.774076521396637,147997,37,1.5881994388204843,0.5454934999579564,0.0010303447488695,0.9999977350234984,1342096,328,0.2509187012891334,4.970712332986295,3.651120185852051,0.1634920686483383,10080,3,1.2430362216156572,0.0368650000309571,1.257737398147583,0.8981356024742126,141708,35,1.4312649659452947,0.5093475420726463,2.5831825733184814,0.1961034834384918,31310,8,1.3900709897076178,0.128691375022754,6.191109750070609,0.0020429580472409,6.19315270811785,1.50670349993743,7.69985620805528,0.0183689579134807
9,4.737593550812281,0.9607716808630508,0.157679416673023,0.1110196288957318,0.157679416673023,0.1215026771791457,0.9427855680520156,0.2035167237719833,0.0,0.0,0.9638727595455538,0.999982572527332,0.9815956867474688,344284,357182,0.1463235294117647,0.5768115942028985,0.2334310850439882,345,1360,0.0,0.0,0.0,325,0,0.0,0.0,0.0,869,0,0.0,0.0,0.0,4733,0,0.0,0.0,0.0,3347,0,0.0,0.0,0.0,2484,0,0.0,0.0,0.0,1917,0,0.0,0.0,0.0,214,0,0.0,0.0,0.0,24,0,1.1257911920547483,0.8091988563537598,147997,37,1.5935448018910672,0.5222301669418812,0.0009814439108595,0.9999940395355223,1342096,328,0.248108365995732,4.9913797919871286,3.666514635086059,0.163789689540863,10080,3,1.2871185484748842,0.0328209589933976,1.2167803049087524,0.8898298144340515,141708,35,1.437039215286269,0.5136141659459099,2.52793025970459,0.2264132797718048,31310,8,1.3732248763370152,0.107190917013213,6.16723600088153,0.0012664160458371,6.1685024169273674,1.52573858294636,7.694240999873728,0.0167037911014631
10,4.64617819719827,0.960777259010102,0.1582591268179506,0.1110615074247897,0.1582591268179506,0.1216012012797637,0.9427999398227664,0.2064646154060241,0.0,0.0,0.9638997457807444,0.999982572527332,0.9816096804361214,344284,357172,0.1467153284671533,0.5826086956521739,0.234402332361516,345,1370,0.0,0.0,0.0,325,0,0.0,0.0,0.0,869,0,0.0,0.0,0.0,4733,0,0.0,0.0,0.0,3347,0,0.0,0.0,0.0,2484,0,0.0,0.0,0.0,1917,0,0.0,0.0,0.0,214,0,0.0,0.0,0.0,24,0,1.109378457069397,0.8064960837364197,147997,37,1.6050431286006164,0.536955791991204,0.0009363131830468,0.9999910593032836,1342096,328,0.2447632548707996,5.146864249953069,3.599264621734619,0.162400797009468,10080,3,1.2516358757655164,0.0337542908964678,1.2395721673965454,0.8894063830375671,141708,35,1.369463056154773,0.5087889999849722,2.4903554916381836,0.2409773170948028,31310,8,1.3301295986102315,0.1015532920137047,6.327916624839418,0.0011938749812543,6.329110499820672,1.531474250019528,7.8605847498402,0.0186954161617904
11,4.563663662634296,0.9607688917895254,0.1582582554443172,0.111019035089624,0.1582582554443172,0.1215463617880274,0.942796576440389,0.2095326482557551,0.0,0.0,0.9639021412892532,0.999973858790998,0.9816067243375172,344284,357168,0.1462882096069869,0.5826086956521739,0.2338568935427574,345,1374,0.0,0.0,0.0,325,0,0.0,0.0,0.0,869,0,0.0,0.0,0.0,4733,0,0.0,0.0,0.0,3347,0,0.0,0.0,0.0,2484,0,0.0,0.0,0.0,1917,0,0.0,0.0,0.0,214,0,0.0,0.0,0.0,24,0,1.1326943635940552,0.792205274105072,147997,37,1.5156282905415082,0.536480417009443,0.0008980458951555,0.9999910593032836,1342096,328,0.2419680310718395,4.890523875015788,3.6261425018310542,0.1616071462631225,10080,3,1.2513088303211075,0.0344858749303966,1.1964675188064575,0.9037739634513856,141708,35,1.3239363274938931,0.5040553750004619,2.4539473056793213,0.2539444267749786,31310,8,1.3165586875699156,0.1073770839720964,6.072922625928186,0.0011416249908506,6.074064250919037,1.5590861670207232,7.63315041793976,0.0160290820058435
12,4.578456160208824,0.9607744699365764,0.1588379655892447,0.1110708787719844,0.1588379655892447,0.1216573022736041,0.9428097256709316,0.2124797625747256,0.0,0.0,0.9639264305253402,0.999973858790998,0.9816193190323376,344284,357159,0.1467823571945047,0.5884057971014492,0.2349537037037037,345,1383,0.0,0.0,0.0,325,0,0.0,0.0,0.0,869,0,0.0,0.0,0.0,4733,0,0.0,0.0,0.0,3347,0,0.0,0.0,0.0,2484,0,0.0,0.0,0.0,1917,0,0.0,0.0,0.0,214,0,0.0,0.0,0.0,24,0,1.0983842611312866,0.8171111345291138,147997,37,1.4488379062868544,0.571503207902424,0.000871330674272,0.9999895691871644,1342096,328,0.2397488910245764,4.873355082934722,3.564418315887451,0.1644841283559799,10080,3,1.2860139156061603,0.0381663329899311,1.1677396297454834,0.9081138968467712,141708,35,1.2554821809502468,0.5124013329623267,2.397751808166504,0.2745768129825592,31310,8,1.316719773422175,0.1283377499785274,6.123763706767932,0.0011775000020861,6.124941206770018,1.5515705830184745,7.676511789788492,0.017645877203904
13,4.529282694395385,0.9607800480836276,0.1594176757341722,0.1110400884962123,0.1594176757341722,0.1216600129950581,0.9428325736410682,0.2151019169595792,0.0,0.0,0.9639723135335524,0.999973858790998,0.9816431098932744,344284,357142,0.1464285714285714,0.5942028985507246,0.2349570200573066,345,1400,0.0,0.0,0.0,325,0,0.0,0.0,0.0,869,0,0.0,0.0,0.0,4733,0,0.0,0.0,0.0,3347,0,0.0,0.0,0.0,2484,0,0.0,0.0,0.0,1917,0,0.0,0.0,0.0,214,0,0.0,0.0,0.0,24,0,1.110871195793152,0.8315033316612244,147997,37,1.4157357031281612,0.5340155409649014,0.0008223101031035,0.9999858140945436,1342096,328,0.2291085611826856,4.878189709037542,3.6247239112854,0.1609126925468444,10080,3,1.281917002978778,0.0341311249649152,1.1717872619628906,0.901409924030304,141708,35,1.2935341574059047,0.5175362080335617,2.4068474769592285,0.284797191619873,31310,8,1.3057473540576907,0.109533250099048,6.073405833099969,0.0012092089746147,6.0746150420745835,1.5235178329749033,7.598132875049487,0.0180824998533353
14,4.376753703364804,0.9607856262306786,0.1599973858790998,0.1110101475433687,0.1599973858790998,0.1216627174325153,0.9428554226570036,0.2190466358530954,0.0,0.0,0.9640182009100456,0.999973858790998,0.9816669019074464,344284,357125,0.1460832745236415,0.6,0.2349602724177071,345,1417,0.0,0.0,0.0,325,0,0.0,0.0,0.0,869,0,0.0,0.0,0.0,4733,0,0.0,0.0,0.0,3347,0,0.0,0.0,0.0,2484,0,0.0,0.0,0.0,1917,0,0.0,0.0,0.0,214,0,0.0,0.0,0.0,24,0,1.0511491298675537,0.7875902652740479,147997,37,1.4741836318516677,0.5288317080121487,0.0008073147037066,0.9999895691871644,1342096,328,0.2268588984466651,4.902388000045903,3.570974826812744,0.1559523791074752,10080,3,1.3190498408921356,0.0332635840168222,1.1835556030273438,0.8707976937294006,141708,35,1.4333089355873052,0.5119160830508918,2.359372138977051,0.3051740527153015,31310,8,1.306006035141725,0.1013650420354679,6.077764417161234,0.0012692910386249,6.079033708199859,1.5292734580580143,7.608307166257873,0.0173931658500805
15,4.421617670183722,0.9607716808630508,0.1585481105167809,0.1110398593823877,0.1585481105167809,0.1215952468450062,0.9428037588598104,0.223298996096618,0.0,0.0,0.9639156351581772,0.999973858790998,0.9816137213502945,344284,357163,0.1464829586656997,0.5855072463768116,0.2343387470997679,345,1379,0.0,0.0,0.0,325,0,0.0,0.0,0.0,869,0,0.0,0.0,0.0,4733,0,0.0,0.0,0.0,3347,0,0.0,0.0,0.0,2484,0,0.0,0.0,0.0,1917,0,0.0,0.0,0.0,214,0,0.0,0.0,0.0,24,0,1.0580449104309082,0.8307600617408752,147997,37,1.3970980596273452,0.5303042919840664,0.0008169368375092,0.9999887943267822,1342096,328,0.2348319553710827,4.893953875056468,3.474907636642456,0.1651785671710968,10080,3,1.2900954760475756,0.0341214999789372,1.150386929512024,0.89298415184021,141708,35,1.2548909413412106,0.5100829160073772,2.3596737384796143,0.310380071401596,31310,8,1.2886919789568756,0.0995845419820398,6.0680471250088885,0.0021802079863846,6.070227332995273,1.5206762499874458,7.590903582982719,0.0167522500269114
16,4.347606652457287,0.9607744699365764,0.1585484009746587,0.1110504995985224,0.1585484009746587,0.1216089926521815,0.9428052838289306,0.2216256272493218,0.0,0.0,0.9639157361884176,0.999976763369776,0.9816151731846124,344284,357164,0.1465892597968069,0.5855072463768116,0.2344747533372025,345,1378,0.0,0.0,0.0,325,0,0.0,0.0,0.0,869,0,0.0,0.0,0.0,4733,0,0.0,0.0,0.0,3347,0,0.0,0.0,0.0,2484,0,0.0,0.0,0.0,1917,0,0.0,0.0,0.0,214,0,0.0,0.0,0.0,24,0,1.0734180212020874,0.8203611969947815,147997,37,1.41585983340138,0.5360867090057582,0.0007770144147798,0.9999821186065674,1342096,328,0.224929878017994,4.904186917003244,3.5519766807556152,0.1552579402923584,10080,3,1.333442726031143,0.0365044999634847,1.153594970703125,0.9057639837265016,141708,35,1.2502336388034962,0.5051670001121238,2.319911003112793,0.3287767469882965,31310,8,1.2995027152649918,0.1282255420228466,6.1101706681074575,0.0012440420687198,6.111414710176177,1.5075492500327528,7.61896396020893,0.016959206899628
17,4.2410038673310675,0.960802360671832,0.1607322805034476,0.1461671364371005,0.1607322805034476,0.1231902116998445,0.9429350725214578,0.226781488968327,0.0,0.0,0.9641099887703696,0.999973858790998,0.9817144893958296,344284,357091,0.1473309608540925,0.6,0.2365714285714285,345,1405,0.064516129032258,0.0061538461538461,0.0112359550561797,325,31,0.0,0.0,0.0,869,0,0.0,0.0,0.0,4733,0,0.2857142857142857,0.0011951000896325,0.0023802439750074,3347,14,0.0,0.0,0.0,2484,0,0.0,0.0,0.0,1917,0,0.0,0.0,0.0,214,0,0.0,0.0,0.0,24,1,1.0085934400558472,0.7985905408859253,147997,37,1.5631338550449507,0.5399597500218078,0.0007588951848447,0.999984323978424,1342096,328,0.2232837568734478,4.907585582928732,3.692259550094605,0.1544642895460128,10080,3,1.3588297273758778,0.0338233750080689,1.1295968294143677,0.90262371301651,141708,35,1.218145867230637,0.5144854580285028,2.3225789070129395,0.3163206577301025,31310,8,1.2890562895422943,0.1092818330507725,6.105135999037884,0.0011898749507963,6.1063258739886805,1.539877041010186,7.646202914998867,0.0187422099988907
18,4.299559106566038,0.9607995715983064,0.1601171863459408,0.1396870319103407,0.1601171863459408,0.1220358365039896,0.9428883903698128,0.229235826267054,0.0,0.0,0.9640344982078852,0.999976763369776,0.9816767512018753,344284,357120,0.1471215351812366,0.6,0.2363013698630137,345,1407,0.0,0.0,0.0,325,0,0.0,0.0,0.0,869,0,0.0,0.0,0.0,4733,0,0.2857142857142857,0.0011951000896325,0.0023802439750074,3347,14,0.0,0.0,0.0,2484,0,0.0,0.0,0.0,1917,0,0.0,0.0,0.0,214,0,0.0,0.0,0.0,24,1,1.012762427330017,0.835469663143158,147997,37,1.345214679669545,0.5397984579904005,0.0007660074625164,0.9999813437461852,1342096,328,0.2314821370673154,4.901477540959604,3.414762496948242,0.1629960387945175,10080,3,1.3131315040427305,0.0336727499961853,1.0983675718307495,0.9139710068702698,141708,35,1.1431178098101022,0.5100610830122605,2.3485782146453857,0.3260939121246338,31310,8,1.277218135875127,0.1015062920050695,6.08651612396352,0.0012626670068129,6.087778790970333,1.5275972910458222,7.615376082016155,0.0174087929772213
19,4.185999437724224,0.9608107278924088,0.1615957582947449,0.1373324593609988,0.1615957582947449,0.1220659321453703,0.942953945561696,0.2280018048139373,0.0,0.0,0.9641611892312734,0.9999709542122202,0.9817396325683856,344284,357071,0.1460055096418732,0.6144927536231884,0.2359488035614913,345,1452,0.0,0.0,0.0,325,0,0.0,0.0,0.0,869,0,0.0,0.0,0.0,4733,0,0.2631578947368421,0.0014938751120406,0.0029708853238265,3347,19,0.0,0.0,0.0,2484,0,0.0,0.0,0.0,1917,0,0.0,0.0,0.0,214,0,0.0,0.0,0.0,24,0,0.9638906121253968,0.8431589603424072,147997,37,1.411808461329654,0.5358925829641521,0.0007190313190221,0.9999828338623048,1342096,328,0.2198710195876577,4.90569283394143,3.43213415145874,0.1615079343318939,10080,3,1.3201924627802517,0.0335391659755259,1.1022045612335205,0.9101391434669496,141708,35,1.1662630572640913,0.5513045410625637,2.3003363609313965,0.3207601308822632,31310,8,1.2722651930501718,0.0967236669966951,6.123152790940367,0.0011883330298587,6.1243411239702255,1.523759667063132,7.648100791033357,0.018495833966881
20,4.157000561117148,0.9608135169659344,0.1619034506024372,0.1540203448085936,0.1619034506024372,0.1226970112263493,0.9429650520362624,0.2327110533149997,0.0,0.0,0.9641719901307038,0.9999709542122202,0.9817452317028136,344284,357067,0.1462068965517241,0.6144927536231884,0.2362116991643454,345,1450,0.1666666666666666,0.003076923076923,0.0060422960725075,325,6,0.0,0.0,0.0,869,0,0.0,0.0,0.0,4733,0,0.2631578947368421,0.0014938751120406,0.0029708853238265,3347,19,0.0,0.0,0.0,2484,0,0.0,0.0,0.0,1917,0,0.0,0.0,0.0,214,0,0.0,0.0,0.0,24,0,0.9411744475364684,0.8483482599258423,147997,37,1.3616531331639454,0.5403727500233799,0.0007240947452373,0.9999865889549256,1342096,328,0.226777553618006,4.836367874988355,3.526937246322632,0.1585317403078079,10080,3,1.3135120599764465,0.0585140830371528,1.1118228435516355,0.9079303741455078,141708,35,1.1723856171144915,0.4816931249806657,2.2527194023132324,0.3360907137393951,31310,8,1.264699736773489,0.1269590829033404,6.043906915932894,0.0012023750459775,6.045109290978871,1.5356211249018088,7.58073041588068,0.0159982090117409
21,4.090778569891849,0.9608441967747152,0.1637821608401472,0.1415265808440154,0.1637821608401472,0.1260940104037595,0.9434601928111012,0.2287601066782308,0.0,0.0,0.964721609555545,0.9998460573247668,0.9819698389537628,344284,356819,0.1458046767537826,0.6144927536231884,0.235686492495831,345,1454,0.0434782608695652,0.0061538461538461,0.0107816711590296,325,46,0.0,0.0,0.0,869,0,0.0,0.0,0.0,4733,0,0.2612612612612612,0.0173289512996713,0.0325021014289717,3347,222,0.0,0.0,0.0,2484,0,0.0,0.0,0.0,1917,0,0.0,0.0,0.0,214,0,0.0,0.0,0.0,24,1,0.9923958778381348,0.8365304470062256,147997,37,1.5204967744606697,0.5419702079379931,0.0007150425226427,0.9999791383743286,1342096,328,0.2264362249986528,4.8407056669238955,3.3499796390533447,0.1689484119415283,10080,3,1.3104375816401044,0.0353335000108927,1.1027538776397705,0.9017486572265624,141708,35,1.342623530949992,0.5086906249634922,2.2727410793304443,0.343564361333847,31310,8,1.2603014227959437,0.1266695000231266,6.0533694998594,0.0011293329298496,6.05449883278925,1.4948413340607658,7.549340166850016,0.0168285830877721
22,4.180782401713469,0.9608107278924088,0.1618735731001964,0.150382463600478,0.1618735731001964,0.1227142270872465,0.9429508621703796,0.2327002658785506,0.0,0.0,0.9641530887155044,0.9999709542122202,0.9817354332594768,344284,357074,0.1468144044321329,0.6144927536231884,0.2370039128004471,345,1444,0.1428571428571428,0.003076923076923,0.0060240963855421,325,7,0.0,0.0,0.0,869,0,0.0,0.0,0.0,4733,0,0.25,0.0011951000896325,0.0023788284269997,3347,16,0.0,0.0,0.0,2484,0,0.0,0.0,0.0,1917,0,0.0,0.0,0.0,214,0,0.0,0.0,0.0,24,1,0.9391274452209472,0.8686392307281494,147997,37,1.2861220953863406,0.5434090829221532,0.0007652298081666,0.9999701976776124,1342096,328,0.2387953807142981,4.9511205409653485,3.4486536979675293,0.1675595194101333,10080,3,1.27492526898323,0.034936457988806,1.0914597511291504,0.9179368615150452,141708,35,1.1183830030225714,0.5132395830005407,2.2387406826019287,0.3540083169937134,31310,8,1.2516353177021848,0.1017325830180198,6.144438247894868,0.0011115000816062,6.1455497479764745,1.5010946249822157,7.64664437295869,0.0164062521653249
23,4.13882842020802,0.9608079388188832,0.161762090380018,0.1490607561723773,0.161762090380018,0.1272588681919272,0.9429946204814622,0.2361091804896589,0.0,0.0,0.9641584890442264,0.9999709542122202,0.9817382327947576,344284,357072,0.1470373079736649,0.5826086956521739,0.2348130841121495,345,1367,0.1294117647058823,0.0338461538461538,0.0536585365853658,325,85,0.0,0.0,0.0,869,0,0.0,0.0,0.0,4733,0,0.25,0.0011951000896325,0.0023788284269997,3347,16,0.0,0.0,0.0,2484,0,0.0,0.0,0.0,1917,0,0.0,0.0,0.0,214,0,0.0,0.0,0.0,24,2,0.9561502933502196,0.8536592125892639,147997,37,1.3122626001938968,0.5519156249938533,0.0006891725352033,0.9999776482582092,1342096,328,0.2157256865083505,4.978501999983564,3.479890823364258,0.1661706417798996,10080,3,1.3400294214170665,0.0359574999893084,1.0652594566345217,0.9127360582351683,141708,35,1.1186027374324816,0.5516283330507576,2.2459447383880615,0.3571063578128814,31310,8,1.2447196654986583,0.1024050420382991,6.2204085000557825,0.0011505420552566,6.221559042111039,1.5713548749918118,7.792913917102851,0.0158522079000249
24,4.071348383653056,0.9607995715983064,0.1616541955950134,0.140084290252815,0.1616541955950134,0.1245116179064041,0.9430085610153256,0.2432432675112537,0.0,0.0,0.9642446021000624,0.9999622404758862,0.9817786719633378,344284,357037,0.1468085106382978,0.6,0.2358974358974359,345,1410,0.0675675675675675,0.0153846153846153,0.025062656641604,325,74,0.0,0.0,0.0,869,0,0.0,0.0,0.0,4733,2,0.2222222222222222,0.0011951000896325,0.0023774145616641,3347,18,0.0,0.0,0.0,2484,0,0.0,0.0,0.0,1917,0,0.0,0.0,0.0,214,0,0.0,0.0,0.0,24,1,0.9350737929344176,0.8580647110939026,147997,37,1.3581376514446808,0.5605282080359757,0.0006724983104504,0.9999850988388062,1342096,328,0.2144160259148112,4.858281458960846,3.4161860942840576,0.1626984179019928,10080,3,1.328142391119019,0.057888124953024,1.0565301179885864,0.9148178100585938,141708,35,1.1070723040768,0.4869734999956563,2.2438204288482666,0.3601085841655731,31310,8,1.2598326753914706,0.1279367499519139,6.091608041897416,0.0012058749562129,6.092813916853629,1.5253657910507172,7.618179707904346,0.0191842911299318
25,4.0198183467484965,0.9607856262306786,0.1601589894852141,0.1445533717180683,0.1601589894852141,0.1279569268067777,0.943067275712584,0.242764617878738,0.0,0.0,0.9642905159374824,0.9999622404758862,0.981802470825776,344284,357020,0.1453846153846154,0.5478260869565217,0.2297872340425532,345,1300,0.0858585858585858,0.0523076923076923,0.0650095602294455,325,198,0.0,0.0,0.0,869,0,0.0,0.0,0.0,4733,0,0.25,0.0014938751120406,0.0029700029700029,3347,20,0.0,0.0,0.0,2484,0,0.0,0.0,0.0,1917,0,0.0,0.0,0.0,214,0,0.0,0.0,0.0,24,4,0.9544395804405212,0.8541862368583679,147997,37,1.3322610174504406,0.5094164579641074,0.0006772481137886,0.9999828338623048,1342096,328,0.2190824218959536,4.8439354579895735,3.349374532699585,0.1715277731418609,10080,3,1.3032695773251055,0.0341376250144094,1.0503877401351929,0.9109647870063782,141708,35,1.1374033172556093,0.5067079999716952,2.195523262023926,0.358990728855133,31310,8,1.2603391302971412,0.1268807499436661,6.021078290883452,0.0011891670292243,6.022267457912676,1.49485141702462,7.517118874937296,0.0183452510973438
26,4.063047153932323,0.9607884153042042,0.1595801507139199,0.143301760315087,0.1595801507139199,0.1281501479947075,0.9430384450112238,0.2429857803025288,0.0,0.0,0.9642205971729372,0.9999709542122202,0.9817704285981124,344284,357049,0.1481774960380348,0.5420289855072464,0.2327317983820784,345,1262,0.0825242718446602,0.0523076923076923,0.064030131826742,325,206,0.0,0.0,0.0,869,0,0.0,0.0,0.0,4733,0,0.238095238095238,0.0014938751120406,0.0029691211401425,3347,21,0.0,0.0,0.0,2484,0,0.0,0.0,0.0,1917,0,0.0,0.0,0.0,214,0,0.0,0.0,0.0,24,4,0.9214947819709778,0.8543484210968018,147997,37,1.2607016435009175,0.5301770409569144,0.0006846663309261,0.9999753832817078,1342096,328,0.2203689691230824,4.850110667059198,3.3770864009857178,0.1654761880636215,10080,3,1.2967704521115004,0.0355698750354349,1.0539109706878662,0.9240127801895142,141708,35,1.06887034814272,0.5091103749582544,2.188498020172119,0.3586074709892273,31310,8,1.2463143379160475,0.1021556250052526,6.0271235830150545,0.0012178330216556,6.02834141603671,1.52401416702196,7.55235558305867,0.0176372089190408
27,4.016220821908113,0.960802360671832,0.1618624454495396,0.1448826615260959,0.1618624454495396,0.1281752348284782,0.9430587361839122,0.2505137274387109,0.0,0.0,0.9642689088810962,0.9999622404758862,0.9817912712173754,344284,357028,0.1471247199402539,0.5710144927536231,0.2339667458432304,345,1339,0.0993377483443708,0.0461538461538461,0.0630252100840336,325,151,0.0,0.0,0.0,869,0,0.0,0.0,0.0,4733,2,0.238095238095238,0.0014938751120406,0.0029691211401425,3347,21,0.0,0.0,0.0,2484,0,0.0,0.0,0.0,1917,0,0.0,0.0,0.0,214,0,0.0,0.0,0.0,24,1,0.905779242515564,0.8649499416351318,147997,37,1.2596387954564336,0.5358072919771075,0.0006512904074043,0.999980628490448,1342096,328,0.2113331805041386,4.87634141696617,3.380767345428467,0.1619047671556472,10080,3,1.3461366371799386,0.0341254170052707,1.0298670530319214,0.9129759669303894,141708,35,1.0759220516988746,0.5092054579872638,2.1759088039398193,0.3622165322303772,31310,8,1.2505725786007067,0.1021060419734567,6.057585625909269,0.0012076670536771,6.058793292962946,1.5259331250563264,7.584726418019272,0.0193033741088584
28,3.947610729732128,0.960802360671832,0.1621876845345826,0.1440409513685072,0.1621876845345826,0.1285810180323605,0.9430919619454876,0.2647877008291941,0.0,0.0,0.9643309318663096,0.9999593358971082,0.98182201891377,344284,357004,0.148036253776435,0.5681159420289855,0.2348711803475134,345,1324,0.0899470899470899,0.0523076923076923,0.0661478599221789,325,189,0.0,0.0,0.0,869,0,0.0,0.0,0.0,4733,0,0.238095238095238,0.0014938751120406,0.0029691211401425,3347,21,0.0,0.0,0.0,2484,0,0.0,0.0,0.0,1917,0,0.0,0.0,0.0,214,0,0.0,0.0,0.0,24,4,0.8986300230026245,0.8552876114845276,147997,37,1.3137906702249729,0.5304611249594018,0.0006524246418848,0.9999850988388062,1342096,328,0.216157151261876,4.886805291986093,3.3433592319488525,0.1670634895563125,10080,3,1.3214529489856264,0.0334483749466016,1.0382392406463623,0.9090947508811952,141708,35,1.1082476105768582,0.5061718750512227,2.1888110637664795,0.3772277235984802,31310,8,1.2688629709648218,0.1027905420633032,6.059677209006622,0.0012750419555231,6.060952250962146,1.5214712920133024,7.582423542975448,0.0169444159837439
29,3.969910164945969,0.960802360671832,0.1621580974902196,0.1438431562132981,0.1621580974902196,0.128721385065406,0.9430669407731666,0.2591942770499806,0.0,0.0,0.9642851140826056,0.9999622404758862,0.9817996708997214,344284,357022,0.1498470948012232,0.5681159420289855,0.2371445856019358,345,1308,0.0890052356020942,0.0523076923076923,0.065891472868217,325,191,0.0,0.0,0.0,869,0,0.0,0.0,0.0,4733,0,0.2352941176470588,0.0011951000896325,0.0023781212841854,3347,17,0.0,0.0,0.0,2484,0,0.0,0.0,0.0,1917,0,0.0,0.0,0.0,214,0,0.0,0.0,0.0,24,4,0.9103441834449768,0.8627607226371765,147997,37,1.2894673260886456,0.530840834020637,0.0006644550594501,0.9999813437461852,1342096,328,0.2199428641419626,4.9808941669762135,3.3844504356384277,0.1682539731264114,10080,3,1.3217927926904232,0.0347474170848727,1.054310917854309,0.9171817898750304,141708,35,1.0667482620639246,0.5060451249592006,2.164501667022705,0.3710316121578216,31310,8,1.2530184444527392,0.1237994169350713,6.176326959975995,0.0011697079753503,6.177496667951345,1.5058191660791636,7.683315834030509,0.0153180400375276
30,3.9736828832931055,0.9608163060394598,0.1711291119829732,0.1816005188605262,0.1711291119829732,0.1382015783982276,0.9430385849764472,0.2638649666873571,0.0,0.0,0.9642878150024788,0.9999622404758862,0.9818010708607524,344284,357021,0.1490857946554149,0.6144927536231884,0.2399547255234861,345,1422,0.0526315789473684,0.0123076923076923,0.0199501246882793,325,76,0.0,0.0,0.0,869,0,0.0,0.0,0.0,4733,2,0.25,0.0011951000896325,0.0023788284269997,3347,16,0.0,0.0,0.0,2484,0,0.0,0.0,0.0,1917,0,0.0,0.0,0.0,214,0,0.4,0.0833333333333333,0.1379310344827586,24,5,0.8757221698760986,0.8684973120689392,147997,37,1.2811118028124593,0.578554957988672,0.0006348802708089,0.999979853630066,1342096,328,0.2128615707429199,4.9628327920800075,3.2742109298706055,0.1702380925416946,10080,3,1.3194999670506693,0.0339907919988036,1.038133978843689,0.9172664880752563,141708,35,1.034640083639317,0.509885459090583,2.175952672958374,0.3818268775939941,31310,8,1.2699056117419507,0.1039512079441919,6.189215209102258,0.0012522500474005,6.190467459149659,1.527241125004366,7.717708584154025,0.0189449578756466
31,3.936958674022369,0.9607939934512554,0.1650123897081795,0.1780502380711777,0.1650123897081795,0.1368976900394088,0.9431105119145554,0.270132784545511,0.0,0.0,0.964339135354984,0.9999622404758862,0.9818276708789282,344284,357002,0.1491935483870967,0.5362318840579711,0.2334384858044164,345,1240,0.0836363636363636,0.0707692307692307,0.0766666666666666,325,275,0.0,0.0,0.0,869,0,0.0,0.0,0.0,4733,2,0.25,0.0014938751120406,0.0029700029700029,3347,20,0.0,0.0,0.0,2484,0,0.0,0.0,0.0,1917,0,0.0,0.0,0.0,214,0,0.3333333333333333,0.0416666666666666,0.074074074074074,24,3,0.8764432072639465,0.8646053671836853,147997,37,1.2774540637733367,0.5552572079468518,0.0006254066247493,0.9999813437461852,1342096,328,0.2105371615493922,4.884716709027998,3.329601764678955,0.1749007999897003,10080,3,1.3159649431836171,0.0339083339786157,1.0204447507858276,0.9201456308364868,141708,35,1.122053749652794,0.509947833023034,2.147042751312256,0.381156176328659,31310,8,1.2548525298208897,0.1025556670501828,6.0863857510266826,0.0015872080111876,6.08797295903787,1.5258508749539033,7.613823833991773,0.0175833319080993
32,3.9790090701262297,0.960796782524781,0.1641618235575279,0.1712511524197859,0.1641618235575279,0.1367566686322184,0.943095450224344,0.2628684932707751,0.0,0.0,0.9642963178739684,0.999973858790998,0.9818110781884084,344284,357022,0.1487263763352506,0.5246376811594203,0.2317541613316261,345,1217,0.0863309352517985,0.0738461538461538,0.0796019900497512,325,278,0.0,0.0,0.0,869,0,0.0,0.0,0.0,4733,2,0.2631578947368421,0.0014938751120406,0.0029708853238265,3347,19,0.0,0.0,0.0,2484,0,0.0,0.0,0.0,1917,0,0.0,0.0,0.0,214,0,0.25,0.0416666666666666,0.0714285714285714,24,4,0.8909738063812256,0.8807746171951294,147997,37,1.238237675041507,0.5384643339784816,0.0006246224511414,0.999979853630066,1342096,328,0.2153785668392495,4.850459499983117,3.269813537597656,0.1749999970197677,10080,3,1.3462383910991795,0.0341792500112205,1.026922583580017,0.9263908863067628,141708,35,1.034485675330476,0.5063707079971209,2.1793694496154785,0.376620888710022,31310,8,1.264340857435146,0.1008393750526011,6.030313167022541,0.0012489999644458,6.031562166986987,1.5229043329600245,7.5544664999470115,0.0188723739702254
33,3.7918697386375353,0.9608051497453576,0.1674370918677497,0.1640986428702825,0.1674370918677497,0.138051991535564,0.9431981583321408,0.2762167541807793,0.0,0.0,0.9645008376804936,0.9999506221607742,0.9819058728904684,344284,356938,0.1486486486486486,0.5420289855072464,0.2333125389893948,345,1258,0.0926517571884984,0.0892307692307692,0.0909090909090909,325,313,0.0,0.0,0.0,869,0,0.0,0.0,0.0,4733,2,0.1851851851851851,0.0014938751120406,0.0029638411381149,3347,27,0.0,0.0,0.0,2484,0,0.0,0.0,0.0,1917,0,0.0,0.0,0.0,214,0,0.25,0.0416666666666666,0.0714285714285714,24,4,0.8700560331344604,0.8358277678489685,147997,37,1.3639230214959412,0.5326467090053484,0.0006143460050225,0.9999768733978271,1342096,328,0.2051195565447214,4.87646112497896,3.3083155155181885,0.176091268658638,10080,3,1.3878063060873098,0.0596940409159287,1.0232447385787964,0.9145708084106444,141708,35,1.1505305588850678,0.4861342910444364,2.159882068634033,0.3764612078666687,31310,8,1.2429924671924222,0.1265076670097187,6.081443832954392,0.0012714590411633,6.082715291995555,1.5244638751028106,7.607179167098366,0.0187416251283139
34,3.904680350276259,0.9608107278924088,0.1632815528517398,0.1403961512241865,0.1632815528517398,0.1281841827146109,0.9431078047549496,0.280424828046873,0.0,0.0,0.964379555500776,0.9999593358971082,0.9818472200436352,344284,356986,0.1505216095380029,0.5855072463768116,0.2394783639596917,345,1342,0.0785340314136125,0.0461538461538461,0.0581395348837209,325,191,0.0,0.0,0.0,869,0,0.0,0.0,0.0,4733,2,0.2105263157894736,0.0011951000896325,0.0023767082590612,3347,19,0.0,0.0,0.0,2484,0,0.0,0.0,0.0,1917,0,0.0,0.0,0.0,214,0,0.0,0.0,0.0,24,2,0.8482934832572937,0.8801800012588501,147997,37,1.211124375367301,0.509650707943365,0.0006497307331301,0.9999776482582092,1342096,328,0.2290381385532473,4.879744124948047,3.2013330459594727,0.1798611134290695,10080,3,1.303184235007525,0.0471193330595269,1.0118077993392944,0.9144155383110046,141708,35,1.0350418405466402,0.5250230000820011,2.119030475616455,0.3800702691078186,31310,8,1.2052855027255878,0.1251295830588787,6.086666749091819,0.0012575410073623,6.087924290099181,1.481906458036974,7.569830748136155,0.0187054589623585
35,3.8238766222833167,0.9608218841865108,0.1729638477205925,0.191924311243257,0.1729638477205925,0.1447583153319039,0.9431964483996284,0.2754115299240507,0.0,0.0,0.9644954334061748,0.9999506221607742,0.9819030723420762,344284,356940,0.148455162019593,0.5710144927536231,0.235645933014354,345,1327,0.0979591836734693,0.0738461538461538,0.0842105263157894,325,245,0.0,0.0,0.0,869,0,0.0,0.0,0.0,4733,2,0.2083333333333333,0.0014938751120406,0.0029664787896766,3347,24,0.0,0.0,0.0,2484,0,0.0,0.0,0.0,1917,0,0.0,0.0,0.0,214,0,0.5,0.0833333333333333,0.1428571428571428,24,4,0.8571658134460449,0.870868980884552,147997,37,1.2372931345887277,0.5328569170087576,0.0006099035381339,0.9999821186065674,1342096,328,0.2105535876394152,4.859825458028354,3.222478151321411,0.1935515850782394,10080,3,1.3498123170937586,0.0352822920540347,1.0320736169815063,0.9089465737342834,141708,35,1.331068813419742,0.5187858750578016,2.0843594074249268,0.3868732154369354,31310,8,1.2303794563530646,0.1020779999671503,6.048828542116098,0.0011265000794082,6.049955042195506,1.5631561250193045,7.613111167214811,0.0176167078316211
36,3.851348027862547,0.9608190951129854,0.1717339498634566,0.1831025320547228,0.1717339498634566,0.1432530275522613,0.9431535764664836,0.2840470079243027,0.0,0.0,0.9644200789419868,0.9999593358971082,0.981868221973462,344284,356971,0.1492424242424242,0.5710144927536231,0.2366366366366366,345,1320,0.09009009009009,0.0615384615384615,0.073126142595978,325,222,0.0,0.0,0.0,869,0,0.0,0.0,0.0,4733,2,0.2272727272727272,0.0014938751120406,0.0029682398337785,3347,22,0.0,0.0,0.0,2484,0,0.0,0.0,0.0,1917,0,0.0,0.0,0.0,214,0,0.4,0.0833333333333333,0.1379310344827586,24,5,0.8553870916366577,0.8690716624259949,147997,37,1.282625837835654,0.5414485830115154,0.0006358511163853,0.999972403049469,1342096,328,0.2206673831872588,4.985111083020456,3.23962926864624,0.1881944388151168,10080,3,1.3400686571572582,0.0350591249298304,1.0092036724090576,0.92314475774765,141708,35,1.0565797819999347,0.5511174590792507,2.1155407428741455,0.3909294009208679,31310,8,1.218256050203701,0.1051171669969335,6.217853417037986,0.0013046669773757,6.219158084015362,1.5311363330110908,7.750294417026453,0.0178331249626353
37,3.807330161560439,0.9608246732600364,0.1726388990934272,0.1759155274478557,0.1726388990934272,0.1434310737171758,0.9431791769963708,0.2867808289455977,0.0,0.0,0.9644632081444668,0.9999564313183302,0.981889173148061,344284,356954,0.1495468277945619,0.5739130434782609,0.2372678250449371,345,1324,0.0944206008583691,0.0676923076923076,0.078853046594982,325,233,0.0,0.0,0.0,869,0,0.0,0.0,0.0,4733,2,0.217391304347826,0.0014938751120406,0.0029673590504451,3347,23,0.0,0.0,0.0,2484,0,0.0,0.0,0.0,1917,0,0.0,0.0,0.0,214,0,0.3333333333333333,0.0833333333333333,0.1333333333333333,24,6,0.8605968952178955,0.8736934065818787,147997,37,1.268479218708528,0.5312186250230297,0.00061075220583,0.9999791383743286,1342096,328,0.2136970991121251,4.919499333016574,3.283315896987915,0.1743055582046508,10080,3,1.351770816305552,0.0567825830075889,1.004967212677002,0.9051076769828796,141708,35,1.0722192839386884,0.4905126669909805,2.121032953262329,0.3928457498550415,31310,8,1.241400709433942,0.1278098749462515,6.125823082984425,0.0012746250722557,6.127097708056681,1.525478791911155,7.652576499967836,0.0181870840024203
38,3.815957821097301,0.9608302514070876,0.1653222881681207,0.142926054789883,0.1653222881681207,0.1282712853336508,0.9431578857384711,0.2884072445152836,0.0,0.0,0.9644713139898754,0.9999564313183302,0.9818933738333084,344284,356951,0.1494661921708185,0.6086956521739131,0.24,345,1405,0.0880503144654088,0.043076923076923,0.0578512396694214,325,159,0.0,0.0,0.0,869,0,0.0,0.0,0.0,4733,2,0.2272727272727272,0.0014938751120406,0.0029682398337785,3347,22,0.0,0.0,0.0,2484,0,0.0,0.0,0.0,1917,0,0.0,0.0,0.0,214,0,0.0,0.0,0.0,24,3,0.8311851620674133,0.8611458539962769,147997,37,1.267075519076541,0.5120142080122605,0.0006173797883093,0.9999738931655884,1342096,328,0.2165155833829765,4.888484333991073,3.1793763637542725,0.199107140302658,10080,3,1.3252475885637534,0.034505458897911,1.001154899597168,0.9221144914627076,141708,35,1.008612045292795,0.5155601669102907,2.1356146335601807,0.3987224400043487,31310,8,1.268083888077708,0.1280383339617401,6.078602501773275,0.0012829169863834,6.079885418759659,1.4985399160068482,7.578425334766507,0.0184354982338845
39,3.803910024272292,0.9608358295541388,0.1729296255395244,0.1936719079192863,0.1729296255395244,0.1444613685697788,0.9431887635707652,0.2912773546581075,0.0,0.0,0.9644716125887368,0.9999651450546642,0.9818977294442116,344284,356954,0.1497366440933032,0.5768115942028985,0.2377538829151732,345,1329,0.0952380952380952,0.0676923076923076,0.079136690647482,325,231,0.0,0.0,0.0,869,0,0.0,0.0,0.0,4733,2,0.2272727272727272,0.0014938751120406,0.0029682398337785,3347,22,0.0,0.0,0.0,2484,0,0.0,0.0,0.0,1917,0,0.0,0.0,0.0,214,0,0.5,0.0833333333333333,0.1428571428571428,24,4,0.8223002552986145,0.8759636878967285,147997,37,1.2656084669616865,0.5298192499903962,0.0006005486357025,0.9999813437461852,1342096,328,0.2124666978368069,4.974411999923177,3.0929112434387207,0.2140873074531555,10080,3,1.3209864325503913,0.0356211659964174,1.010629415512085,0.92487370967865,141708,35,1.0434649114172867,0.5129757910035551,2.081958770751953,0.3933567404747009,31310,8,1.2366787366605254,0.1013017499353736,6.154129956848919,0.0011932919733226,6.155323248822242,1.516816790914163,7.672140039736405,0.0163232521153986
40,3.814276200756877,0.9608302514070876,0.1724569388059681,0.1737406963354095,0.1724569388059681,0.1441121034723234,0.9432037461723788,0.2903305458300851,0.0,0.0,0.9644851225245064,0.9999651450546642,0.9819047306672676,344284,356949,0.1487538940809968,0.553623188405797,0.234499693063229,345,1284,0.1003584229390681,0.0861538461538461,0.0927152317880794,325,279,0.0,0.0,0.0,869,0,0.0,0.0,0.0,4733,2,0.238095238095238,0.0014938751120406,0.0029691211401425,3347,21,0.0,0.0,0.0,2484,0,0.0,0.0,0.0,1917,0,0.0,0.0,0.0,214,0,0.2857142857142857,0.0833333333333333,0.1290322580645161,24,7,0.8302435278892517,0.8754231333732605,147997,37,1.2625315450100665,0.5318885419983417,0.0005976217216812,0.9999836087226868,1342096,328,0.210401741475766,4.918287292006426,3.184833288192749,0.1841269880533218,10080,3,1.3292764377676385,0.0337242090608924,0.990260899066925,0.9256781339645386,141708,35,1.004106002631589,0.509795416961424,2.084001302719116,0.3957840800285339,31310,8,1.242932514583207,0.1016442079562693,6.095339667983353,0.0015326250577345,6.096872293041088,1.5252209580503404,7.622093251091428,0.0199311239412054
41,3.7193858368153765,0.9608386186276643,0.1782188761940779,0.17268307495435045,0.1782188761940779,0.1478590960040575,0.943235115328268,0.2919383173501315,0.0,0.0,0.9645793057073212,0.9999535267395522,0.9819479345231135,344284,356910,0.1504035216434336,0.5942028985507246,0.24004683840749413,345,1363,0.08620689655172414,0.06153846153846154,0.0718132854578097,325,232,0.0,0.0,0.0,869,0,0.0,0.0,0.0,4733,2,0.19230769230769232,0.0014938751120406335,0.0029647198339756895,3347,26,0.0,0.0,0.0,2484,0,0.0,0.0,0.0,1917,0,0.0,0.0,0.0,214,0,0.3333333333333333,0.125,0.18181818181818182,24,9,0.8079029321670532,0.8732879757881165,147997,37,1.2684250560539176,0.6054919579764828,0.0005782655789516866,0.9999858140945435,1342096,328,0.20763042102799725,4.943994959001429,3.206667900085449,0.18720237910747528,10080,3,1.3083345263210202,0.09081987501122057,1.0018324851989746,0.916222095489502,141708,35,1.0299188763116822,0.527005709009245,2.1124119758605957,0.40041521191596985,31310,8,1.2769542612109843,0.16408012504689395,6.331392626045272,0.002287541050463915,6.333680167095736,1.5255383750190958,7.8592185421148315,0.47497945791110396
42,3.7596569547272805,0.9608246732600365,0.1766227340990014,0.1803778789412703,0.1766227340990014,0.1498536642893557,0.9432119080400725,0.2925925055260763,0.0,0.0,0.9645037387340694,0.9999564313183302,0.9819101769337286,344284,356939,0.14863813229571984,0.553623188405797,0.2343558282208589,345,1285,0.09824561403508772,0.08615384615384615,0.09180327868852459,325,285,0.0,0.0,0.0,869,0,0.0,0.0,0.0,4733,2,0.21739130434782608,0.0014938751120406335,0.002967359050445104,3347,23,0.0,0.0,0.0,2484,0,0.0,0.0,0.0,1917,0,0.0,0.0,0.0,214,0,0.375,0.125,0.1875,24,8,0.8050186038017273,0.8915180563926697,147997,37,1.1952181697848738,0.5326499158982188,0.0006079875165596604,0.9999791383743286,1342096,328,0.21631241884089428,4.943048790912144,3.1390581130981445,0.20912697911262512,10080,3,1.2899218656914087,0.03386179101653397,0.9987218379974365,0.9261227250099182,141708,35,1.0566578826623179,0.5072619579732418,2.0826737880706787,0.3928776681423187,31310,8,1.2159172057796699,0.1051532500423491,6.1219757058424875,0.0012836249079555273,6.123259330750443,1.5460704999277368,7.66932983067818,0.017249960103072226
43,3.6315803750832276,0.9608330404806131,0.1744306698602621,0.15780520604326623,0.1744306698602621,0.14267605576111095,0.9432485050069004,0.2962704291402257,0.0,0.0,0.9645980257830603,0.9999477175819963,0.9819548336031148,344284,356901,0.14988814317673377,0.5826086956521739,0.23843416370106763,345,1341,0.09689922480620156,0.07692307692307693,0.08576329331046312,325,258,0.0,0.0,0.0,869,0,0.0,0.0,0.0,4733,2,0.16666666666666666,0.0014938751120406335,0.002961208172934557,3347,30,0.0,0.0,0.0,2484,0,0.0,0.0,0.0,1917,0,0.0,0.0,0.0,214,0,0.2,0.08333333333333333,0.11764705882352941,24,10,0.8015064001083374,0.8629701733589172,147997,37,1.3222220461551126,0.5499072090024129,0.0005780482897534966,0.9999783635139465,1342096,328,0.2097907135920522,4.895496457931586,3.102048397064209,0.19652777910232544,10080,3,1.3302827221192584,0.03495241608470678,1.0047920942306519,0.9192070960998535,141708,35,1.1195967229184567,0.5008739579934627,2.087589979171753,0.40019163489341736,31310,8,1.2474908754367668,0.09748066600877792,6.078710707020946,0.0011808749986812472,6.079891582019627,1.5641092079458758,7.644000789965503,0.016371709993109107
44,3.700224084056621,0.9608386186276643,0.1741238489262032,0.1936842357937364,0.1741238489262032,0.14492439013598693,0.9432304558341145,0.29888226451973354,0.0,0.0,0.9645550823713998,0.9999564313183302,0.9819367830189217,344284,356920,0.1497764530551416,0.5826086956521739,0.23829282750444578,345,1342,0.09523809523809523,0.07384615384615385,0.0831889081455806,325,252,0.0,0.0,0.0,869,0,0.0,0.0,0.0,4733,2,0.22727272727272727,0.0014938751120406335,0.0029682398337785693,3347,22,0.0,0.0,0.0,2484,0,0.0,0.0,0.0,1917,0,0.0,0.0,0.0,214,0,0.5,0.08333333333333333,0.14285714285714285,24,4,0.7877196073532104,0.8878422975540161,147997,37,1.2273001077882753,0.5346508750226349,0.0006489510415121913,0.999972403049469,1342096,328,0.22477586402817112,4.831950624939054,3.0353469848632812,0.19970238208770752,10080,3,1.2890460584054353,0.033843375043943524,1.000259518623352,0.9232153296470642,141708,35,1.0344531523505234,0.5053141249809414,2.0375919342041016,0.39243054389953613,31310,8,1.1978641417293956,0.12692724994849414,6.032686249935068,0.0012247919803485274,6.033911041915417,1.4834165419451892,7.517327583860606,0.020213000010699034
45,3.785234876157083,0.9608414077011899,0.17705524581057142,0.1711479068030789,0.17705524581057142,0.1469620657810427,0.9431869748131895,0.2921992109461176,0.0,0.0,0.9644746131175831,0.9999738587909981,0.9819034852546917,344284,356956,0.14954682779456194,0.5739130434782609,0.2372678250449371,345,1324,0.09745762711864407,0.07076923076923076,0.08199643493761141,325,236,0.0,0.0,0.0,869,0,0.0,0.0,0.0,4733,2,0.25,0.00089632506722438,0.0017862459065197975,3347,12,0.0,0.0,0.0,2484,0,0.0,0.0,0.0,1917,0,0.0,0.0,0.0,214,0,0.25,0.125,0.16666666666666666,24,12,0.8363108038902283,0.8957884311676025,147997,37,1.228849162566117,0.5265472090104595,0.0005752708530053496,0.9999783635139465,1342096,328,0.21918648453599576,4.88731695804745,3.093949317932129,0.20357142388820648,10080,3,1.3290848461167788,0.033667042036540806,0.9918502569198608,0.9274776577949524,141708,35,1.0467466152879312,0.5107710000593215,2.0695230960845947,0.39757266640663147,31310,8,1.2324001458454534,0.10183224990032613,6.0601344590540975,0.0012147909728810191,6.0613492500269786,1.50096129195299,7.5623105419799685,0.017915082862600684
46,3.61564190394087,0.9608525639952921,0.17916037126813894,0.1661717743519036,0.17916037126813894,0.1462271412472899,0.9432627386673982,0.2992135223407625,0.0,0.0,0.9646119361165593,0.9999593358971082,0.9819676433004746,344284,356900,0.1503316138540899,0.591304347826087,0.23971797884841364,345,1357,0.0967741935483871,0.07384615384615385,0.08376963350785341,325,248,0.0,0.0,0.0,869,0,0.0,0.0,0.0,4733,2,0.25,0.0014938751120406335,0.00297000297000297,3347,20,0.0,0.0,0.0,2484,0,0.0,0.0,0.0,1917,0,0.0,0.0,0.0,214,0,0.2,0.125,0.15384615384615385,24,15,0.8100329041481018,0.8607268929481506,147997,37,1.3372376442560576,0.5330690409755334,0.0005644173361361027,0.9999731779098511,1342096,328,0.1981527565437576,4.871390499989502,3.1120188236236572,0.19305555522441864,10080,3,1.3600714656012283,0.03356374998111278,0.9852702021598816,0.9156363606452942,141708,35,1.0624124625904303,0.5042796250199899,2.0966062545776367,0.39418715238571167,31310,8,1.2591574354056114,0.10010483395308256,6.042407749919221,0.0012196250027045608,6.043627374921925,1.5039727920666337,7.547600166988559,0.017939958022907376
47,3.650839526763096,0.9608441967747153,0.1783086432859762,0.16558309759615106,0.1783086432859762,0.1457186878457956,0.9432280902016756,0.3003060729255275,0.0,0.0,0.9645389673518675,0.9999593358971082,0.9819298328177967,344284,356927,0.15003750937734434,0.5797101449275363,0.23837902264600716,345,1333,0.1016260162601626,0.07692307692307693,0.08756567425569177,325,246,0.0,0.0,0.0,869,0,0.0,0.0,0.0,4733,0,0.2631578947368421,0.0014938751120406335,0.0029708853238265003,3347,19,0.0,0.0,0.0,2484,0,0.0,0.0,0.0,1917,0,0.0,0.0,0.0,214,0,0.17647058823529413,0.125,0.14634146341463414,24,17,0.8462036848068237,0.8739298582077026,147997,37,1.382439841956459,0.5281298330519348,0.0005992028163745999,0.9999768733978271,1342096,328,0.21585438411380392,4.85675449995324,3.025707960128784,0.20674602687358856,10080,3,1.2701019398235838,0.03332937497179955,0.9877349734306335,0.9248031377792358,141708,35,1.0142560554458322,0.5035153329372406,2.0472335815429688,0.40258702635765076,31310,8,1.2362631777718185,0.12618558295071125,6.047914623864926,0.0012387089664116502,6.049153332831338,1.5010810830863193,7.550234415917657,0.01782158517744392
48,3.680779553113975,0.9608497749217665,0.17856920177195473,0.1752317760633348,0.17856920177195473,0.14776830871927898,0.9432220822538118,0.30061741279401244,0.0,0.0,0.9645283568624924,0.9999651450546642,0.9819271352519976,344284,356933,0.1504491017964072,0.5826086956521739,0.23914336704342654,345,1336,0.1016260162601626,0.07692307692307693,0.08756567425569177,325,246,0.0,0.0,0.0,869,0,0.0,0.0,0.0,4733,1,0.2857142857142857,0.0011951000896325067,0.0023802439750074383,3347,14,0.0,0.0,0.0,2484,0,0.0,0.0,0.0,1917,0,0.0,0.0,0.0,214,0,0.25,0.125,0.16666666666666666,24,12,0.804837703704834,0.8982479572296143,147997,37,1.194256966288973,0.5256383749656379,0.0005901178228668869,0.9999776482582092,1342096,328,0.20802711462460516,4.873565874993801,3.0010056495666504,0.2098214328289032,10080,3,1.3173113627530901,0.03411904210224748,0.9935415387153625,0.9261438846588135,141708,35,1.0125254991714254,0.5001867499668151,2.081313371658325,0.3935483992099762,31310,8,1.2645539694008,0.10137829196173698,6.034888333990239,0.0011732089333236217,6.036061542923562,1.5405070419656113,7.5765685848891735,0.016662706970237195
49,3.672977516760985,0.9608302514070876,0.17699640342244527,0.16675774256175235,0.17699640342244527,0.14773651108476799,0.9432325352976818,0.3014084899550765,0.0,0.0,0.9645391660526323,0.9999651450546642,0.981932736557936,344284,356929,0.14838709677419354,0.5333333333333333,0.23217665615141955,345,1240,0.10465116279069768,0.11076923076923077,0.10762331838565023,325,344,0.0,0.0,0.0,869,0,0.0,0.0,0.0,4733,2,0.25,0.00089632506722438,0.0017862459065197975,3347,12,0.0,0.0,0.0,2484,0,0.0,0.0,0.0,1917,0,0.0,0.0,0.0,214,0,0.2,0.125,0.15384615384615385,24,15,0.7940426468849182,0.8931059241294861,147997,37,1.231857981272138,0.5464152080239728,0.0005739296902902424,0.9999753832817078,1342096,328,0.2059111895631856,4.92158191697672,3.0358991622924805,0.19186508655548096,10080,3,1.3164889347868325,0.0348907089792192,0.9701211452484131,0.9244008660316467,141708,35,1.0813451392289941,0.5555282089626417,2.057950496673584,0.3966464400291443,31310,8,1.226418505708372,0.10427837504539639,6.16269441798795,0.0012002079747617245,6.163894625962712,1.5338467080146074,7.697741333977319,0.01714374904986471
50,3.6405974449654743,0.9608609312158687,0.179863738985433,0.16594732481928437,0.179863738985433,0.14495450446317087,0.9432360877964092,0.30429089855058994,0.0,0.0,0.9645959182758582,0.9999651450546642,0.9819621444625724,344284,356908,0.15063649222065065,0.6173913043478261,0.24218305855599773,345,1414,0.09424083769633508,0.055384615384615386,0.06976744186046512,325,191,0.0,0.0,0.0,869,0,0.0,0.0,0.0,4733,2,0.25,0.00089632506722438,0.0017862459065197975,3347,12,0.0,0.0,0.0,2484,0,0.0,0.0,0.0,1917,0,0.0,0.0,0.0,214,0,0.2,0.125,0.15384615384615385,24,15,0.7610512375831604,0.8907680511474609,147997,37,1.1854016110540868,0.5333998330170289,0.0005765165551565588,0.9999746680259705,1342096,328,0.2036264444459898,4.915781458024867,3.1027345657348633,0.19434523582458496,10080,3,1.33032952396109,0.03342212492134422,0.9636719822883606,0.9269342422485352,141708,35,1.0021770953844749,0.5136975839268416,2.0324594974517822,0.39824336767196655,31310,8,1.2384931190537898,0.12679949996527284,6.123100499855354,0.0012083749752491713,6.124308874830604,1.4968618340790272,7.621170708909631,0.01818795909639448
51,3.635617003819561,0.9608665093629198,0.1805147980712747,0.16942136204026292,0.1805147980712747,0.14690012367951835,0.9432588998396058,0.30659240104078445,0.0,0.0,0.9646202427017168,0.9999651450546642,0.9819747483895075,344284,356899,0.15190784737221022,0.6115942028985507,0.2433679354094579,345,1389,0.09691629955947137,0.06769230769230769,0.07971014492753623,325,227,0.0,0.0,0.0,869,0,0.0,0.0,0.0,4733,2,0.25,0.00089632506722438,0.0017862459065197975,3347,12,0.0,0.0,0.0,2484,0,0.0,0.0,0.0,1917,0,0.0,0.0,0.0,214,0,0.23076923076923078,0.125,0.16216216216216217,24,13,0.7751477360725403,0.8898491263389587,147997,37,1.1968099421587077,0.5392576670274138,0.0005736057064495981,0.9999716877937317,1342096,328,0.20695521692097696,4.953896917053498,3.113976001739502,0.1944444477558136,10080,3,1.274891192541952,0.03364304103888571,0.9652095437049866,0.9250571727752686,141708,35,1.0251044796003113,0.5117627499857917,2.0327823162078857,0.4034174382686615,31310,8,1.2593608516414254,0.10267933399882168,6.141239709104411,0.0012052500387653708,6.142444959143177,1.6164022089214996,7.758847168064676,0.01794862386304885
52,3.627383783677521,0.9608609312158687,0.18000643686726134,0.16415755223652123,0.18000643686726134,0.14594611914765848,0.9432741281763547,0.3037052536708353,0.0,0.0,0.9646418654435107,0.9999651450546642,0.9819859521517453,344284,356891,0.15084621044885946,0.5942028985507246,0.24061032863849766,345,1359,0.09961685823754789,0.08,0.08873720136518772,325,261,0.0,0.0,0.0,869,0,0.0,0.0,0.0,4733,2,0.25,0.00089632506722438,0.0017862459065197975,3347,12,0.0,0.0,0.0,2484,0,0.0,0.0,0.0,1917,0,0.0,0.0,0.0,214,0,0.17647058823529413,0.125,0.14634146341463414,24,17,0.8113259077072144,0.8935046195983887,147997,37,1.200191314277787,0.5485100840451196,0.0005692976410500705,0.9999783635139465,1342096,328,0.20769409095688962,4.929802958969958,2.9804890155792236,0.21418650448322296,10080,3,1.2943853911091423,0.03414045798126608,0.9791432023048401,0.9183885455131531,141708,35,1.072132495352711,0.5101898750290275,2.0276620388031006,0.39849889278411865,31310,8,1.2390531907567714,0.1010670829564333,6.1237104589818045,0.0011965419398620725,6.124907000921667,1.5252417500596493,7.650148750981316,0.018758625024929643
53,3.5363034632880592,0.9608609312158687,0.18018480921954672,0.16532306663734678,0.18018480921954672,0.14839745429772316,0.9433073128515614,0.30585758296558446,0.0,0.0,0.9646770044665124,0.9999651450546642,0.98200415881066,344284,356878,0.15,0.5652173913043478,0.23708206686930092,345,1300,0.10778443113772455,0.11076923076923077,0.10925644916540213,325,334,0.0,0.0,0.0,869,0,0.0,0.0,0.0,4733,2,0.23076923076923078,0.00089632506722438,0.0017857142857142857,3347,13,0.0,0.0,0.0,2484,0,0.0,0.0,0.0,1917,0,0.0,0.0,0.0,214,0,0.2,0.125,0.15384615384615385,24,15,0.8045784831047058,0.8735312223434448,147997,37,1.3344585569399685,0.5389278329676017,0.0005704369395971298,0.9999716877937317,1342096,328,0.20495514162324843,5.046959542087279,3.045154333114624,0.19771824777126312,10080,3,1.325917132410219,0.03574266599025577,0.9589208364486694,0.9213664531707764,141708,35,1.014927008464417,0.5084483330138028,2.0424094200134277,0.4041520357131958,31310,8,1.2384754887473797,0.12789062492083758,6.257968998979777,0.0012841250281780958,6.259253124007955,1.533864708035253,7.793117832043208,0.01705175102688372
54,3.6493229256638466,0.9608469858482409,0.17780307203076093,0.1716800139042085,0.17780307203076093,0.14918987295181776,0.9432692335851992,0.2994857265032715,0.0,0.0,0.9645610830316819,0.9999738587909981,0.9819482949424422,344284,356924,0.15597147950089127,0.5072463768115942,0.23858214042263123,345,1122,0.1010752688172043,0.14461538461538462,0.1189873417721519,325,465,0.0,0.0,0.0,869,0,0.0,0.0,0.0,4733,2,0.3076923076923077,0.0011951000896325067,0.002380952380952381,3347,13,0.0,0.0,0.0,2484,0,0.0,0.0,0.0,1917,0,0.0,0.0,0.0,214,0,0.1875,0.125,0.15,24,16,0.7913060784339905,0.8989506363868713,147997,37,1.1716458191883372,0.5358097499702126,0.0006012810626998544,0.9999694228172302,1342096,328,0.21587643619113212,4.960237917024642,2.9819724559783936,0.22212301194667816,10080,3,1.2968342168554063,0.0331232090247795,0.974071204662323,0.9279221892356873,141708,35,0.9903065064547699,0.49884612497407943,1.9997371435165405,0.4116576313972473,31310,8,1.2066147303187678,0.10054220899473876,6.1285592099884525,0.0013215829385444522,6.129880792926997,1.534982957993634,7.664863750920631,0.01687266502995044
55,3.650586154928814,0.9608469858482409,0.1783924575369563,0.16684235425845478,0.1783924575369563,0.14758696262827123,0.9432596067281247,0.3024645761269776,0.0,0.0,0.9645933148412765,0.9999680496334422,0.9819621959115452,344284,356910,0.14906832298136646,0.5565217391304348,0.23515003061849357,345,1288,0.10476190476190476,0.10153846153846154,0.103125,325,315,0.0,0.0,0.0,869,0,0.0,0.0,0.0,4733,2,0.25,0.00089632506722438,0.0017862459065197975,3347,12,0.0,0.0,0.0,2484,0,0.0,0.0,0.0,1917,0,0.0,0.0,0.0,214,0,0.2,0.125,0.15384615384615385,24,15,0.7856688499450684,0.8984912037849426,147997,37,1.1788047956219507,0.5454706670716405,0.0005715969018638134,0.9999768733978271,1342096,328,0.20290953708054932,4.879882083972916,2.986815929412842,0.22589285671710968,10080,3,1.3387064889507396,0.03411695803515613,0.9587836265563965,0.9276469945907593,141708,35,1.0513417630644424,0.5097386250272393,2.034775495529175,0.40086233615875244,31310,8,1.218790666500836,0.1004927079193294,6.069701042026281,0.0012246250407770276,6.070925667067058,1.501048499951139,7.5719741670181975,0.01748237502761185
56,3.5431941681347117,0.9608469858482409,0.17869569053584147,0.16543547917138207,0.17869569053584147,0.149694682794805,0.9433080942105189,0.3094888346573482,0.0,0.0,0.9646527762211113,0.9999680496334422,0.9819930059956758,344284,356888,0.15047291487532244,0.5072463768115942,0.23209549071618038,345,1163,0.10845986984815618,0.15384615384615385,0.1272264631043257,325,461,0.0,0.0,0.0,869,0,0.0,0.0,0.0,4733,2,0.23076923076923078,0.00089632506722438,0.0017857142857142857,3347,13,0.0,0.0,0.0,2484,0,0.0,0.0,0.0,1917,0,0.0,0.0,0.0,214,0,0.2,0.125,0.15384615384615385,24,15,0.7572537660598755,0.8588079214096069,147997,37,1.3207551098611334,0.5304064999800175,0.0005488778697326779,0.9999791383743286,1342096,328,0.19981771846244578,4.846938666072674,3.010570764541626,0.2093254029750824,10080,3,1.325151359824356,0.03393479099031538,0.9383768439292908,0.9314011931419373,141708,35,1.005550095313906,0.5083971669664606,1.9777277708053589,0.40590864419937134,31310,8,1.2397680299432579,0.12435108295176178,6.044028206961229,0.001215416006743908,6.045243622967973,1.4856996670132503,7.530943289981224,0.019236293039284647
57,3.651497897970977,0.9608386186276643,0.177139972677907,0.1686676700143,0.177139972677907,0.1476500659919208,0.9432638964922845,0.3031742364536756,0.0,0.0,0.9645772978667368,0.9999738587909981,0.9819566972142122,344284,356918,0.14915254237288136,0.5101449275362319,0.23081967213114754,345,1180,0.10628019323671498,0.13538461538461538,0.11907983761840325,325,414,0.0,0.0,0.0,869,0,0.0,0.0,0.0,4733,2,0.3,0.00089632506722438,0.0017873100983020554,3347,10,0.0,0.0,0.0,2484,0,0.0,0.0,0.0,1917,0,0.0,0.0,0.0,214,0,0.16666666666666666,0.125,0.14285714285714285,24,18,0.7876789569854736,0.912464439868927,147997,37,1.1848132135246012,0.5727912499569356,0.0005705116782337427,0.9999813437461853,1342096,328,0.20977318874855264,4.9515119579155,2.952707052230835,0.23343254625797272,10080,3,1.2956191080252002,0.03410470800008625,0.9512425661087036,0.9302439093589783,141708,35,0.9672477451120336,0.5050849999533966,1.991121768951416,0.41197699308395386,31310,8,1.235313525763997,0.10026358300819993,6.163756498834118,0.0011235419660806656,6.164880040800199,1.5600397909292951,7.724919831729494,0.016057168133556843
58,3.460811223802264,0.9608637202893943,0.18054184438199533,0.16875750496148273,0.18054184438199533,0.15039841068389578,0.9433502917262413,0.310908993116816,0.0,0.0,0.9647176515423243,0.9999680496334422,0.9820266192016521,344284,356864,0.15555555555555556,0.5072463768115942,0.23809523809523808,345,1125,0.10707456978967496,0.1723076923076923,0.1320754716981132,325,523,0.0,0.0,0.0,869,0,0.0,0.0,0.0,4733,2,0.2727272727272727,0.00089632506722438,0.001786777843954735,3347,11,0.0,0.0,0.0,2484,1,0.0,0.0,0.0,1917,0,0.0,0.0,0.0,214,0,0.1875,0.125,0.15,24,16,0.7615376710891724,0.868923008441925,147997,37,1.2876299871031822,0.5422191249672323,0.0005423182738013566,0.9999761581420898,1342096,328,0.19373151138235947,4.903984792064875,2.9771668910980225,0.21934524178504944,10080,3,1.3830524023652686,0.034638416953384876,0.9361104965209961,0.9206819534301758,141708,35,1.086274042569919,0.5085260840132833,2.0221590995788574,0.40980517864227295,31310,8,1.2331508960423978,0.11276941606774926,6.102137834066525,0.0020244589541107416,6.104162293020636,1.5650893750134856,7.669251668034121,0.02312791591975838
59,3.5998534440470245,0.9608302514070876,0.17668066387077208,0.16842320014235124,0.17668066387077208,0.1500542749622796,0.9432996137402103,0.3083758217240068,0.0,0.0,0.9646178373395572,0.9999738587909981,0.9819777035227407,344284,356903,0.15337423312883436,0.43478260869565216,0.22675736961451248,345,978,0.1060126582278481,0.20615384615384616,0.1400208986415883,325,632,0.0,0.0,0.0,869,0,0.0,0.0,0.0,4733,2,0.2727272727272727,0.00089632506722438,0.001786777843954735,3347,11,0.0,0.0,0.0,2484,0,0.0,0.0,0.0,1917,0,0.0,0.0,0.0,214,0,0.1875,0.125,0.15,24,16,0.7692625522613525,0.8887342214584351,147997,37,1.1918765675786227,0.5309025829192251,0.0006074230186641216,0.999972403049469,1342096,328,0.21881030287413916,4.96561637497507,2.9295341968536377,0.22559523582458496,10080,3,1.2707991782729198,0.03398562502115965,0.9462103247642517,0.9295593500137329,141708,35,1.0071794245875823,0.5069525829749182,1.9956954717636108,0.4082401692867279,31310,8,1.200086837038113,0.125307249953039,6.162764415843412,0.0012943330220878124,6.1640587488655,1.48650116706267,7.65055991592817,0.01722987520042807
60,3.5061723855359057,0.9608386186276643,0.1780580093764212,0.16994570761452643,0.1780580093764212,0.14962210141831664,0.9433324024398672,0.31028643868761485,0.0,0.0,0.964690619098057,0.9999680496334422,0.9820126134195146,344284,356874,0.15259117082533588,0.4608695652173913,0.22927180966113914,345,1042,0.10570469798657718,0.19384615384615383,0.13680781758957655,325,596,0.0,0.0,0.0,869,0,0.0,0.0,0.0,4733,2,0.3,0.00089632506722438,0.0017873100983020554,3347,10,0.0,0.0,0.0,2484,1,0.0,0.0,0.0,1917,0,0.0,0.0,0.0,214,0,0.17647058823529413,0.125,0.14634146341463414,24,17,0.7379449605941772,0.9052413105964661,147997,37,1.198295950752157,0.535839332966134,0.0005466971779242158,0.9999783635139465,1342096,328,0.19746545797417456,5.002026624977589,2.983182907104492,0.23025794327259064,10080,3,1.3276221739970835,0.03051308309659362,0.9315641522407532,0.9169489145278931,141708,35,1.026113644415476,0.5014534170040861,2.009537696838379,0.40836793184280396,31310,8,1.2363533677330953,0.10067062499001622,6.1705030830344185,0.0011210000375285745,6.171624083071947,1.524554583011195,7.696178666083142,0.015397083945572376
61,3.5715861568045963,0.9608469858482409,0.17813439854189808,0.1686488021691569,0.17813439854189808,0.1485558930623661,0.943304690818006,0.30391125827912757,0.0,0.0,0.9646421626589408,0.9999738587909981,0.9819903077392617,344284,356894,0.15537488708220415,0.4985507246376812,0.2369146005509642,345,1107,0.09980430528375733,0.15692307692307692,0.12200956937799043,325,511,0.0,0.0,0.0,869,0,0.0,0.0,0.0,4733,2,0.3,0.00089632506722438,0.0017873100983020554,3347,10,0.0,0.0,0.0,2484,0,0.0,0.0,0.0,1917,0,0.0,0.0,0.0,214,0,0.16666666666666666,0.125,0.14285714285714285,24,18,0.8000321388244629,0.9143563508987427,147997,37,1.1417004854043356,0.5284800420049578,0.0005583391175605357,0.9999716877937317,1342096,328,0.20669875669797194,4.851032208069228,2.922213315963745,0.24533730745315552,10080,3,1.30629463704173,0.03903704206459224,0.9457038044929504,0.9294111728668213,141708,35,0.9700880764571164,0.52524975000415,1.9688034057617188,0.4137655794620514,31310,8,1.2039521040281946,0.09947570809163153,6.043274750234559,0.002080540987662971,6.045355291222222,1.4994786250172183,7.54483391623944,0.020470874733291566
62,3.3790321383862865,0.9608581421423431,0.1800672390732743,0.16808531557915068,0.1800672390732743,0.14817670377252223,0.9433713839735548,0.3144412597288718,0.0,0.0,0.9647904493673547,0.9999622404758862,0.9820615330635741,344284,356835,0.1478537360890302,0.5391304347826087,0.23206487835308795,345,1258,0.10602409638554217,0.13538461538461538,0.11891891891891893,325,415,0.0,0.0,0.0,869,0,0.0,0.0,0.0,4733,2,0.2857142857142857,0.0011951000896325067,0.0023802439750074383,3347,14,0.0,0.0,0.0,2484,1,0.0,0.0,0.0,1917,0,0.0,0.0,0.0,214,0,0.17647058823529413,0.125,0.14634146341463414,24,17,0.7430236339569092,0.8489496111869812,147997,37,1.3524838150529273,0.5276557499310002,0.000546234252396971,0.9999709129333496,1342096,328,0.19934242587193393,4.931251875008456,2.9217147827148438,0.2531746029853821,10080,3,1.3270615113445163,0.05617737502325326,0.9412717819213867,0.9207525253295898,141708,35,1.03266068580331,0.5019199580419809,2.002967596054077,0.4105716943740845,31310,8,1.2266589015993454,0.12451283307746053,6.141517791082151,0.001313542015850544,6.142831333098002,1.4969582080375403,7.639789541135542,0.015133500914089382
63,3.49572595870969,0.9608581421423431,0.17951203450542494,0.17103764259555493,0.17951203450542494,0.14900883016979496,0.9433373875726192,0.31185719988817107,0.0,0.0,0.9647150471045154,0.9999709542122202,0.9820266704699422,344284,356866,0.14860426929392448,0.5246376811594203,0.23160588611644273,345,1218,0.10955710955710955,0.14461538461538462,0.1246684350132626,325,429,0.0,0.0,0.0,869,0,0.0,0.0,0.0,4733,2,0.3,0.00089632506722438,0.0017873100983020554,3347,10,0.0,0.0,0.0,2484,1,0.0,0.0,0.0,1917,0,0.0,0.0,0.0,214,0,0.1875,0.125,0.15,24,16,0.7325199246406555,0.8842679262161255,147997,37,1.274719525410933,0.5243980829836801,0.0005812780582346022,0.9999694228172302,1342096,328,0.22076405719525818,4.89782670896966,2.830533027648926,0.2546626925468445,10080,3,1.2242530953957946,0.03346870793029666,0.9346837997436523,0.9339134097099304,141708,35,0.9746033495370833,0.5133021250367165,1.9588346481323242,0.41216862201690674,31310,8,1.17658843170835,0.10343691695015877,6.072432541870512,0.0011972080683335662,6.073629749938846,1.513875374919735,7.5875051248585805,0.020309792133048177
64,3.50104845398137,0.9608497749217665,0.18295571222958018,0.17150173887487197,0.18295571222958018,0.1508551955339785,0.9433233296262707,0.307279452670105,0.0,0.0,0.9647121460496266,0.9999651450546642,0.9820223661447139,344284,356865,0.14794303797468356,0.5420289855072464,0.2324425108763207,345,1264,0.10236220472440945,0.12,0.11048158640226628,325,381,0.0,0.0,0.0,869,0,0.0,0.0,0.0,4733,2,0.3,0.00089632506722438,0.0017873100983020554,3347,10,0.0,0.0,0.0,2484,0,0.0,0.0,0.0,1917,0,0.0,0.0,0.0,214,0,0.2,0.16666666666666666,0.18181818181818182,24,20,0.8082048296928406,0.8905248045921326,147997,37,1.2915982300291244,0.5303860000567511,0.0005523402360267937,0.9999761581420898,1342096,328,0.20718001353563098,4.85622845904436,2.9310755729675293,0.24523809552192688,10080,3,1.2981346236459024,0.03346891701221466,0.9422771334648132,0.9332359433174133,141708,35,0.9593452019521581,0.5062402909388766,1.9736604690551758,0.4193548262119293,31310,8,1.2320326312848986,0.10145291697699577,6.027776584029198,0.0012073749676346779,6.028983958996832,1.5150295000057667,7.544013459002599,0.017336749006062746
65,3.460632898652683,0.9608665093629198,0.1836910318969817,0.17510751538148023,0.1836910318969817,0.15292331974411708,0.9433574010840259,0.30805627755459497,0.0,0.0,0.9647394762062221,0.9999738587909981,0.9820407278411506,344284,356858,0.14869281045751634,0.527536231884058,0.2319949012109624,345,1224,0.10772833723653395,0.14153846153846153,0.12234042553191489,325,427,0.0,0.0,0.0,869,0,0.0,0.0,0.0,4733,2,0.3076923076923077,0.0011951000896325067,0.002380952380952381,3347,13,0.0,0.0,0.0,2484,0,0.0,0.0,0.0,1917,0,0.0,0.0,0.0,214,0,0.2222222222222222,0.16666666666666666,0.19047619047619047,24,18,0.7308921813964844,0.9142820239067078,147997,37,1.233501323567758,0.5287962920265272,0.0005572722293436527,0.9999813437461853,1342096,328,0.2009945408722012,4.9010445000603795,3.0216078758239746,0.21259920299053192,10080,3,1.289892053999323,0.03584899997804314,0.9637377262115479,0.9259674549102783,141708,35,1.065629807881587,0.5233674590708688,1.9581413269042969,0.41223251819610596,31310,8,1.1864738603132163,0.12882666697259992,6.117883918108419,0.0011784579837694764,6.119062376092188,1.5007939159404486,7.619856292032637,0.01769362378399819
66,3.456365043450772,0.9608525639952921,0.17913270279894072,0.1730791846532182,0.17913270279894072,0.14891671670184387,0.9433299369854578,0.31780815122431577,0.0,0.0,0.9647176515423243,0.9999680496334422,0.9820266192016521,344284,356864,0.14859437751004015,0.5362318840579711,0.23270440251572327,345,1245,0.10319410319410319,0.12923076923076923,0.11475409836065574,325,407,0.0,0.0,0.0,869,0,0.0,0.0,0.0,4733,2,0.3,0.00089632506722438,0.0017873100983020554,3347,10,0.0,0.0,0.0,2484,0,0.0,0.0,0.0,1917,0,0.0,0.0,0.0,214,0,0.21428571428571427,0.125,0.15789473684210525,24,14,0.721897304058075,0.8868287801742554,147997,37,1.2392696172634465,0.5320184159791097,0.0005802946980111301,0.9999701976776123,1342096,328,0.2079972018330566,4.910705207963474,2.8282201290130615,0.2579365074634552,10080,3,1.316321857729988,0.034014291944913566,0.916047990322113,0.93513423204422,141708,35,0.9636153246674298,0.5169420420425013,1.9551275968551636,0.4139572083950043,31310,8,1.1825617250372729,0.10276370903011411,6.096443666960113,0.001230041030794382,6.097673707990907,1.5264905409421772,7.624164248933084,0.0171887920005247
67,3.429486734745066,0.9608525639952921,0.1833662590977144,0.17726230919590497,0.1833662590977144,0.15509262504550508,0.9433666807811752,0.31737108966451294,0.0,0.0,0.9647500924753118,0.9999680496334422,0.9820434266675795,344284,356852,0.15384615384615385,0.4753623188405797,0.23245924875974486,345,1066,0.1040268456375839,0.19076923076923077,0.13463626492942454,325,596,0.0,0.0,0.0,869,0,0.0,0.0,0.0,4733,2,0.3,0.00089632506722438,0.0017873100983020554,3347,10,0.0,0.0,0.0,2484,0,0.0,0.0,0.0,1917,0,0.0,0.0,0.0,214,0,0.25,0.16666666666666666,0.2,24,16,0.7989553213119507,0.8549633026123047,147997,37,1.2663161751108398,0.5443032920593396,0.0005432628095149994,0.9999768733978271,1342096,328,0.2027999413014571,4.893882625037804,2.846944808959961,0.24970237910747528,10080,3,1.287633888131232,0.03470829199068248,0.9341912865638733,0.9321845173835754,141708,35,1.0099478834751179,0.509142707916908,1.950799822807312,0.4181411564350128,31310,8,1.23299035444126,0.10112416709307581,6.08316108409781,0.0012250839499756694,6.084386168047786,1.504821415990591,7.589207584038377,0.01717733289115131
68,3.38875467914186,0.9608525639952921,0.18350895697954273,0.1715764255585065,0.18350895697954273,0.1533602305667608,0.9433882096526768,0.3181253832426198,0.0,0.0,0.9647879429881346,0.9999680496334422,0.982063036104986,344284,356838,0.15264187866927592,0.45217391304347826,0.2282370153621068,345,1022,0.10785824345146379,0.2153846153846154,0.1437371663244353,325,649,0.0,0.0,0.0,869,0,0.0,0.0,0.0,4733,2,0.3,0.00089632506722438,0.0017873100983020554,3347,10,0.0,0.0,0.0,2484,0,0.0,0.0,0.0,1917,0,0.0,0.0,0.0,214,0,0.19047619047619047,0.16666666666666666,0.17777777777777778,24,21,0.7458152174949646,0.9027007222175598,147997,37,1.2143469757654315,0.5302888340083882,0.0005581792211160064,0.9999716877937317,1342096,328,0.20461160269815762,4.849759000004269,2.7896621227264404,0.26200395822525024,10080,3,1.2746542167199384,0.03290662507060915,0.9351568818092346,0.9235540628433228,141708,35,1.0426260732592467,0.5010289159836248,1.9844306707382202,0.4087831377983093,31310,8,1.2320709189775743,0.12572837504558265,6.039711750112474,0.0018550829263404012,6.041566833038814,1.477040708065033,7.518607541103847,0.016141332918778062
69,3.3600290213671413,0.9608525639952921,0.18376284712367158,0.16689879605830088,0.18376284712367158,0.15101578805346155,0.9433884201858805,0.31835625684822827,0.0,0.0,0.964793251783037,0.9999651450546642,0.9820643856463739,344284,356835,0.1528846153846154,0.4608695652173913,0.2296028880866426,345,1040,0.10845295055821372,0.20923076923076922,0.14285714285714285,325,627,0.0,0.0,0.0,869,0,0.0,0.0,0.0,4733,2,0.3,0.00089632506722438,0.0017873100983020554,3347,10,0.0,0.0,0.0,2484,0,0.0,0.0,0.0,1917,0,0.0,0.0,0.0,214,0,0.14285714285714285,0.16666666666666666,0.15384615384615385,24,28,0.7526252269744873,0.8911870121955872,147997,37,1.2391577752410863,0.5426394579699263,0.0005587555351667106,0.9999731779098511,1342096,328,0.20716954492547676,4.920989624923095,2.8468265533447266,0.24761904776096344,10080,3,1.2904954553446601,0.033789666020311415,0.9152979850769043,0.9273929595947266,141708,35,1.0267018857697745,0.5104873750824481,1.9415810108184814,0.41220057010650635,31310,8,1.2159221790336723,0.10084462503436953,6.1087507490301505,0.0011889580637216568,6.109939707093872,1.5642286660149693,7.6741683731088415,0.018506375956349075
70,3.404786399284917,0.9608637202893943,0.18481524400215543,0.16928088581203585,0.18481524400215543,0.15228647956486197,0.9433909054835886,0.31424551463739503,0.0,0.0,0.964795955542353,0.9999651450546642,0.9820657863583591,344284,356834,0.1559040590405904,0.48985507246376814,0.2365290412876137,345,1084,0.1054421768707483,0.19076923076923077,0.13581599123767799,325,588,0.0,0.0,0.0,869,0,0.0,0.0,0.0,4733,2,0.3,0.00089632506722438,0.0017873100983020554,3347,10,0.0,0.0,0.0,2484,0,0.0,0.0,0.0,1917,0,0.0,0.0,0.0,214,0,0.16666666666666666,0.16666666666666666,0.16666666666666666,24,24,0.7643092274665833,0.912727952003479,147997,37,1.2136067853815435,0.5824300420936197,0.0005507341702468693,0.999972403049469,1342096,328,0.21611374492138724,4.9428772499086335,2.8175785541534424,0.2633928656578064,10080,3,1.2704912260821575,0.034062374965287745,0.9113293886184692,0.9183602929115295,141708,35,1.0320491354076196,0.5161108329193667,1.94398033618927,0.41580963134765625,31310,8,1.1831551036428156,0.10353679105173796,6.179017290938646,0.0012175829615443945,6.18023487390019,1.526475333957933,7.706710207858123,0.019068917143158615
71,3.4418653676676287,0.9608525639952921,0.17977901211809746,0.16681183184189258,0.17977901211809746,0.14874107602412864,0.9433651188467085,0.31848775401025936,0.0,0.0,0.9647526972117136,0.9999651450546642,0.9820433754460631,344284,356850,0.15470643056849953,0.4811594202898551,0.23413258110014104,345,1073,0.10580204778156997,0.19076923076923077,0.13611416026344675,325,586,0.0,0.0,0.0,869,0,0.0,0.0,0.0,4733,2,0.3,0.00089632506722438,0.0017873100983020554,3347,10,0.0,0.0,0.0,2484,0,0.0,0.0,0.0,1917,0,0.0,0.0,0.0,214,0,0.14285714285714285,0.125,0.13333333333333333,24,21,0.7457302808761597,0.905329167842865,147997,37,1.196560640454435,0.5307470420375466,0.0005557794356718659,0.9999731779098511,1342096,328,0.2046339897407686,4.914997583022341,2.872053384780884,0.23730158805847168,10080,3,1.2624905207013717,0.03461412503384054,0.9151225686073303,0.9291571378707886,141708,35,0.9846474373646237,0.5439374999841675,1.92025625705719,0.416640043258667,31310,8,1.1744688700402943,0.13231712498236448,6.15661337506026,0.0016112499870359898,6.158224625047296,1.4799489579163492,7.6381735829636455,0.01765079190954566
72,3.384486772458872,0.9608609312158687,0.18052371668888897,0.16836183339984778,0.18052371668888897,0.1488839571677386,0.9433758036482878,0.32244784017753025,0.0,0.0,0.9647824368973122,0.9999651450546642,0.9820587828383893,344284,356839,0.14915254237288136,0.5101449275362319,0.23081967213114754,345,1180,0.11178861788617886,0.16923076923076924,0.1346389228886169,325,492,0.0,0.0,0.0,869,0,0.0,0.0,0.0,4733,2,0.3,0.00089632506722438,0.0017873100983020554,3347,10,0.0,0.0,0.0,2484,0,0.0,0.0,0.0,1917,0,0.0,0.0,0.0,214,0,0.15789473684210525,0.125,0.13953488372093023,24,19,0.7131063938140869,0.8897815346717834,147997,37,1.2596549961395958,0.59014337498229,0.0005308112595230341,0.9999738931655884,1342096,328,0.19683379212291627,4.790303917019628,2.849161148071289,0.23720237612724304,10080,3,1.288418734798024,0.03678445902187377,0.9198413491249084,0.9349366426467896,141708,35,0.9285620345391925,0.5148517499910668,1.9555832147598267,0.411785364151001,31310,8,1.1856873262532552,0.10388520802371204,6.0359687090385705,0.001165791996754706,6.037134501035325,1.5071454999269918,7.544280000962317,0.015438457950949669
73,3.392363012488156,0.9608888219511242,0.22612070665544418,0.1817338048948005,0.22612070665544418,0.17420472518846822,0.9434164479690276,0.32087013122508456,0.0,0.0,0.9648229939690155,0.9999651450546642,0.9820797936979752,344284,356824,0.1548154815481548,0.4985507246376812,0.23626373626373626,345,1111,0.10603290676416818,0.17846153846153845,0.13302752293577982,325,547,0.0,0.0,0.0,869,0,0.0,0.0,0.0,4733,2,0.3,0.00089632506722438,0.0017873100983020554,3347,10,0.0,0.0,0.0,2484,0,0.0,0.0,0.0,1917,0,0.0,0.0,0.0,214,0,0.2916666666666667,0.5833333333333334,0.3888888888888889,24,48,0.7520032525062561,0.9115793108940125,147997,37,1.2117348445460474,0.5431004581041634,0.0005428812582977116,0.9999753832817078,1342096,328,0.2039710619689391,4.927399209002033,2.8962323665618896,0.25486111640930176,10080,3,1.2758974014851223,0.03322666697204113,0.9221329092979431,0.9332853555679321,141708,35,1.0044675122693631,0.5240564580308273,1.9240771532058716,0.4147237241268158,31310,8,1.1958183600370809,0.104638334014453,6.132421126123518,0.0011567500187084079,6.133577876142226,1.4987260419875383,7.6323039181297645,0.018154998775571585
74,3.404347459096297,0.9608692984364454,0.2241452328538834,0.18468727553822234,0.2241452328538834,0.17660235875023522,0.9433933637700971,0.31974528358733156,0.0,0.0,0.9647824368973122,0.9999651450546642,0.9820587828383893,344284,356839,0.15311909262759923,0.46956521739130436,0.23093371347113328,345,1058,0.10338983050847457,0.18769230769230769,0.13333333333333333,325,590,0.0,0.0,0.0,869,0,0.0,0.0,0.0,4733,2,0.3,0.00089632506722438,0.0017873100983020554,3347,10,0.0,0.0,0.0,2484,0,0.0,0.0,0.0,1917,0,0.0,0.0,0.0,214,0,0.32558139534883723,0.5833333333333334,0.417910447761194,24,43,0.7476677894592285,0.910842776298523,147997,37,1.1574164174466526,0.5306882919976488,0.0005327358958311379,0.9999776482582092,1342096,328,0.19815565019479298,4.8598435000749305,2.804539680480957,0.23769840598106384,10080,3,1.2561200896153004,0.03530591703020036,0.902067244052887,0.9354588389396667,141708,35,0.9564568372253724,0.5105329590151086,1.9440504312515259,0.4175662696361542,31310,8,1.2261471052545072,0.1272504999069497,6.063621168024838,0.001529750064946711,6.065150918089785,1.4977696250425652,7.56292054313235,0.018233039998449385
75,3.3072900071762974,0.9608916110246498,0.22642839896313646,0.17900325994345795,0.22642839896313646,0.1717015386293151,0.9434390119274342,0.32122573136371774,0.0,0.0,0.9648716669562731,0.9999651450546642,0.9821050079162447,344284,356806,0.152753108348135,0.4985507246376812,0.23385452073419444,345,1126,0.10825688073394496,0.18153846153846154,0.135632183908046,325,545,0.0,0.0,0.0,869,0,0.0,0.0,0.0,4733,2,0.3,0.00089632506722438,0.0017873100983020554,3347,10,0.0,0.0,0.0,2484,0,0.0,0.0,0.0,1917,0,0.0,0.0,0.0,214,0,0.2641509433962264,0.5833333333333334,0.36363636363636365,24,53,0.7136682868003845,0.9022277593612671,147997,37,1.203755860462956,0.5331727920565754,0.000537063751835376,0.9999753832817078,1342096,328,0.1988067313673027,5.0137394580524415,2.8608672618865967,0.23382936418056488,10080,3,1.3074514990596942,0.033820750075392425,0.942229151725769,0.9184802770614624,141708,35,1.0685719334391284,0.5109569579362869,1.935926079750061,0.4207601547241211,31310,8,1.2078110928669143,0.10106070898473263,6.192750667105429,0.0012418749975040555,6.193992542102933,1.525738750002347,7.71973129210528,0.01696599996648729
76,3.431964444910112,0.960877665657022,0.22935954663234898,0.17779034392656867,0.22935954663234898,0.17157280218987017,0.9434322043401359,0.3127986219306639,0.0,0.0,0.9648526394852192,0.9999622404758862,0.9820937503565845,344284,356812,0.1533135509396637,0.4492753623188406,0.22861356932153393,345,1011,0.10973724884080371,0.21846153846153846,0.14609053497942387,325,647,0.0,0.0,0.0,869,0,0.0,0.0,0.0,4733,2,0.3,0.00089632506722438,0.0017873100983020554,3347,10,0.0,0.0,0.0,2484,0,0.0,0.0,0.0,1917,0,0.0,0.0,0.0,214,0,0.25,0.625,0.35714285714285715,24,60,0.6979808807373047,0.9288431406021118,147997,37,1.0954570697982786,0.5388279580511153,0.0005514478543773293,0.9999746680259705,1342096,328,0.21208668051664006,4.9482551659457386,2.8209502696990967,0.24325396120548248,10080,3,1.2575481096939447,0.03405837505124509,0.9067185521125793,0.93229740858078,141708,35,0.9891263689945566,0.5210417500929907,1.9216022491455078,0.4198339283466339,31310,8,1.1963439928794972,0.10566704196389765,6.147850291104987,0.001555709051899612,6.149406000156887,1.5863996669650078,7.735805667121895,0.019025000859983265
77,3.2846745864761053,0.9608720875099709,0.22968462984469004,0.14096311148777904,0.22968462984469004,0.16413683639035379,0.9434915610112263,0.32334305980613787,0.0,0.0,0.9650176173297342,0.9999622404758862,0.9821792064590213,344284,356751,0.15345005149330587,0.4318840579710145,0.22644376899696048,345,971,0.10597826086956522,0.24,0.1470311027332705,325,736,0.0,0.0,0.0,869,0,0.0,0.0,0.0,4733,2,0.0,0.0,0.0,3347,0,0.0,0.0,0.0,2484,1,0.0,0.0,0.0,1917,0,0.0,0.0,0.0,214,0,0.18518518518518517,0.625,0.2857142857142857,24,81,0.7228927612304688,0.890957236289978,147997,37,1.4770550792410875,0.5300817909883335,0.0005105404416099191,0.9999761581420898,1342096,328,0.20301792495263166,4.999028208083473,2.9358365535736084,0.2420634925365448,10080,3,1.3211440791328686,0.03693570801988244,0.9186328649520874,0.9298769235610962,141708,35,1.0051391847286428,0.5150212500011548,1.9369721412658691,0.41002875566482544,31310,8,1.2127328069723813,0.12824720807839185,6.209314165171236,0.0019898749887943268,6.21130404016003,1.5004000420449302,7.71170408220496,0.016267042723484337
78,3.369640660929921,0.9608720875099709,0.22968046099376074,0.14453222283827094,0.22968046099376074,0.168220631985356,0.9434506969828327,0.32169281419629986,0.0,0.0,0.9649095271194421,0.9999651450546642,0.9821246198700283,344284,356792,0.15602836879432624,0.3826086956521739,0.2216624685138539,345,846,0.11311672683513839,0.28923076923076924,0.16262975778546712,325,831,0.0,0.0,0.0,869,0,0.0,0.0,0.0,4733,2,0.0,0.0,0.0,3347,0,0.0,0.0,0.0,2484,0,0.0,0.0,0.0,1917,0,0.0,0.0,0.0,214,0,0.2112676056338028,0.625,0.3157894736842105,24,71,0.6927308440208435,0.9022006988525391,147997,37,1.1534491268416596,0.5269229999976233,0.0005737401661463082,0.9999694228172302,1342096,328,0.21086391937488844,4.812697707908228,2.764277935028076,0.27291667461395264,10080,3,1.2131234066946346,0.03367404197342694,0.913059651851654,0.937434732913971,141708,35,0.9538580467548183,0.5247583750169724,1.9402943849563599,0.413350373506546,31310,8,1.169063271360645,0.10472149995621294,6.002774624852464,0.0018973330734297633,6.004671957925893,1.5387607499724254,7.543432707898319,0.015476167085580528
79,3.315356568447307,0.9608804547305476,0.23034356034661468,0.24651499734111398,0.23034356034661468,0.170532981363874,0.9434776345297894,0.32274196176541864,0.0,0.0,0.9649473902538833,0.9999651450546642,0.9821442326071018,344284,356778,0.15651135005973715,0.37971014492753624,0.22165820642978004,345,837,0.11292200232828871,0.29846153846153844,0.16385135135135134,325,859,0.0,0.0,0.0,869,0,0.0,0.0,0.0,4733,2,1.0,0.00029877502240812666,0.0005973715651135006,3347,1,0.0,0.0,0.0,2484,0,0.0,0.0,0.0,1917,0,0.0,0.0,0.0,214,0,0.23076923076923078,0.625,0.33707865168539325,24,65,0.6952059268951416,0.8935180902481079,147997,37,1.2026660360370824,0.5533632499864325,0.0005261788610368967,0.9999716877937317,1342096,328,0.1972895701553518,4.886902542086318,2.857606887817383,0.25605159997940063,10080,3,1.2586052814443167,0.033290249994024634,0.9010797739028931,0.9294888377189636,141708,35,1.0541378840899445,0.502833875012584,1.9555398225784302,0.4188438057899475,31310,8,1.1981758955857242,0.10175591707229614,6.078145834151655,0.0012005000608041883,6.07934633421246,1.5118127500172704,7.59115908422973,0.01756245782598853
80,3.4132590457933203,0.960877665657022,0.22949807566324795,0.1761504536387122,0.22949807566324795,0.1701234869589834,0.9434668638840509,0.31783364807349634,0.0,0.0,0.96490682272354,0.9999651450546642,0.9821232189902108,344284,356793,0.15568862275449102,0.37681159420289856,0.22033898305084745,345,835,0.11363636363636363,0.2923076923076923,0.1636520241171404,325,836,0.0,0.0,0.0,869,0,0.0,0.0,0.0,4733,2,0.3,0.00089632506722438,0.0017873100983020554,3347,10,0.0,0.0,0.0,2484,0,0.0,0.0,0.0,1917,0,0.0,0.0,0.0,214,0,0.22727272727272727,0.625,0.3333333333333333,24,66,0.7144619226455688,0.9224984049797058,147997,37,1.1187223464995175,0.5262780420016497,0.0005497852107509971,0.9999642372131348,1342096,328,0.2049648545439623,4.830179332988337,2.7909655570983887,0.2596230208873749,10080,3,1.2641391081989795,0.033761499915272,0.9016773104667664,0.9335888028144836,141708,35,1.0440222490577729,0.50936762499623,1.9226163625717163,0.41293516755104065,31310,8,1.1839664237619547,0.12618716701399535,6.025773666915484,0.0012460829457268119,6.027019749861211,1.4866587499855086,7.513678499846719,0.01818379107862711
81,3.380025361983202,0.9608692984364454,0.22455548926413985,0.17807888091968996,0.22455548926413985,0.1712799784414194,0.9434624087542822,0.3211180362553857,0.0,0.0,0.9649122315305039,0.9999651450546642,0.9821260207538424,344284,356791,0.15308370044052863,0.4028985507246377,0.22186751795690343,345,908,0.10824742268041238,0.25846153846153846,0.15258855585831063,325,776,0.0,0.0,0.0,869,0,0.0,0.0,0.0,4733,2,0.3,0.00089632506722438,0.0017873100983020554,3347,10,0.0,0.0,0.0,2484,0,0.0,0.0,0.0,1917,0,0.0,0.0,0.0,214,0,0.2545454545454545,0.5833333333333334,0.35443037974683544,24,55,0.699920654296875,0.9240119457244873,147997,37,1.1689315956827888,0.5340755000943318,0.0005290027474984527,0.9999672174453735,1342096,328,0.1916456634248277,4.9565423330059275,2.8860676288604736,0.2546626925468445,10080,3,1.3076350472265463,0.031690584030002356,0.9035091400146484,0.9358893036842346,141708,35,0.9756101537492202,0.5195205829804763,1.9607282876968384,0.4140849709510803,31310,8,1.1926545552834278,0.10770583397243172,6.14953483408317,0.0011972079519182444,6.150732042035088,1.5327502499567345,7.683482291991822,0.014780749916099012
82,3.342028217799632,0.9608860328775988,0.23039381581772647,0.16896072605192344,0.23039381581772647,0.16159782253920282,0.9435108368081557,0.3204146421781583,0.0,0.0,0.9650364548148107,0.9999593358971082,0.9821875619626633,344284,356743,0.15229357798165138,0.4811594202898551,0.2313588850174216,345,1090,0.10561056105610561,0.19692307692307692,0.13748657357679914,325,606,0.0,0.0,0.0,869,0,0.0,0.0,0.0,4733,3,0.3,0.00089632506722438,0.0017873100983020554,3347,10,0.0,0.0,0.0,2484,0,0.0,0.0,0.0,1917,0,0.0,0.0,0.0,214,0,0.16666666666666666,0.625,0.2631578947368421,24,90,0.7313401699066162,0.9157888293266296,147997,37,1.2358691092605214,0.532468874938786,0.0005186480120755732,0.9999791383743286,1342096,328,0.19358877715790068,4.856563000008464,2.7845544815063477,0.27073413133621216,10080,3,1.2915916196751052,0.03370216710027307,0.8862705826759338,0.9361927509307861,141708,35,0.9578481365166079,0.5623467919649556,1.9320148229599,0.4192909598350525,31310,8,1.1945041606643192,0.1017849170602858,6.086865751072764,0.001276249997317791,6.088142001070082,1.5135648329742253,7.6017068340443075,0.01605370792094618
83,3.28095517353126,0.9608665093629198,0.2300388750583405,0.23806447614811205,0.2300388750583405,0.16068730931506234,0.9435233046844322,0.3225404758011963,0.0,0.0,0.9650848559943037,0.9999506221607742,0.9822084261760955,344284,356722,0.15320910973084886,0.4289855072463768,0.22578184591914569,345,966,0.10610079575596817,0.24615384615384617,0.14828544949026876,325,754,0.0,0.0,0.0,869,0,0.0,0.0,0.0,4733,3,1.0,0.00029877502240812666,0.0005973715651135006,3347,1,0.0,0.0,0.0,2484,0,0.0,0.0,0.0,1917,0,0.0,0.0,0.0,214,0,0.15625,0.625,0.25,24,96,0.7365029454231262,0.9148293733596802,147997,37,1.3494431287004025,0.5311722920741886,0.0005441008252091706,0.9999679327011108,1342096,328,0.19946170283294246,5.119708791957237,2.8165950775146484,0.26180556416511536,10080,3,1.2964166749126105,0.034889457980170846,0.8940314650535583,0.9346473217010498,141708,35,0.9570815068303311,0.5150388750480488,1.923065185546875,0.41242414712905884,31310,8,1.230025783914045,0.12615741591434926,6.326966832973994,0.0012690830044448376,6.328235915978439,1.5069865409750491,7.835222456953488,0.017281917040236294
84,3.3574829779611206,0.9608860328775988,0.23065720549522525,0.17526747449877877,0.23065720549522525,0.16934624242510604,0.9434985201003254,0.3232641514719329,0.0,0.0,0.9649689294753748,0.9999622404758862,0.9821539883575137,344284,356769,0.15654205607476634,0.3884057971014493,0.2231473771856786,345,856,0.11377245508982035,0.2923076923076923,0.16379310344827586,325,835,0.0,0.0,0.0,869,0,0.0,0.0,0.0,4733,3,0.3,0.00089632506722438,0.0017873100983020554,3347,10,0.0,0.0,0.0,2484,0,0.0,0.0,0.0,1917,0,0.0,0.0,0.0,214,0,0.21739130434782608,0.625,0.3225806451612903,24,69,0.6832050681114197,0.9195794463157654,147997,37,1.105994593590838,0.5487675829790533,0.0005687522352673113,0.9999657273292542,1342096,328,0.20734532308817205,4.960526749957353,2.7248175144195557,0.2760912775993347,10080,3,1.2550339604053526,0.034057874931022525,0.9121907353401184,0.9320504069328308,141708,35,1.0083940929250539,0.498779832967557,1.9050006866455078,0.41462790966033936,31310,8,1.1502159849094717,0.09930804197210819,6.141440082807094,0.001161125022917986,6.142601207830012,1.6295439160894603,7.772145123919472,0.014838209142908454
85,3.2099348463424704,0.9609585487892632,0.23558759777665267,0.1937807675714839,0.23558759777665267,0.16473893140531387,0.9440095411978713,0.3232183321794696,0.0,0.0,0.9654920945678729,0.9998257252733208,0.9823590097758169,344284,356527,0.1509090909090909,0.4811594202898551,0.22975778546712802,345,1100,0.10699001426533523,0.23076923076923078,0.14619883040935672,325,701,0.0,0.0,0.0,869,0,0.0,0.0,0.0,4733,3,0.5565217391304348,0.019121601434120106,0.03697284806470248,3347,115,0.0,0.0,0.0,2484,1,0.0,0.0,0.0,1917,0,0.0,0.0,0.0,214,0,0.15789473684210525,0.625,0.25210084033613445,24,95,0.7259693145751953,0.9186064600944519,147997,37,1.4677301734872912,0.5425806669518352,0.0005226920475251973,0.9999672174453735,1342096,328,0.19518213816608998,4.996888583060354,2.7628800868988037,0.2750000059604645,10080,3,1.3308413377249964,0.03603145806118846,0.8957839608192444,0.9250218868255615,141708,35,1.0271552836764304,0.5171220829943195,1.947920322418213,0.40961354970932007,31310,8,1.2036710350000017,0.09963904204778373,6.192261833115481,0.001129249925725162,6.193391083041206,1.5550200410652906,7.748411124106497,0.01675958395935595
86,3.317038896719246,0.9608692984364454,0.22978944422301878,0.24104114337207774,0.22978944422301878,0.16396200715823364,0.9434630594270368,0.3251222580167509,0.0,0.0,0.9649659301448845,0.9999535267395522,0.9821482317263651,344284,356767,0.150278293135436,0.46956521739130436,0.22768798313422348,345,1078,0.10766721044045677,0.20307692307692307,0.14072494669509594,325,613,0.0,0.0,0.0,869,0,0.0,0.0,0.0,4733,3,1.0,0.00029877502240812666,0.0005973715651135006,3347,1,0.0,0.0,0.0,2484,0,0.0,0.0,0.0,1917,0,0.0,0.0,0.0,214,0,0.1875,0.625,0.28846153846153844,24,80,0.6882162690162659,0.9179239869117737,147997,37,1.1361265147236108,0.5552707080496475,0.0006014026585035026,0.9999500513076782,1342096,328,0.21763305933392513,4.921051666955464,2.6907060146331787,0.2819444537162781,10080,3,1.243405565865366,0.03391791693866253,0.9031245708465576,0.9365949630737305,141708,35,0.9224451956616304,0.5165382499108091,1.9014660120010376,0.41603320837020874,31310,8,1.176674390344721,0.12725166592281312,6.154030207777396,0.001288625062443316,6.155318832839839,1.5153462080052122,7.670665040845051,0.015775001142174006
87,3.2771812873897495,0.9608832438040732,0.23114953340919492,0.24225675412927314,0.23114953340919492,0.1653970210405842,0.943481617172172,0.32789822129196383,0.0,0.0,0.9650010931902656,0.9999535267395522,0.9821664446149853,344284,356754,0.15221238938053097,0.4985507246376812,0.23322033898305083,345,1130,0.10535405872193437,0.18769230769230769,0.13495575221238937,325,579,0.0,0.0,0.0,869,0,0.0,0.0,0.0,4733,3,1.0,0.00029877502240812666,0.0005973715651135006,3347,1,0.0,0.0,0.0,2484,0,0.0,0.0,0.0,1917,0,0.0,0.0,0.0,214,0,0.2,0.625,0.30303030303030304,24,75,0.684860110282898,0.9059643149375916,147997,37,1.1872831585032404,0.5534505000105128,0.0005192568060010672,0.9999768733978271,1342096,328,0.2000579828165296,5.149273208924569,2.761718273162842,0.2665674686431885,10080,3,1.2835898397261902,0.036379249999299645,0.867466151714325,0.9311824440956116,141708,35,0.9964886462255775,0.5156978749437258,1.884273886680603,0.4171191453933716,31310,8,1.1894515512014416,0.09350550000090152,6.348306333879009,0.0011797090992331505,6.349486042978242,1.4992117499932647,7.848697792971507,0.015866666100919247
88,3.280161974447844,0.9608665093629198,0.2297136359732975,0.24092173305634343,0.2297136359732975,0.16413141650354848,0.9434922542287216,0.32733691112743085,0.0,0.0,0.9650173231524773,0.9999535267395522,0.9821748507914047,344284,356748,0.1515768056968464,0.4318840579710145,0.22439759036144577,345,983,0.10743801652892562,0.24,0.14843006660323502,325,726,0.0,0.0,0.0,869,0,0.0,0.0,0.0,4733,3,1.0,0.00029877502240812666,0.0005973715651135006,3347,1,0.0,0.0,0.0,2484,0,0.0,0.0,0.0,1917,0,0.0,0.0,0.0,214,0,0.18518518518518517,0.625,0.2857142857142857,24,81,0.6602156758308411,0.8984912037849426,147997,37,1.2062100071064794,0.5507704579504207,0.000538717198651284,0.9999664425849915,1342096,328,0.20233286954982846,4.916565958992578,2.7683043479919434,0.27688491344451904,10080,3,1.258712510976698,0.03425783303100616,0.9019486904144287,0.9365314841270447,141708,35,0.9723791532992028,0.5055161661002785,1.9025710821151733,0.4163845479488373,31310,8,1.1601990906996897,0.10079833399504423,6.107908750069328,0.001198749989271164,6.109107500058599,1.5388967919861898,7.648004292044789,0.018347707926295698
89,3.2474757317965275,0.9608720875099709,0.23051764921799087,0.13850047084039444,0.23051764921799087,0.16110427508570316,0.9435104404357404,0.328944409601069,0.0,0.0,0.96506601631486,0.9999535267395522,0.9822000701840476,344284,356730,0.15053763440860216,0.4463768115942029,0.22514619883040934,345,1023,0.10982658959537572,0.23384615384615384,0.14945919370698132,325,692,0.0,0.0,0.0,869,0,0.0,0.0,0.0,4733,3,0.0,0.0,0.0,3347,0,0.0,0.0,0.0,2484,0,0.0,0.0,0.0,1917,0,0.0,0.0,0.0,214,0,0.1595744680851064,0.625,0.2542372881355932,24,94,0.6717287302017212,0.9126738905906677,147997,37,1.2004387820422144,0.5320615839445964,0.0005216269055381417,0.9999791383743286,1342096,328,0.1987948828771065,4.877267249976285,2.713540554046631,0.2839285731315613,10080,3,1.2762678081405372,0.03409995895344764,0.9004729986190796,0.929665207862854,141708,35,0.9694797532163273,0.5094698329921812,1.903760552406311,0.4178537130355835,31310,8,1.2087052936777858,0.12682429200503975,6.07972291787155,0.0013659170363098383,6.08108883490786,1.4976514159934595,7.578740250901319,0.017374748131260276
90,3.247684871881418,0.9608720875099709,0.2303036023952484,0.1396620893707589,0.2303036023952484,0.16232924883474995,0.9434920460054893,0.330304781803324,0.0,0.0,0.9650416691194402,0.9999535267395522,0.9821874603258381,344284,356739,0.1503623188405797,0.4811594202898551,0.22912353347135955,345,1104,0.10474631751227496,0.19692307692307692,0.13675213675213677,325,611,0.0,0.0,0.0,869,0,0.0,0.0,0.0,4733,3,0.0,0.0,0.0,3347,0,0.0,0.0,0.0,2484,0,0.0,0.0,0.0,1917,0,0.0,0.0,0.0,214,0,0.17647058823529413,0.625,0.27522935779816515,24,85,0.6856393814086914,0.8957411050796509,147997,37,1.1841977764857672,0.5297982089687139,0.0005393128376454115,0.9999701976776123,1342096,328,0.2014458585073947,4.882334041991271,2.7593679428100586,0.2807539701461792,10080,3,1.2585004700618434,0.033777832984924316,0.9035599827766418,0.9379146099090576,141708,35,0.9468978167765429,0.5162759580416605,1.9271557331085205,0.41654422879219055,31310,8,1.2239513621909557,0.09987616701982915,6.062062209006399,0.0015345420688390732,6.063596751075238,1.5310387500794604,7.594635501154698,0.019724083016626537
91,3.2168792521947394,0.9608581421423431,0.22987521829188565,0.1336668341090189,0.22987521829188565,0.15415131656976458,0.9435514208210949,0.33037171200614746,0.0,0.0,0.9651443790299972,0.9999506221607742,0.9822392522511213,344284,356700,0.1545338441890166,0.3507246376811594,0.21453900709219859,345,783,0.11563876651982379,0.3230769230769231,0.170316301703163,325,908,0.0,0.0,0.0,869,0,0.0,0.0,0.0,4733,3,0.0,0.0,0.0,3347,0,0.0,0.0,0.0,2484,0,0.0,0.0,0.0,1917,0,0.0,0.0,0.0,214,0,0.10135135135135136,0.625,0.1744186046511628,24,148,0.7002902030944824,0.9287485480308533,147997,37,1.4600945842135058,0.5371633340837434,0.0005420743254944682,0.9999657273292542,1342096,328,0.20241569758284073,4.935165458009578,2.691349744796753,0.29107141494750977,10080,3,1.2695210493118112,0.03459162497892976,0.9079056978225708,0.9274070858955383,141708,35,1.0052570775814773,0.5078798340400681,1.8887940645217896,0.41239219903945923,31310,8,1.1863438482124986,0.10102629091124982,6.115826542023569,0.0011897910153493285,6.117016333038919,1.5204919999232516,7.63750833296217,0.017881792038679123
92,3.245511019139319,0.9608665093629198,0.22955501943140533,0.13561635810254216,0.22955501943140533,0.15722470747155853,0.943523499272674,0.3304300873837103,0.0,0.0,0.9650851496250613,0.9999593358971082,0.9822127818615738,344284,356725,0.15548098434004473,0.4028985507246377,0.22437449556093625,345,894,0.1084788029925187,0.2676923076923077,0.1543921916592724,325,802,0.0,0.0,0.0,869,0,0.0,0.0,0.0,4733,3,0.0,0.0,0.0,3347,0,0.0,0.0,0.0,2484,0,0.0,0.0,0.0,1917,0,0.0,0.0,0.0,214,0,0.1271186440677966,0.625,0.2112676056338028,24,118,0.6621702313423157,0.9098225235939026,147997,37,1.1730937274991646,0.5587915410287678,0.0005673847626894712,0.9999627470970154,1342096,328,0.20639266864975733,4.839198875008151,2.6566708087921143,0.28680557012557983,10080,3,1.2509233633160297,0.05777520907577127,0.8825471997261047,0.9358469247817993,141708,35,0.966515566137,0.4850070830434561,1.8631343841552734,0.4133184254169464,31310,8,1.1711683455370718,0.12620208295993507,6.066974791116081,0.0018077499698847532,6.068782541085966,1.5028597919736058,7.571642333059572,0.01604483393020928
93,3.1838896316526455,0.9608748765834965,0.23084734761184106,0.13494509006733085,0.23084734761184106,0.1562017045846352,0.9435280471502149,0.3349637880181757,0.0,0.0,0.9651227334402368,0.9999506221607742,0.9822280425454214,344284,356708,0.15192135835567472,0.4927536231884058,0.23224043715846995,345,1119,0.10420168067226891,0.19076923076923077,0.13478260869565217,325,595,0.0,0.0,0.0,869,0,0.0,0.0,0.0,4733,3,0.0,0.0,0.0,3347,0,0.0,0.0,0.0,2484,0,0.0,0.0,0.0,1917,0,0.0,0.0,0.0,214,0,0.1282051282051282,0.625,0.2127659574468085,24,117,0.6843448877334595,0.9217754602432251,147997,37,1.1747634147947463,0.5107293750625104,0.0005346222897060215,0.9999575018882751,1342096,328,0.19828015341793212,5.069488542038016,2.6523919105529785,0.28382936120033264,10080,3,1.249356703330864,0.035202416009269655,0.882063090801239,0.9264261722564697,141708,35,1.0363313325651864,0.513235458987765,1.913394570350647,0.41271159052848816,31310,8,1.1722742020631023,0.12780141597613692,6.256457208073698,0.0010566669516265392,6.2575138750253245,1.4899145000381395,7.747428375063464,0.016215708921663463
94,3.1807720159508563,0.960877665657022,0.23106585374339067,0.1377436024763637,0.23106585374339067,0.15953090106021398,0.9434962884951027,0.33515819327712626,0.0,0.0,0.9650578024959914,0.9999506221607742,0.9821944149634245,344284,356732,0.1483050847457627,0.5072463768115942,0.22950819672131148,345,1180,0.10943396226415095,0.17846153846153845,0.13567251461988303,325,530,0.0,0.0,0.0,869,0,0.0,0.0,0.0,4733,3,0.0,0.0,0.0,3347,0,0.0,0.0,0.0,2484,0,0.0,0.0,0.0,1917,0,0.0,0.0,0.0,214,0,0.15463917525773196,0.625,0.24793388429752067,24,97,0.6655057668685913,0.9223227500915527,147997,37,1.2545717544065151,0.5366684589534998,0.0005578447598963976,0.9999627470970154,1342096,328,0.2042811964450692,4.962102624936961,2.6685500144958496,0.28363096714019775,10080,3,1.208544884669718,0.03412133303936571,0.8970517516136169,0.9294605851173401,141708,35,0.979057609245755,0.513203417067416,1.9093328714370728,0.4121367037296295,31310,8,1.2087361615566365,0.10223070904612541,6.148326543043368,0.0012761249672621489,6.14960266801063,1.6144854159792885,7.764088083989918,0.01843820686917752
95,3.232614147695945,0.9608609312158687,0.22880110578512175,0.13537005130632535,0.22880110578512175,0.15666755698408244,0.9434851955622817,0.33430373818963965,0.0,0.0,0.9650417671133038,0.9999564313183302,0.9821889122198384,344284,356740,0.15045871559633028,0.4753623188405797,0.22857142857142856,345,1090,0.1018363939899833,0.18769230769230769,0.13203463203463203,325,599,0.0,0.0,0.0,869,0,0.0,0.0,0.0,4733,3,0.0,0.0,0.0,3347,0,0.0,0.0,0.0,2484,0,0.0,0.0,0.0,1917,0,0.0,0.0,0.0,214,0,0.13636363636363635,0.625,0.22388059701492538,24,110,0.6632455587387085,0.9023493528366089,147997,37,1.2254744486613656,0.5661302079679444,0.0005527041503228247,0.9999649524688721,1342096,328,0.2116076051548346,4.986534542054869,2.727555513381958,0.2671627104282379,10080,3,1.2351690368605743,0.03330620797351003,0.8784174919128418,0.9390295743942261,141708,35,0.9312749980925182,0.5064235409954563,1.8796576261520386,0.4121367037296295,31310,8,1.1632647781217833,0.10260216693859547,6.1949966659303755,0.00127083295956254,6.196267498889938,1.5071897499728948,7.703457248862833,0.014898126129992306
96,3.143785995125967,0.9608637202893943,0.22988413690949994,0.13641704408776148,0.22988413690949994,0.15826976627917738,0.9435058324198871,0.33725504765360637,0.0,0.0,0.9650686237133054,0.9999506221607742,0.9822000194005238,344284,356728,0.14946962391513982,0.4492753623188406,0.22431259044862517,345,1037,0.10944527736131934,0.2246153846153846,0.14717741935483872,325,667,0.0,0.0,0.0,869,0,0.0,0.0,0.0,4733,3,0.0,0.0,0.0,3347,0,0.0,0.0,0.0,2484,0,0.0,0.0,0.0,1917,0,0.0,0.0,0.0,214,0,0.14018691588785046,0.625,0.22900763358778625,24,107,0.6763116717338562,0.9088089466094971,147997,37,1.208945965118242,0.5532110829371959,0.0005168944480828941,0.9999716877937317,1342096,328,0.19647258007175805,4.889858750044368,2.699225664138794,0.27688491344451904,10080,3,1.2460945997863073,0.05836170807015151,0.8936673402786255,0.9327772855758667,141708,35,1.0387535178078178,0.49323908297810704,1.899512767791748,0.4143085181713104,31310,8,1.2270831230203332,0.12867583299521357,6.123346457025036,0.001249833032488823,6.124596290057525,1.5338190839393064,7.6584153739968315,0.0169492099666968
97,3.2357591625688835,0.9608637202893943,0.22941619994262857,0.13935605391235562,0.22941619994262857,0.16184839676890703,0.9434682343434883,0.33580100870912843,0.0,0.0,0.9649983882496391,0.9999535267395522,0.9821650435995715,344284,356755,0.15018315018315018,0.4753623188405797,0.22825330549756437,345,1092,0.10396039603960396,0.19384615384615383,0.13533834586466165,325,606,0.0,0.0,0.0,869,0,0.0,0.0,0.0,4733,3,0.0,0.0,0.0,3347,0,0.0,0.0,0.0,2484,0,0.0,0.0,0.0,1917,0,0.0,0.0,0.0,214,0,0.1744186046511628,0.625,0.2727272727272727,24,86,0.6664127707481384,0.929876983165741,147997,37,1.097493204126873,0.5232430419418961,0.0005235556745901704,0.9999649524688721,1342096,328,0.20859393530311238,4.96910233295057,2.7193539142608643,0.2869047522544861,10080,3,1.2507263926580943,0.03359424998052418,0.8628087639808655,0.9324455857276917,141708,35,1.025298342866454,0.5064089170191437,1.8623095750808716,0.4171510636806488,31310,8,1.1607668743560466,0.12611449998803437,6.158463041880168,0.0012217909097671509,6.159684832789935,1.490268624969758,7.649953457759693,0.018812791095115244
98,3.3303203514451423,0.9608553530688176,0.22804643539518463,0.24009424344138536,0.22804643539518463,0.16296405561647917,0.9434636507008156,0.33043314128847795,0.0,0.0,0.9649580124000763,0.9999593358971082,0.9821469326273508,344284,356772,0.15478841870824053,0.4028985507246377,0.2236524537409493,345,898,0.10472541507024266,0.2523076923076923,0.148014440433213,325,783,0.0,0.0,0.0,869,0,0.0,0.0,0.0,4733,3,1.0,0.00029877502240812666,0.0005973715651135006,3347,1,0.0,0.0,0.0,2484,0,0.0,0.0,0.0,1917,0,0.0,0.0,0.0,214,0,0.17647058823529413,0.625,0.27522935779816515,24,85,0.6724085211753845,0.9325459003448486,147997,37,1.130453377400361,0.5334384589223191,0.0004967676941305399,0.9999731779098511,1342096,328,0.23289375696038583,4.933773958007805,2.6895432472229004,0.298115074634552,10080,3,1.3012932315407284,0.033210249966941774,0.8810752630233765,0.9338005185127258,141708,35,0.958546441864803,0.5149676249129698,1.8867934942245483,0.40961354970932007,31310,8,1.1859591182112967,0.10145304200705141,6.116843333817087,0.001977916923351586,6.118821250740439,1.5281157500576228,7.6469370007980615,0.018055874155834317
99,3.211159380900959,0.9608581421423431,0.22880839628544908,0.23690765571516792,0.22880839628544908,0.15904199583911277,0.9435085525960452,0.33511491359170864,0.0,0.0,0.96506601631486,0.9999535267395522,0.9822000701840476,344284,356730,0.14964610717896865,0.4289855072463768,0.22188905547226387,345,989,0.10584958217270195,0.23384615384615384,0.1457334611697028,325,718,0.0,0.0,0.0,869,0,0.0,0.0,0.0,4733,3,1.0,0.00029877502240812666,0.0005973715651135006,3347,1,0.0,0.0,0.0,2484,0,0.0,0.0,0.0,1917,0,0.0,0.0,0.0,214,0,0.1485148514851485,0.625,0.24,24,101,0.7066696882247925,0.9292147755622864,147997,37,1.2145685477574135,0.5366843329975381,0.0004824350471608341,0.9999783635139465,1342096,328,0.1840218593804906,5.034177957917564,2.8653457164764404,0.2537698447704315,10080,3,1.3107563866119194,0.034177749999798834,0.8782228827476501,0.9356564283370972,141708,35,0.9612207717235859,0.5342903329292312,1.8719581365585327,0.4137974977493286,31310,8,1.217412174604568,0.10902966698631644,6.248360040830448,0.0010695409728214145,6.24942958180327,1.5826288330135867,7.832058414816856,0.015670251101255417
100,3.263033190557044,0.9608497749217665,0.22792099383282927,0.23790518606233588,0.22792099383282927,0.16022216822801258,0.9434763182739309,0.3339020122549559,0.0,0.0,0.9650037981460562,0.9999535267395522,0.9821678456343959,344284,356753,0.1492842535787321,0.42318840579710143,0.22071050642479215,345,978,0.10518934081346423,0.23076923076923078,0.14450867052023122,325,713,0.0,0.0,0.0,869,0,0.0,0.0,0.0,4733,3,1.0,0.00029877502240812666,0.0005973715651135006,3347,1,0.0,0.0,0.0,2484,0,0.0,0.0,0.0,1917,0,0.0,0.0,0.0,214,0,0.1595744680851064,0.625,0.2542372881355932,24,94,0.667597234249115,0.9333702921867371,147997,37,1.0530447878237792,0.5350132909370586,0.0005144752794876695,0.9999776482582092,1342096,328,0.19697271154608115,4.972420915961266,2.7585082054138184,0.26180556416511536,10080,3,1.2480386739709133,0.05966083297971636,0.8921692967414856,0.9381192326545715,141708,35,0.9497083830639944,0.48928120802156627,1.8755286931991577,0.417214959859848,31310,8,1.194661724513247,0.13425925001502037,6.190635497914627,0.0011847909772768617,6.191820288891904,1.5528227910399437,7.744643079931848,0.01945550215896219
