alpha,seed,rejected_empty_client,empty_client_ids,fedartml_hd,hd_pairwise_mean,hd_pairwise_rms,zero_cells,size_min,size_max,size_max_min_ratio,mean_absent_classes_per_client,target_hd,hd_condition
0.4,5000,False,,0.687182013003366,0.619897383158652,0.687182013003366,12,401762,6576039,16.36799647552531,2.4,0.25,hd_0p25
0.4,5001,False,,0.6794335668560569,0.6608427549845834,0.6794335668560569,6,270336,11008999,40.723392370975375,1.2,0.25,hd_0p25
0.4,5002,False,,0.5424313580731722,0.49881479738555345,0.5424313580731722,13,322257,7271552,22.56445011279817,2.6,0.25,hd_0p25
0.4,5003,False,,0.5201111915545774,0.5073972754399063,0.5201111915545773,7,93572,10318562,110.27403496772538,1.4,0.25,hd_0p25
0.4,5004,False,,0.6737235800729486,0.6260535498860644,0.6737235800729486,12,318656,8448837,26.513974317131954,2.4,0.25,hd_0p25
0.4,5005,False,,0.5028241883760561,0.4878205187066028,0.5028241883760561,6,191353,9157194,47.85498006302488,1.2,0.25,hd_0p25
0.4,5006,False,,0.6643529435731989,0.63142946932966,0.6643529435731989,6,466842,10651556,22.816190488430774,1.2,0.25,hd_0p25
0.4,5007,False,,0.6032271724373479,0.5355234675963958,0.6032271724373478,16,585242,5687115,9.717544195392675,3.2,0.25,hd_0p25
0.4,5008,False,,0.6435359354857828,0.571550577973447,0.6435359354857829,11,509024,5988149,11.763981659018043,2.2,0.25,hd_0p25
0.4,5009,False,,0.4835865822667834,0.4559489127044036,0.48358658226678336,8,574762,8859206,15.413694711898142,1.6,0.25,hd_0p25
0.4,5010,False,,0.5918396846340815,0.5334444459710561,0.5918396846340815,13,386250,5750121,14.887044660194174,2.6,0.25,hd_0p25
0.4,5011,False,,0.5872379391616012,0.5118591865882783,0.587237939161601,11,881071,5275859,5.988006641916486,2.2,0.25,hd_0p25
0.4,5012,False,,0.4123365109977631,0.3976726590826281,0.4123365109977631,4,571917,9066726,15.853219960238986,0.8,0.25,hd_0p25
0.4,5013,False,,0.5373422652144277,0.5159210278604265,0.5373422652144277,7,121559,10071435,82.85223636258937,1.4,0.25,hd_0p25
0.4,5014,False,,0.639450219092597,0.5987223297401812,0.639450219092597,12,329970,6256555,18.960981301330424,2.4,0.25,hd_0p25
0.4,5015,False,,0.338453564544132,0.32744126187479117,0.33845356454413195,7,831626,6267744,7.536734060743652,1.4,0.25,hd_0p25
0.4,5016,False,,0.5213540861116399,0.48818069611469406,0.5213540861116399,6,525424,10146510,19.311089710405312,1.2,0.25,hd_0p25
0.4,5017,False,,0.5845026423927266,0.5114180994584199,0.5845026423927266,11,706851,6527556,9.23469868472988,2.2,0.25,hd_0p25
0.4,5018,False,,0.6021739204286827,0.5498660376719948,0.6021739204286826,10,206248,5516865,26.748695744928437,2.0,0.25,hd_0p25
0.4,5019,False,,0.5544932217530163,0.52661680929003,0.5544932217530163,6,371048,9882274,26.633411310666006,1.2,0.25,hd_0p25
0.4,5020,False,,0.34288144855656566,0.3158780426641904,0.34288144855656566,15,1258366,3312792,2.632614040748081,3.0,0.25,hd_0p25
0.4,5021,False,,0.5420875861271889,0.4743130169982142,0.5420875861271888,12,447415,4829104,10.793343987126047,2.4,0.25,hd_0p25
0.4,5022,False,,0.4270142785382415,0.3890772367418749,0.4270142785382415,13,664140,6641007,9.99940825729515,2.6,0.25,hd_0p25
0.4,5023,False,,0.5408492272119619,0.4737221892304726,0.5408492272119619,14,276790,4866159,17.58068933126197,2.8,0.25,hd_0p25
0.4,5024,False,,0.46006556501060025,0.4393405296668017,0.46006556501060025,9,661987,7106039,10.734408681741485,1.8,0.25,hd_0p25
0.4,5025,False,,0.6513971337771963,0.5287443055601936,0.6513971337771963,15,311725,4348764,13.950642393134975,3.0,0.25,hd_0p25
0.4,5026,False,,0.68782535139349,0.6539796493179519,0.68782535139349,6,340495,9414972,27.650837750921454,1.2,0.25,hd_0p25
0.4,5027,False,,0.6136085324186824,0.5787784476991886,0.6136085324186823,7,174648,10459006,59.88620539599652,1.4,0.25,hd_0p25
0.4,5028,False,,0.7307503062909719,0.7022412846966686,0.7307503062909719,6,89797,11097879,123.58852745637382,1.2,0.25,hd_0p25
0.4,5029,False,,0.4466676649224591,0.3965693474356045,0.446667664922459,14,1011313,4615949,4.564312927847264,2.8,0.25,hd_0p25
0.5,5000,False,,0.6372226462090477,0.5738227421510598,0.6372226462090477,12,439449,6077040,13.828771939405938,2.4,0.25,hd_0p25
0.5,5001,False,,0.6669314876753488,0.6248186305003391,0.6669314876753488,6,657759,9436490,14.346424754355318,1.2,0.25,hd_0p25
0.5,5002,False,,0.4928717450455564,0.45222217071106147,0.4928717450455564,12,400398,6877576,17.176849035209965,2.4,0.25,hd_0p25
0.5,5003,False,,0.5151425044697572,0.4572350280359849,0.5151425044697571,7,807865,7951744,9.84291187265199,1.4,0.25,hd_0p25
0.5,5004,False,,0.6100268667529234,0.5646675769705574,0.6100268667529233,12,385553,8021472,20.805108506482895,2.4,0.25,hd_0p25
0.5,5005,False,,0.43388559548068945,0.42429760626206825,0.4338855954806894,6,267464,8638787,32.29887760595818,1.2,0.25,hd_0p25
0.5,5006,False,,0.6033120901423041,0.5674224126856282,0.6033120901423041,4,518310,10198182,19.675834925044857,0.8,0.25,hd_0p25
0.5,5007,False,,0.5437024534005835,0.4776735258141399,0.5437024534005835,17,714665,5331401,7.460000139925699,3.4,0.25,hd_0p25
0.5,5008,False,,0.5924356065611395,0.5297459524921491,0.5924356065611395,11,553399,5648979,10.207786786748802,2.2,0.25,hd_0p25
0.5,5009,False,,0.4406772537806151,0.42341459207495874,0.44067725378061506,6,673702,8210728,12.18747754942096,1.2,0.25,hd_0p25
0.5,5010,False,,0.5931758557348559,0.4810959879734331,0.593175855734856,18,745514,5257430,7.052087553017113,3.6,0.25,hd_0p25
0.5,5011,False,,0.5507917374986082,0.48493598970809676,0.5507917374986082,10,886539,5089591,5.740966838458319,2.0,0.25,hd_0p25
0.5,5012,False,,0.37744572341722715,0.3632749249968067,0.37744572341722715,5,721516,8532824,11.82624363146486,1.0,0.25,hd_0p25
0.5,5013,False,,0.461914135053606,0.4413784327685473,0.461914135053606,6,196896,9493311,48.21484946367625,1.2,0.25,hd_0p25
0.5,5014,False,,0.5845539707333101,0.5449662611813987,0.5845539707333101,11,463448,6040151,13.033071671471234,2.2,0.25,hd_0p25
0.5,5015,False,,0.31535366457774194,0.30432986895038344,0.3153536645777419,6,1037725,5678424,5.471993061745645,1.2,0.25,hd_0p25
0.5,5016,False,,0.4657305022841597,0.43351444964328645,0.4657305022841597,6,562546,9590120,17.04770809853772,1.2,0.25,hd_0p25
0.5,5017,False,,0.5646759765638456,0.4766543098080923,0.5646759765638456,9,739391,6192702,8.375408951420832,1.8,0.25,hd_0p25
0.5,5018,False,,0.5417110917357133,0.4901409937933202,0.5417110917357133,12,273732,5267083,19.241751055777183,2.4,0.25,hd_0p25
0.5,5019,False,,0.4873158648108403,0.45936746547495827,0.48731586481084027,6,475104,9348726,19.677220145483936,1.2,0.25,hd_0p25
0.5,5020,False,,0.3943918296906292,0.3343735218662664,0.39439182969062914,20,1959842,2999449,1.530454495821602,4.0,0.25,hd_0p25
0.5,5021,False,,0.4896007475704928,0.4306674108243412,0.48960074757049277,12,516384,4436723,8.591906410733097,2.4,0.25,hd_0p25
0.5,5022,False,,0.4220988083528754,0.39011458446268654,0.4220988083528754,13,1119881,6187016,5.524708428841993,2.6,0.25,hd_0p25
0.5,5023,False,,0.4909021755661563,0.435436092814966,0.4909021755661562,13,337150,4737630,14.051994661130061,2.6,0.25,hd_0p25
0.5,5024,False,,0.41975255135749256,0.40193381425179375,0.4197525513574925,7,751809,6615704,8.799713757084579,1.4,0.25,hd_0p25
0.5,5025,False,,0.6252370315563006,0.5061374435486931,0.6252370315563006,19,399964,4211085,10.528660079407146,3.8,0.25,hd_0p25
0.5,5026,False,,0.625758726945869,0.5938038207062151,0.625758726945869,6,357109,8926553,24.996718088874825,1.2,0.25,hd_0p25
0.5,5027,False,,0.5485925416436817,0.5132389306974968,0.5485925416436818,6,208582,9978202,47.83826984111764,1.2,0.25,hd_0p25
0.5,5028,False,,0.6705440412185839,0.6396975988530951,0.6705440412185838,6,195679,10732794,54.84898226176544,1.2,0.25,hd_0p25
0.5,5029,False,,0.4060852160066695,0.36283412187645536,0.40608521600666947,14,1166324,4332669,3.714807377709796,2.8,0.25,hd_0p25
0.75,5000,False,,0.5263574782709687,0.47555285574559836,0.5263574782709687,12,734714,5540960,7.5416556646531845,2.4,0.25,hd_0p25
0.75,5001,False,,0.500616863277388,0.4879344125468356,0.500616863277388,9,250860,8321505,33.17190863429801,1.8,0.25,hd_0p25
0.75,5002,False,,0.41826196327008586,0.38270066568031724,0.41826196327008586,12,564962,6029021,10.67155136097649,2.4,0.25,hd_0p25
0.75,5003,False,,0.4891974092135276,0.4292398756014645,0.4891974092135276,12,1171384,6935993,5.9211949283923975,2.4,0.25,hd_0p25
0.75,5004,False,,0.4748402714609337,0.43337661820694084,0.47484027146093366,11,1019161,6596705,6.472681941322323,2.2,0.25,hd_0p25
0.75,5005,False,,0.3589078245602346,0.35215133906843044,0.3589078245602346,9,489711,7571568,15.461298602645234,1.8,0.25,hd_0p25
0.75,5006,False,,0.5071654614807578,0.47061708435511174,0.5071654614807577,6,761757,9195884,12.071938951660437,1.2,0.25,hd_0p25
0.75,5007,False,,0.42188159291313654,0.36290673081557884,0.42188159291313654,12,1005750,3796152,3.774448918717375,2.4,0.25,hd_0p25
0.75,5008,False,,0.5449683471966085,0.4706639490651363,0.5449683471966085,16,731165,4998307,6.836086245922603,3.2,0.25,hd_0p25
0.75,5009,False,,0.31219395478858036,0.2974914185625835,0.31219395478858036,6,987815,6564768,6.645746420129275,1.2,0.25,hd_0p25
0.75,5010,False,,0.4739433461095853,0.3867999218406641,0.4739433461095852,17,642871,4592010,7.1429726959218875,3.4,0.25,hd_0p25
0.75,5011,False,,0.4756428159597821,0.43157892983874635,0.4756428159597821,15,822447,4663688,5.670502780118354,3.0,0.25,hd_0p25
0.75,5012,False,,0.31298373257959056,0.29872153560938924,0.31298373257959056,6,1053129,7135534,6.775555511243162,1.2,0.25,hd_0p25
0.75,5013,False,,0.5470218246873727,0.5058300655070653,0.5470218246873727,6,330602,8509919,25.740676099963096,1.2,0.25,hd_0p25
0.75,5014,False,,0.3394089148250459,0.32503170643449675,0.33940891482504587,6,699306,7973294,11.401723994932118,1.2,0.25,hd_0p25
0.75,5015,False,,0.2900111200245819,0.27845635665403734,0.2900111200245819,6,1291043,5075203,3.9310875005712433,1.2,0.25,hd_0p25
0.75,5016,False,,0.37515362498046506,0.34616403970513393,0.375153624980465,6,707294,8492447,12.006954675142161,1.2,0.25,hd_0p25
0.75,5017,False,,0.330229014579951,0.297105178848086,0.33022901457995096,10,906749,4833158,5.330204940948377,2.0,0.25,hd_0p25
0.75,5018,False,,0.44960198382906785,0.40409544479407133,0.4496019838290678,11,421564,4872367,11.557834634835991,2.2,0.25,hd_0p25
0.75,5019,False,,0.38971143844078754,0.3737026171729131,0.3897114384407875,6,759430,8206275,10.805834639137247,1.2,0.25,hd_0p25
0.75,5020,False,,0.38587886970537455,0.33253974291791755,0.38587886970537455,20,1384495,3349930,2.4196042600370533,4.0,0.25,hd_0p25
0.75,5021,False,,0.39754507214627754,0.35523402458936915,0.3975450721462776,12,660437,4132678,6.257490116392631,2.4,0.25,hd_0p25
0.75,5022,False,,0.37408816875400003,0.34470836912653297,0.3740881687539999,12,1374148,5479190,3.9873361530199074,2.4,0.25,hd_0p25
0.75,5023,False,,0.4664767712509617,0.4017133597316844,0.46647677125096165,14,713464,4333948,6.07451532242692,2.8,0.25,hd_0p25
0.75,5024,False,,0.40809199455711487,0.3735217495780746,0.40809199455711487,9,1058632,5618456,5.307279583462431,1.8,0.25,hd_0p25
0.75,5025,False,,0.5601146484018076,0.4568517986133103,0.5601146484018075,18,484798,4003537,8.258154942883428,3.6,0.25,hd_0p25
0.75,5026,False,,0.5647604429477748,0.516624649541834,0.5647604429477748,12,508265,7793734,15.333997029108831,2.4,0.25,hd_0p25
0.75,5027,False,,0.4455167886769179,0.4167061774880111,0.4455167886769179,6,303457,9001841,29.66430499214057,1.2,0.25,hd_0p25
0.75,5028,False,,0.6238185938404908,0.56131501113725,0.6238185938404907,12,400671,7504945,18.730941345892266,2.4,0.25,hd_0p25
0.75,5029,False,,0.3564258518146219,0.31830222439115385,0.35642585181462183,14,1394249,4021213,2.8841426459692636,2.8,0.25,hd_0p25
1.0,5000,False,,0.3023140455722359,0.274282486201035,0.3023140455722359,12,1763695,3485695,1.976359291147279,2.4,0.25,hd_0p25
1.0,5001,False,,0.4113792004969972,0.38641270612710577,0.4113792004969972,15,1021392,5105238,4.9983140655105975,3.0,0.25,hd_0p25
1.0,5002,False,,0.3117403063264114,0.291151759228799,0.3117403063264114,6,1143266,5848563,5.11566249674179,1.2,0.25,hd_0p25
1.0,5003,False,,0.5137004097710421,0.4515185728906698,0.513700409771042,12,765838,5956731,7.778056194652133,2.4,0.25,hd_0p25
1.0,5004,False,,0.4385725039740249,0.41530005059067604,0.4385725039740249,6,500984,9201870,18.367592577806874,1.2,0.25,hd_0p25
1.0,5005,False,,0.3248730714926699,0.2889355196749162,0.3248730714926699,12,1306110,3803504,2.9120855058149773,2.4,0.25,hd_0p25
1.0,5006,False,,0.32474855260279645,0.29519442053723355,0.3247485526027964,9,1940604,4027989,2.075636760513737,1.8,0.25,hd_0p25
1.0,5007,False,,0.2833759947680111,0.26731387562213427,0.2833759947680111,9,1720781,3585657,2.0837381398330175,1.8,0.25,hd_0p25
1.0,5008,False,,0.29184718413173116,0.28296716168560637,0.29184718413173116,9,1045469,5907921,5.650976738669439,1.8,0.25,hd_0p25
1.0,5009,False,,0.31634301451459595,0.30534424077176114,0.31634301451459595,14,1186961,3728636,3.1413298330779194,2.8,0.25,hd_0p25
1.0,5010,False,,0.2618151429129637,0.24228172906787662,0.2618151429129637,8,1209235,4971477,4.1112579440720785,1.6,0.25,hd_0p25
1.0,5011,False,,0.5866563067637633,0.474995054331795,0.5866563067637633,18,526355,4858104,9.229709986605998,3.6,0.25,hd_0p25
1.0,5012,False,,0.3036161299479234,0.28295754429414666,0.3036161299479234,6,868320,7628486,8.78533950617284,1.2,0.25,hd_0p25
1.0,5013,False,,0.39835538979124113,0.3775254235664192,0.39835538979124113,9,456723,5766826,12.62652855231727,1.8,0.25,hd_0p25
1.0,5014,False,,0.3845904259749371,0.3564642165240776,0.38459042597493703,14,601212,5490895,9.13304291996833,2.8,0.25,hd_0p25
1.0,5015,False,,0.39861971982866895,0.3625444824082583,0.3986197198286689,6,550792,6319690,11.473823149210592,1.2,0.25,hd_0p25
1.0,5016,False,,0.329418848409552,0.3068482616842197,0.329418848409552,6,915440,6604127,7.214156034256751,1.2,0.25,hd_0p25
1.0,5017,False,,0.5410082301410251,0.426527384704711,0.5410082301410251,18,1239704,3837729,3.095681711118138,3.6,0.25,hd_0p25
1.0,5018,False,,0.4379995289362107,0.3773650895824335,0.4379995289362106,12,1047691,4754815,4.538375341584494,2.4,0.25,hd_0p25
1.0,5019,False,,0.3296996325959633,0.3028501953485141,0.3296996325959633,6,1085067,7878807,7.26112488906215,1.2,0.25,hd_0p25
1.0,5020,False,,0.4261975649964299,0.3772421799121547,0.42619756499642986,15,1098697,3844674,3.499303265595519,3.0,0.25,hd_0p25
1.0,5021,False,,0.3613140729475436,0.32094329922722653,0.3613140729475436,11,1113126,4096687,3.6803443635311726,2.2,0.25,hd_0p25
1.0,5022,False,,0.39982032248289867,0.3635405000629571,0.39982032248289867,15,759446,4972606,6.54767554243488,3.0,0.25,hd_0p25
1.0,5023,False,,0.3128004837347562,0.2807207836945328,0.3128004837347562,12,1488481,4633636,3.112996403716272,2.4,0.25,hd_0p25
1.0,5024,False,,0.40790421184465026,0.33560578898900145,0.40790421184465014,18,1755226,3489397,1.9880043937361913,3.6,0.25,hd_0p25
1.0,5025,False,,0.5988656409600861,0.526145020819188,0.5988656409600861,12,143813,5178444,36.00817728578084,2.4,0.25,hd_0p25
1.0,5026,False,,0.5326375103365032,0.4806644620282424,0.5326375103365032,15,548272,6203176,11.31404850147372,3.0,0.25,hd_0p25
1.0,5027,False,,0.29995689323315655,0.26403630129320355,0.29995689323315655,6,1188610,6661170,5.604167893589992,1.2,0.25,hd_0p25
1.0,5028,False,,0.5894414092761455,0.5417519115993432,0.5894414092761454,11,296466,6489233,21.888624665222995,2.2,0.25,hd_0p25
1.0,5029,False,,0.29817855008550065,0.2752198530849629,0.2981785500855006,6,1219269,4952354,4.061740272245091,1.2,0.25,hd_0p25
1.5,5000,False,,0.47217426424204645,0.4165395767096296,0.4721742642420464,12,830418,5714596,6.881589753593973,2.4,0.25,hd_0p25
1.5,5001,False,,0.2568220120325635,0.2307588526405052,0.25682201203256344,6,1124436,5876475,5.226153378226951,1.2,0.25,hd_0p25
1.5,5002,False,,0.2961979644745166,0.26542604454015034,0.2961979644745165,16,2013557,3005200,1.4924832026111006,3.2,0.25,hd_0p25
1.5,5003,False,,0.3817022044938886,0.3417249090875584,0.3817022044938886,12,1269859,6144494,4.838721464351554,2.4,0.25,hd_0p25
1.5,5004,False,,0.362007953466446,0.2915165194433774,0.36200795346644593,18,2032201,3174509,1.5621038470111963,3.6,0.25,hd_0p25
1.5,5005,False,,0.42265594840068715,0.38430671487792195,0.4226559484006871,14,674802,5161677,7.649172646198441,2.8,0.25,hd_0p25
1.5,5006,False,,0.2507726733675929,0.2250132848835639,0.25077267336759285,3,1066793,5767880,5.406747138385797,0.6,0.25,hd_0p25
1.5,5007,False,,0.5078865851904021,0.4563751083185328,0.5078865851904021,15,372825,5367187,14.395995440219941,3.0,0.25,hd_0p25
1.5,5008,False,,0.3831853513229847,0.3351414292637049,0.38318535132298465,13,712772,4492090,6.302281795581195,2.6,0.25,hd_0p25
1.5,5009,False,,0.3429337576771108,0.31124369830636,0.34293375767711076,12,1234974,4772851,3.864738043068113,2.4,0.25,hd_0p25
1.5,5010,False,,0.39048487291676437,0.33914066483784466,0.3904848729167643,9,1190091,4398126,3.6956215953233826,1.8,0.25,hd_0p25
1.5,5011,False,,0.4882053683239606,0.44343981252156456,0.48820536832396055,6,516208,7560203,14.645652527663268,1.2,0.25,hd_0p25
1.5,5012,False,,0.37278873567517395,0.3309457603948236,0.37278873567517395,12,631447,3994992,6.326725758456371,2.4,0.25,hd_0p25
1.5,5013,False,,0.31495744055065006,0.2841050632141191,0.31495744055065,14,1448783,3488235,2.407700117961075,2.8,0.25,hd_0p25
1.5,5014,False,,0.4362358593685898,0.35250353128986206,0.4362358593685898,18,1424133,3744870,2.6295788384933148,3.6,0.25,hd_0p25
1.5,5015,False,,0.43733041727059835,0.39092495017899154,0.4373304172705983,12,675804,5491194,8.125423939485414,2.4,0.25,hd_0p25
1.5,5016,False,,0.34290320089615123,0.3223003579128644,0.34290320089615123,6,1034920,6235522,6.025124647315734,1.2,0.25,hd_0p25
1.5,5017,False,,0.39246354996755517,0.3568768279787587,0.39246354996755517,12,1133733,4734608,4.176122596766611,2.4,0.25,hd_0p25
1.5,5018,False,,0.47529442335877115,0.4187365584542995,0.47529442335877115,12,727324,5588524,7.683678800644555,2.4,0.25,hd_0p25
1.5,5019,False,,0.2632953387125192,0.2431464364477991,0.2632953387125192,5,1628457,5159936,3.1686043905365633,1.0,0.25,hd_0p25
1.5,5020,False,,0.4053980249155037,0.357285215039094,0.40539802491550364,11,1430013,4399901,3.076825875009528,2.2,0.25,hd_0p25
1.5,5021,False,,0.3884931238513989,0.34028987714245673,0.38849312385139884,11,1107970,5303209,4.786419307381969,2.2,0.25,hd_0p25
1.5,5022,False,,0.37760135429084896,0.3373130538024045,0.37760135429084896,11,869325,4828106,5.553856152762201,2.2,0.25,hd_0p25
1.5,5023,False,,0.28792390597504997,0.25768453696422394,0.2879239059750499,14,2415919,2832503,1.1724329333889092,2.8,0.25,hd_0p25
1.5,5024,False,,0.2638642434465274,0.2545699875379001,0.2638642434465274,9,1103855,4740306,4.294319453189051,1.8,0.25,hd_0p25
1.5,5025,False,,0.38444403927275156,0.3417179172696679,0.38444403927275156,12,753092,4430919,5.883635731092616,2.4,0.25,hd_0p25
1.5,5026,False,,0.3217830551350161,0.3038431829463871,0.321783055135016,9,731904,5723154,7.8195419071353625,1.8,0.25,hd_0p25
1.5,5027,False,,0.33934151160671644,0.311301147187821,0.33934151160671644,15,976769,3849567,3.941123233845464,3.0,0.25,hd_0p25
1.5,5028,False,,0.26605273989368344,0.25315849224166276,0.26605273989368344,9,1470323,4414369,3.002312417067542,1.8,0.25,hd_0p25
1.5,5029,False,,0.4964947480369846,0.45160328636446695,0.4964947480369846,9,516140,6947811,13.46109776417251,1.8,0.25,hd_0p25
2.5,5000,False,,0.39822744114632064,0.3517108393282452,0.39822744114632064,12,1002917,5070923,5.056174140033522,2.4,0.25,hd_0p25
2.5,5001,False,,0.2282262350697796,0.19879880457358662,0.2282262350697796,6,1488895,4926037,3.3085187336917645,1.2,0.25,hd_0p25
2.5,5002,False,,0.28857558170552766,0.2644786691613675,0.28857558170552766,17,2273489,2841366,1.2497821630102455,3.4,0.25,hd_0p25
2.5,5003,False,,0.33156324498986406,0.29509274774925837,0.33156324498986406,12,1661693,5110080,3.075225086703741,2.4,0.25,hd_0p25
2.5,5004,False,,0.3357631210379262,0.2883168170655586,0.33576312103792616,19,2259596,2960241,1.310075340901648,3.8,0.25,hd_0p25
2.5,5005,False,,0.35749777961602963,0.32409268349009335,0.3574977796160296,14,1021198,4469530,4.376751619176693,2.8,0.25,hd_0p25
2.5,5006,False,,0.21742268490866176,0.1858379312908876,0.21742268490866176,5,1461059,4707727,3.2221333977614868,1.0,0.25,hd_0p25
2.5,5007,False,,0.4985084296363433,0.42075810161543403,0.49850842963634323,14,846826,4731380,5.587192646423232,2.8,0.25,hd_0p25
2.5,5008,False,,0.33474319511466577,0.3046294712291801,0.33474319511466577,11,1290826,3965662,3.072189435291821,2.2,0.25,hd_0p25
2.5,5009,False,,0.30851578183510137,0.27400721062827355,0.30851578183510137,11,1579944,4177454,2.644051941081456,2.2,0.25,hd_0p25
2.5,5010,False,,0.33644345232831235,0.2932094275219293,0.3364434523283123,11,1572841,3917012,2.4904055781862247,2.2,0.25,hd_0p25
2.5,5011,False,,0.3565557260836921,0.3256349690581969,0.35655572608369207,3,728790,6333648,8.690635162392459,0.6,0.25,hd_0p25
2.5,5012,False,,0.3351501345408719,0.2994714547993737,0.3351501345408719,16,1012678,3625511,3.5801222106138377,3.2,0.25,hd_0p25
2.5,5013,False,,0.2862950691044945,0.2577149236009104,0.2862950691044944,15,1764086,3209328,1.8192582447794494,3.0,0.25,hd_0p25
2.5,5014,False,,0.3812493093152313,0.3049307423659563,0.38124930931523127,18,1808014,3383612,1.8714523228249338,3.6,0.25,hd_0p25
2.5,5015,False,,0.3657239958071464,0.32423971684155506,0.36572399580714626,12,1074313,4776569,4.446161407336596,2.4,0.25,hd_0p25
2.5,5016,False,,0.27768759798572673,0.25791777923296555,0.2776875979857267,8,1398627,5127234,3.6659052056052115,1.6,0.25,hd_0p25
2.5,5017,False,,0.34130176747777763,0.3067721044869567,0.34130176747777763,12,1658332,4152465,2.5040010082420165,2.4,0.25,hd_0p25
2.5,5018,False,,0.3932554450122115,0.3465234436614594,0.39325544501221144,12,1046575,4920521,4.701546473019134,2.4,0.25,hd_0p25
2.5,5019,False,,0.2286000355301641,0.20582553055420977,0.22860003553016406,5,1882795,4343894,2.307151867303663,1.0,0.25,hd_0p25
2.5,5020,False,,0.34481800470887924,0.3070747805614763,0.34481800470887913,12,1676929,3879917,2.313703800220522,2.4,0.25,hd_0p25
2.5,5021,False,,0.3402471602844482,0.2974523328688048,0.3402471602844482,12,1395484,4647853,3.3306386887990116,2.4,0.25,hd_0p25
2.5,5022,False,,0.3233751573113049,0.28363574809293063,0.32337515731130484,11,1266138,4169066,3.2927421813420024,2.2,0.25,hd_0p25
2.5,5023,False,,0.2675441014470001,0.248563073031495,0.2675441014470001,12,2475544,2815634,1.1373799051844766,2.4,0.25,hd_0p25
2.5,5024,False,,0.23902344019653282,0.22552198355122616,0.2390234401965328,9,1445887,4115961,2.8466685155893927,1.8,0.25,hd_0p25
2.5,5025,False,,0.3386458447811361,0.2983303267797839,0.33864584478113613,12,1086224,3980932,3.66492730781128,2.4,0.25,hd_0p25
2.5,5026,False,,0.2727662993240762,0.256975452073251,0.27276629932407614,9,1022004,4963310,4.856448702744803,1.8,0.25,hd_0p25
2.5,5027,False,,0.3094424247115636,0.28149666279182767,0.3094424247115636,15,1406465,3430920,2.4393923773431974,3.0,0.25,hd_0p25
2.5,5028,False,,0.2375191375377452,0.22336736714277708,0.23751913753774517,9,1799203,3786644,2.1046229914023042,1.8,0.25,hd_0p25
2.5,5029,False,,0.46456022318884704,0.40549984512884274,0.46456022318884704,12,1001937,6121002,6.10916854053698,2.4,0.25,hd_0p25
4.0,5000,False,,0.35093696705104066,0.30839423765509083,0.35093696705104066,12,1208704,4560040,3.772668908185958,2.4,0.25,hd_0p25
4.0,5001,False,,0.2097007009530074,0.17573172760241185,0.20970070095300739,7,1732110,4300112,2.4825859789505285,1.4,0.25,hd_0p25
4.0,5002,False,,0.2808000181237109,0.2578326119850783,0.2808000181237109,17,2414645,2736772,1.1334055316620042,3.4,0.25,hd_0p25
4.0,5003,False,,0.3030510043191926,0.26432575389612045,0.3030510043191926,12,1979574,4425429,2.235546132652783,2.4,0.25,hd_0p25
4.0,5004,False,,0.23788403212011267,0.22304650020337907,0.23788403212011267,12,2022279,3036490,1.501518830982273,2.4,0.25,hd_0p25
4.0,5005,False,,0.32485749458646884,0.29295308515525054,0.32485749458646884,15,1338370,3986956,2.9789639636273977,3.0,0.25,hd_0p25
4.0,5006,False,,0.20201697838657084,0.16509163199610433,0.20201697838657082,5,1742192,4070945,2.336679883732677,1.0,0.25,hd_0p25
4.0,5007,False,,0.42855207938257045,0.37167113692900766,0.42855207938257045,15,1046359,4244747,4.056683222488648,3.0,0.25,hd_0p25
4.0,5008,False,,0.3049689719398876,0.27869354478394853,0.3049689719398876,14,1583558,3603679,2.2756848817662503,2.8,0.25,hd_0p25
4.0,5009,False,,0.29025181827292645,0.2541399376790042,0.29025181827292645,10,1839270,3766503,2.0478249522908545,2.0,0.25,hd_0p25
4.0,5010,False,,0.3064113752021496,0.265651089428414,0.3064113752021496,13,1850981,3574167,1.9309582324183772,2.6,0.25,hd_0p25
4.0,5011,False,,0.3078509487454499,0.28602453099992836,0.3078509487454498,7,1035362,5418457,5.233393730888327,1.4,0.25,hd_0p25
4.0,5012,False,,0.34813345028162124,0.30909921246835165,0.3481334502816212,18,1553411,3358568,2.1620601373364807,3.6,0.25,hd_0p25
4.0,5013,False,,0.26957588440137614,0.24105083950980158,0.26957588440137614,15,2003990,3019316,1.5066522288035369,3.0,0.25,hd_0p25
4.0,5014,False,,0.35281827739241595,0.2802059561599083,0.35281827739241595,18,2090535,3139473,1.5017557706520102,3.6,0.25,hd_0p25
4.0,5015,False,,0.3264477129463508,0.28603677524798343,0.3264477129463508,12,1409606,4244083,3.0108292671852985,2.4,0.25,hd_0p25
4.0,5016,False,,0.24139279978092268,0.21985230958242813,0.24139279978092268,8,1670232,4414170,2.6428484186627967,1.6,0.25,hd_0p25
4.0,5017,False,,0.3097518152557588,0.2750950359959935,0.30975181525575873,12,1911965,3744390,1.9583988200620828,2.4,0.25,hd_0p25
4.0,5018,False,,0.3458442535853185,0.30323913835486993,0.3458442535853185,12,1341870,4398630,3.277985199758546,2.4,0.25,hd_0p25
4.0,5019,False,,0.20993926932232734,0.18286381157413467,0.20993926932232734,3,2063053,3836196,1.859475253422961,0.6,0.25,hd_0p25
4.0,5020,False,,0.31056183235728146,0.2761976537724773,0.31056183235728146,11,1881749,3528265,1.87499236083027,2.2,0.25,hd_0p25
4.0,5021,False,,0.3115039746740769,0.2706454900553705,0.31150397467407687,12,1638120,4169593,2.545352599321173,2.4,0.25,hd_0p25
4.0,5022,False,,0.29679347077558343,0.25553422277754767,0.29679347077558343,12,1581489,3728817,2.3577887674210825,2.4,0.25,hd_0p25
4.0,5023,False,,0.2203158579146729,0.2079170038667443,0.22031585791467287,10,2532516,2742871,1.0830616667377422,2.0,0.25,hd_0p25
4.0,5024,False,,0.267141443979633,0.25036404553502084,0.26714144397963296,9,1232844,5294836,4.2948142668496585,1.8,0.25,hd_0p25
4.0,5025,False,,0.30901453848152305,0.26862250798347487,0.30901453848152305,12,1387305,3644802,2.627253559959778,2.4,0.25,hd_0p25
4.0,5026,False,,0.24674267590670948,0.22969314478065264,0.24674267590670945,9,1284831,4411522,3.4335426215587885,1.8,0.25,hd_0p25
4.0,5027,False,,0.3316447983367076,0.30046288301762764,0.3316447983367076,15,1452010,3994758,2.7511917961997505,3.0,0.25,hd_0p25
4.0,5028,False,,0.2229416906122991,0.20632418419078657,0.22294169061229907,9,2018598,3410350,1.6894646680517864,1.8,0.25,hd_0p25
4.0,5029,False,,0.39981841421806247,0.35058899001736854,0.3998184142180624,12,1128071,5437350,4.820042355490036,2.4,0.25,hd_0p25
0.2,5000,False,,0.8131091363754682,0.7523286294319557,0.813109136375468,14,109614,8363318,76.29789990329702,2.8,0.5,hd_0p5
0.2,5001,False,,0.8212424756527986,0.811411081780002,0.8212424756527985,11,79954,11576471,144.78914125622234,2.2,0.5,hd_0p5
0.2,5002,False,,0.716370996854113,0.6662325086091511,0.7163709968541128,13,64652,8303635,128.43585658602981,2.6,0.5,hd_0p5
0.2,5003,False,,0.7930895498661409,0.7652450339150045,0.7930895498661408,10,123489,11259566,91.1786960781932,2.0,0.5,hd_0p5
0.2,5004,False,,0.7378670695099047,0.6943878796094614,0.7378670695099045,7,363116,9060627,24.952431179017175,1.4,0.5,hd_0p5
0.2,5005,False,,0.7769744571139187,0.7639224215145335,0.7769744571139185,7,99873,10821148,108.34908333583651,1.4,0.5,hd_0p5
0.2,5006,False,,0.8163248400178266,0.7922667175296735,0.8163248400178263,7,195828,11508889,58.77039544906755,1.4,0.5,hd_0p5
0.2,5007,False,,0.6245264111020805,0.5217199035959054,0.6245264111020804,12,974243,5301037,5.441185617961843,2.4,0.5,hd_0p5
0.2,5008,False,,0.7710036257932638,0.6731456033201673,0.7710036257932638,10,462394,6750562,14.59915569838709,2.0,0.5,hd_0p5
0.2,5009,False,,0.6989717015806962,0.6818645313381515,0.6989717015806961,10,72840,10926866,150.0118890719385,2.0,0.5,hd_0p5
0.2,5010,False,,0.7205857875895454,0.6697858223662811,0.7205857875895454,9,229819,9219724,40.11732711394619,1.8,0.5,hd_0p5
0.2,5011,False,,0.7006986985254896,0.6066401005419095,0.7006986985254896,12,391528,7655664,19.55329887006804,2.4,0.5,hd_0p5
0.2,5012,False,,0.5596682645616353,0.5430821504754784,0.5596682645616353,8,185053,10494521,56.71089363587729,1.6,0.5,hd_0p5
0.2,5013,False,,0.7828357745885225,0.7623984904308014,0.7828357745885224,8,39671,11402679,287.4310957626478,1.6,0.5,hd_0p5
0.2,5014,False,,0.7639668456767059,0.7418302778821922,0.7639668456767059,8,87453,11123182,127.19039941454267,1.6,0.5,hd_0p5
0.2,5015,False,,0.5207633131187503,0.5048122167809528,0.5207633131187503,7,213306,9554184,44.79097634384406,1.4,0.5,hd_0p5
0.2,5016,False,,0.6768485362870098,0.649778814364374,0.6768485362870098,6,314729,11400241,36.222404036488534,1.2,0.5,hd_0p5
0.2,5017,False,,0.6939324159980154,0.6511682681507773,0.6939324159980154,8,91981,8815125,95.83636838042639,1.6,0.5,hd_0p5
0.2,5018,False,,0.7000395610236764,0.6293670493313164,0.7000395610236763,12,525540,6793044,12.925836282680672,2.4,0.5,hd_0p5
0.2,5019,False,,0.7814866479592034,0.7645246973832011,0.7814866479592033,8,175178,11215077,64.02103574649784,1.6,0.5,hd_0p5
0.2,5020,False,,0.5366060377849734,0.44363416921300847,0.5366060377849734,19,821745,4030269,4.904525126407827,3.8,0.5,hd_0p5
0.2,5021,False,,0.6660593803883943,0.5958600821384932,0.6660593803883943,12,256334,6661927,25.98924450131469,2.4,0.5,hd_0p5
0.2,5022,False,,0.6752538201777478,0.6517106865708773,0.6752538201777478,9,249792,8962005,35.877870388162954,1.8,0.5,hd_0p5
0.2,5023,False,,0.6708615719711747,0.5858041028439064,0.6708615719711747,13,152638,6123629,40.1186401813441,2.6,0.5,hd_0p5
0.2,5024,False,,0.6064778263662138,0.5721500003066744,0.6064778263662138,7,295141,8187176,27.739880260621195,1.4,0.5,hd_0p5
0.2,5025,False,,0.6507352820218134,0.5501465286446419,0.6507352820218133,13,592776,5616800,9.475417358327597,2.6,0.5,hd_0p5
0.2,5026,False,,0.7874786957677258,0.7515028487493618,0.7874786957677257,6,188526,10385876,55.08988680606389,1.2,0.5,hd_0p5
0.2,5027,False,,0.8120181612927446,0.760366655786329,0.8120181612927446,13,173309,7868096,45.39923489259069,2.6,0.5,hd_0p5
0.2,5028,False,,0.8247593880465568,0.806773605889392,0.8247593880465568,8,55414,11611635,209.5433464467463,1.6,0.5,hd_0p5
0.2,5029,False,,0.4763568370113507,0.4475897594077932,0.4763568370113507,9,108438,6624614,61.09125952156993,1.8,0.5,hd_0p5
0.3,5000,False,,0.7811487486080518,0.7168351022707906,0.7811487486080517,12,357245,7277062,20.36994779493065,2.4,0.5,hd_0p5
0.3,5001,False,,0.7368660392269579,0.7239112961676126,0.7368660392269578,6,164848,11342846,68.80790789090557,1.2,0.5,hd_0p5
0.3,5002,False,,0.6409291733331706,0.5903246674182172,0.6409291733331705,13,539116,7739169,14.35529459337137,2.6,0.5,hd_0p5
0.3,5003,False,,0.6337348461540043,0.6197242331367826,0.6337348461540042,8,53669,10867475,202.49073021669867,1.6,0.5,hd_0p5
0.3,5004,False,,0.6284902309322485,0.5889856609733802,0.6284902309322485,8,576918,8531625,14.788280136865204,1.6,0.5,hd_0p5
0.3,5005,False,,0.6556284657292325,0.64165469582505,0.6556284657292325,6,199658,9869064,49.42984503500987,1.2,0.5,hd_0p5
0.3,5006,False,,0.7270741812276091,0.6936767116313647,0.7270741812276091,4,323340,11121697,34.39629182903445,0.8,0.5,hd_0p5
0.3,5007,False,,0.6454959905042511,0.5822427394020762,0.6454959905042511,12,417329,6494419,15.56186845390567,2.4,0.5,hd_0p5
0.3,5008,False,,0.6993028581867599,0.6187803870031863,0.6993028581867597,10,451267,6368857,14.11327883492478,2.0,0.5,hd_0p5
0.3,5009,False,,0.5944154179756459,0.5697753907895342,0.5944154179756458,7,451666,9787277,21.66927995465676,1.4,0.5,hd_0p5
0.3,5010,False,,0.6680931338292234,0.6147039414156584,0.6680931338292234,9,303877,7677983,25.26674608476456,1.8,0.5,hd_0p5
0.3,5011,False,,0.627125348114216,0.5526165911004974,0.627125348114216,12,525551,5458910,10.38702238222361,2.4,0.5,hd_0p5
0.3,5012,False,,0.46293588387367063,0.44672144427196125,0.4629358838736706,7,387232,9663517,24.955367841500703,1.4,0.5,hd_0p5
0.3,5013,False,,0.6399676980071682,0.617842142535046,0.6399676980071681,7,38741,10756335,277.64732453989313,1.4,0.5,hd_0p5
0.3,5014,False,,0.627877259779649,0.6111236837478818,0.6278772597796489,6,445182,10363786,23.279885529963025,1.2,0.5,hd_0p5
0.3,5015,False,,0.3897108659663335,0.3751420647552698,0.38971086596633336,7,545489,7509719,13.766948554416313,1.4,0.5,hd_0p5
0.3,5016,False,,0.5912106950776307,0.559184807077367,0.5912106950776307,6,504694,10791896,21.38304794588404,1.2,0.5,hd_0p5
0.3,5017,False,,0.6600727025143988,0.5919951356245641,0.6600727025143988,10,164748,7212899,43.781405540583194,2.0,0.5,hd_0p5
0.3,5018,False,,0.654161130985047,0.5702212691310797,0.654161130985047,9,966648,5928328,6.132871531312329,1.8,0.5,hd_0p5
0.3,5019,False,,0.648583847991812,0.6212751106920769,0.648583847991812,7,286599,10522277,36.7142837204596,1.4,0.5,hd_0p5
0.3,5020,False,,0.447009161385741,0.3864807245945171,0.4470091613857409,20,927001,3314556,3.575568958393788,4.0,0.5,hd_0p5
0.3,5021,False,,0.5894197250271989,0.5226883811049087,0.5894197250271989,12,268624,5481050,20.40417088569897,2.4,0.5,hd_0p5
0.3,5022,False,,0.4532698836154567,0.41427840572682595,0.45326988361545667,7,848933,8423641,9.922621690993282,1.4,0.5,hd_0p5
0.3,5023,False,,0.6015236958486034,0.5246726417995629,0.6015236958486033,12,167431,5137056,30.681630044615392,2.4,0.5,hd_0p5
0.3,5024,False,,0.5049741138471419,0.4725185637514821,0.5049741138471419,7,437018,7649099,17.50293809408308,1.4,0.5,hd_0p5
0.3,5025,False,,0.6746464388898812,0.5833590989956788,0.6746464388898812,13,174413,4778361,27.396816751044934,2.6,0.5,hd_0p5
0.3,5026,False,,0.6911321475348208,0.6599662586711006,0.6911321475348207,6,316902,10306161,32.52160289300793,1.2,0.5,hd_0p5
0.3,5027,False,,0.7305395040074081,0.6761742016710756,0.730539504007408,13,216094,7622669,35.27478319620165,2.6,0.5,hd_0p5
0.3,5028,False,,0.7795019784878444,0.7538154509560233,0.7795019784878444,6,80827,11421019,141.3020277877442,1.2,0.5,hd_0p5
0.3,5029,False,,0.48667607740852653,0.44111722443182844,0.4866760774085265,13,573728,5307728,9.251296781750238,2.6,0.5,hd_0p5
0.4,5000,False,,0.687182013003366,0.619897383158652,0.687182013003366,12,401762,6576039,16.36799647552531,2.4,0.5,hd_0p5
0.4,5001,False,,0.6794335668560569,0.6608427549845834,0.6794335668560569,6,270336,11008999,40.723392370975375,1.2,0.5,hd_0p5
0.4,5002,False,,0.5424313580731722,0.49881479738555345,0.5424313580731722,13,322257,7271552,22.56445011279817,2.6,0.5,hd_0p5
0.4,5003,False,,0.5201111915545774,0.5073972754399063,0.5201111915545773,7,93572,10318562,110.27403496772538,1.4,0.5,hd_0p5
0.4,5004,False,,0.6737235800729486,0.6260535498860644,0.6737235800729486,12,318656,8448837,26.513974317131954,2.4,0.5,hd_0p5
0.4,5005,False,,0.5028241883760561,0.4878205187066028,0.5028241883760561,6,191353,9157194,47.85498006302488,1.2,0.5,hd_0p5
0.4,5006,False,,0.6643529435731989,0.63142946932966,0.6643529435731989,6,466842,10651556,22.816190488430774,1.2,0.5,hd_0p5
0.4,5007,False,,0.6032271724373479,0.5355234675963958,0.6032271724373478,16,585242,5687115,9.717544195392675,3.2,0.5,hd_0p5
0.4,5008,False,,0.6435359354857828,0.571550577973447,0.6435359354857829,11,509024,5988149,11.763981659018043,2.2,0.5,hd_0p5
0.4,5009,False,,0.4835865822667834,0.4559489127044036,0.48358658226678336,8,574762,8859206,15.413694711898142,1.6,0.5,hd_0p5
0.4,5010,False,,0.5918396846340815,0.5334444459710561,0.5918396846340815,13,386250,5750121,14.887044660194174,2.6,0.5,hd_0p5
0.4,5011,False,,0.5872379391616012,0.5118591865882783,0.587237939161601,11,881071,5275859,5.988006641916486,2.2,0.5,hd_0p5
0.4,5012,False,,0.4123365109977631,0.3976726590826281,0.4123365109977631,4,571917,9066726,15.853219960238986,0.8,0.5,hd_0p5
0.4,5013,False,,0.5373422652144277,0.5159210278604265,0.5373422652144277,7,121559,10071435,82.85223636258937,1.4,0.5,hd_0p5
0.4,5014,False,,0.639450219092597,0.5987223297401812,0.639450219092597,12,329970,6256555,18.960981301330424,2.4,0.5,hd_0p5
0.4,5015,False,,0.338453564544132,0.32744126187479117,0.33845356454413195,7,831626,6267744,7.536734060743652,1.4,0.5,hd_0p5
0.4,5016,False,,0.5213540861116399,0.48818069611469406,0.5213540861116399,6,525424,10146510,19.311089710405312,1.2,0.5,hd_0p5
0.4,5017,False,,0.5845026423927266,0.5114180994584199,0.5845026423927266,11,706851,6527556,9.23469868472988,2.2,0.5,hd_0p5
0.4,5018,False,,0.6021739204286827,0.5498660376719948,0.6021739204286826,10,206248,5516865,26.748695744928437,2.0,0.5,hd_0p5
0.4,5019,False,,0.5544932217530163,0.52661680929003,0.5544932217530163,6,371048,9882274,26.633411310666006,1.2,0.5,hd_0p5
0.4,5020,False,,0.34288144855656566,0.3158780426641904,0.34288144855656566,15,1258366,3312792,2.632614040748081,3.0,0.5,hd_0p5
0.4,5021,False,,0.5420875861271889,0.4743130169982142,0.5420875861271888,12,447415,4829104,10.793343987126047,2.4,0.5,hd_0p5
0.4,5022,False,,0.4270142785382415,0.3890772367418749,0.4270142785382415,13,664140,6641007,9.99940825729515,2.6,0.5,hd_0p5
0.4,5023,False,,0.5408492272119619,0.4737221892304726,0.5408492272119619,14,276790,4866159,17.58068933126197,2.8,0.5,hd_0p5
0.4,5024,False,,0.46006556501060025,0.4393405296668017,0.46006556501060025,9,661987,7106039,10.734408681741485,1.8,0.5,hd_0p5
0.4,5025,False,,0.6513971337771963,0.5287443055601936,0.6513971337771963,15,311725,4348764,13.950642393134975,3.0,0.5,hd_0p5
0.4,5026,False,,0.68782535139349,0.6539796493179519,0.68782535139349,6,340495,9414972,27.650837750921454,1.2,0.5,hd_0p5
0.4,5027,False,,0.6136085324186824,0.5787784476991886,0.6136085324186823,7,174648,10459006,59.88620539599652,1.4,0.5,hd_0p5
0.4,5028,False,,0.7307503062909719,0.7022412846966686,0.7307503062909719,6,89797,11097879,123.58852745637382,1.2,0.5,hd_0p5
0.4,5029,False,,0.4466676649224591,0.3965693474356045,0.446667664922459,14,1011313,4615949,4.564312927847264,2.8,0.5,hd_0p5
0.5,5000,False,,0.6372226462090477,0.5738227421510598,0.6372226462090477,12,439449,6077040,13.828771939405938,2.4,0.5,hd_0p5
0.5,5001,False,,0.6669314876753488,0.6248186305003391,0.6669314876753488,6,657759,9436490,14.346424754355318,1.2,0.5,hd_0p5
0.5,5002,False,,0.4928717450455564,0.45222217071106147,0.4928717450455564,12,400398,6877576,17.176849035209965,2.4,0.5,hd_0p5
0.5,5003,False,,0.5151425044697572,0.4572350280359849,0.5151425044697571,7,807865,7951744,9.84291187265199,1.4,0.5,hd_0p5
0.5,5004,False,,0.6100268667529234,0.5646675769705574,0.6100268667529233,12,385553,8021472,20.805108506482895,2.4,0.5,hd_0p5
0.5,5005,False,,0.43388559548068945,0.42429760626206825,0.4338855954806894,6,267464,8638787,32.29887760595818,1.2,0.5,hd_0p5
0.5,5006,False,,0.6033120901423041,0.5674224126856282,0.6033120901423041,4,518310,10198182,19.675834925044857,0.8,0.5,hd_0p5
0.5,5007,False,,0.5437024534005835,0.4776735258141399,0.5437024534005835,17,714665,5331401,7.460000139925699,3.4,0.5,hd_0p5
0.5,5008,False,,0.5924356065611395,0.5297459524921491,0.5924356065611395,11,553399,5648979,10.207786786748802,2.2,0.5,hd_0p5
0.5,5009,False,,0.4406772537806151,0.42341459207495874,0.44067725378061506,6,673702,8210728,12.18747754942096,1.2,0.5,hd_0p5
0.5,5010,False,,0.5931758557348559,0.4810959879734331,0.593175855734856,18,745514,5257430,7.052087553017113,3.6,0.5,hd_0p5
0.5,5011,False,,0.5507917374986082,0.48493598970809676,0.5507917374986082,10,886539,5089591,5.740966838458319,2.0,0.5,hd_0p5
0.5,5012,False,,0.37744572341722715,0.3632749249968067,0.37744572341722715,5,721516,8532824,11.82624363146486,1.0,0.5,hd_0p5
0.5,5013,False,,0.461914135053606,0.4413784327685473,0.461914135053606,6,196896,9493311,48.21484946367625,1.2,0.5,hd_0p5
0.5,5014,False,,0.5845539707333101,0.5449662611813987,0.5845539707333101,11,463448,6040151,13.033071671471234,2.2,0.5,hd_0p5
0.5,5015,False,,0.31535366457774194,0.30432986895038344,0.3153536645777419,6,1037725,5678424,5.471993061745645,1.2,0.5,hd_0p5
0.5,5016,False,,0.4657305022841597,0.43351444964328645,0.4657305022841597,6,562546,9590120,17.04770809853772,1.2,0.5,hd_0p5
0.5,5017,False,,0.5646759765638456,0.4766543098080923,0.5646759765638456,9,739391,6192702,8.375408951420832,1.8,0.5,hd_0p5
0.5,5018,False,,0.5417110917357133,0.4901409937933202,0.5417110917357133,12,273732,5267083,19.241751055777183,2.4,0.5,hd_0p5
0.5,5019,False,,0.4873158648108403,0.45936746547495827,0.48731586481084027,6,475104,9348726,19.677220145483936,1.2,0.5,hd_0p5
0.5,5020,False,,0.3943918296906292,0.3343735218662664,0.39439182969062914,20,1959842,2999449,1.530454495821602,4.0,0.5,hd_0p5
0.5,5021,False,,0.4896007475704928,0.4306674108243412,0.48960074757049277,12,516384,4436723,8.591906410733097,2.4,0.5,hd_0p5
0.5,5022,False,,0.4220988083528754,0.39011458446268654,0.4220988083528754,13,1119881,6187016,5.524708428841993,2.6,0.5,hd_0p5
0.5,5023,False,,0.4909021755661563,0.435436092814966,0.4909021755661562,13,337150,4737630,14.051994661130061,2.6,0.5,hd_0p5
0.5,5024,False,,0.41975255135749256,0.40193381425179375,0.4197525513574925,7,751809,6615704,8.799713757084579,1.4,0.5,hd_0p5
0.5,5025,False,,0.6252370315563006,0.5061374435486931,0.6252370315563006,19,399964,4211085,10.528660079407146,3.8,0.5,hd_0p5
0.5,5026,False,,0.625758726945869,0.5938038207062151,0.625758726945869,6,357109,8926553,24.996718088874825,1.2,0.5,hd_0p5
0.5,5027,False,,0.5485925416436817,0.5132389306974968,0.5485925416436818,6,208582,9978202,47.83826984111764,1.2,0.5,hd_0p5
0.5,5028,False,,0.6705440412185839,0.6396975988530951,0.6705440412185838,6,195679,10732794,54.84898226176544,1.2,0.5,hd_0p5
0.5,5029,False,,0.4060852160066695,0.36283412187645536,0.40608521600666947,14,1166324,4332669,3.714807377709796,2.8,0.5,hd_0p5
0.75,5000,False,,0.5263574782709687,0.47555285574559836,0.5263574782709687,12,734714,5540960,7.5416556646531845,2.4,0.5,hd_0p5
0.75,5001,False,,0.500616863277388,0.4879344125468356,0.500616863277388,9,250860,8321505,33.17190863429801,1.8,0.5,hd_0p5
0.75,5002,False,,0.41826196327008586,0.38270066568031724,0.41826196327008586,12,564962,6029021,10.67155136097649,2.4,0.5,hd_0p5
0.75,5003,False,,0.4891974092135276,0.4292398756014645,0.4891974092135276,12,1171384,6935993,5.9211949283923975,2.4,0.5,hd_0p5
0.75,5004,False,,0.4748402714609337,0.43337661820694084,0.47484027146093366,11,1019161,6596705,6.472681941322323,2.2,0.5,hd_0p5
0.75,5005,False,,0.3589078245602346,0.35215133906843044,0.3589078245602346,9,489711,7571568,15.461298602645234,1.8,0.5,hd_0p5
0.75,5006,False,,0.5071654614807578,0.47061708435511174,0.5071654614807577,6,761757,9195884,12.071938951660437,1.2,0.5,hd_0p5
0.75,5007,False,,0.42188159291313654,0.36290673081557884,0.42188159291313654,12,1005750,3796152,3.774448918717375,2.4,0.5,hd_0p5
0.75,5008,False,,0.5449683471966085,0.4706639490651363,0.5449683471966085,16,731165,4998307,6.836086245922603,3.2,0.5,hd_0p5
0.75,5009,False,,0.31219395478858036,0.2974914185625835,0.31219395478858036,6,987815,6564768,6.645746420129275,1.2,0.5,hd_0p5
0.75,5010,False,,0.4739433461095853,0.3867999218406641,0.4739433461095852,17,642871,4592010,7.1429726959218875,3.4,0.5,hd_0p5
0.75,5011,False,,0.4756428159597821,0.43157892983874635,0.4756428159597821,15,822447,4663688,5.670502780118354,3.0,0.5,hd_0p5
0.75,5012,False,,0.31298373257959056,0.29872153560938924,0.31298373257959056,6,1053129,7135534,6.775555511243162,1.2,0.5,hd_0p5
0.75,5013,False,,0.5470218246873727,0.5058300655070653,0.5470218246873727,6,330602,8509919,25.740676099963096,1.2,0.5,hd_0p5
0.75,5014,False,,0.3394089148250459,0.32503170643449675,0.33940891482504587,6,699306,7973294,11.401723994932118,1.2,0.5,hd_0p5
0.75,5015,False,,0.2900111200245819,0.27845635665403734,0.2900111200245819,6,1291043,5075203,3.9310875005712433,1.2,0.5,hd_0p5
0.75,5016,False,,0.37515362498046506,0.34616403970513393,0.375153624980465,6,707294,8492447,12.006954675142161,1.2,0.5,hd_0p5
0.75,5017,False,,0.330229014579951,0.297105178848086,0.33022901457995096,10,906749,4833158,5.330204940948377,2.0,0.5,hd_0p5
0.75,5018,False,,0.44960198382906785,0.40409544479407133,0.4496019838290678,11,421564,4872367,11.557834634835991,2.2,0.5,hd_0p5
0.75,5019,False,,0.38971143844078754,0.3737026171729131,0.3897114384407875,6,759430,8206275,10.805834639137247,1.2,0.5,hd_0p5
0.75,5020,False,,0.38587886970537455,0.33253974291791755,0.38587886970537455,20,1384495,3349930,2.4196042600370533,4.0,0.5,hd_0p5
0.75,5021,False,,0.39754507214627754,0.35523402458936915,0.3975450721462776,12,660437,4132678,6.257490116392631,2.4,0.5,hd_0p5
0.75,5022,False,,0.37408816875400003,0.34470836912653297,0.3740881687539999,12,1374148,5479190,3.9873361530199074,2.4,0.5,hd_0p5
0.75,5023,False,,0.4664767712509617,0.4017133597316844,0.46647677125096165,14,713464,4333948,6.07451532242692,2.8,0.5,hd_0p5
0.75,5024,False,,0.40809199455711487,0.3735217495780746,0.40809199455711487,9,1058632,5618456,5.307279583462431,1.8,0.5,hd_0p5
0.75,5025,False,,0.5601146484018076,0.4568517986133103,0.5601146484018075,18,484798,4003537,8.258154942883428,3.6,0.5,hd_0p5
0.75,5026,False,,0.5647604429477748,0.516624649541834,0.5647604429477748,12,508265,7793734,15.333997029108831,2.4,0.5,hd_0p5
0.75,5027,False,,0.4455167886769179,0.4167061774880111,0.4455167886769179,6,303457,9001841,29.66430499214057,1.2,0.5,hd_0p5
0.75,5028,False,,0.6238185938404908,0.56131501113725,0.6238185938404907,12,400671,7504945,18.730941345892266,2.4,0.5,hd_0p5
0.75,5029,False,,0.3564258518146219,0.31830222439115385,0.35642585181462183,14,1394249,4021213,2.8841426459692636,2.8,0.5,hd_0p5
1.0,5000,False,,0.3023140455722359,0.274282486201035,0.3023140455722359,12,1763695,3485695,1.976359291147279,2.4,0.5,hd_0p5
1.0,5001,False,,0.4113792004969972,0.38641270612710577,0.4113792004969972,15,1021392,5105238,4.9983140655105975,3.0,0.5,hd_0p5
1.0,5002,False,,0.3117403063264114,0.291151759228799,0.3117403063264114,6,1143266,5848563,5.11566249674179,1.2,0.5,hd_0p5
1.0,5003,False,,0.5137004097710421,0.4515185728906698,0.513700409771042,12,765838,5956731,7.778056194652133,2.4,0.5,hd_0p5
1.0,5004,False,,0.4385725039740249,0.41530005059067604,0.4385725039740249,6,500984,9201870,18.367592577806874,1.2,0.5,hd_0p5
1.0,5005,False,,0.3248730714926699,0.2889355196749162,0.3248730714926699,12,1306110,3803504,2.9120855058149773,2.4,0.5,hd_0p5
1.0,5006,False,,0.32474855260279645,0.29519442053723355,0.3247485526027964,9,1940604,4027989,2.075636760513737,1.8,0.5,hd_0p5
1.0,5007,False,,0.2833759947680111,0.26731387562213427,0.2833759947680111,9,1720781,3585657,2.0837381398330175,1.8,0.5,hd_0p5
1.0,5008,False,,0.29184718413173116,0.28296716168560637,0.29184718413173116,9,1045469,5907921,5.650976738669439,1.8,0.5,hd_0p5
1.0,5009,False,,0.31634301451459595,0.30534424077176114,0.31634301451459595,14,1186961,3728636,3.1413298330779194,2.8,0.5,hd_0p5
1.0,5010,False,,0.2618151429129637,0.24228172906787662,0.2618151429129637,8,1209235,4971477,4.1112579440720785,1.6,0.5,hd_0p5
1.0,5011,False,,0.5866563067637633,0.474995054331795,0.5866563067637633,18,526355,4858104,9.229709986605998,3.6,0.5,hd_0p5
1.0,5012,False,,0.3036161299479234,0.28295754429414666,0.3036161299479234,6,868320,7628486,8.78533950617284,1.2,0.5,hd_0p5
1.0,5013,False,,0.39835538979124113,0.3775254235664192,0.39835538979124113,9,456723,5766826,12.62652855231727,1.8,0.5,hd_0p5
1.0,5014,False,,0.3845904259749371,0.3564642165240776,0.38459042597493703,14,601212,5490895,9.13304291996833,2.8,0.5,hd_0p5
1.0,5015,False,,0.39861971982866895,0.3625444824082583,0.3986197198286689,6,550792,6319690,11.473823149210592,1.2,0.5,hd_0p5
1.0,5016,False,,0.329418848409552,0.3068482616842197,0.329418848409552,6,915440,6604127,7.214156034256751,1.2,0.5,hd_0p5
1.0,5017,False,,0.5410082301410251,0.426527384704711,0.5410082301410251,18,1239704,3837729,3.095681711118138,3.6,0.5,hd_0p5
1.0,5018,False,,0.4379995289362107,0.3773650895824335,0.4379995289362106,12,1047691,4754815,4.538375341584494,2.4,0.5,hd_0p5
1.0,5019,False,,0.3296996325959633,0.3028501953485141,0.3296996325959633,6,1085067,7878807,7.26112488906215,1.2,0.5,hd_0p5
1.0,5020,False,,0.4261975649964299,0.3772421799121547,0.42619756499642986,15,1098697,3844674,3.499303265595519,3.0,0.5,hd_0p5
1.0,5021,False,,0.3613140729475436,0.32094329922722653,0.3613140729475436,11,1113126,4096687,3.6803443635311726,2.2,0.5,hd_0p5
1.0,5022,False,,0.39982032248289867,0.3635405000629571,0.39982032248289867,15,759446,4972606,6.54767554243488,3.0,0.5,hd_0p5
1.0,5023,False,,0.3128004837347562,0.2807207836945328,0.3128004837347562,12,1488481,4633636,3.112996403716272,2.4,0.5,hd_0p5
1.0,5024,False,,0.40790421184465026,0.33560578898900145,0.40790421184465014,18,1755226,3489397,1.9880043937361913,3.6,0.5,hd_0p5
1.0,5025,False,,0.5988656409600861,0.526145020819188,0.5988656409600861,12,143813,5178444,36.00817728578084,2.4,0.5,hd_0p5
1.0,5026,False,,0.5326375103365032,0.4806644620282424,0.5326375103365032,15,548272,6203176,11.31404850147372,3.0,0.5,hd_0p5
1.0,5027,False,,0.29995689323315655,0.26403630129320355,0.29995689323315655,6,1188610,6661170,5.604167893589992,1.2,0.5,hd_0p5
1.0,5028,False,,0.5894414092761455,0.5417519115993432,0.5894414092761454,11,296466,6489233,21.888624665222995,2.2,0.5,hd_0p5
1.0,5029,False,,0.29817855008550065,0.2752198530849629,0.2981785500855006,6,1219269,4952354,4.061740272245091,1.2,0.5,hd_0p5
1.5,5000,False,,0.47217426424204645,0.4165395767096296,0.4721742642420464,12,830418,5714596,6.881589753593973,2.4,0.5,hd_0p5
1.5,5001,False,,0.2568220120325635,0.2307588526405052,0.25682201203256344,6,1124436,5876475,5.226153378226951,1.2,0.5,hd_0p5
1.5,5002,False,,0.2961979644745166,0.26542604454015034,0.2961979644745165,16,2013557,3005200,1.4924832026111006,3.2,0.5,hd_0p5
1.5,5003,False,,0.3817022044938886,0.3417249090875584,0.3817022044938886,12,1269859,6144494,4.838721464351554,2.4,0.5,hd_0p5
1.5,5004,False,,0.362007953466446,0.2915165194433774,0.36200795346644593,18,2032201,3174509,1.5621038470111963,3.6,0.5,hd_0p5
1.5,5005,False,,0.42265594840068715,0.38430671487792195,0.4226559484006871,14,674802,5161677,7.649172646198441,2.8,0.5,hd_0p5
1.5,5006,False,,0.2507726733675929,0.2250132848835639,0.25077267336759285,3,1066793,5767880,5.406747138385797,0.6,0.5,hd_0p5
1.5,5007,False,,0.5078865851904021,0.4563751083185328,0.5078865851904021,15,372825,5367187,14.395995440219941,3.0,0.5,hd_0p5
1.5,5008,False,,0.3831853513229847,0.3351414292637049,0.38318535132298465,13,712772,4492090,6.302281795581195,2.6,0.5,hd_0p5
1.5,5009,False,,0.3429337576771108,0.31124369830636,0.34293375767711076,12,1234974,4772851,3.864738043068113,2.4,0.5,hd_0p5
1.5,5010,False,,0.39048487291676437,0.33914066483784466,0.3904848729167643,9,1190091,4398126,3.6956215953233826,1.8,0.5,hd_0p5
1.5,5011,False,,0.4882053683239606,0.44343981252156456,0.48820536832396055,6,516208,7560203,14.645652527663268,1.2,0.5,hd_0p5
1.5,5012,False,,0.37278873567517395,0.3309457603948236,0.37278873567517395,12,631447,3994992,6.326725758456371,2.4,0.5,hd_0p5
1.5,5013,False,,0.31495744055065006,0.2841050632141191,0.31495744055065,14,1448783,3488235,2.407700117961075,2.8,0.5,hd_0p5
1.5,5014,False,,0.4362358593685898,0.35250353128986206,0.4362358593685898,18,1424133,3744870,2.6295788384933148,3.6,0.5,hd_0p5
1.5,5015,False,,0.43733041727059835,0.39092495017899154,0.4373304172705983,12,675804,5491194,8.125423939485414,2.4,0.5,hd_0p5
1.5,5016,False,,0.34290320089615123,0.3223003579128644,0.34290320089615123,6,1034920,6235522,6.025124647315734,1.2,0.5,hd_0p5
1.5,5017,False,,0.39246354996755517,0.3568768279787587,0.39246354996755517,12,1133733,4734608,4.176122596766611,2.4,0.5,hd_0p5
1.5,5018,False,,0.47529442335877115,0.4187365584542995,0.47529442335877115,12,727324,5588524,7.683678800644555,2.4,0.5,hd_0p5
1.5,5019,False,,0.2632953387125192,0.2431464364477991,0.2632953387125192,5,1628457,5159936,3.1686043905365633,1.0,0.5,hd_0p5
1.5,5020,False,,0.4053980249155037,0.357285215039094,0.40539802491550364,11,1430013,4399901,3.076825875009528,2.2,0.5,hd_0p5
1.5,5021,False,,0.3884931238513989,0.34028987714245673,0.38849312385139884,11,1107970,5303209,4.786419307381969,2.2,0.5,hd_0p5
1.5,5022,False,,0.37760135429084896,0.3373130538024045,0.37760135429084896,11,869325,4828106,5.553856152762201,2.2,0.5,hd_0p5
1.5,5023,False,,0.28792390597504997,0.25768453696422394,0.2879239059750499,14,2415919,2832503,1.1724329333889092,2.8,0.5,hd_0p5
1.5,5024,False,,0.2638642434465274,0.2545699875379001,0.2638642434465274,9,1103855,4740306,4.294319453189051,1.8,0.5,hd_0p5
1.5,5025,False,,0.38444403927275156,0.3417179172696679,0.38444403927275156,12,753092,4430919,5.883635731092616,2.4,0.5,hd_0p5
1.5,5026,False,,0.3217830551350161,0.3038431829463871,0.321783055135016,9,731904,5723154,7.8195419071353625,1.8,0.5,hd_0p5
1.5,5027,False,,0.33934151160671644,0.311301147187821,0.33934151160671644,15,976769,3849567,3.941123233845464,3.0,0.5,hd_0p5
1.5,5028,False,,0.26605273989368344,0.25315849224166276,0.26605273989368344,9,1470323,4414369,3.002312417067542,1.8,0.5,hd_0p5
1.5,5029,False,,0.4964947480369846,0.45160328636446695,0.4964947480369846,9,516140,6947811,13.46109776417251,1.8,0.5,hd_0p5
0.03,5000,False,,0.9405496775621554,0.9372394834306746,0.9405496775621552,19,15983,11630466,727.6772821122443,3.8,0.75,hd_0p75
0.03,5001,False,,0.9890336794466623,0.9888147036615864,0.9890336794466623,21,65565,11644896,177.60841912605812,4.2,0.75,hd_0p75
0.03,5002,False,,0.9150978952269114,0.8984486860397494,0.9150978952269113,16,59359,11602891,195.46978554220928,3.2,0.75,hd_0p75
0.03,5003,False,,0.9745974130758075,0.9733032483268922,0.9745974130758076,22,2623,11644896,4439.533358749523,4.4,0.75,hd_0p75
0.03,5004,False,,0.9280653486880167,0.9070551997015747,0.9280653486880167,19,14701,11633204,791.3205904360248,3.8,0.75,hd_0p75
0.03,5005,False,,0.9911399598477227,0.9910490838298667,0.9911399598477225,20,2235,11644896,5210.244295302014,4.0,0.75,hd_0p75
0.03,5006,False,,0.9775827959868002,0.9759147768102399,0.9775827959868002,22,66786,11644897,174.36134818674572,4.4,0.75,hd_0p75
0.03,5007,False,,0.9314371391073807,0.9108492772291281,0.9314371391073807,18,85905,10325587,120.1977416914033,3.6,0.75,hd_0p75
0.03,5008,False,,0.8303053702044809,0.7922279170018478,0.8303053702044809,19,133491,9563184,71.63916668539451,3.8,0.75,hd_0p75
0.03,5009,False,,0.9502044367637473,0.9206876950557451,0.9502044367637473,20,102657,11644897,113.43500199694127,4.0,0.75,hd_0p75
0.03,5010,False,,0.8363691262168708,0.7851320145888967,0.8363691262168708,17,22,9768596,444027.0909090909,3.4,0.75,hd_0p75
0.03,5011,False,,0.8916342248859811,0.8349060121008474,0.891634224885981,14,416557,9030051,21.67782800433074,2.8,0.75,hd_0p75
0.03,5012,False,,0.9684349601679432,0.9647389166626557,0.9684349601679432,21,43523,11644894,267.5572455942835,4.2,0.75,hd_0p75
0.03,5013,False,,0.9315979565351274,0.9072836539245147,0.9315979565351273,16,37964,11622229,306.13815720155935,3.2,0.75,hd_0p75
0.03,5014,False,,0.9480567512833122,0.944733483279354,0.9480567512833122,21,47,11644896,247763.74468085106,4.2,0.75,hd_0p75
0.03,5015,False,,0.9504118929524463,0.925152346909719,0.9504118929524462,18,79885,11644894,145.77072041059023,3.6,0.75,hd_0p75
0.03,5016,False,,0.9350305503837515,0.9140195631067838,0.9350305503837515,19,36734,11644897,317.00596177927804,3.8,0.75,hd_0p75
0.03,5017,False,,0.923683143833914,0.9094308918124845,0.923683143833914,18,1217,11428424,9390.652423993426,3.6,0.75,hd_0p75
0.03,5018,False,,0.8938204499162126,0.8391988802128569,0.8938204499162126,17,58472,11119947,190.17558831577506,3.4,0.75,hd_0p75
0.03,5019,False,,0.9778932889638,0.9771254911116556,0.9778932889637999,19,2586,11644896,4503.053364269142,3.8,0.75,hd_0p75
0.03,5020,False,,0.7069018203860234,0.6195895827834736,0.7069018203860234,18,180655,4618431,25.56492208906479,3.6,0.75,hd_0p75
0.03,5021,False,,0.9108212391368573,0.877816148035863,0.9108212391368573,17,102189,11545558,112.98239536545029,3.4,0.75,hd_0p75
0.03,5022,False,,0.8912773584459655,0.864722505422152,0.8912773584459655,18,52370,11589889,221.3077907198778,3.6,0.75,hd_0p75
0.03,5023,False,,0.9020802405587889,0.8956178924911218,0.9020802405587889,17,663,11522672,17379.595776772247,3.4,0.75,hd_0p75
0.03,5024,False,,0.9080490459106306,0.8970890165122866,0.9080490459106306,19,121317,11346080,93.52423815293817,3.8,0.75,hd_0p75
0.03,5025,False,,0.8703154610020746,0.83947807276141,0.8703154610020745,16,7006,10400277,1484.4814444761632,3.2,0.75,hd_0p75
0.03,5026,False,,0.9511137981277964,0.9344923059013196,0.9511137981277963,16,78969,11443864,144.91590370905038,3.2,0.75,hd_0p75
0.03,5027,False,,0.94515017005271,0.8966077843177207,0.94515017005271,22,80691,8767840,108.65945396636552,4.4,0.75,hd_0p75
0.03,5028,False,,0.9524216048419499,0.9501873775757195,0.9524216048419498,21,27372,11644897,425.4309878708169,4.2,0.75,hd_0p75
0.03,5029,False,,0.9200254437608542,0.9084481766286515,0.9200254437608542,14,106965,11631175,108.7381386434815,2.8,0.75,hd_0p75
0.05,5000,False,,0.8953544117832297,0.8481964899081504,0.8953544117832297,15,24668,11438551,463.69997567699045,3.0,0.75,hd_0p75
0.05,5001,False,,0.9800417594448999,0.9791378468171981,0.9800417594448999,19,79244,11644896,146.94987633133107,3.8,0.75,hd_0p75
0.05,5002,False,,0.8565917618080645,0.8432059124875876,0.8565917618080644,12,8277,11258720,1360.2416334420684,2.4,0.75,hd_0p75
0.05,5003,False,,0.958431223320643,0.9543474456477263,0.958431223320643,17,9128,11644873,1275.7310473269063,3.4,0.75,hd_0p75
0.05,5004,False,,0.9027065284012928,0.8682001755105194,0.9027065284012928,15,93381,11462663,122.7515554556066,3.0,0.75,hd_0p75
0.05,5005,False,,0.9630400861312094,0.9612407104839011,0.9630400861312093,19,2991,11644638,3893.2256770310933,3.8,0.75,hd_0p75
0.05,5006,False,,0.9550117004722131,0.9517204304816538,0.9550117004722131,19,65290,11644897,178.35651707765354,3.8,0.75,hd_0p75
0.05,5007,False,,0.8294776310625565,0.7989441729958152,0.8294776310625562,16,128728,8976282,69.73061027903798,3.2,0.75,hd_0p75
0.05,5008,False,,0.8342626298196354,0.735259097657423,0.8342626298196354,20,463878,7951866,17.142149444466003,4.0,0.75,hd_0p75
0.05,5009,False,,0.9436579033431285,0.9156206034089406,0.9436579033431285,16,209319,11644756,55.631624458362595,3.2,0.75,hd_0p75
0.05,5010,False,,0.8581163990497813,0.8009784556057598,0.8581163990497813,18,426,11631061,27302.960093896712,3.6,0.75,hd_0p75
0.05,5011,False,,0.8488017024373273,0.79113639118261,0.8488017024373273,14,396313,7862119,19.838155700166283,2.8,0.75,hd_0p75
0.05,5012,False,,0.9533869067331351,0.949574646770124,0.9533869067331349,14,41574,11642727,280.0482753644105,2.8,0.75,hd_0p75
0.05,5013,False,,0.9157403878447015,0.8992644353647495,0.9157403878447015,13,59430,11481990,193.20191822311963,2.6,0.75,hd_0p75
0.05,5014,False,,0.8644757100580193,0.7956094988806581,0.8644757100580192,18,4138,11609352,2805.5466408893185,3.6,0.75,hd_0p75
0.05,5015,False,,0.8699069166286271,0.828437939057823,0.8699069166286271,14,51230,11643434,227.27764981456178,2.8,0.75,hd_0p75
0.05,5016,False,,0.9017421110708806,0.8799460165405316,0.9017421110708808,16,84621,11644895,137.61235390742252,3.2,0.75,hd_0p75
0.05,5017,False,,0.8721365541461982,0.8422199783249127,0.8721365541461981,15,42964,10619645,247.1754259379946,3.0,0.75,hd_0p75
0.05,5018,False,,0.883714849352739,0.8280142403018018,0.883714849352739,15,85016,10037671,118.06802248988426,3.0,0.75,hd_0p75
0.05,5019,False,,0.9407381409588672,0.9282955421103292,0.9407381409588671,17,5451,11644871,2136.281599706476,3.4,0.75,hd_0p75
0.05,5020,False,,0.6794239362807772,0.5842836185111396,0.6794239362807772,19,212203,3987167,18.789399772859007,3.8,0.75,hd_0p75
0.05,5021,False,,0.8701529418018141,0.8387821915236815,0.8701529418018141,14,140870,10999450,78.08227443742457,2.8,0.75,hd_0p75
0.05,5022,False,,0.8337781368220866,0.8037025831472369,0.8337781368220865,15,432,11584100,26815.046296296296,3.0,0.75,hd_0p75
0.05,5023,False,,0.8075790835167207,0.777565074856584,0.8075790835167207,14,17886,10899814,609.4047858660405,2.8,0.75,hd_0p75
0.05,5024,False,,0.8424980993155163,0.8118307037163615,0.8424980993155163,13,137079,10409030,75.934534100774,2.6,0.75,hd_0p75
0.05,5025,False,,0.8438873771200469,0.8186943498255967,0.8438873771200469,16,20816,9058509,435.17049385088393,3.2,0.75,hd_0p75
0.05,5026,False,,0.9329173004315364,0.9086684255533826,0.9329173004315363,13,77392,11101035,143.43905054786023,2.6,0.75,hd_0p75
0.05,5027,False,,0.9289776002185426,0.9095942821401879,0.9289776002185426,15,360,11644896,32346.933333333334,3.0,0.75,hd_0p75
0.05,5028,False,,0.9180079873535928,0.9060970585863458,0.9180079873535928,16,48619,11644896,239.5132767025237,3.2,0.75,hd_0p75
0.05,5029,False,,0.8149665029335701,0.7908816174700339,0.81496650293357,13,194164,11393649,58.680543252096165,2.6,0.75,hd_0p75
0.075,5000,False,,0.8772724414017588,0.8277035325666129,0.8772724414017588,13,30002,10894885,363.1386240917272,2.6,0.75,hd_0p75
0.075,5001,False,,0.9544304011613242,0.9514415451307086,0.954430401161324,15,53349,11644859,218.27698738495567,3.0,0.75,hd_0p75
0.075,5002,False,,0.8099496153676943,0.7927597836257616,0.8099496153676942,9,21057,10530324,500.0866220259296,1.8,0.75,hd_0p75
0.075,5003,False,,0.9183869897859201,0.8976315673863591,0.91838698978592,14,10211,11643006,1140.2415042601117,2.8,0.75,hd_0p75
0.075,5004,False,,0.8769710572604235,0.8392047874976504,0.8769710572604233,14,110345,10951782,99.25036929629798,2.8,0.75,hd_0p75
0.075,5005,False,,0.933162434842743,0.927730874152903,0.933162434842743,17,8206,11635636,1417.942481111382,3.4,0.75,hd_0p75
0.075,5006,False,,0.8442715999112995,0.8325288604399249,0.8442715999112995,13,73234,11530643,157.44931316055383,2.6,0.75,hd_0p75
0.075,5007,False,,0.7607088972123313,0.7041619307970216,0.7607088972123313,15,423813,7861231,18.548819880466148,3.0,0.75,hd_0p75
0.075,5008,False,,0.8308274234535225,0.7276996613015823,0.8308274234535222,16,456233,7257825,15.908154386026439,3.2,0.75,hd_0p75
0.075,5009,False,,0.9229463855532933,0.8969049503376085,0.9229463855532932,16,209146,11638681,55.64859476155413,3.2,0.75,hd_0p75
0.075,5010,False,,0.8187993136638428,0.7639101510228893,0.8187993136638427,16,10415,11505687,1104.7227076332213,3.2,0.75,hd_0p75
0.075,5011,False,,0.8001387555500061,0.743299939195344,0.8001387555500059,10,375813,7092953,18.873623317979952,2.0,0.75,hd_0p75
0.075,5012,False,,0.9044620740780599,0.9007454664299848,0.9044620740780599,12,42716,11603357,271.6395964041577,2.4,0.75,hd_0p75
0.075,5013,False,,0.9185118035144091,0.9087101460438806,0.9185118035144091,13,1772,11265968,6357.769751693002,2.6,0.75,hd_0p75
0.075,5014,False,,0.9156595885212103,0.9103583628431234,0.9156595885212102,18,22,11642287,529194.8636363636,3.6,0.75,hd_0p75
0.075,5015,False,,0.8923985373540648,0.8728661883575803,0.8923985373540647,13,160898,11557109,71.82879215403547,2.6,0.75,hd_0p75
0.075,5016,False,,0.8569369636253699,0.8351054200310811,0.8569369636253698,12,87269,11644646,133.43393415760465,2.4,0.75,hd_0p75
0.075,5017,False,,0.780401124925686,0.7415515457928509,0.780401124925686,12,1051,11243344,10697.758325404377,2.4,0.75,hd_0p75
0.075,5018,False,,0.8515400958669694,0.8030770537662857,0.8515400958669693,12,103283,8989159,87.03425539537,2.4,0.75,hd_0p75
0.075,5019,False,,0.920927098472741,0.8948479126635529,0.9209270984727409,16,16609,11642920,701.0006622915287,3.2,0.75,hd_0p75
0.075,5020,False,,0.688776217260694,0.6191898661615679,0.6887762172606939,18,68194,4633407,67.94449658327711,3.6,0.75,hd_0p75
0.075,5021,False,,0.8119293200161867,0.780895198747639,0.8119293200161866,12,94433,10034278,106.25817246089821,2.4,0.75,hd_0p75
0.075,5022,False,,0.8355463941350867,0.819351198717524,0.8355463941350867,11,85939,11303148,131.5252446502752,2.2,0.75,hd_0p75
0.075,5023,False,,0.7270747002695466,0.6773974746962843,0.7270747002695466,9,118869,9794591,82.39819465125474,1.8,0.75,hd_0p75
0.075,5024,False,,0.8070144777862103,0.7662581631983898,0.8070144777862103,8,145124,9463004,65.2063338937736,1.6,0.75,hd_0p75
0.075,5025,False,,0.6838966473326776,0.6436017758268519,0.6838966473326776,13,15957,8692276,544.7312151406906,2.6,0.75,hd_0p75
0.075,5026,False,,0.8832745124644122,0.8514294316687551,0.8832745124644122,11,123359,10858509,88.02364643033746,2.2,0.75,hd_0p75
0.075,5027,False,,0.9073554636338077,0.8891559422644925,0.9073554636338078,13,4915,11644747,2369.2262461851474,2.6,0.75,hd_0p75
0.075,5028,False,,0.9452301603445561,0.9420169924150438,0.9452301603445559,13,41702,11644895,279.2406839000528,2.6,0.75,hd_0p75
0.075,5029,False,,0.7162321741873966,0.6775500806959043,0.7162321741873966,12,222333,10586817,47.61693945568134,2.4,0.75,hd_0p75
0.1,5000,False,,0.8616132341127382,0.809951559246805,0.8616132341127382,12,108566,10260007,94.50478971316987,2.4,0.75,hd_0p75
0.1,5001,False,,0.9337821895008416,0.9291002487143792,0.9337821895008416,13,65804,11644129,176.9516898668774,2.6,0.75,hd_0p75
0.1,5002,False,,0.7734439332292835,0.7525057635986605,0.7734439332292835,11,49921,9805737,196.42509164479878,2.2,0.75,hd_0p75
0.1,5003,False,,0.90565074950066,0.8953551792196113,0.9056507495006598,12,42533,11627879,273.3848776244328,2.4,0.75,hd_0p75
0.1,5004,False,,0.846552412480973,0.8078255776395032,0.8465524124809728,11,132918,10353603,77.89466437954228,2.2,0.75,hd_0p75
0.1,5005,False,,0.906059712694033,0.8981622055031975,0.9060597126940328,11,16836,11588761,688.3322047992398,2.2,0.75,hd_0p75
0.1,5006,False,,0.7688559533427975,0.7210937103003762,0.7688559533427974,14,119101,11224620,94.24454874434304,2.8,0.75,hd_0p75
0.1,5007,False,,0.69707487409952,0.615165275213124,0.6970748740995198,12,588735,7063210,11.997265323108019,2.4,0.75,hd_0p75
0.1,5008,False,,0.8251424664180215,0.7219872839675604,0.8251424664180215,13,449810,7064284,15.705039905737978,2.6,0.75,hd_0p75
0.1,5009,False,,0.8925816318032666,0.8671937487058484,0.8925816318032666,13,235713,11603880,49.228850339183666,2.6,0.75,hd_0p75
0.1,5010,False,,0.7875178618774724,0.73204303198679,0.7875178618774724,16,29753,11196881,376.32779887742413,3.2,0.75,hd_0p75
0.1,5011,False,,0.7669686633959656,0.7067115172595086,0.7669686633959657,13,371196,6591755,17.758152027500298,2.6,0.75,hd_0p75
0.1,5012,False,,0.8208799897165114,0.8152151858971454,0.8208799897165114,9,49588,11474576,231.39824151004277,1.8,0.75,hd_0p75
0.1,5013,False,,0.8921310760632802,0.8746933245360571,0.89213107606328,11,66950,11102891,165.8385511575803,2.2,0.75,hd_0p75
0.1,5014,False,,0.8849333349760432,0.8744607409932877,0.8849333349760432,13,7909,11616756,1468.8021241623467,2.6,0.75,hd_0p75
0.1,5015,False,,0.8701719597444239,0.8420522464634276,0.8701719597444237,10,286135,11407989,39.869254023450466,2.0,0.75,hd_0p75
0.1,5016,False,,0.8108701238112471,0.7887357356714754,0.8108701238112471,11,97403,11640961,119.51337227806125,2.2,0.75,hd_0p75
0.1,5017,False,,0.7415783069519112,0.6990355588507781,0.7415783069519112,13,4075,10673969,2619.3788957055217,2.6,0.75,hd_0p75
0.1,5018,False,,0.8140475967330715,0.7608363694607723,0.8140475967330714,14,138965,8292970,59.67668117871406,2.8,0.75,hd_0p75
0.1,5019,False,,0.8251353995855304,0.8051343334028538,0.8251353995855303,11,39489,11283924,285.74853756742385,2.2,0.75,hd_0p75
0.1,5020,False,,0.7186466289435122,0.5996340093719558,0.718646628943512,20,585269,4424915,7.560480736208478,4.0,0.75,hd_0p75
0.1,5021,False,,0.7532079833622578,0.7171420591203477,0.7532079833622578,11,109068,9109386,83.52024425129277,2.2,0.75,hd_0p75
0.1,5022,False,,0.8064690140175046,0.7852870568356989,0.8064690140175046,9,112136,10853244,96.78643789683956,1.8,0.75,hd_0p75
0.1,5023,False,,0.6847473036959876,0.6197148505843819,0.6847473036959875,10,137784,8728234,63.347224641467804,2.0,0.75,hd_0p75
0.1,5024,False,,0.7687185699394988,0.7268706985702622,0.7687185699394988,9,157549,8932620,56.697408425315295,1.8,0.75,hd_0p75
0.1,5025,False,,0.6649455287597383,0.5579582343285667,0.6649455287597381,15,62162,7665495,123.3148064734082,3.0,0.75,hd_0p75
0.1,5026,False,,0.8561292557201766,0.8209168741020278,0.8561292557201765,11,176761,10744738,60.78681383336822,2.2,0.75,hd_0p75
0.1,5027,False,,0.8745049241058526,0.8540462901051594,0.8745049241058526,11,17405,11642399,668.9111749497271,2.2,0.75,hd_0p75
0.1,5028,False,,0.9285485217570937,0.9235179346466887,0.9285485217570935,10,45343,11644818,256.81622301126964,2.0,0.75,hd_0p75
0.1,5029,False,,0.6860908976484457,0.6509187874254312,0.6860908976484457,10,47072,9556635,203.0216476886472,2.0,0.75,hd_0p75
0.15,5000,False,,0.8227360409468353,0.7711698176064816,0.8227360409468352,10,101306,9169784,90.51570489408327,2.0,0.75,hd_0p75
0.15,5001,False,,0.8782196811014155,0.8706062831228086,0.8782196811014154,13,60558,11629510,192.0392020872552,2.6,0.75,hd_0p75
0.15,5002,False,,0.7939867050157222,0.7393318683586635,0.7939867050157221,14,117726,8817510,74.89857805412568,2.8,0.75,hd_0p75
0.15,5003,False,,0.8541481895860659,0.8317601683200453,0.8541481895860659,10,92552,11503361,124.29078788140721,2.0,0.75,hd_0p75
0.15,5004,False,,0.7886564830898476,0.7457449867663841,0.7886564830898475,11,215229,9518801,44.22638677873335,2.2,0.75,hd_0p75
0.15,5005,False,,0.8375527274272967,0.8231373757936142,0.8375527274272967,9,40661,11297427,277.8442979759475,1.8,0.75,hd_0p75
0.15,5006,False,,0.8617665391381991,0.8430160572169514,0.861766539138199,8,130920,11611563,88.69204857928506,1.6,0.75,hd_0p75
0.15,5007,False,,0.6489498735857784,0.5514261206469587,0.6489498735857783,12,1028213,5978741,5.8146911194470405,2.4,0.75,hd_0p75
0.15,5008,False,,0.8031271163663175,0.7003010811670707,0.8031271163663175,12,476968,6911172,14.489802250884756,2.4,0.75,hd_0p75
0.15,5009,False,,0.8414953192786347,0.8250944889791642,0.8414953192786347,10,197693,11371200,57.51948728584219,2.0,0.75,hd_0p75
0.15,5010,False,,0.734572509893641,0.6790512200539376,0.734572509893641,10,182416,10231205,56.0872127444961,2.0,0.75,hd_0p75
0.15,5011,False,,0.7502595405500341,0.69520835362438,0.7502595405500341,14,183682,7915670,43.094424058971484,2.8,0.75,hd_0p75
0.15,5012,False,,0.658434178596357,0.6459031602430476,0.6584341785963569,8,100067,11010485,110.03112914347388,1.6,0.75,hd_0p75
0.15,5013,False,,0.8550558399515448,0.8477567498869938,0.8550558399515447,10,36199,11586022,320.06469791983204,2.0,0.75,hd_0p75
0.15,5014,False,,0.8325654718049685,0.8109458447389786,0.8325654718049684,10,65497,11442477,174.70230697589201,2.0,0.75,hd_0p75
0.15,5015,False,,0.8172614466196138,0.7865513891218632,0.8172614466196136,10,176623,11055784,62.595381122503866,2.0,0.75,hd_0p75
0.15,5016,False,,0.731996949226954,0.7079024288755725,0.731996949226954,8,166466,11581091,69.57030865161654,1.6,0.75,hd_0p75
0.15,5017,False,,0.745370815537429,0.706657413102194,0.745370815537429,6,58328,9554946,163.81405157042929,1.2,0.75,hd_0p75
0.15,5018,False,,0.7384207931979566,0.6789773758402232,0.7384207931979566,15,301308,7405297,24.57716688571163,3.0,0.75,hd_0p75
0.15,5019,False,,0.840386223074253,0.8173482882552501,0.8403862230742529,8,75707,11490557,151.77667851057365,1.6,0.75,hd_0p75
0.15,5020,False,,0.6135562603322763,0.5104615598816507,0.6135562603322763,19,719860,4160832,5.780057233350929,3.8,0.75,hd_0p75
0.15,5021,False,,0.7094964345243204,0.6437704370609898,0.7094964345243204,13,184303,7655916,41.53983386054487,2.6,0.75,hd_0p75
0.15,5022,False,,0.7389467673830292,0.7112548919681371,0.7389467673830292,7,193824,9858036,50.86076027736503,1.4,0.75,hd_0p75
0.15,5023,False,,0.7041369307465599,0.6229464949939137,0.7041369307465599,13,158419,7127907,44.994015869308605,2.6,0.75,hd_0p75
0.15,5024,False,,0.6821395184799363,0.6440812935445924,0.6821395184799363,7,211519,8468573,40.03693758007555,1.4,0.75,hd_0p75
0.15,5025,False,,0.6646782546191083,0.5699872619215498,0.6646782546191083,12,314281,6374122,20.281601496749722,2.4,0.75,hd_0p75
0.15,5026,False,,0.8186282445777574,0.780656487038555,0.8186282445777573,7,101187,10587250,104.63053554310336,1.4,0.75,hd_0p75
0.15,5027,False,,0.8173789077121276,0.7931458625298089,0.8173789077121276,11,67367,11602761,172.23211661495984,2.2,0.75,hd_0p75
0.15,5028,False,,0.8665819954171796,0.856150469614709,0.8665819954171796,9,23980,11640381,485.42039199332777,1.8,0.75,hd_0p75
0.15,5029,False,,0.5728463166643165,0.5353360695741886,0.5728463166643164,8,94593,7795146,82.40721829310837,1.6,0.75,hd_0p75
0.2,5000,False,,0.8131091363754682,0.7523286294319557,0.813109136375468,14,109614,8363318,76.29789990329702,2.8,0.75,hd_0p75
0.2,5001,False,,0.8212424756527986,0.811411081780002,0.8212424756527985,11,79954,11576471,144.78914125622234,2.2,0.75,hd_0p75
0.2,5002,False,,0.716370996854113,0.6662325086091511,0.7163709968541128,13,64652,8303635,128.43585658602981,2.6,0.75,hd_0p75
0.2,5003,False,,0.7930895498661409,0.7652450339150045,0.7930895498661408,10,123489,11259566,91.1786960781932,2.0,0.75,hd_0p75
0.2,5004,False,,0.7378670695099047,0.6943878796094614,0.7378670695099045,7,363116,9060627,24.952431179017175,1.4,0.75,hd_0p75
0.2,5005,False,,0.7769744571139187,0.7639224215145335,0.7769744571139185,7,99873,10821148,108.34908333583651,1.4,0.75,hd_0p75
0.2,5006,False,,0.8163248400178266,0.7922667175296735,0.8163248400178263,7,195828,11508889,58.77039544906755,1.4,0.75,hd_0p75
0.2,5007,False,,0.6245264111020805,0.5217199035959054,0.6245264111020804,12,974243,5301037,5.441185617961843,2.4,0.75,hd_0p75
0.2,5008,False,,0.7710036257932638,0.6731456033201673,0.7710036257932638,10,462394,6750562,14.59915569838709,2.0,0.75,hd_0p75
0.2,5009,False,,0.6989717015806962,0.6818645313381515,0.6989717015806961,10,72840,10926866,150.0118890719385,2.0,0.75,hd_0p75
0.2,5010,False,,0.7205857875895454,0.6697858223662811,0.7205857875895454,9,229819,9219724,40.11732711394619,1.8,0.75,hd_0p75
0.2,5011,False,,0.7006986985254896,0.6066401005419095,0.7006986985254896,12,391528,7655664,19.55329887006804,2.4,0.75,hd_0p75
0.2,5012,False,,0.5596682645616353,0.5430821504754784,0.5596682645616353,8,185053,10494521,56.71089363587729,1.6,0.75,hd_0p75
0.2,5013,False,,0.7828357745885225,0.7623984904308014,0.7828357745885224,8,39671,11402679,287.4310957626478,1.6,0.75,hd_0p75
0.2,5014,False,,0.7639668456767059,0.7418302778821922,0.7639668456767059,8,87453,11123182,127.19039941454267,1.6,0.75,hd_0p75
0.2,5015,False,,0.5207633131187503,0.5048122167809528,0.5207633131187503,7,213306,9554184,44.79097634384406,1.4,0.75,hd_0p75
0.2,5016,False,,0.6768485362870098,0.649778814364374,0.6768485362870098,6,314729,11400241,36.222404036488534,1.2,0.75,hd_0p75
0.2,5017,False,,0.6939324159980154,0.6511682681507773,0.6939324159980154,8,91981,8815125,95.83636838042639,1.6,0.75,hd_0p75
0.2,5018,False,,0.7000395610236764,0.6293670493313164,0.7000395610236763,12,525540,6793044,12.925836282680672,2.4,0.75,hd_0p75
0.2,5019,False,,0.7814866479592034,0.7645246973832011,0.7814866479592033,8,175178,11215077,64.02103574649784,1.6,0.75,hd_0p75
0.2,5020,False,,0.5366060377849734,0.44363416921300847,0.5366060377849734,19,821745,4030269,4.904525126407827,3.8,0.75,hd_0p75
0.2,5021,False,,0.6660593803883943,0.5958600821384932,0.6660593803883943,12,256334,6661927,25.98924450131469,2.4,0.75,hd_0p75
0.2,5022,False,,0.6752538201777478,0.6517106865708773,0.6752538201777478,9,249792,8962005,35.877870388162954,1.8,0.75,hd_0p75
0.2,5023,False,,0.6708615719711747,0.5858041028439064,0.6708615719711747,13,152638,6123629,40.1186401813441,2.6,0.75,hd_0p75
0.2,5024,False,,0.6064778263662138,0.5721500003066744,0.6064778263662138,7,295141,8187176,27.739880260621195,1.4,0.75,hd_0p75
0.2,5025,False,,0.6507352820218134,0.5501465286446419,0.6507352820218133,13,592776,5616800,9.475417358327597,2.6,0.75,hd_0p75
0.2,5026,False,,0.7874786957677258,0.7515028487493618,0.7874786957677257,6,188526,10385876,55.08988680606389,1.2,0.75,hd_0p75
0.2,5027,False,,0.8120181612927446,0.760366655786329,0.8120181612927446,13,173309,7868096,45.39923489259069,2.6,0.75,hd_0p75
0.2,5028,False,,0.8247593880465568,0.806773605889392,0.8247593880465568,8,55414,11611635,209.5433464467463,1.6,0.75,hd_0p75
0.2,5029,False,,0.4763568370113507,0.4475897594077932,0.4763568370113507,9,108438,6624614,61.09125952156993,1.8,0.75,hd_0p75
0.3,5000,False,,0.7811487486080518,0.7168351022707906,0.7811487486080517,12,357245,7277062,20.36994779493065,2.4,0.75,hd_0p75
0.3,5001,False,,0.7368660392269579,0.7239112961676126,0.7368660392269578,6,164848,11342846,68.80790789090557,1.2,0.75,hd_0p75
0.3,5002,False,,0.6409291733331706,0.5903246674182172,0.6409291733331705,13,539116,7739169,14.35529459337137,2.6,0.75,hd_0p75
0.3,5003,False,,0.6337348461540043,0.6197242331367826,0.6337348461540042,8,53669,10867475,202.49073021669867,1.6,0.75,hd_0p75
0.3,5004,False,,0.6284902309322485,0.5889856609733802,0.6284902309322485,8,576918,8531625,14.788280136865204,1.6,0.75,hd_0p75
0.3,5005,False,,0.6556284657292325,0.64165469582505,0.6556284657292325,6,199658,9869064,49.42984503500987,1.2,0.75,hd_0p75
0.3,5006,False,,0.7270741812276091,0.6936767116313647,0.7270741812276091,4,323340,11121697,34.39629182903445,0.8,0.75,hd_0p75
0.3,5007,False,,0.6454959905042511,0.5822427394020762,0.6454959905042511,12,417329,6494419,15.56186845390567,2.4,0.75,hd_0p75
0.3,5008,False,,0.6993028581867599,0.6187803870031863,0.6993028581867597,10,451267,6368857,14.11327883492478,2.0,0.75,hd_0p75
0.3,5009,False,,0.5944154179756459,0.5697753907895342,0.5944154179756458,7,451666,9787277,21.66927995465676,1.4,0.75,hd_0p75
0.3,5010,False,,0.6680931338292234,0.6147039414156584,0.6680931338292234,9,303877,7677983,25.26674608476456,1.8,0.75,hd_0p75
0.3,5011,False,,0.627125348114216,0.5526165911004974,0.627125348114216,12,525551,5458910,10.38702238222361,2.4,0.75,hd_0p75
0.3,5012,False,,0.46293588387367063,0.44672144427196125,0.4629358838736706,7,387232,9663517,24.955367841500703,1.4,0.75,hd_0p75
0.3,5013,False,,0.6399676980071682,0.617842142535046,0.6399676980071681,7,38741,10756335,277.64732453989313,1.4,0.75,hd_0p75
0.3,5014,False,,0.627877259779649,0.6111236837478818,0.6278772597796489,6,445182,10363786,23.279885529963025,1.2,0.75,hd_0p75
0.3,5015,False,,0.3897108659663335,0.3751420647552698,0.38971086596633336,7,545489,7509719,13.766948554416313,1.4,0.75,hd_0p75
0.3,5016,False,,0.5912106950776307,0.559184807077367,0.5912106950776307,6,504694,10791896,21.38304794588404,1.2,0.75,hd_0p75
0.3,5017,False,,0.6600727025143988,0.5919951356245641,0.6600727025143988,10,164748,7212899,43.781405540583194,2.0,0.75,hd_0p75
0.3,5018,False,,0.654161130985047,0.5702212691310797,0.654161130985047,9,966648,5928328,6.132871531312329,1.8,0.75,hd_0p75
0.3,5019,False,,0.648583847991812,0.6212751106920769,0.648583847991812,7,286599,10522277,36.7142837204596,1.4,0.75,hd_0p75
0.3,5020,False,,0.447009161385741,0.3864807245945171,0.4470091613857409,20,927001,3314556,3.575568958393788,4.0,0.75,hd_0p75
0.3,5021,False,,0.5894197250271989,0.5226883811049087,0.5894197250271989,12,268624,5481050,20.40417088569897,2.4,0.75,hd_0p75
0.3,5022,False,,0.4532698836154567,0.41427840572682595,0.45326988361545667,7,848933,8423641,9.922621690993282,1.4,0.75,hd_0p75
0.3,5023,False,,0.6015236958486034,0.5246726417995629,0.6015236958486033,12,167431,5137056,30.681630044615392,2.4,0.75,hd_0p75
0.3,5024,False,,0.5049741138471419,0.4725185637514821,0.5049741138471419,7,437018,7649099,17.50293809408308,1.4,0.75,hd_0p75
0.3,5025,False,,0.6746464388898812,0.5833590989956788,0.6746464388898812,13,174413,4778361,27.396816751044934,2.6,0.75,hd_0p75
0.3,5026,False,,0.6911321475348208,0.6599662586711006,0.6911321475348207,6,316902,10306161,32.52160289300793,1.2,0.75,hd_0p75
0.3,5027,False,,0.7305395040074081,0.6761742016710756,0.730539504007408,13,216094,7622669,35.27478319620165,2.6,0.75,hd_0p75
0.3,5028,False,,0.7795019784878444,0.7538154509560233,0.7795019784878444,6,80827,11421019,141.3020277877442,1.2,0.75,hd_0p75
0.3,5029,False,,0.48667607740852653,0.44111722443182844,0.4866760774085265,13,573728,5307728,9.251296781750238,2.6,0.75,hd_0p75
0.01,5000,False,,0.9701436289187805,0.9687491753302042,0.9701436289187805,22,1242,11644896,9375.92270531401,4.4,0.9,hd_0p9
0.01,5001,False,,0.9985296766269433,0.9985199012312546,0.9985296766269433,26,79404,11644897,146.65378318472622,5.2,0.9,hd_0p9
0.01,5002,False,,0.927413576152287,0.909617980427587,0.9274135761522869,20,139,11644896,83776.23021582734,4.0,0.9,hd_0p9
0.01,5003,False,,0.984622783859293,0.9834271933194703,0.9846227838592931,20,89274,11644896,130.43994892129848,4.0,0.9,hd_0p9
0.01,5004,False,,0.9994308547213656,0.999430369460022,0.9994308547213656,24,80315,11644885,144.9901637303119,4.8,0.9,hd_0p9
0.01,5005,False,,0.9996212021509002,0.9996208381395342,0.9996212021509002,25,2448,11644897,4756.902369281046,5.0,0.9,hd_0p9
0.01,5006,False,,0.9942583234962058,0.9941065549097324,0.9942583234962057,25,82957,11644898,140.37269910917703,5.0,0.9,hd_0p9
0.01,5007,False,,0.9868004707078835,0.9859276084415688,0.9868004707078833,24,84637,11620753,137.30109762869668,4.8,0.9,hd_0p9
0.01,5008,False,,0.9653382901193337,0.9636811853641312,0.9653382901193337,21,83697,11572304,138.26426275732703,4.2,0.9,hd_0p9
0.01,5009,False,,0.9508906665107706,0.9204930032379881,0.9508906665107706,26,1593,11644897,7310.04205900816,5.2,0.9,hd_0p9
0.01,5010,False,,0.9530530069572402,0.9351926854673612,0.9530530069572402,24,114,11644897,102148.21929824562,4.8,0.9,hd_0p9
0.01,5011,False,,0.9946748566819861,0.9946251623225859,0.9946748566819861,22,2454,11640643,4743.538304808476,4.4,0.9,hd_0p9
0.01,5012,False,,0.9745212777162309,0.9706601170402814,0.9745212777162306,25,41036,11644897,283.77271176527927,5.0,0.9,hd_0p9
0.01,5013,False,,0.9722678122187146,0.9683554959094447,0.9722678122187145,22,3176,11644896,3666.528967254408,4.4,0.9,hd_0p9
0.01,5014,False,,0.976405357503826,0.9738829249604825,0.976405357503826,23,85238,11644751,136.61454984865904,4.6,0.9,hd_0p9
0.01,5015,False,,0.9742669186832084,0.970498222747463,0.9742669186832084,22,7640,11644896,1524.201047120419,4.4,0.9,hd_0p9
0.01,5016,False,,0.9911506662335213,0.9908653504720354,0.9911506662335213,22,2216,11644897,5254.917418772563,4.4,0.9,hd_0p9
0.01,5017,False,,0.9851591910504077,0.9841173537174231,0.9851591910504076,26,87090,11555107,132.68006659777242,5.2,0.9,hd_0p9
0.01,5018,False,,0.9553690534038383,0.9439898021729537,0.9553690534038384,24,5479,11643672,2125.145464500821,4.8,0.9,hd_0p9
0.01,5019,False,,0.9989899552535992,0.9989853174453607,0.9989899552535992,27,2453,11644897,4747.206278026906,5.4,0.9,hd_0p9
0.01,5020,False,,0.8265400477732495,0.7653003732561248,0.8265400477732495,22,164985,6456096,39.131411946540595,4.4,0.9,hd_0p9
0.01,5021,False,,0.9994431764411925,0.9994417733826488,0.9994431764411925,27,2452,11644897,4749.14233278956,5.4,0.9,hd_0p9
0.01,5022,False,,0.9769650211778904,0.9752441116557502,0.9769650211778904,18,85189,11644896,136.69483149232883,3.6,0.9,hd_0p9
0.01,5023,False,,0.9581126996260402,0.9436341086318129,0.9581126996260401,21,2453,11644896,4747.205870362821,4.2,0.9,hd_0p9
0.01,5024,False,,0.9979272852319683,0.9979189251451569,0.9979272852319682,23,80335,11644712,144.9519138607083,4.6,0.9,hd_0p9
0.01,5025,False,,0.988169474542705,0.9878397530799268,0.9881694745427049,21,84449,11617165,137.56426955914222,4.2,0.9,hd_0p9
0.01,5026,False,,0.9089923984502672,0.8548138040754469,0.9089923984502672,24,178670,7968393,44.59838249286394,4.8,0.9,hd_0p9
0.01,5027,False,,0.9441738120890047,0.9083268847386327,0.9441738120890047,25,54,11644897,215646.24074074073,5.0,0.9,hd_0p9
0.01,5028,False,,0.9681716624892489,0.9629819784939894,0.9681716624892489,24,268,11644897,43451.10820895522,4.8,0.9,hd_0p9
0.01,5029,False,,0.9600353048146569,0.9469369269937309,0.9600353048146568,22,29022,11644898,401.24381503686857,4.4,0.9,hd_0p9
0.02,5000,False,,0.9588224540913262,0.9569194401887,0.958822454091326,21,8736,11644388,1332.9198717948718,4.2,0.9,hd_0p9
0.02,5001,False,,0.9946793766547315,0.9945935792336268,0.9946793766547315,24,72560,11644897,160.4864525909592,4.8,0.9,hd_0p9
0.02,5002,False,,0.9206470951609886,0.9047745886295063,0.9206470951609885,17,2462,11642361,4728.822502030869,3.4,0.9,hd_0p9
0.02,5003,False,,0.980513793076304,0.9797056074582781,0.980513793076304,23,530,11644896,21971.501886792452,4.6,0.9,hd_0p9
0.02,5004,False,,0.9289230861281087,0.8970940008620824,0.9289230861281086,18,398,11644525,29257.600502512563,3.6,0.9,hd_0p9
0.02,5005,False,,0.9971338580686635,0.997122888950492,0.9971338580686636,22,2368,11644897,4917.608530405405,4.4,0.9,hd_0p9
0.02,5006,False,,0.9856058173693043,0.9846211146235563,0.9856058173693043,23,74097,11644897,157.157469263263,4.6,0.9,hd_0p9
0.02,5007,False,,0.9573516635756668,0.9444948965468969,0.9573516635756667,20,84636,11137233,131.58978448886998,4.0,0.9,hd_0p9
0.02,5008,False,,0.8634042064274732,0.846304871731214,0.8634042064274732,19,95445,10731355,112.43496254387344,3.8,0.9,hd_0p9
0.02,5009,False,,0.9505616922456693,0.920469884848373,0.9505616922456693,21,37875,11644897,307.45602640264025,4.2,0.9,hd_0p9
0.02,5010,False,,0.932608761976327,0.8906920332275291,0.932608761976327,18,1396,11643411,8340.55229226361,3.6,0.9,hd_0p9
0.02,5011,False,,0.9066561689150934,0.8525624880586253,0.9066561689150934,16,421326,10076321,23.915735083996715,3.2,0.9,hd_0p9
0.02,5012,False,,0.9719994576446701,0.968296889847538,0.9719994576446701,24,42900,11644897,271.4428205128205,4.8,0.9,hd_0p9
0.02,5013,False,,0.9443787633356705,0.9196852845629346,0.9443787633356704,21,17539,11643376,663.8563202006956,4.2,0.9,hd_0p9
0.02,5014,False,,0.9217448428469021,0.9139193055634104,0.921744842846902,18,113705,11587059,101.90456884042038,3.6,0.9,hd_0p9
0.02,5015,False,,0.9519825219516335,0.9265757594856016,0.9519825219516335,23,80279,11644896,145.0553195729892,4.6,0.9,hd_0p9
0.02,5016,False,,0.9513442746616546,0.9353948509463763,0.9513442746616546,22,8808,11644897,1322.0818574023615,4.4,0.9,hd_0p9
0.02,5017,False,,0.9420753525372125,0.9308863419169986,0.9420753525372124,20,146,11614877,79553.95205479451,4.0,0.9,hd_0p9
0.02,5018,False,,0.906941310082716,0.8659876817856768,0.9069413100827158,19,31997,11526667,360.24211644841705,3.8,0.9,hd_0p9
0.02,5019,False,,0.9946433440110328,0.9946166246617514,0.9946433440110328,23,2457,11644896,4739.477411477412,4.6,0.9,hd_0p9
0.02,5020,False,,0.7392308148981163,0.6608612218574026,0.7392308148981163,20,168541,5267105,31.251179238286234,4.0,0.9,hd_0p9
0.02,5021,False,,0.9239982138478527,0.8917081287360288,0.9239982138478525,20,9836,11635627,1182.963298088654,4.0,0.9,hd_0p9
0.02,5022,False,,0.943084323951228,0.9345786969947534,0.9430843239512279,19,91357,11644873,127.46558008691179,3.8,0.9,hd_0p9
0.02,5023,False,,0.9469672333239401,0.9344159888921328,0.9469672333239401,20,36,11632267,323118.52777777775,4.0,0.9,hd_0p9
0.02,5024,False,,0.964526601186516,0.9624908301836431,0.9645266011865159,20,85722,11598062,135.29854646415157,4.0,0.9,hd_0p9
0.02,5025,False,,0.8799205367117022,0.8485930616026183,0.8799205367117021,17,1187,11183055,9421.276326874473,3.4,0.9,hd_0p9
0.02,5026,False,,0.9671629875880271,0.961190173195711,0.9671629875880271,19,80138,11599418,144.74304325039307,3.8,0.9,hd_0p9
0.02,5027,False,,0.9367975436792925,0.908464699507728,0.9367975436792922,22,84639,11559002,136.56827230945547,4.4,0.9,hd_0p9
0.02,5028,False,,0.9688359114678969,0.964542123362693,0.9688359114678969,20,4373,11644885,2662.9053281500114,4.0,0.9,hd_0p9
0.02,5029,False,,0.9504581691505344,0.9378525293500907,0.9504581691505344,15,78847,11644515,147.68494679569292,3.0,0.9,hd_0p9
0.03,5000,False,,0.9405496775621554,0.9372394834306746,0.9405496775621552,19,15983,11630466,727.6772821122443,3.8,0.9,hd_0p9
0.03,5001,False,,0.9890336794466623,0.9888147036615864,0.9890336794466623,21,65565,11644896,177.60841912605812,4.2,0.9,hd_0p9
0.03,5002,False,,0.9150978952269114,0.8984486860397494,0.9150978952269113,16,59359,11602891,195.46978554220928,3.2,0.9,hd_0p9
0.03,5003,False,,0.9745974130758075,0.9733032483268922,0.9745974130758076,22,2623,11644896,4439.533358749523,4.4,0.9,hd_0p9
0.03,5004,False,,0.9280653486880167,0.9070551997015747,0.9280653486880167,19,14701,11633204,791.3205904360248,3.8,0.9,hd_0p9
0.03,5005,False,,0.9911399598477227,0.9910490838298667,0.9911399598477225,20,2235,11644896,5210.244295302014,4.0,0.9,hd_0p9
0.03,5006,False,,0.9775827959868002,0.9759147768102399,0.9775827959868002,22,66786,11644897,174.36134818674572,4.4,0.9,hd_0p9
0.03,5007,False,,0.9314371391073807,0.9108492772291281,0.9314371391073807,18,85905,10325587,120.1977416914033,3.6,0.9,hd_0p9
0.03,5008,False,,0.8303053702044809,0.7922279170018478,0.8303053702044809,19,133491,9563184,71.63916668539451,3.8,0.9,hd_0p9
0.03,5009,False,,0.9502044367637473,0.9206876950557451,0.9502044367637473,20,102657,11644897,113.43500199694127,4.0,0.9,hd_0p9
0.03,5010,False,,0.8363691262168708,0.7851320145888967,0.8363691262168708,17,22,9768596,444027.0909090909,3.4,0.9,hd_0p9
0.03,5011,False,,0.8916342248859811,0.8349060121008474,0.891634224885981,14,416557,9030051,21.67782800433074,2.8,0.9,hd_0p9
0.03,5012,False,,0.9684349601679432,0.9647389166626557,0.9684349601679432,21,43523,11644894,267.5572455942835,4.2,0.9,hd_0p9
0.03,5013,False,,0.9315979565351274,0.9072836539245147,0.9315979565351273,16,37964,11622229,306.13815720155935,3.2,0.9,hd_0p9
0.03,5014,False,,0.9480567512833122,0.944733483279354,0.9480567512833122,21,47,11644896,247763.74468085106,4.2,0.9,hd_0p9
0.03,5015,False,,0.9504118929524463,0.925152346909719,0.9504118929524462,18,79885,11644894,145.77072041059023,3.6,0.9,hd_0p9
0.03,5016,False,,0.9350305503837515,0.9140195631067838,0.9350305503837515,19,36734,11644897,317.00596177927804,3.8,0.9,hd_0p9
0.03,5017,False,,0.923683143833914,0.9094308918124845,0.923683143833914,18,1217,11428424,9390.652423993426,3.6,0.9,hd_0p9
0.03,5018,False,,0.8938204499162126,0.8391988802128569,0.8938204499162126,17,58472,11119947,190.17558831577506,3.4,0.9,hd_0p9
0.03,5019,False,,0.9778932889638,0.9771254911116556,0.9778932889637999,19,2586,11644896,4503.053364269142,3.8,0.9,hd_0p9
0.03,5020,False,,0.7069018203860234,0.6195895827834736,0.7069018203860234,18,180655,4618431,25.56492208906479,3.6,0.9,hd_0p9
0.03,5021,False,,0.9108212391368573,0.877816148035863,0.9108212391368573,17,102189,11545558,112.98239536545029,3.4,0.9,hd_0p9
0.03,5022,False,,0.8912773584459655,0.864722505422152,0.8912773584459655,18,52370,11589889,221.3077907198778,3.6,0.9,hd_0p9
0.03,5023,False,,0.9020802405587889,0.8956178924911218,0.9020802405587889,17,663,11522672,17379.595776772247,3.4,0.9,hd_0p9
0.03,5024,False,,0.9080490459106306,0.8970890165122866,0.9080490459106306,19,121317,11346080,93.52423815293817,3.8,0.9,hd_0p9
0.03,5025,False,,0.8703154610020746,0.83947807276141,0.8703154610020745,16,7006,10400277,1484.4814444761632,3.2,0.9,hd_0p9
0.03,5026,False,,0.9511137981277964,0.9344923059013196,0.9511137981277963,16,78969,11443864,144.91590370905038,3.2,0.9,hd_0p9
0.03,5027,False,,0.94515017005271,0.8966077843177207,0.94515017005271,22,80691,8767840,108.65945396636552,4.4,0.9,hd_0p9
0.03,5028,False,,0.9524216048419499,0.9501873775757195,0.9524216048419498,21,27372,11644897,425.4309878708169,4.2,0.9,hd_0p9
0.03,5029,False,,0.9200254437608542,0.9084481766286515,0.9200254437608542,14,106965,11631175,108.7381386434815,2.8,0.9,hd_0p9
0.05,5000,False,,0.8953544117832297,0.8481964899081504,0.8953544117832297,15,24668,11438551,463.69997567699045,3.0,0.9,hd_0p9
0.05,5001,False,,0.9800417594448999,0.9791378468171981,0.9800417594448999,19,79244,11644896,146.94987633133107,3.8,0.9,hd_0p9
0.05,5002,False,,0.8565917618080645,0.8432059124875876,0.8565917618080644,12,8277,11258720,1360.2416334420684,2.4,0.9,hd_0p9
0.05,5003,False,,0.958431223320643,0.9543474456477263,0.958431223320643,17,9128,11644873,1275.7310473269063,3.4,0.9,hd_0p9
0.05,5004,False,,0.9027065284012928,0.8682001755105194,0.9027065284012928,15,93381,11462663,122.7515554556066,3.0,0.9,hd_0p9
0.05,5005,False,,0.9630400861312094,0.9612407104839011,0.9630400861312093,19,2991,11644638,3893.2256770310933,3.8,0.9,hd_0p9
0.05,5006,False,,0.9550117004722131,0.9517204304816538,0.9550117004722131,19,65290,11644897,178.35651707765354,3.8,0.9,hd_0p9
0.05,5007,False,,0.8294776310625565,0.7989441729958152,0.8294776310625562,16,128728,8976282,69.73061027903798,3.2,0.9,hd_0p9
0.05,5008,False,,0.8342626298196354,0.735259097657423,0.8342626298196354,20,463878,7951866,17.142149444466003,4.0,0.9,hd_0p9
0.05,5009,False,,0.9436579033431285,0.9156206034089406,0.9436579033431285,16,209319,11644756,55.631624458362595,3.2,0.9,hd_0p9
0.05,5010,False,,0.8581163990497813,0.8009784556057598,0.8581163990497813,18,426,11631061,27302.960093896712,3.6,0.9,hd_0p9
0.05,5011,False,,0.8488017024373273,0.79113639118261,0.8488017024373273,14,396313,7862119,19.838155700166283,2.8,0.9,hd_0p9
0.05,5012,False,,0.9533869067331351,0.949574646770124,0.9533869067331349,14,41574,11642727,280.0482753644105,2.8,0.9,hd_0p9
0.05,5013,False,,0.9157403878447015,0.8992644353647495,0.9157403878447015,13,59430,11481990,193.20191822311963,2.6,0.9,hd_0p9
0.05,5014,False,,0.8644757100580193,0.7956094988806581,0.8644757100580192,18,4138,11609352,2805.5466408893185,3.6,0.9,hd_0p9
0.05,5015,False,,0.8699069166286271,0.828437939057823,0.8699069166286271,14,51230,11643434,227.27764981456178,2.8,0.9,hd_0p9
0.05,5016,False,,0.9017421110708806,0.8799460165405316,0.9017421110708808,16,84621,11644895,137.61235390742252,3.2,0.9,hd_0p9
0.05,5017,False,,0.8721365541461982,0.8422199783249127,0.8721365541461981,15,42964,10619645,247.1754259379946,3.0,0.9,hd_0p9
0.05,5018,False,,0.883714849352739,0.8280142403018018,0.883714849352739,15,85016,10037671,118.06802248988426,3.0,0.9,hd_0p9
0.05,5019,False,,0.9407381409588672,0.9282955421103292,0.9407381409588671,17,5451,11644871,2136.281599706476,3.4,0.9,hd_0p9
0.05,5020,False,,0.6794239362807772,0.5842836185111396,0.6794239362807772,19,212203,3987167,18.789399772859007,3.8,0.9,hd_0p9
0.05,5021,False,,0.8701529418018141,0.8387821915236815,0.8701529418018141,14,140870,10999450,78.08227443742457,2.8,0.9,hd_0p9
0.05,5022,False,,0.8337781368220866,0.8037025831472369,0.8337781368220865,15,432,11584100,26815.046296296296,3.0,0.9,hd_0p9
0.05,5023,False,,0.8075790835167207,0.777565074856584,0.8075790835167207,14,17886,10899814,609.4047858660405,2.8,0.9,hd_0p9
0.05,5024,False,,0.8424980993155163,0.8118307037163615,0.8424980993155163,13,137079,10409030,75.934534100774,2.6,0.9,hd_0p9
0.05,5025,False,,0.8438873771200469,0.8186943498255967,0.8438873771200469,16,20816,9058509,435.17049385088393,3.2,0.9,hd_0p9
0.05,5026,False,,0.9329173004315364,0.9086684255533826,0.9329173004315363,13,77392,11101035,143.43905054786023,2.6,0.9,hd_0p9
0.05,5027,False,,0.9289776002185426,0.9095942821401879,0.9289776002185426,15,360,11644896,32346.933333333334,3.0,0.9,hd_0p9
0.05,5028,False,,0.9180079873535928,0.9060970585863458,0.9180079873535928,16,48619,11644896,239.5132767025237,3.2,0.9,hd_0p9
0.05,5029,False,,0.8149665029335701,0.7908816174700339,0.81496650293357,13,194164,11393649,58.680543252096165,2.6,0.9,hd_0p9
0.075,5000,False,,0.8772724414017588,0.8277035325666129,0.8772724414017588,13,30002,10894885,363.1386240917272,2.6,0.9,hd_0p9
0.075,5001,False,,0.9544304011613242,0.9514415451307086,0.954430401161324,15,53349,11644859,218.27698738495567,3.0,0.9,hd_0p9
0.075,5002,False,,0.8099496153676943,0.7927597836257616,0.8099496153676942,9,21057,10530324,500.0866220259296,1.8,0.9,hd_0p9
0.075,5003,False,,0.9183869897859201,0.8976315673863591,0.91838698978592,14,10211,11643006,1140.2415042601117,2.8,0.9,hd_0p9
0.075,5004,False,,0.8769710572604235,0.8392047874976504,0.8769710572604233,14,110345,10951782,99.25036929629798,2.8,0.9,hd_0p9
0.075,5005,False,,0.933162434842743,0.927730874152903,0.933162434842743,17,8206,11635636,1417.942481111382,3.4,0.9,hd_0p9
0.075,5006,False,,0.8442715999112995,0.8325288604399249,0.8442715999112995,13,73234,11530643,157.44931316055383,2.6,0.9,hd_0p9
0.075,5007,False,,0.7607088972123313,0.7041619307970216,0.7607088972123313,15,423813,7861231,18.548819880466148,3.0,0.9,hd_0p9
0.075,5008,False,,0.8308274234535225,0.7276996613015823,0.8308274234535222,16,456233,7257825,15.908154386026439,3.2,0.9,hd_0p9
0.075,5009,False,,0.9229463855532933,0.8969049503376085,0.9229463855532932,16,209146,11638681,55.64859476155413,3.2,0.9,hd_0p9
0.075,5010,False,,0.8187993136638428,0.7639101510228893,0.8187993136638427,16,10415,11505687,1104.7227076332213,3.2,0.9,hd_0p9
0.075,5011,False,,0.8001387555500061,0.743299939195344,0.8001387555500059,10,375813,7092953,18.873623317979952,2.0,0.9,hd_0p9
0.075,5012,False,,0.9044620740780599,0.9007454664299848,0.9044620740780599,12,42716,11603357,271.6395964041577,2.4,0.9,hd_0p9
0.075,5013,False,,0.9185118035144091,0.9087101460438806,0.9185118035144091,13,1772,11265968,6357.769751693002,2.6,0.9,hd_0p9
0.075,5014,False,,0.9156595885212103,0.9103583628431234,0.9156595885212102,18,22,11642287,529194.8636363636,3.6,0.9,hd_0p9
0.075,5015,False,,0.8923985373540648,0.8728661883575803,0.8923985373540647,13,160898,11557109,71.82879215403547,2.6,0.9,hd_0p9
0.075,5016,False,,0.8569369636253699,0.8351054200310811,0.8569369636253698,12,87269,11644646,133.43393415760465,2.4,0.9,hd_0p9
0.075,5017,False,,0.780401124925686,0.7415515457928509,0.780401124925686,12,1051,11243344,10697.758325404377,2.4,0.9,hd_0p9
0.075,5018,False,,0.8515400958669694,0.8030770537662857,0.8515400958669693,12,103283,8989159,87.03425539537,2.4,0.9,hd_0p9
0.075,5019,False,,0.920927098472741,0.8948479126635529,0.9209270984727409,16,16609,11642920,701.0006622915287,3.2,0.9,hd_0p9
0.075,5020,False,,0.688776217260694,0.6191898661615679,0.6887762172606939,18,68194,4633407,67.94449658327711,3.6,0.9,hd_0p9
0.075,5021,False,,0.8119293200161867,0.780895198747639,0.8119293200161866,12,94433,10034278,106.25817246089821,2.4,0.9,hd_0p9
0.075,5022,False,,0.8355463941350867,0.819351198717524,0.8355463941350867,11,85939,11303148,131.5252446502752,2.2,0.9,hd_0p9
0.075,5023,False,,0.7270747002695466,0.6773974746962843,0.7270747002695466,9,118869,9794591,82.39819465125474,1.8,0.9,hd_0p9
0.075,5024,False,,0.8070144777862103,0.7662581631983898,0.8070144777862103,8,145124,9463004,65.2063338937736,1.6,0.9,hd_0p9
0.075,5025,False,,0.6838966473326776,0.6436017758268519,0.6838966473326776,13,15957,8692276,544.7312151406906,2.6,0.9,hd_0p9
0.075,5026,False,,0.8832745124644122,0.8514294316687551,0.8832745124644122,11,123359,10858509,88.02364643033746,2.2,0.9,hd_0p9
0.075,5027,False,,0.9073554636338077,0.8891559422644925,0.9073554636338078,13,4915,11644747,2369.2262461851474,2.6,0.9,hd_0p9
0.075,5028,False,,0.9452301603445561,0.9420169924150438,0.9452301603445559,13,41702,11644895,279.2406839000528,2.6,0.9,hd_0p9
0.075,5029,False,,0.7162321741873966,0.6775500806959043,0.7162321741873966,12,222333,10586817,47.61693945568134,2.4,0.9,hd_0p9
0.1,5000,False,,0.8616132341127382,0.809951559246805,0.8616132341127382,12,108566,10260007,94.50478971316987,2.4,0.9,hd_0p9
0.1,5001,False,,0.9337821895008416,0.9291002487143792,0.9337821895008416,13,65804,11644129,176.9516898668774,2.6,0.9,hd_0p9
0.1,5002,False,,0.7734439332292835,0.7525057635986605,0.7734439332292835,11,49921,9805737,196.42509164479878,2.2,0.9,hd_0p9
0.1,5003,False,,0.90565074950066,0.8953551792196113,0.9056507495006598,12,42533,11627879,273.3848776244328,2.4,0.9,hd_0p9
0.1,5004,False,,0.846552412480973,0.8078255776395032,0.8465524124809728,11,132918,10353603,77.89466437954228,2.2,0.9,hd_0p9
0.1,5005,False,,0.906059712694033,0.8981622055031975,0.9060597126940328,11,16836,11588761,688.3322047992398,2.2,0.9,hd_0p9
0.1,5006,False,,0.7688559533427975,0.7210937103003762,0.7688559533427974,14,119101,11224620,94.24454874434304,2.8,0.9,hd_0p9
0.1,5007,False,,0.69707487409952,0.615165275213124,0.6970748740995198,12,588735,7063210,11.997265323108019,2.4,0.9,hd_0p9
0.1,5008,False,,0.8251424664180215,0.7219872839675604,0.8251424664180215,13,449810,7064284,15.705039905737978,2.6,0.9,hd_0p9
0.1,5009,False,,0.8925816318032666,0.8671937487058484,0.8925816318032666,13,235713,11603880,49.228850339183666,2.6,0.9,hd_0p9
0.1,5010,False,,0.7875178618774724,0.73204303198679,0.7875178618774724,16,29753,11196881,376.32779887742413,3.2,0.9,hd_0p9
0.1,5011,False,,0.7669686633959656,0.7067115172595086,0.7669686633959657,13,371196,6591755,17.758152027500298,2.6,0.9,hd_0p9
0.1,5012,False,,0.8208799897165114,0.8152151858971454,0.8208799897165114,9,49588,11474576,231.39824151004277,1.8,0.9,hd_0p9
0.1,5013,False,,0.8921310760632802,0.8746933245360571,0.89213107606328,11,66950,11102891,165.8385511575803,2.2,0.9,hd_0p9
0.1,5014,False,,0.8849333349760432,0.8744607409932877,0.8849333349760432,13,7909,11616756,1468.8021241623467,2.6,0.9,hd_0p9
0.1,5015,False,,0.8701719597444239,0.8420522464634276,0.8701719597444237,10,286135,11407989,39.869254023450466,2.0,0.9,hd_0p9
0.1,5016,False,,0.8108701238112471,0.7887357356714754,0.8108701238112471,11,97403,11640961,119.51337227806125,2.2,0.9,hd_0p9
0.1,5017,False,,0.7415783069519112,0.6990355588507781,0.7415783069519112,13,4075,10673969,2619.3788957055217,2.6,0.9,hd_0p9
0.1,5018,False,,0.8140475967330715,0.7608363694607723,0.8140475967330714,14,138965,8292970,59.67668117871406,2.8,0.9,hd_0p9
0.1,5019,False,,0.8251353995855304,0.8051343334028538,0.8251353995855303,11,39489,11283924,285.74853756742385,2.2,0.9,hd_0p9
0.1,5020,False,,0.7186466289435122,0.5996340093719558,0.718646628943512,20,585269,4424915,7.560480736208478,4.0,0.9,hd_0p9
0.1,5021,False,,0.7532079833622578,0.7171420591203477,0.7532079833622578,11,109068,9109386,83.52024425129277,2.2,0.9,hd_0p9
0.1,5022,False,,0.8064690140175046,0.7852870568356989,0.8064690140175046,9,112136,10853244,96.78643789683956,1.8,0.9,hd_0p9
0.1,5023,False,,0.6847473036959876,0.6197148505843819,0.6847473036959875,10,137784,8728234,63.347224641467804,2.0,0.9,hd_0p9
0.1,5024,False,,0.7687185699394988,0.7268706985702622,0.7687185699394988,9,157549,8932620,56.697408425315295,1.8,0.9,hd_0p9
0.1,5025,False,,0.6649455287597383,0.5579582343285667,0.6649455287597381,15,62162,7665495,123.3148064734082,3.0,0.9,hd_0p9
0.1,5026,False,,0.8561292557201766,0.8209168741020278,0.8561292557201765,11,176761,10744738,60.78681383336822,2.2,0.9,hd_0p9
0.1,5027,False,,0.8745049241058526,0.8540462901051594,0.8745049241058526,11,17405,11642399,668.9111749497271,2.2,0.9,hd_0p9
0.1,5028,False,,0.9285485217570937,0.9235179346466887,0.9285485217570935,10,45343,11644818,256.81622301126964,2.0,0.9,hd_0p9
0.1,5029,False,,0.6860908976484457,0.6509187874254312,0.6860908976484457,10,47072,9556635,203.0216476886472,2.0,0.9,hd_0p9
0.15,5000,False,,0.8227360409468353,0.7711698176064816,0.8227360409468352,10,101306,9169784,90.51570489408327,2.0,0.9,hd_0p9
0.15,5001,False,,0.8782196811014155,0.8706062831228086,0.8782196811014154,13,60558,11629510,192.0392020872552,2.6,0.9,hd_0p9
0.15,5002,False,,0.7939867050157222,0.7393318683586635,0.7939867050157221,14,117726,8817510,74.89857805412568,2.8,0.9,hd_0p9
0.15,5003,False,,0.8541481895860659,0.8317601683200453,0.8541481895860659,10,92552,11503361,124.29078788140721,2.0,0.9,hd_0p9
0.15,5004,False,,0.7886564830898476,0.7457449867663841,0.7886564830898475,11,215229,9518801,44.22638677873335,2.2,0.9,hd_0p9
0.15,5005,False,,0.8375527274272967,0.8231373757936142,0.8375527274272967,9,40661,11297427,277.8442979759475,1.8,0.9,hd_0p9
0.15,5006,False,,0.8617665391381991,0.8430160572169514,0.861766539138199,8,130920,11611563,88.69204857928506,1.6,0.9,hd_0p9
0.15,5007,False,,0.6489498735857784,0.5514261206469587,0.6489498735857783,12,1028213,5978741,5.8146911194470405,2.4,0.9,hd_0p9
0.15,5008,False,,0.8031271163663175,0.7003010811670707,0.8031271163663175,12,476968,6911172,14.489802250884756,2.4,0.9,hd_0p9
0.15,5009,False,,0.8414953192786347,0.8250944889791642,0.8414953192786347,10,197693,11371200,57.51948728584219,2.0,0.9,hd_0p9
0.15,5010,False,,0.734572509893641,0.6790512200539376,0.734572509893641,10,182416,10231205,56.0872127444961,2.0,0.9,hd_0p9
0.15,5011,False,,0.7502595405500341,0.69520835362438,0.7502595405500341,14,183682,7915670,43.094424058971484,2.8,0.9,hd_0p9
0.15,5012,False,,0.658434178596357,0.6459031602430476,0.6584341785963569,8,100067,11010485,110.03112914347388,1.6,0.9,hd_0p9
0.15,5013,False,,0.8550558399515448,0.8477567498869938,0.8550558399515447,10,36199,11586022,320.06469791983204,2.0,0.9,hd_0p9
0.15,5014,False,,0.8325654718049685,0.8109458447389786,0.8325654718049684,10,65497,11442477,174.70230697589201,2.0,0.9,hd_0p9
0.15,5015,False,,0.8172614466196138,0.7865513891218632,0.8172614466196136,10,176623,11055784,62.595381122503866,2.0,0.9,hd_0p9
0.15,5016,False,,0.731996949226954,0.7079024288755725,0.731996949226954,8,166466,11581091,69.57030865161654,1.6,0.9,hd_0p9
0.15,5017,False,,0.745370815537429,0.706657413102194,0.745370815537429,6,58328,9554946,163.81405157042929,1.2,0.9,hd_0p9
0.15,5018,False,,0.7384207931979566,0.6789773758402232,0.7384207931979566,15,301308,7405297,24.57716688571163,3.0,0.9,hd_0p9
0.15,5019,False,,0.840386223074253,0.8173482882552501,0.8403862230742529,8,75707,11490557,151.77667851057365,1.6,0.9,hd_0p9
0.15,5020,False,,0.6135562603322763,0.5104615598816507,0.6135562603322763,19,719860,4160832,5.780057233350929,3.8,0.9,hd_0p9
0.15,5021,False,,0.7094964345243204,0.6437704370609898,0.7094964345243204,13,184303,7655916,41.53983386054487,2.6,0.9,hd_0p9
0.15,5022,False,,0.7389467673830292,0.7112548919681371,0.7389467673830292,7,193824,9858036,50.86076027736503,1.4,0.9,hd_0p9
0.15,5023,False,,0.7041369307465599,0.6229464949939137,0.7041369307465599,13,158419,7127907,44.994015869308605,2.6,0.9,hd_0p9
0.15,5024,False,,0.6821395184799363,0.6440812935445924,0.6821395184799363,7,211519,8468573,40.03693758007555,1.4,0.9,hd_0p9
0.15,5025,False,,0.6646782546191083,0.5699872619215498,0.6646782546191083,12,314281,6374122,20.281601496749722,2.4,0.9,hd_0p9
0.15,5026,False,,0.8186282445777574,0.780656487038555,0.8186282445777573,7,101187,10587250,104.63053554310336,1.4,0.9,hd_0p9
0.15,5027,False,,0.8173789077121276,0.7931458625298089,0.8173789077121276,11,67367,11602761,172.23211661495984,2.2,0.9,hd_0p9
0.15,5028,False,,0.8665819954171796,0.856150469614709,0.8665819954171796,9,23980,11640381,485.42039199332777,1.8,0.9,hd_0p9
0.15,5029,False,,0.5728463166643165,0.5353360695741886,0.5728463166643164,8,94593,7795146,82.40721829310837,1.6,0.9,hd_0p9
