round,val_loss,accuracy,balanced_accuracy,macro_precision,macro_recall,macro_f1,weighted_f1,macro_pr_auc,worst_class_f1,worst_class_recall,precision_c0,recall_c0,f1_c0,support_c0,predicted_count_c0,precision_c1,recall_c1,f1_c1,support_c1,predicted_count_c1,precision_c2,recall_c2,f1_c2,support_c2,predicted_count_c2,precision_c3,recall_c3,f1_c3,support_c3,predicted_count_c3,precision_c4,recall_c4,f1_c4,support_c4,predicted_count_c4,precision_c5,recall_c5,f1_c5,support_c5,predicted_count_c5,precision_c6,recall_c6,f1_c6,support_c6,predicted_count_c6,precision_c7,recall_c7,f1_c7,support_c7,predicted_count_c7,precision_c8,recall_c8,f1_c8,support_c8,predicted_count_c8,precision_c9,recall_c9,f1_c9,support_c9,predicted_count_c9,train_loss_client_0,train_accuracy_client_0,train_samples_client_0,train_batches_client_0,update_l2_client_0,train_seconds_client_0,train_loss_client_1,train_accuracy_client_1,train_samples_client_1,train_batches_client_1,update_l2_client_1,train_seconds_client_1,train_loss_client_2,train_accuracy_client_2,train_samples_client_2,train_batches_client_2,update_l2_client_2,train_seconds_client_2,train_loss_client_3,train_accuracy_client_3,train_samples_client_3,train_batches_client_3,update_l2_client_3,train_seconds_client_3,train_loss_client_4,train_accuracy_client_4,train_samples_client_4,train_batches_client_4,update_l2_client_4,train_seconds_client_4,round_train_seconds,aggregation_seconds,fl_round_seconds,validation_seconds,round_total_seconds,round_orchestration_seconds
1,7.370410688576761,0.9602333896726184,0.1,0.0960233389672618,0.1,0.0979713328761315,0.940753450583922,0.1097883272918394,0.0,0.0,0.9602333896726184,1.0,0.979713328761315,344284,358542,0.0,0.0,0.0,345,0,0.0,0.0,0.0,325,0,0.0,0.0,0.0,869,0,0.0,0.0,0.0,4733,0,0.0,0.0,0.0,3347,0,0.0,0.0,0.0,2484,0,0.0,0.0,0.0,1917,0,0.0,0.0,0.0,214,0,0.0,0.0,0.0,24,0,0.059483777731657,0.9965679049491882,1152949,282,2.5565839488695636,4.5368069590767846,2.126957416534424,0.2959495782852173,21899,6,0.4821581628907705,0.111966916010715,1.7016750574111938,0.008137903176248,253628,62,1.8367347457380685,0.9607271669665352,2.227766752243042,0.0600732155144214,16663,5,0.4841048241596375,0.0967830419540405,1.893927812576294,0.034136950969696,228052,56,1.6420833282386813,0.8791813750285655,6.585465459036641,0.0024904590100049,6.587955918046646,1.6112557919695971,8.199211710016243,0.4450227080378681
2,6.757963631542251,0.9602333896726184,0.1,0.0960233389672618,0.1,0.0979713328761315,0.940753450583922,0.1361469858851718,0.0,0.0,0.9602333896726184,1.0,0.979713328761315,344284,358542,0.0,0.0,0.0,345,0,0.0,0.0,0.0,325,0,0.0,0.0,0.0,869,0,0.0,0.0,0.0,4733,0,0.0,0.0,0.0,3347,0,0.0,0.0,0.0,2484,0,0.0,0.0,0.0,1917,0,0.0,0.0,0.0,214,0,0.0,0.0,0.0,24,0,0.0051059247925877,1.0,1152949,282,0.7506030186722858,4.232705250033177,3.298064708709717,0.2361751645803451,21899,6,1.400722159162151,0.098985041026026,1.670962929725647,0.7682708501815796,253628,62,2.251500360857768,0.9148330410243944,3.830669403076172,0.4960091114044189,16663,5,1.3154115431368945,0.0681242910213768,1.875824809074402,0.3636714518070221,228052,56,2.1026368709764536,0.8388433330692351,6.15349095617421,0.0016803339822217,6.1551712901564315,1.5402027090312913,7.695373999187723,0.0167964599095284
3,5.132121686943353,0.9602333896726184,0.1,0.0960233389672618,0.1,0.0979713328761315,0.940753450583922,0.1908784040028558,0.0,0.0,0.9602333896726184,1.0,0.979713328761315,344284,358542,0.0,0.0,0.0,345,0,0.0,0.0,0.0,325,0,0.0,0.0,0.0,869,0,0.0,0.0,0.0,4733,0,0.0,0.0,0.0,3347,0,0.0,0.0,0.0,2484,0,0.0,0.0,0.0,1917,0,0.0,0.0,0.0,214,0,0.0,0.0,0.0,24,0,0.0030239038169384,1.0,1152949,282,0.4932070449000785,4.24140429100953,3.091376543045044,0.3300607204437256,21899,6,1.4706706186580207,0.0748674590140581,1.4851243495941162,0.8375573754310608,253628,62,2.286232807200105,0.938666749978438,3.321338891983032,0.5114925503730774,16663,5,1.3673970593202152,0.0556087080622091,1.7889211177825928,0.4586892426013946,228052,56,1.9718828143895977,0.8215674160746858,6.1321146241389215,0.0011984159937128,6.133313040132634,1.5836483750026673,7.716961415135302,0.0179786258377134
4,4.372076754265212,0.9607158993925398,0.1510136213799898,0.1114810132337188,0.1510136213799898,0.1214903887284915,0.9425279413337316,0.2031076793479981,0.0,0.0,0.9633471375006996,0.999991286263666,0.9813272449491496,344284,357380,0.1514629948364888,0.5101449275362319,0.2335766423357664,345,1162,0.0,0.0,0.0,325,0,0.0,0.0,0.0,869,0,0.0,0.0,0.0,4733,0,0.0,0.0,0.0,3347,0,0.0,0.0,0.0,2484,0,0.0,0.0,0.0,1917,0,0.0,0.0,0.0,214,0,0.0,0.0,0.0,24,0,0.0024680811911821,1.0,1152949,282,0.4336262875454257,4.2080600829795,2.695805072784424,0.3675510287284851,21899,6,1.271717043652991,0.0720577910542488,1.3928654193878174,0.8933004140853882,253628,62,1.9215582726171985,0.9384830419439822,2.817937135696411,0.535497784614563,16663,5,1.1823866333575703,0.0574620419647544,1.7189215421676636,0.5039902925491333,228052,56,1.8615039225055596,0.8017322500236332,6.077795207966119,0.0010845409706234,6.0788797489367425,1.5224866669159385,7.601366415852681,0.0188688330817967
5,4.006034341918476,0.9608079388188832,0.161157968000466,0.1113038001495365,0.161157968000466,0.122131347807318,0.9428695304616912,0.2222659460630339,0.0,0.0,0.9640267020603372,0.99998547710611,0.9816769079425728,344284,357126,0.1490112994350282,0.6115942028985507,0.2396365701306076,345,1416,0.0,0.0,0.0,325,0,0.0,0.0,0.0,869,0,0.0,0.0,0.0,4733,0,0.0,0.0,0.0,3347,0,0.0,0.0,0.0,2484,0,0.0,0.0,0.0,1917,0,0.0,0.0,0.0,214,0,0.0,0.0,0.0,24,0,0.0021472652442753,0.99999737739563,1152949,282,0.39766726832217,4.314136249944568,2.4783706665039062,0.3966847658157348,21899,6,1.148053499983408,0.0726969590177759,1.337316393852234,0.901915431022644,253628,62,1.7781325711984128,0.897946499986574,2.617794990539551,0.54269939661026,16663,5,1.1024458772323822,0.0806964159710332,1.635031819343567,0.6449099183082581,228052,56,1.668888101104964,0.8253237920580432,6.190799916977994,0.0014629999641329,6.192262916942127,1.500195667031221,7.692458583973348,0.0177785829873755
6,3.688263252523696,0.9608358295541388,0.1655043417980336,0.111166398285857,0.1655043417980336,0.1222384112313785,0.9430180183576696,0.2459179752211953,0.0,0.0,0.964336733836406,0.9999709542122202,0.9818306264170314,344284,357006,0.1473272490221642,0.6550724637681159,0.2405534858967536,345,1534,0.0,0.0,0.0,325,0,0.0,0.0,0.0,869,2,0.0,0.0,0.0,4733,0,0.0,0.0,0.0,3347,0,0.0,0.0,0.0,2484,0,0.0,0.0,0.0,1917,0,0.0,0.0,0.0,214,0,0.0,0.0,0.0,24,0,0.0019336689729243,0.9999895691871644,1152949,282,0.3748600718580915,4.296636332990602,2.3650403022766113,0.4154070913791656,21899,6,1.1209473015835518,0.1022054579807445,1.3353012800216677,0.9070725440979004,253628,62,1.640626100131075,0.9333565830020234,2.4160773754119873,0.5632839202880859,16663,5,0.9887198004755446,0.0563960829749703,1.572021722793579,0.6668654680252075,228052,56,1.5902885680544618,0.8464294580044225,6.235023914952762,0.0012406660243868,6.236264580977149,1.5504294590791687,7.786694040056318,0.0184961680788546
7,3.4834691265863507,0.9608246732600364,0.1655031799665224,0.1111127399385828,0.1655031799665224,0.1221632218262696,0.9430305265088524,0.2600899598927179,0.0,0.0,0.9643741526325816,0.9999593358971082,0.9818444198542078,344284,356988,0.1467532467532467,0.6550724637681159,0.239787798408488,345,1540,0.0,0.0,0.0,325,0,0.0,0.0,0.0,869,14,0.0,0.0,0.0,4733,0,0.0,0.0,0.0,3347,0,0.0,0.0,0.0,2484,0,0.0,0.0,0.0,1917,0,0.0,0.0,0.0,214,0,0.0,0.0,0.0,24,0,0.0017881121020764,0.999980926513672,1152949,282,0.3645096274715882,4.251994833000936,2.2908968925476074,0.4244029521942138,21899,6,1.0921619296320948,0.0740047500003129,1.2473721504211426,0.9072736501693726,253628,62,1.52725084868627,0.9533035421045496,2.326697587966919,0.588609516620636,16663,5,0.9549347656794954,0.0558111250866204,1.5246700048446655,0.6953940391540527,228052,56,1.55670662516266,0.8317060419358313,6.16682029212825,0.0011691669933497,6.1679894591216,1.5401360410032794,7.708125500124879,0.01837199984584
8,3.360845487399719,0.9607995715983064,0.1660196991416908,0.1179930558894402,0.1660196991416908,0.1226009471669531,0.9430473678889436,0.2621944491147154,0.0,0.0,0.9644188828408864,0.9999244809517724,0.9818507992236644,344284,356959,0.1465461588121368,0.6579710144927536,0.2397043294614572,345,1549,0.0,0.0,0.0,325,0,0.0689655172413793,0.002301495972382,0.0044543429844097,869,29,0.0,0.0,0.0,4733,2,0.0,0.0,0.0,3347,0,0.0,0.0,0.0,2484,0,0.0,0.0,0.0,1917,0,0.0,0.0,0.0,214,0,0.0,0.0,0.0,24,3,0.0016739532584324,0.9999783039093018,1152949,282,0.3564220404539685,4.263381333090365,2.2078731060028076,0.4301566183567047,21899,6,1.0808441608407329,0.0733232500497251,1.2198652029037476,0.9348297715187072,253628,62,1.4945751723880996,0.9505173750221728,2.186100721359253,0.587469220161438,16663,5,0.9578686544081084,0.0569862079573795,1.4880083799362185,0.7321312427520752,228052,56,1.4540132786560624,0.832673583063297,6.1768817491829395,0.0013293749652802,6.17821112414822,1.5597550839884209,7.73796620813664,0.0192565427860245
9,3.258934924366293,0.9607884153042042,0.1668872311539375,0.1172056652014434,0.1668872311539375,0.1227147926991127,0.9430722643375208,0.2685345929965083,0.0,0.0,0.9644857351783418,0.9999041489003264,0.9818756408556056,344284,356927,0.1469648562300319,0.6666666666666666,0.2408376963350785,345,1565,0.0,0.0,0.0,325,0,0.0606060606060606,0.002301495972382,0.0044345898004434,869,33,0.0,0.0,0.0,4733,7,0.0,0.0,0.0,3347,0,0.0,0.0,0.0,2484,0,0.0,0.0,0.0,1917,0,0.0,0.0,0.0,214,0,0.0,0.0,0.0,24,10,0.0015774600906297,0.9999679327011108,1152949,282,0.3462408629710148,4.307025291956961,2.198430061340332,0.444997489452362,21899,6,1.0693447095258606,0.0741466250037774,1.1867437362670898,0.9374950528144836,253628,62,1.5340564746295422,0.9123971669469028,2.0223183631896973,0.6003720760345459,16663,5,0.881659412986672,0.0810287919593975,1.4622832536697388,0.7480136156082153,228052,56,1.4001716192462164,0.8281821249984205,6.202780000865459,0.0011373750166967,6.203917375882156,1.5130569169996306,7.716974292881787,0.0184637911152094
10,3.243591058282169,0.9608051497453576,0.1656159311021191,0.1167261561812059,0.1656159311021191,0.122464388228076,0.943028263862412,0.267302699998893,0.0,0.0,0.9643787572343394,0.9999360992668844,0.9818356049522148,344284,356978,0.1473272490221642,0.6550724637681159,0.2405534858967536,345,1534,0.0,0.0,0.0,325,0,0.0555555555555555,0.001150747986191,0.0022547914317925,869,18,0.0,0.0,0.0,4733,7,0.0,0.0,0.0,3347,0,0.0,0.0,0.0,2484,0,0.0,0.0,0.0,1917,0,0.0,0.0,0.0,214,0,0.0,0.0,0.0,24,5,0.0015301539096981,0.999960958957672,1152949,282,0.3442689927584739,4.30398199998308,2.1443707942962646,0.4408877193927765,21899,6,1.082670058511824,0.0738310830201953,1.1607584953308103,0.9372388124465942,253628,62,1.4872181592331206,0.9069095000158997,1.9879300594329832,0.6136350035667419,16663,5,0.8747635068354199,0.0554125419585034,1.4345608949661257,0.772060751914978,228052,56,1.3457566120552462,0.8228179999860004,6.162953124963678,0.0011154999956488,6.164068624959327,1.5067744159605354,7.670843040919863,0.0162818330572918
11,3.169540164632538,0.960802360671832,0.1656334778794698,0.1409921296151029,0.1656334778794698,0.1231315127496011,0.9430302540218988,0.2647920052302123,0.0,0.0,0.9643732544491412,0.9999331946881064,0.9818313528590558,344284,356979,0.1479289940828402,0.6521739130434783,0.2411575562700964,345,1521,0.25,0.003076923076923,0.0060790273556231,325,4,0.0476190476190476,0.001150747986191,0.0022471910112359,869,21,0.0,0.0,0.0,4733,4,0.0,0.0,0.0,3347,0,0.0,0.0,0.0,2484,0,0.0,0.0,0.0,1917,0,0.0,0.0,0.0,214,0,0.0,0.0,0.0,24,13,0.0014428659342229,0.9999575018882751,1152949,282,0.3307643622362289,4.276158874970861,2.125286340713501,0.4483766257762909,21899,6,1.0815435568848812,0.0983078749850392,1.1319842338562012,0.94514799118042,253628,62,1.3648394707960398,0.9112520000198856,1.966391682624817,0.6431614756584167,16663,5,0.8792132053535986,0.0561698750825598,1.414271354675293,0.7745295166969299,228052,56,1.3172620303674685,0.8268515840172768,6.168740209075622,0.0012371250195428,6.169977334095165,1.5373905409360304,7.707367875031196,0.0174928739434108
12,3.02798906428417,0.9607493682748464,0.1633072734121746,0.1226122487684841,0.1633072734121746,0.1282968913468442,0.9431164684191397,0.2809096161115329,0.0,0.0,0.9644803308220964,0.9999041489003264,0.9818728403495086,344284,356929,0.1470588235294117,0.5797101449275363,0.2346041055718475,345,1360,0.0833333333333333,0.0523076923076923,0.0642722117202268,325,204,0.03125,0.001150747986191,0.002219755826859,869,32,0.0,0.0,0.0,4733,4,0.0,0.0,0.0,3347,0,0.0,0.0,0.0,2484,0,0.0,0.0,0.0,1917,0,0.0,0.0,0.0,214,0,0.0,0.0,0.0,24,13,0.0013899626210331,0.9999635815620422,1152949,282,0.324696790383118,4.26421054196544,2.1215550899505615,0.4540390074253082,21899,6,1.0795491494282092,0.0711607920238748,1.1359552145004272,0.9448956847190856,253628,62,1.4025665892468349,0.9341838749824092,1.9850958585739136,0.6297785639762878,16663,5,0.8688334382934667,0.0554742079693824,1.4141262769699097,0.74405837059021,228052,56,1.390908148487909,0.8242119579808787,6.149241374921985,0.0013978750212118,6.150639249943197,1.5336980830179527,7.684337332961149,0.0181245420826599
13,3.020657541095012,0.960802360671832,0.1665913578993704,0.1248558956550811,0.1665913578993704,0.1256702591466673,0.9431001508400962,0.2823417370022562,0.0,0.0,0.9644756232174776,0.9999244809517724,0.9818802034163218,344284,356938,0.1486666666666666,0.6463768115942029,0.2417344173441734,345,1500,0.09375,0.0184615384615384,0.0308483290488431,325,64,0.0416666666666666,0.001150747986191,0.0022396416573348,869,24,0.0,0.0,0.0,4733,4,0.0,0.0,0.0,3347,0,0.0,0.0,0.0,2484,0,0.0,0.0,0.0,1917,0,0.0,0.0,0.0,214,0,0.0,0.0,0.0,24,12,0.0014298513997346,0.9999436140060424,1152949,282,0.3345348185530871,4.215961250010878,2.076327323913574,0.4528517425060272,21899,6,1.081155691278633,0.072278624982573,1.107289433479309,0.9485979676246644,253628,62,1.3198199305604064,0.9103882079944016,1.8460822105407717,0.6443017721176147,16663,5,0.8085029045386697,0.0764460409991443,1.370776891708374,0.803628146648407,228052,56,1.2744355663955378,0.8222329589771107,6.097307082964107,0.0011894999770447,6.098496582941152,1.5006613750010729,7.599157957942225,0.0191387080121785
14,2.93566643577766,0.9608107278924088,0.1715417052278486,0.1389087371704343,0.1715417052278486,0.1332708730450273,0.943144250085086,0.2878445581205233,0.0,0.0,0.9645106521276238,0.9999215763729944,0.981896954969139,344284,356924,0.1481481481481481,0.6376811594202898,0.2404371584699453,345,1485,0.125,0.0338461538461538,0.0532687651331719,325,88,0.08,0.002301495972382,0.0044742729306487,869,25,0.0,0.0,0.0,4733,6,0.0,0.0,0.0,3347,0,0.0,0.0,0.0,2484,0,0.0,0.0,0.0,1917,0,0.0,0.0,0.0,214,0,0.0714285714285714,0.0416666666666666,0.0526315789473684,24,14,0.0013503958471119,0.9999592304229736,1152949,282,0.3223825789771071,4.232795042102225,2.0387611389160156,0.4556372463703155,21899,6,1.0924489926282503,0.0713561249431222,1.08747136592865,0.938394010066986,253628,62,1.3682362730042332,0.9039384169736876,1.8400717973709104,0.6434615850448608,16663,5,0.8651726239990287,0.0582749999593943,1.3880445957183838,0.7758625149726868,228052,56,1.342564661961841,0.8257109589176252,6.092075542896055,0.0011976659297943,6.093273208825849,1.5164418339263648,7.609715042752214,0.0180074990494176
15,2.852012970514768,0.9608051497453576,0.180328145312243,0.1410888518631115,0.180328145312243,0.1334255229406977,0.9431709577179244,0.2930186619405358,0.0,0.0,0.9646316756941544,0.9999041489003264,0.9819512605593328,344284,356873,0.1467948717948718,0.663768115942029,0.2404199475065616,345,1560,0.1666666666666666,0.0123076923076923,0.0229226361031518,325,24,0.0689655172413793,0.002301495972382,0.0044543429844097,869,29,0.0,0.0,0.0,4733,6,0.0,0.0,0.0,3347,0,0.0,0.0,0.0,2484,3,0.0,0.0,0.0,1917,0,0.0,0.0,0.0,214,0,0.0638297872340425,0.125,0.0845070422535211,24,47,0.0013550207950174,0.999941885471344,1152949,282,0.3246741631371963,4.20113499998115,2.0122313499450684,0.4624412059783935,21899,6,1.073210755704505,0.0953728749882429,1.066707730293274,0.94556987285614,253628,62,1.3511646441773204,0.9060609999578446,1.8891236782073977,0.6463422179222107,16663,5,0.901309443925236,0.0552478750469163,1.3571048974990845,0.809569776058197,228052,56,1.2924421468312977,0.8222539171110839,6.080070667085238,0.0011153330560773,6.081186000141315,1.532827667077072,7.614013667218387,0.0192125829635188
16,2.8054475442296796,0.9608218841865108,0.2140753229910064,0.1468385126663094,0.2140753229910064,0.1509415355929391,0.9432290431157536,0.2927881078755582,0.0,0.0,0.9646773321227508,0.9998954351639924,0.9819707132842797,344284,356853,0.1490641711229946,0.6463768115942029,0.2422596414991852,345,1496,0.1325301204819277,0.0338461538461538,0.0539215686274509,325,83,0.0714285714285714,0.002301495972382,0.0044593088071348,869,28,0.0,0.0,0.0,4733,5,0.0,0.0,0.0,3347,0,0.0,0.0,0.0,2484,3,0.0,0.0,0.0,1917,0,0.0,0.0,0.0,214,1,0.1506849315068493,0.4583333333333333,0.2268041237113402,24,73,0.0013562849489971,0.9999358057975768,1152949,282,0.3264173641048587,4.272285084007308,1.992143630981445,0.4597013592720032,21899,6,1.06840805312428,0.0759754170430824,1.079554796218872,0.9477896690368652,253628,62,1.3168316714029942,0.9303940000245348,1.8071528673171997,0.6429814696311951,16663,5,0.8231213086077325,0.0540590839227661,1.344767928123474,0.8161121010780334,228052,56,1.2382957611076086,0.8261843329528347,6.158897917950526,0.0012951659737154,6.160193083924241,1.5562955419300124,7.716488625854254,0.0184185820398852
17,2.77424563145561,0.9607884153042042,0.1970343406013339,0.1772138280991311,0.1970343406013339,0.137077471388389,0.9433028369106108,0.3031338551581151,0.0,0.0,0.964819247391994,0.9998547710611008,0.9820246195101772,344284,356786,0.1480502313284864,0.6492753623188405,0.2411194833153929,345,1513,0.1081081081081081,0.0246153846153846,0.0401002506265664,325,74,0.1034482758620689,0.003452243958573,0.0066815144766146,869,29,0.3888888888888889,0.0014789773927741,0.0029467480530414,4733,18,0.0,0.0,0.0,3347,0,0.0,0.0,0.0,2484,3,0.0,0.0,0.0,1917,0,0.0,0.0,0.0,214,0,0.0588235294117647,0.2916666666666667,0.0979020979020979,24,119,0.001357520581223,0.9999150037765504,1152949,282,0.3257107424894648,4.236253541894257,1.9849379062652588,0.45828577876091,21899,6,1.0285655777040206,0.0715359169989824,1.0497089624404907,0.9434801936149596,253628,62,1.3253004858832436,0.9607738750055432,1.759685754776001,0.6476024985313416,16663,5,0.8219620349211851,0.0554426669841632,1.330114483833313,0.8266053199768066,228052,56,1.258616428952324,0.8377886660164222,6.161794666899368,0.001607833080925,6.163402499980293,1.5337631669826806,7.697165666962974,0.0167931250762194
18,2.766444131600774,0.9608218841865108,0.1845844482458165,0.1733616465091906,0.1845844482458165,0.1387979997458745,0.9433156412728666,0.299380225285623,0.0,0.0,0.9647586351853148,0.9999012443215484,0.9820156352293296,344284,356825,0.1493055555555555,0.6231884057971014,0.2408963585434173,345,1440,0.1089743589743589,0.0523076923076923,0.0706860706860706,325,156,0.0833333333333333,0.002301495972382,0.0044792833146696,869,24,0.3684210526315789,0.0014789773927741,0.0029461279461279,4733,19,0.0,0.0,0.0,3347,0,0.0,0.0,0.0,2484,3,0.0,0.0,0.0,1917,0,0.0,0.0,0.0,214,7,0.0588235294117647,0.1666666666666666,0.0869565217391304,24,68,0.0013155292253941,0.9999236464500428,1152949,282,0.3218762053425451,4.287548583000898,1.9495593309402464,0.463948130607605,21899,6,1.0466847006579325,0.0730643339920789,1.03654944896698,0.9489369988441468,253628,62,1.353853816488057,0.9153993749059736,1.711429238319397,0.6492228507995605,16663,5,0.7773444149359539,0.0813355409773066,1.3205409049987793,0.8296353220939636,228052,56,1.214476901426233,0.8207325000548735,6.178080332931131,0.0011911250185221,6.179271457949653,1.5120086249662563,7.69128008291591,0.0184833341045305
19,2.752168567494278,0.9608163060394598,0.2279772947816645,0.1785323690196197,0.2279772947816645,0.1603615130573653,0.9433332608814364,0.3074876473223947,0.0,0.0,0.96476664770291,0.9998983397427704,0.982018385263263,344284,356821,0.148119723714505,0.5594202898550724,0.2342233009708738,345,1303,0.1048951048951049,0.0923076923076923,0.0981996726677577,325,286,0.0769230769230769,0.002301495972382,0.0044692737430167,869,26,0.3076923076923077,0.000845129938728,0.001685630004214,4733,13,0.0,0.0,0.0,3347,0,0.0,0.0,0.0,2484,3,0.0,0.0,0.0,1917,0,0.0,0.0,0.0,214,8,0.1829268292682926,0.625,0.2830188679245283,24,82,0.0012730074813589,0.9999193549156188,1152949,282,0.3146191559976956,4.27376174996607,1.9299910068511963,0.4657746851444244,21899,6,1.0470654088485247,0.0736187080619856,1.0256818532943726,0.9531952142715454,253628,62,1.2173623168825942,0.9064002499217167,1.7145310640335083,0.6495229005813599,16663,5,0.8105355675609505,0.0550278340233489,1.3133745193481443,0.8379799127578735,228052,56,1.200793086392571,0.8266513750422746,6.135459917015396,0.001261374913156,6.136721291928552,1.5332492919405922,7.669970583869144,0.0165068749338388
20,2.707966960364234,0.9608135169659344,0.2116106572923817,0.18592494542238,0.2116106572923817,0.1585330090712137,0.94338506325642,0.3111955353029132,0.0,0.0,0.9648261346023952,0.9998983397427704,0.9820492010218476,344284,356799,0.1475279106858054,0.5362318840579711,0.2313946216385241,345,1254,0.103542234332425,0.1169230769230769,0.1098265895953757,325,367,0.09375,0.003452243958573,0.0066592674805771,869,32,0.375,0.0012676949080921,0.0025268477574226,4733,16,0.0,0.0,0.0,3347,0,0.0,0.0,0.0,2484,3,0.0,0.0,0.0,1917,0,0.0,0.0,0.0,214,8,0.1746031746031746,0.4583333333333333,0.2528735632183908,24,63,0.0012731180759146,0.9999158382415771,1152949,282,0.3115166428700937,4.22467558295466,1.9253878593444824,0.4684232175350189,21899,6,1.0440789521681435,0.0974817500682547,1.0327001810073853,0.9560182690620422,253628,62,1.271828101761498,0.9152963329106568,1.7253421545028689,0.6585848927497864,16663,5,0.8296431360982843,0.0562067499849945,1.2970860004425049,0.8425183892250061,228052,56,1.1743453547662852,0.829685875098221,6.123346291016787,0.0011824169196188,6.124528707936406,1.5347678330726922,7.659296541009098,0.0173943759873509
21,2.6934528014678865,0.960802360671832,0.2275750856153889,0.1732656592680835,0.2275750856153889,0.1568114810337069,0.9434043025673952,0.3128583189946304,0.0,0.0,0.9649069698345696,0.9998896260064364,0.9820868696954568,344284,356766,0.1484823625922887,0.5246376811594203,0.2314578005115089,345,1219,0.1,0.123076923076923,0.1103448275862069,325,400,0.064516129032258,0.002301495972382,0.0044444444444444,869,31,0.3076923076923077,0.000845129938728,0.001685630004214,4733,13,0.0,0.0,0.0,3347,0,0.0,0.0,0.0,2484,3,0.0,0.0,0.0,1917,0,0.0,0.0,0.0,214,8,0.1470588235294117,0.625,0.238095238095238,24,102,0.0012594816507771,0.9999279975891112,1152949,282,0.3126927515225254,4.202431250014342,1.9432921409606936,0.4651810526847839,21899,6,1.0573758733232024,0.0738605420337989,1.0013883113861084,0.954819679260254,253628,62,1.2002413021553946,0.9513437919085844,1.6427119970321655,0.6621256470680237,16663,5,0.7687896474784958,0.0559048330178484,1.2921117544174194,0.839808464050293,228052,56,1.1791068117885188,0.8313314999686554,6.11487191694323,0.0012074159458279,6.116079332889058,1.5361024170415476,7.652181749930605,0.0180111239897087
22,2.6933246733078184,0.9608163060394598,0.2243579654100312,0.1794850822292451,0.2243579654100312,0.1615228794814581,0.9434091332067344,0.3157144637300816,0.0,0.0,0.9648990528938732,0.9998954351639924,0.98208557103223,344284,356771,0.1465721040189125,0.5391304347826087,0.2304832713754646,345,1269,0.1013333333333333,0.1169230769230769,0.1085714285714285,325,375,0.1071428571428571,0.003452243958573,0.0066889632107023,869,28,0.2857142857142857,0.000845129938728,0.0016852749104697,4733,14,0.0,0.0,0.0,3347,0,0.0,0.0,0.0,2484,3,0.0,0.0,0.0,1917,0,0.0,0.0,0.0,214,8,0.1891891891891892,0.5833333333333334,0.2857142857142857,24,74,0.0012313483748584,0.9999271631240844,1152949,282,0.3093027429281209,4.229991166037507,1.922070860862732,0.4626695215702057,21899,6,1.0529006789493731,0.0720660829683765,0.992700219154358,0.9536131620407104,253628,62,1.137910522931258,0.9137221670243888,1.618170142173767,0.6720278263092041,16663,5,0.7601453051852406,0.0779507079860195,1.2821598052978516,0.841825544834137,228052,56,1.2092898596074566,0.8305146669736132,6.124244790989906,0.0012022500159218,6.1254470410058275,1.5146411249879748,7.640088165993802,0.0163371259113773
23,2.647615415651156,0.9608330404806132,0.230695734550017,0.1696138711275953,0.230695734550017,0.1551661180982347,0.9435222368299436,0.3146843415811524,0.0,0.0,0.965112562729541,0.9998896260064364,0.9821933481127688,344284,356690,0.1477635782747604,0.5362318840579711,0.2316844082654978,345,1252,0.1103117505995203,0.1415384615384615,0.1239892183288409,325,417,0.0833333333333333,0.003452243958573,0.0066298342541436,869,36,0.2666666666666666,0.000845129938728,0.0016849199663016,4733,15,0.0,0.0,0.0,3347,0,0.0,0.0,0.0,2484,3,0.0,0.0,0.0,1917,0,0.0,0.0,0.0,214,7,0.1229508196721311,0.625,0.2054794520547945,24,122,0.0012055278057232,0.9999366998672484,1152949,282,0.306263248191413,4.273205333971418,1.9125081300735471,0.4729896485805511,21899,6,1.072216906595965,0.0693834580015391,0.995087742805481,0.9512829780578612,253628,62,1.249283957285483,0.9119785419898108,1.676448106765747,0.6665666699409485,16663,5,0.9386400066558674,0.0592005000216886,1.2733577489852903,0.8427945971488953,228052,56,1.2064599634237854,0.8368761249585077,6.150643958942965,0.0012096250429749,6.15185358398594,1.538662208011374,7.6905157919973135,0.019994291011244
24,2.5533242469575588,0.9608051497453576,0.2310657457481866,0.175856428855195,0.2310657457481866,0.1506711196542816,0.9436069373624928,0.3203116107363088,0.0,0.0,0.9652897150660807,0.9998460573247668,0.9822640545703838,344284,356609,0.1470355731225296,0.5391304347826087,0.231055900621118,345,1265,0.1074766355140186,0.1415384615384615,0.1221779548472775,325,428,0.0652173913043478,0.003452243958573,0.0065573770491803,869,46,0.3809523809523809,0.0016902598774561,0.0033655868742111,4733,21,0.0,0.0,0.0,3347,0,0.0,0.0,0.0,2484,3,0.0,0.0,0.0,1917,0,0.0,0.0,0.0,214,8,0.0925925925925925,0.625,0.1612903225806451,24,162,0.001242195139639,0.9999141097068788,1152949,282,0.3086141904153089,4.223726792028174,1.880834937095642,0.4726699888706207,21899,6,1.0461314704866185,0.0964949580375105,0.9899465441703796,0.9513105750083924,253628,62,1.2363528758399376,0.913350332994014,1.6812849044799805,0.6615855693817139,16663,5,0.7431237414095129,0.0556291660759598,1.2878063917160034,0.8320382833480835,228052,56,1.253156739160582,0.8328430419787765,6.122044291114435,0.0012345000868663,6.123278791201301,1.5394270409597084,7.662705832161009,0.0181506249355152
25,2.6305415351487538,0.9608246732600364,0.2321221229620505,0.2016859050719789,0.2321221229620505,0.1569256357239853,0.9435769053386238,0.3211882660322872,0.0,0.0,0.96514897900247,0.9998460573247668,0.98219118475772,344284,356661,0.1495098039215686,0.5304347826086957,0.2332695984703633,345,1224,0.1125827814569536,0.1569230769230769,0.1311053984575835,325,453,0.1111111111111111,0.0069044879171461,0.0130010834236186,869,54,0.5555555555555556,0.0021128248468201,0.0042096400757735,4733,18,0.0,0.0,0.0,3347,0,0.0,0.0,0.0,2484,3,0.0,0.0,0.0,1917,0,0.0,0.0,0.0,214,7,0.1229508196721311,0.625,0.2054794520547945,24,122,0.0012475410476326,0.9999132752418518,1152949,282,0.3150618522451416,4.257306667044759,1.8400558233261108,0.4833554029464721,21899,6,1.003183505470461,0.0810438329353928,1.0006505250930786,0.9521267414093018,253628,62,1.1772283531380656,0.9238021660130472,1.5851668119430542,0.6740682721138,16663,5,0.7461808288647286,0.0564663750119507,1.259113907814026,0.8463069796562195,228052,56,1.304268915448519,0.8299025829182938,6.148521623923443,0.0011080410331487,6.149629664956592,1.5200047090183944,7.669634373974986,0.0171081679873168
26,2.536742905941495,0.9608163060394598,0.2318015304974038,0.2041737948258498,0.2318015304974038,0.1549029311600998,0.9436436442556044,0.3307713318577408,0.0,0.0,0.9652565519020566,0.9998257252733208,0.9822370730120502,344284,356614,0.1491085899513776,0.5333333333333333,0.2330588980367321,345,1234,0.1038961038961039,0.1476923076923077,0.121982210927573,325,462,0.1290322580645161,0.0092059838895281,0.0171858216970998,869,62,0.5833333333333334,0.0029579547855482,0.0058860626445238,4733,24,0.0,0.0,0.0,3347,0,0.0,0.0,0.0,2484,3,0.0,0.0,0.0,1917,0,0.0,0.0,0.0,214,8,0.1111111111111111,0.625,0.1886792452830188,24,135,0.0011966174934059,0.9999236464500428,1152949,282,0.3036498458900591,4.318761624977924,1.8790514469146729,0.4759121537208557,21899,6,1.0489167516973383,0.0733384999912232,0.9936562180519104,0.9495402574539183,253628,62,1.261368840299704,0.9462422080105172,1.6673568487167358,0.6644061803817749,16663,5,0.8102095269606533,0.0556098340312019,1.2507354021072388,0.8526082038879395,228052,56,1.1405417954131682,0.8270542500540614,6.2210064170649275,0.001172124990262,6.22217854205519,1.5261966249672696,7.748375167022459,0.0170139579568058
27,2.570312741175662,0.960852563995292,0.2324670292213272,0.210137586641679,0.2324670292213272,0.1575533160802246,0.943615818414668,0.3326343203250397,0.0,0.0,0.9651846472621848,0.9998605802186566,0.982216661411796,344284,356653,0.1482919254658385,0.553623188405797,0.2339252908756889,345,1288,0.11,0.1353846153846153,0.1213793103448275,325,400,0.1272727272727272,0.0080552359033371,0.0151515151515151,869,55,0.6190476190476191,0.0027466723008662,0.0054690786705931,4733,21,0.0,0.0,0.0,3347,0,0.0,0.0,0.0,2484,3,0.0,0.0,0.0,1917,0,0.0,0.0,0.0,214,8,0.131578947368421,0.625,0.217391304347826,24,114,0.0012079189764335,0.999928891658783,1152949,282,0.3122491128392519,4.286400959012099,1.8394089937210083,0.4749988615512848,21899,6,1.0255241624980895,0.0734563340665772,0.9643632173538208,0.9573785066604614,253628,62,1.189311241431996,0.931982708047144,1.6175507307052612,0.6721478700637817,16663,5,0.7917147578541002,0.0876722499961033,1.2470817565917969,0.8537395000457764,228052,56,1.1443757669275965,0.8589293329278007,6.238441584049724,0.0021308750146999,6.240572459064424,1.5104032499948516,7.750975709059276,0.0177489989437162
28,2.486768748060196,0.9608330404806132,0.2327336443585175,0.2035993294773426,0.2327336443585175,0.1501395998546709,0.9438310347190269,0.3370651234426216,0.0,0.0,0.96549093306032,0.9997908703279852,0.9823415843915302,344284,356515,0.1488334674175382,0.5362318840579711,0.2329974811083123,345,1243,0.1072210065645514,0.1507692307692307,0.1253196930946291,325,457,0.1290322580645161,0.0092059838895281,0.0171858216970998,869,62,0.6122448979591837,0.0063384745404605,0.0125470514429109,4733,49,0.0,0.0,0.0,3347,0,0.0,0.0,0.0,2484,3,0.0,0.0,0.0,1917,0,0.0,0.0,0.0,214,8,0.073170731707317,0.625,0.131004366812227,24,205,0.0011806839611381,0.9999115467071532,1152949,282,0.3019955845641636,4.240506416070275,1.8334442377090456,0.4821224808692932,21899,6,1.0167609043184975,0.0732923750765621,0.9793030619621276,0.946705400943756,253628,62,1.2735723288076253,0.9167026670183986,1.5960638523101809,0.6734681725502014,16663,5,0.7719991155839598,0.0557361670071259,1.2459779977798462,0.8496482968330383,228052,56,1.2479796678807726,0.8336110829841346,6.119848708156496,0.0012037500273436,6.12105245818384,1.5420437089633197,7.66309616714716,0.0185054169269278
29,2.476633196011909,0.9608637202893944,0.2333098950724735,0.1965067887014824,0.2333098950724735,0.1505446065454254,0.9437608661410832,0.3369488752307245,0.0,0.0,0.9654001267661724,0.9998286298520987,0.9823128048101866,344284,356562,0.1505535055350553,0.591304347826087,0.24,345,1355,0.0982142857142857,0.1015384615384615,0.0998487140695915,325,336,0.1525423728813559,0.0103567318757192,0.0193965517241379,869,59,0.5106382978723404,0.0050707796323684,0.0100418410041841,4733,47,0.0,0.0,0.0,3347,0,0.0,0.0,0.0,2484,3,0.0,0.0,0.0,1917,0,0.0,0.0,0.0,214,9,0.087719298245614,0.625,0.1538461538461538,24,171,0.0012309533776715,0.9998993873596193,1152949,282,0.3106813455478918,4.233351167058572,1.8071190118789673,0.4859582483768463,21899,6,1.0063593482939797,0.0976189170032739,0.9566851258277892,0.9569921493530272,253628,62,1.1039497593352496,0.908458665944636,1.6379088163375854,0.6725679636001587,16663,5,0.7638287188061504,0.0559257919667288,1.2403647899627686,0.8500341773033142,228052,56,1.1808802842110249,0.8411739169387147,6.1365284589119256,0.0012055410770699,6.1377339999889955,1.5376807919237765,7.675414791912772,0.016547916107811
30,2.420702151914807,0.9608469858482408,0.2342177641301239,0.1869900387117717,0.2342177641301239,0.144489800032447,0.9438718450577672,0.3443084038113055,0.0,0.0,0.9657001781481014,0.9998112023794308,0.982459695545639,344284,356445,0.1506751954513148,0.6144927536231884,0.2420091324200913,345,1407,0.0957095709570957,0.0892307692307692,0.0923566878980891,325,303,0.135593220338983,0.0092059838895281,0.0172413793103448,869,59,0.4666666666666667,0.0044369321783224,0.0087902888237756,4733,45,0.0,0.0,0.0,3347,0,0.0,0.0,0.0,2484,3,0.0,0.0,0.0,1917,0,0.0,0.0,0.0,214,10,0.0555555555555555,0.625,0.1020408163265306,24,270,0.0011802043300122,0.9999080896377563,1152949,282,0.305428950963777,4.337093957932666,1.817549228668213,0.4852733016014099,21899,6,1.0194107638522514,0.0729979999596253,0.9603766798973083,0.9556713104248048,253628,62,1.1969492877099206,0.9542411250295116,1.6175663471221924,0.672868013381958,16663,5,0.7590795762309346,0.0563041670247912,1.2482644319534302,0.8572167754173279,228052,56,1.1556295940654455,0.839891541050747,6.260528790997341,0.0012021659640595,6.261730956961401,1.5299479169771075,7.791678873938508,0.019183584023267
31,2.442814309767446,0.9608553530688176,0.2348160850848518,0.1833518698784714,0.2348160850848518,0.1450915661790646,0.9438213875473832,0.3496713364537819,0.0,0.0,0.965622001918772,0.9998228206945428,0.9824248460961068,344284,356478,0.1506657323055361,0.6231884057971014,0.2426636568848758,345,1427,0.1032028469750889,0.0892307692307692,0.0957095709570957,325,281,0.1224489795918367,0.0069044879171461,0.0130718954248366,869,49,0.4318181818181818,0.0040143672089583,0.0079547833368222,4733,44,0.0,0.0,0.0,3347,0,0.0,0.0,0.0,2484,3,0.0,0.0,0.0,1917,0,0.0,0.0,0.0,214,9,0.0597609561752988,0.625,0.109090909090909,24,251,0.0012092875549569,0.9999106526374816,1152949,282,0.3124017308556488,4.2906984579749405,1.791473627090454,0.4900223612785339,21899,6,0.9756022252431008,0.0735952500253915,0.933525025844574,0.958809733390808,253628,62,1.1588919474483068,0.9327942499658092,1.5620949268341064,0.6753885746002197,16663,5,0.7392348987651428,0.0780169579666107,1.2194567918777466,0.8614307045936584,228052,56,1.0795590988536363,0.8219362499658018,6.197041165898554,0.0012122091138735,6.198253375012428,1.5140069170156494,7.712260292028077,0.0185810840921476
32,2.494307809755911,0.9608804547305476,0.2356713156329277,0.1840671358239289,0.2356713156329277,0.1488302027446144,0.9437181652046442,0.3486947316989155,0.0,0.0,0.9654114420172591,0.9998431527459888,0.9823256716515872,344284,356563,0.1511864406779661,0.6463768115942029,0.245054945054945,345,1475,0.1085972850678733,0.0738461538461538,0.0879120879120879,325,221,0.125,0.0080552359033371,0.0151351351351351,869,56,0.4047619047619047,0.0035918022395943,0.0071204188481675,4733,42,0.0,0.0,0.0,3347,0,0.0,0.0,0.0,2484,3,0.0,0.0,0.0,1917,0,0.0,0.0,0.0,214,7,0.0857142857142857,0.625,0.1507537688442211,24,175,0.001157734892331,0.9999080896377563,1152949,282,0.3039019174316006,4.2718873750418425,1.7861154079437256,0.4924425780773163,21899,6,0.9762447813086282,0.0726675419136881,0.9668104648590088,0.9581236839294434,253628,62,1.1490412498842923,0.91008820803836,1.5175226926803589,0.6815699338912964,16663,5,0.7387042158542269,0.0594118329463526,1.2200623750686646,0.8604221940040588,228052,56,1.1185988084961391,0.833350665983744,6.147405623923987,0.0012782500125467,6.148683873936534,1.5989436251111329,7.747627499047667,0.0183605420170351
33,2.4378084244319123,0.9609055563922776,0.2366118957001022,0.1962135119897056,0.2366118957001022,0.1489788953269232,0.9438155616790964,0.3485939055447789,0.0,0.0,0.9654868721092976,0.9998315344308768,0.9823591104642452,344284,356531,0.1521145975443383,0.6463768115942029,0.2462727774710104,345,1466,0.1111111111111111,0.08,0.0930232558139534,325,234,0.1454545454545454,0.0092059838895281,0.0173160173160173,869,55,0.5094339622641509,0.0057046270864145,0.0112829084830756,4733,53,0.0,0.0,0.0,3347,0,0.0,0.0,0.0,2484,3,0.0,0.0,0.0,1917,0,0.0,0.0,0.0,214,9,0.0785340314136125,0.625,0.1395348837209302,24,191,0.0011548950569704,0.9998993873596193,1152949,282,0.2959814863933198,4.171709917020053,1.8023874759674072,0.4890177547931671,21899,6,1.0216374255266851,0.0922535409918055,0.9460723400115968,0.955458402633667,253628,62,1.180717274592343,0.9690384999848902,1.5447832345962524,0.6779091358184814,16663,5,0.8903941432504814,0.0585699580842629,1.230313062667847,0.8611281514167786,228052,56,1.1163428913594542,0.8337390000233427,6.125310916104354,0.0011456250213086,6.126456541125663,1.550280708936043,7.676737250061706,0.017154958914034
34,2.40693852299385,0.9608944000981754,0.234851557620401,0.2214881409607103,0.234851557620401,0.1501363407131614,0.9438532587372296,0.3566300933968662,0.0,0.0,0.9655273971642148,0.9998286298520987,0.9823786849010916,344284,356515,0.1511047754811119,0.6144927536231884,0.2425629290617849,345,1403,0.0946372239747634,0.0923076923076923,0.0934579439252336,325,317,0.140625,0.0103567318757192,0.0192926045016077,869,64,0.5272727272727272,0.0061271920557785,0.0121136173767752,4733,55,0.0,0.0,0.0,3347,0,0.25,0.000402576489533,0.0008038585209003,2484,4,0.0,0.0,0.0,1917,0,0.0,0.0,0.0,214,9,0.0857142857142857,0.625,0.1507537688442211,24,175,0.0011533156502991,0.9999158382415771,1152949,282,0.2996610259806876,4.281079291016795,1.7846708297729492,0.4903420209884643,21899,6,0.9731211929853204,0.0764875410823151,0.9450598359107972,0.956597864627838,253628,62,1.1749561399278634,0.9447203750023618,1.6079875230789185,0.6743683815002441,16663,5,0.7413846083870068,0.0560241659404709,1.2252342700958252,0.8642107844352722,228052,56,1.1346519359096447,0.8530929579865187,6.2114043310284615,0.0011485000140964,6.212552831042558,1.5561192909954116,7.7686721220379695,0.0192873770138248
35,2.4015481446762164,0.9608748765834964,0.2343575315769491,0.1969005995206543,0.2343575315769491,0.1490429265861236,0.9438208280068346,0.3592041865525195,0.0,0.0,0.965524688934017,0.9998286298520987,0.9823772831050228,344284,356516,0.1503597122302158,0.6057971014492753,0.2409221902017291,345,1390,0.0960960960960961,0.0984615384615384,0.0972644376899696,325,333,0.1333333333333333,0.0092059838895281,0.0172228202368137,869,60,0.5434782608695652,0.0052820621170504,0.0104624398409709,4733,46,0.0,0.0,0.0,3347,0,0.0,0.0,0.0,2484,3,0.0,0.0,0.0,1917,0,0.0,0.0,0.0,214,7,0.0802139037433155,0.625,0.1421800947867298,24,187,0.0011436751810833,0.9999132752418518,1152949,282,0.3007668604559281,4.303515249979682,1.78408682346344,0.4913466274738312,21899,6,0.9960361211599154,0.0721584159182384,0.9382115602493286,0.9549221992492676,253628,62,1.1434162888471326,0.9469907080056146,1.556488275527954,0.6791093945503235,16663,5,0.7364853835207742,0.0560412090271711,1.2131801843643188,0.8638468384742737,228052,56,1.0977560987230908,0.8254060840699822,6.204111667000689,0.0010726250475272,6.205184292048216,1.5290639579761771,7.734248250024393,0.0166054579894989
36,2.430609665003258,0.9608888219511242,0.2339340716237479,0.1979449669648773,0.2339340716237479,0.1476995228824607,0.9439388099683892,0.3613864065568506,0.0,0.0,0.96566553705283,0.9998286298520987,0.9824501818057276,344284,356464,0.1514694800301431,0.5826086956521739,0.2404306220095693,345,1327,0.0989304812834224,0.1138461538461538,0.105865522174535,325,374,0.136986301369863,0.0115074798619102,0.0212314225053078,869,73,0.5636363636363636,0.0065497570251426,0.0129490392648287,4733,55,0.0,0.0,0.0,3347,0,0.0,0.0,0.0,2484,3,0.0,0.0,0.0,1917,0,0.0,0.0,0.0,214,7,0.0627615062761506,0.625,0.1140684410646387,24,239,0.0012248734710738,0.9999150037765504,1152949,282,0.3194794846233109,4.197764458018355,1.7547550201416016,0.4917119443416595,21899,6,0.9819900395935014,0.0723149159457534,0.9339940547943116,0.9587821364402772,253628,62,1.1768220947246153,0.9443898750469089,1.5178802013397217,0.6873912215232849,16663,5,0.807628832160001,0.0818456249544397,1.2086092233657837,0.8671793937683105,228052,56,1.1536475879241082,0.8471350419567898,6.143449915922247,0.0012302910909056,6.1446802070131525,1.5075082499533892,7.652188456966542,0.0169507510727271
37,2.3281853020102723,0.9610059630391976,0.2529221963823557,0.2518247908157675,0.2529221963823557,0.1766700649484052,0.9441782685441262,0.365286370068541,0.0,0.0,0.9658171696964426,0.9998257252733208,0.9825272481022304,344284,356407,0.1532682193839218,0.591304347826087,0.2434367541766109,345,1331,0.0966183574879227,0.123076923076923,0.108254397834912,325,414,0.15,0.0103567318757192,0.0193756727664155,869,60,0.5079365079365079,0.0067610395098246,0.0133444537114261,4733,63,0.0,0.0,0.0,3347,0,0.0,0.0,0.0,2484,3,0.0,0.0,0.0,1917,0,0.5692307692307692,0.1728971962616822,0.2652329749103942,214,65,0.0753768844221105,0.625,0.1345291479820627,24,199,0.0011294450378045,0.9999115467071532,1152949,282,0.297251831487677,4.2671413329662755,1.7815871238708496,0.4868258833885193,21899,6,0.9878341036428128,0.0741180418990552,0.9252662658691406,0.9562705755233764,253628,62,1.1522798706388144,0.9094817920122296,1.5381168127059937,0.6818699836730957,16663,5,0.7366934061242078,0.0572245420189574,1.2085075378417969,0.8641406297683716,228052,56,1.1258907202680593,0.8325737920822576,6.140539500978775,0.0012106250505894,6.141750126029365,1.559956083074212,7.701706209103577,0.0173473739996552
38,2.3155690714339023,0.960902767318752,0.2351778295175524,0.261856665964096,0.2351778295175524,0.1536368345814701,0.9440021810828704,0.3661401655889639,0.0,0.0,0.9656899187835772,0.9998286298520987,0.982462799986871,344284,356455,0.1506849315068493,0.5420289855072464,0.2358133669609079,345,1241,0.0991735537190082,0.1476923076923077,0.1186650185414091,325,484,0.1475409836065573,0.0103567318757192,0.0193548387096774,869,61,0.4925373134328358,0.0069723219945066,0.01375,4733,67,0.0,0.0,0.0,3347,0,0.5,0.001207729468599,0.0024096385542168,2484,6,0.0,0.0,0.0,1917,0,0.1904761904761904,0.0186915887850467,0.0340425531914893,214,21,0.072463768115942,0.625,0.1298701298701298,24,207,0.0011736727319657,0.9999063014984132,1152949,282,0.3010141456820985,4.248251250013709,1.752819299697876,0.4977396130561828,21899,6,0.9477915051336336,0.0980115419952198,0.9381542205810548,0.9599334597587584,253628,62,1.1333298669161915,0.9073921670205892,1.513664722442627,0.6808497905731201,16663,5,0.7102195568451289,0.0551744169788435,1.2250460386276243,0.849709689617157,228052,56,1.263293723034192,0.8307170839980245,6.139546460006386,0.0012084589106962,6.140754918917082,1.544494584086351,7.685249503003433,0.0183859979733824
39,2.3947461853248067,0.9608916110246498,0.2342471312918315,0.2201367992496047,0.2342471312918315,0.1515026539994999,0.943869762608978,0.3643534885089962,0.0,0.0,0.9655222708403456,0.9998373435884328,0.9823802375557216,344284,356520,0.1516103692065986,0.5594202898550724,0.2385661310259579,345,1273,0.1050228310502283,0.1415384615384615,0.1205766710353866,325,438,0.1666666666666666,0.0103567318757192,0.0195016251354279,869,54,0.4827586206896552,0.0059159095710965,0.0116885827593404,4733,58,0.0,0.0,0.0,3347,0,0.25,0.000402576489533,0.0008038585209003,2484,4,0.0,0.0,0.0,1917,0,0.0,0.0,0.0,214,7,0.0797872340425532,0.625,0.1415094339622641,24,188,0.0011393278837203,0.9999115467071532,1152949,282,0.3021276194425875,4.241718958015554,1.7546783685684204,0.4936755001544952,21899,6,0.9570407935075396,0.0727227500174194,0.9177064895629884,0.959696888923645,253628,62,1.0904094870969994,0.9323506250511856,1.5537421703338623,0.6805497407913208,16663,5,0.7020942159045349,0.0560112500097602,1.2003010511398315,0.8730552792549133,228052,56,1.1062360904110085,0.8213136250851676,6.1241172081790864,0.0020012089516967,6.126118417130783,1.5236154169542715,7.649733834085055,0.0156647918047383
40,2.3031918903352353,0.960902767318752,0.2372382778482728,0.2508675931931977,0.2372382778482728,0.1523021694585738,0.9440300120135467,0.3727807184320745,0.0,0.0,0.9657896878060004,0.9998141069582088,0.9825074176141756,344284,356413,0.1524663677130044,0.591304347826087,0.2424242424242424,345,1338,0.0951156812339331,0.1138461538461538,0.103641456582633,325,389,0.1470588235294117,0.0115074798619102,0.0213447171824973,869,68,0.4285714285714285,0.0063384745404605,0.0124921923797626,4733,70,0.0,0.0,0.0,3347,0,0.4285714285714285,0.001207729468599,0.0024086712163789,2484,7,0.0,0.0,0.0,1917,0,0.2272727272727272,0.0233644859813084,0.0423728813559322,214,22,0.0638297872340425,0.625,0.1158301158301158,24,235,0.0011001961538568,0.9999106526374816,1152949,282,0.2864913164304123,4.245233582914807,1.7337782382965088,0.5015754103660583,21899,6,1.009665118035512,0.0759685420198366,0.9085747003555298,0.9589122533798218,253628,62,1.1124163212407483,0.9544462090125309,1.4893198013305664,0.6839104890823364,16663,5,0.7572033605545873,0.0775750420289114,1.201777696609497,0.8702269792556763,228052,56,1.14237824183264,0.8702012919820845,6.22342466795817,0.0012784170685335,6.224703085026704,1.5353267079917714,7.760029793018475,0.0189918320393189
41,2.27907290433649,0.9609306580540076,0.23698963682170304,0.26827397227457167,0.23698963682170304,0.15059001423664203,0.94416706752344,0.375334424284221,0.0,0.0,0.9659607187255334,0.9998228206945429,0.9826001196054448,344284,356353,0.1510015408320493,0.5681159420289855,0.23858794887401097,345,1298,0.10321100917431193,0.13846153846153847,0.11826544021024968,325,436,0.15789473684210525,0.010356731875719217,0.019438444924406047,869,57,0.4875,0.008240016902598775,0.016206108456264284,4733,80,0.0,0.0,0.0,3347,0,0.5,0.0012077294685990338,0.0024096385542168677,2484,6,0.0,0.0,0.0,1917,0,0.26666666666666666,0.018691588785046728,0.034934497816593885,214,15,0.050505050505050504,0.625,0.09345794392523364,24,297,0.0011472852202132344,0.9999063014984131,1152949,282,0.3024123411359092,5.179751874995418,1.7323158979415894,0.4999315142631531,21899,6,0.954011159262653,0.11206491698976606,0.9657043218612671,0.9568777680397034,253628,62,1.3359885233900823,0.9207633750047535,1.4699681997299194,0.687751293182373,16663,5,0.7219763973061244,0.12798620795365423,1.2078958749771118,0.8632504940032959,228052,56,1.0893715404588522,0.8302462910069153,7.170812665950507,0.002247416996397078,7.173060082946904,1.412861124961637,8.585921207908541,0.46631991711910814
42,2.2312980097392905,0.9608553530688176,0.23653988108286592,0.2517018100841909,0.23653988108286592,0.14584907220102344,0.9445489307086705,0.3786543573976803,0.0,0.0,0.9668460643921731,0.9997647291189832,0.9830298876179868,344284,356006,0.15134706814580032,0.553623188405797,0.23771001866832608,345,1262,0.10278372591006424,0.1476923076923077,0.12121212121212122,325,467,0.1896551724137931,0.012658227848101266,0.023732470334412083,869,58,0.47761194029850745,0.006761039509824636,0.013333333333333334,4733,67,0.0,0.0,0.0,3347,0,0.5,0.0012077294685990338,0.0024096385542168677,2484,6,0.0,0.0,0.0,1917,0,0.10526315789473684,0.018691588785046728,0.031746031746031744,214,38,0.023510971786833857,0.625,0.045317220543806644,24,638,0.0011555145028978586,0.9998854994773865,1152949,282,0.2998197606891992,4.096076457994059,1.7052241563796997,0.503538966178894,21899,6,0.9585397616139618,0.09013654198497534,0.9623839259147644,0.9300786852836609,253628,62,1.4067633281359502,0.8784411660162732,1.4980932474136353,0.6872711777687073,16663,5,0.7008365842891561,0.05328075005672872,1.2047209739685059,0.8662235140800476,228052,56,1.097716860098991,0.8129108329303563,5.930845748982392,0.0011463750852271914,5.931992124067619,1.4851447920082137,7.417136916075833,0.018080918001942337
43,2.322895978158791,0.9609473924951609,0.23624171135803063,0.274556462537218,0.23624171135803063,0.14947321019396367,0.9442455537701009,0.3745769868746533,0.0,0.0,0.966058789521837,0.9998373435884328,0.9826578704721342,344284,356322,0.15110759493670886,0.553623188405797,0.23741454319453076,345,1264,0.10467706013363029,0.14461538461538462,0.12144702842377261,325,449,0.17307692307692307,0.010356731875719217,0.019543973941368076,869,52,0.5733333333333334,0.009085146841326854,0.01788685524126456,4733,75,0.0,0.0,0.0,3347,0,0.5,0.0012077294685990338,0.0024096385542168677,2484,6,0.0,0.0,0.0,1917,0,0.23529411764705882,0.018691588785046728,0.03463203463203463,214,17,0.04201680672268908,0.625,0.07874015748031496,24,357,0.0011844069231301546,0.999887228012085,1152949,282,0.30847771038263555,4.040967999957502,1.70438814163208,0.5016210675239563,21899,6,0.9314112390871884,0.09217179205734283,0.9071998000144958,0.9615263342857361,253628,62,1.1559722234873777,0.8671029580291361,1.471898078918457,0.6828902363777161,16663,5,0.700167292934754,0.05323433398734778,1.1890281438827515,0.8664778470993042,228052,56,1.148377820008325,0.7854962080018595,5.838973292033188,0.001235875068232417,5.8402091671014205,1.4650594579288736,7.305268625030294,0.017945666913874447
44,2.2628177047390814,0.9610115411862488,0.256051119375332,0.30303135700973705,0.256051119375332,0.17994158999858012,0.9443727579585097,0.37783951869669985,0.0,0.0,0.9660741048424669,0.999808297800653,0.9826517649409783,344284,356306,0.15167095115681234,0.5130434782608696,0.23412698412698413,345,1167,0.1037567084078712,0.17846153846153845,0.13122171945701358,325,559,0.18518518518518517,0.011507479861910242,0.021668472372697724,869,54,0.5151515151515151,0.007183604479188675,0.014169618670556366,4733,66,0.0,0.0,0.0,3347,0,0.5,0.0012077294685990338,0.0024096385542168677,2484,6,0.0,0.0,0.0,1917,0,0.5581395348837209,0.22429906542056074,0.32,214,86,0.050335570469798654,0.625,0.09316770186335403,24,298,0.001120604109019041,0.9999132752418518,1152949,282,0.2884113686124075,4.0232730419375,1.7251795530319214,0.499977171421051,21899,6,0.9775123783093692,0.06919870804995298,0.9323979020118713,0.9622675776481628,253628,62,1.2643952259799742,0.8954611250665039,1.5261914730072021,0.6815099120140076,16663,5,0.7213653188175044,0.05415004200767726,1.1878045797348022,0.8676398396492004,228052,56,1.068886706953275,0.7923431670060381,5.8344260840676725,0.001199082937091589,5.835625167004764,1.4546185840154067,7.290243751020171,0.01912358298432082
45,2.267962461907589,0.9609752832304165,0.2533436726293085,0.28497343372530126,0.2533436726293085,0.17067009027253113,0.9446645594684053,0.3796302501988135,0.0,0.0,0.9667572911517548,0.9997908703279851,0.9829966358812677,344284,356048,0.15051903114186851,0.5043478260869565,0.2318454363757495,345,1156,0.10344827586206896,0.18461538461538463,0.13259668508287292,325,580,0.16363636363636364,0.010356731875719217,0.01948051948051948,869,55,0.53125,0.007183604479188675,0.014175526370648322,4733,64,0.0,0.0,0.0,3347,0,0.5,0.0012077294685990338,0.0024096385542168677,2484,6,0.0,0.0,0.0,1917,0,0.4056603773584906,0.20093457943925233,0.26875,214,106,0.028462998102466792,0.625,0.0544464609800363,24,527,0.0011046759318560362,0.9999037384986877,1152949,282,0.3013007259525498,4.090385708026588,1.7041443586349487,0.5020320415496826,21899,6,0.9297597921137372,0.0702808330534026,0.9079586863517761,0.9600714445114136,253628,62,1.0444989248622203,0.8798534169327468,1.461776614189148,0.686971127986908,16663,5,0.7012757162010751,0.07801062508951873,1.1846762895584106,0.8761641979217529,228052,56,1.0666430502106576,0.7893843329511583,5.907914916053414,0.0015558749437332153,5.909470790997148,1.4519778329413384,7.361448623938486,0.0173141669947654
46,2.2668498964740826,0.9609195017599054,0.23622139497016031,0.2517494068971921,0.23622139497016031,0.1484768515743749,0.9444551790748085,0.3836163662202072,0.0,0.0,0.9665359139446795,0.9998286298520989,0.9829004307372503,344284,356143,0.15405164737310775,0.5014492753623189,0.2356948228882834,345,1123,0.10596026490066225,0.19692307692307692,0.1377825618945102,325,604,0.18518518518518517,0.011507479861910242,0.021668472372697724,869,54,0.4675324675324675,0.007606169448552715,0.01496881496881497,4733,77,0.0,0.0,0.0,3347,0,0.5,0.0012077294685990338,0.0024096385542168677,2484,6,0.0,0.0,0.0,1917,0,0.10810810810810811,0.018691588785046728,0.03187250996015936,214,37,0.030120481927710843,0.625,0.05747126436781609,24,498,0.0011319812620058656,0.9998915791511536,1152949,282,0.2930514659937661,4.098908500047401,1.7057712078094482,0.5001141428947449,21899,6,0.9492607323267397,0.09531395800877362,0.9081025123596191,0.9582459330558777,253628,62,1.1007346655266004,0.9049708340317011,1.47774076461792,0.6867911219596863,16663,5,0.7403721366659826,0.053785041091032326,1.1761554479599,0.8717748522758484,228052,56,1.020359841711803,0.8771400420228019,6.03011837520171,0.0014130000490695238,6.031531375250779,1.4972057089908049,7.528737084241584,0.01904883375391364
47,2.18184279113491,0.9612848703917533,0.2602700324328027,0.3058410180108714,0.2602700324328027,0.1812250643063437,0.9454357117892735,0.3906588467984593,0.0,0.0,0.9670524177574741,0.9997618245402051,0.9831351317384853,344284,355929,0.15327695560253699,0.42028985507246375,0.2246320681642138,345,946,0.1059850374064838,0.26153846153846155,0.15084294587400177,325,802,0.17857142857142858,0.011507479861910242,0.021621621621621623,869,56,0.7241379310344828,0.03105852524825692,0.05956239870340357,4733,203,0.0,0.0,0.0,3347,0,0.5,0.0012077294685990338,0.0024096385542168677,2484,6,0.0,0.0,0.0,1917,0,0.39705882352941174,0.2523364485981308,0.30857142857142855,214,136,0.032327586206896554,0.625,0.06147540983606557,24,464,0.0011205270420759916,0.9998993873596191,1152949,282,0.291540235263624,3.9882093329215422,1.7182263135910034,0.5004794597625732,21899,6,0.963064026259377,0.06899108295328915,0.8904574513435364,0.9625987410545349,253628,62,1.0964393233423424,0.906778792035766,1.4334094524383545,0.6907519698143005,16663,5,0.7744375720791032,0.05369587510358542,1.1947649717330933,0.8729105591773987,228052,56,1.1093764733251004,0.807377582998015,5.825052666012198,0.0011399169452488422,5.826192582957447,1.4856833330122754,7.311875915969722,0.016390208969824016
48,2.240183447998694,0.9612792922447021,0.2429439504397119,0.30853785527983424,0.2429439504397119,0.16422617628166963,0.9450631051787399,0.37569102994884485,0.0,0.0,0.9663563575928401,0.9998141069582089,0.9828005618939939,344284,356204,0.15537488708220415,0.4985507246376812,0.2369146005509642,345,1107,0.1064516129032258,0.20307692307692307,0.13968253968253969,325,620,0.1724137931034483,0.011507479861910242,0.021574973031283712,869,58,0.7079646017699115,0.03380519754912318,0.06452913893930227,4733,226,0.0,0.0,0.0,3347,0,0.5714285714285714,0.001610305958132045,0.003211561621838619,2484,7,0.0,0.0,0.0,1917,0,0.35294117647058826,0.056074766355140186,0.0967741935483871,214,34,0.05244755244755245,0.625,0.0967741935483871,24,286,0.0011501263361424208,0.9999045729637146,1152949,282,0.2973859155705154,4.105750374961644,1.688111662864685,0.5037673115730286,21899,6,0.9410383041629097,0.0700575829250738,0.927688479423523,0.9606155753135681,253628,62,1.21415331054736,0.8836633749306202,1.4351956844329834,0.6929124593734741,16663,5,0.6451929889376598,0.0766696670325473,1.175079584121704,0.875059187412262,228052,56,1.0365634458363324,0.7952295830473304,5.931370582897216,0.001195667078718543,5.932566249975935,1.4601987920468673,7.392765042022802,0.01791466702707112
49,2.2405368785751,0.9612904485388044,0.24651938672685003,0.3116224315270203,0.24651938672685003,0.16801866343251665,0.9449906349082754,0.383762895175848,0.0,0.0,0.9662644108903804,0.9998228206945429,0.9827572178009351,344284,356241,0.15151515151515152,0.5652173913043478,0.23897058823529413,345,1287,0.1029082774049217,0.14153846153846153,0.11917098445595854,325,447,0.17857142857142858,0.011507479861910242,0.021621621621621623,869,56,0.7450980392156863,0.03211493767166702,0.061575855782864085,4733,204,0.0,0.0,0.0,3347,0,0.5,0.0012077294685990338,0.0024096385542168677,2484,6,0.0,0.0,0.0,1917,0,0.41304347826086957,0.08878504672897196,0.14615384615384616,214,46,0.058823529411764705,0.625,0.10752688172043011,24,255,0.0011276794830337167,0.9999089241027832,1152949,282,0.2947001059588349,4.235698457923718,1.6854057312011719,0.5012557506561279,21899,6,0.9487694031898102,0.09470195800531656,0.9141018390655518,0.9622754454612732,253628,62,1.1081966787882922,0.8820982920005918,1.4140875339508057,0.6936926245689392,16663,5,0.7191385172782483,0.0533455410040915,1.1614471673965454,0.8757476210594177,228052,56,1.11085962466559,0.8092475840821862,6.075091833015904,0.0025672089541330934,6.077659041970037,1.5180454161018133,7.59570445807185,0.01778666698373854
50,2.243154725211363,0.961323917421111,0.2568480524374487,0.3229715142930257,0.2568480524374487,0.1815883971646851,0.9451809297331425,0.3822898708025483,0.0,0.0,0.9665054036675867,0.999808297800653,0.9828748299261455,344284,356147,0.15133779264214048,0.5246376811594203,0.23491239454899415,345,1196,0.10242085661080075,0.16923076923076924,0.12761020881670534,325,537,0.18867924528301888,0.011507479861910242,0.021691973969631236,869,53,0.7303921568627451,0.03148109021762096,0.06036054283978124,4733,204,0.0,0.0,0.0,3347,0,0.5,0.0012077294685990338,0.0024096385542168677,2484,6,0.0,0.0,0.0,1917,0,0.5432098765432098,0.205607476635514,0.2983050847457627,214,81,0.04716981132075472,0.625,0.08771929824561403,24,318,0.001106485491618514,0.9999028444290161,1152949,282,0.2884710592640537,4.124134000041522,1.6836347579956055,0.5030366778373718,21899,6,0.9336432664301192,0.06939262500964105,0.9224047064781189,0.9623661637306213,253628,62,1.1429874485778304,0.9086993329692632,1.4359580278396606,0.6909319758415222,16663,5,0.7277752179383095,0.054806958069093525,1.163767695426941,0.8778305053710938,228052,56,1.078529286427587,0.7935781669802964,5.950611083069816,0.001213249983265996,5.951824333053082,1.5004664590815082,7.4522907921345904,0.018287832965143025
51,2.1926220270042474,0.961223510774191,0.2478775298051767,0.2985040497027214,0.2478775298051767,0.1633749200062781,0.9454552279361769,0.3882858023559429,0.0,0.0,0.9672941976568055,0.9997589199614272,0.9832586559790208,344284,355839,0.15172955974842767,0.5594202898550724,0.23871366728509585,345,1272,0.09719222462203024,0.13846153846153847,0.11421319796954314,325,463,0.17543859649122806,0.011507479861910242,0.02159827213822894,869,57,0.736318407960199,0.03126980773293894,0.05999189298743413,4733,201,0.0,0.0,0.0,3347,0,0.5,0.0012077294685990338,0.0024096385542168677,2484,6,0.0,0.0,0.0,1917,0,0.3333333333333333,0.11214953271028037,0.16783216783216784,214,72,0.023734177215189875,0.625,0.04573170731707317,24,632,0.0011308204848319292,0.9998976588249207,1152949,282,0.29128419371165176,4.140404250007123,1.7130143642425537,0.5045436024665833,21899,6,0.9441481130300668,0.07178829202894121,0.8946757316589355,0.9624410271644592,253628,62,1.2153039640110679,0.9647962909657508,1.4415925741195679,0.6938726305961609,16663,5,0.6886260208609886,0.08212570799514651,1.1616792678833008,0.8730596303939819,228052,56,1.1094146229491473,0.8355602499796078,6.094674790976569,0.0011492500780150294,6.095824041054584,1.4892352499300614,7.5850592909846455,0.018242751015350223
52,2.2148521933383147,0.9611621511566288,0.2383262602630495,0.272954652949944,0.2383262602630495,0.14868159273081746,0.94529082805375,0.3815761827878523,0.0,0.0,0.9672353184159429,0.999787965749207,0.983242282066114,344284,355871,0.15170278637770898,0.5681159420289855,0.23946243127672573,345,1292,0.09885057471264368,0.13230769230769232,0.11315789473684211,325,435,0.15384615384615385,0.009205983889528193,0.01737242128121607,869,52,0.732620320855615,0.028945700401436722,0.05569105691056911,4733,187,0.0,0.0,0.0,3347,0,0.5,0.0012077294685990338,0.0024096385542168677,2484,6,0.0,0.0,0.0,1917,0,0.10256410256410256,0.018691588785046728,0.03162055335968379,214,39,0.022727272727272728,0.625,0.043859649122807015,24,660,0.0011231707176193595,0.9999028444290161,1152949,282,0.29463001380771664,4.1235724579310045,1.6699739694595337,0.5115302205085754,21899,6,0.937924913135496,0.09424370806664228,0.8812983632087708,0.9639787673950195,253628,62,1.1347452160219555,0.8831123339477926,1.4279990196228027,0.6906319260597229,16663,5,0.6728122170935398,0.05447791703045368,1.165608286857605,0.8782251477241516,228052,56,1.0264749679087926,0.8056693749967963,5.961075791972689,0.0012397499522194266,5.962315541924909,1.4989710829686373,7.461286624893546,0.018449165974743664
53,2.2747647186813817,0.9612011981859866,0.23521039912117797,0.2706408510909786,0.23521039912117797,0.15042082311206217,0.9448706697426511,0.38291667591600237,0.0,0.0,0.9662754499086288,0.9998286298520989,0.9827657336018946,344284,356239,0.15052888527257932,0.5362318840579711,0.23506988564167725,345,1229,0.09917355371900827,0.1476923076923077,0.11866501854140915,325,484,0.18181818181818182,0.011507479861910242,0.021645021645021644,869,55,0.7631578947368421,0.03063596027889288,0.058907170424537886,4733,190,0.0,0.0,0.0,3347,0,0.5,0.0012077294685990338,0.0024096385542168677,2484,6,0.0,0.0,0.0,1917,0,0.0,0.0,0.0,214,9,0.045454545454545456,0.625,0.0847457627118644,24,330,0.0011166278272867203,0.9998950362205505,1152949,282,0.2910681069577826,4.215862416895106,1.6866254806518555,0.5055025219917297,21899,6,0.928794547708668,0.06990433402825147,0.8905417323112488,0.9625080823898315,253628,62,1.0133736549345047,0.9532450420083478,1.4605951309204102,0.6830703020095825,16663,5,0.6779040122933169,0.057745125028304756,1.1635825634002686,0.8849779963493347,228052,56,1.0626989977674028,0.8583477080101147,6.155104625970125,0.0011695410357788205,6.156274167005904,1.6952753340592608,7.851549501065165,0.01712595811113715
54,2.1903245689671595,0.9612569796564977,0.24121033477889,0.30102315532090945,0.24121033477889,0.16075634645382944,0.9451010867274324,0.3911302121918131,0.0,0.0,0.9664892153394318,0.9998112023794309,0.9828678626802086,344284,356154,0.15619223659889095,0.48985507246376814,0.23686054660126138,345,1082,0.10015174506828528,0.20307692307692307,0.13414634146341464,325,659,0.18333333333333332,0.012658227848101266,0.023681377825618945,869,60,0.7464114832535885,0.0329600676103951,0.06313233508700931,4733,209,0.0,0.0,0.0,3347,0,0.625,0.002012882447665056,0.0040128410914927765,2484,8,0.0,0.0,0.0,1917,0,0.18518518518518517,0.04672897196261682,0.07462686567164178,214,54,0.04746835443037975,0.625,0.08823529411764706,24,316,0.001075211213901639,0.9998950362205505,1152949,282,0.2774636935225145,4.060786625021137,1.7036079168319702,0.5084707140922546,21899,6,0.9710186622004943,0.0719288339605555,0.880169689655304,0.9631192088127136,253628,62,1.051589162883161,0.9893499580211937,1.4299875497817993,0.692132294178009,16663,5,0.648394263288151,0.09171858301851898,1.170150876045227,0.8731210231781006,228052,56,1.2328841404955535,0.9318064999533817,6.145590499974787,0.0015826249727979302,6.147173124947585,2.030699957977049,8.177873082924634,0.02110683300998062
55,2.195337028038482,0.9612681359505999,0.2394444833720713,0.27922581429565624,0.2394444833720713,0.15586897021697257,0.9449994736964051,0.39659877721336134,0.0,0.0,0.9663513096207293,0.9998257252733208,0.982803564341736,344284,356210,0.15151515151515152,0.5652173913043478,0.23897058823529413,345,1287,0.10204081632653061,0.13846153846153847,0.1174934725848564,325,441,0.2037037037037037,0.012658227848101266,0.023835319609967497,869,54,0.7348837209302326,0.03338263257975914,0.06386418755052546,4733,215,0.0,0.0,0.0,3347,0,0.5,0.0012077294685990338,0.0024096385542168677,2484,6,0.0,0.0,0.0,1917,0,0.08,0.018691588785046728,0.030303030303030304,214,50,0.053763440860215055,0.625,0.09900990099009901,24,279,0.0010950834257528186,0.9998915791511536,1152949,282,0.2880353703408351,4.088894542073831,1.684283971786499,0.5134937763214111,21899,6,0.9223456903600727,0.09130508301313967,0.8904150724411011,0.9642310738563538,253628,62,1.045606753247955,0.8722259160131216,1.4398642778396606,0.696993350982666,16663,5,0.71109623302851,0.053535541985183954,1.1444380283355713,0.8848771452903748,228052,56,1.0387459448420788,0.7775589160155505,5.883519999100827,0.0014866250567138195,5.8850066241575405,1.4463698340114206,7.331376458168961,0.016943166847340763
56,2.1738362059136307,0.963995849858594,0.278351817603522,0.32999704689243387,0.278351817603522,0.21418839820111307,0.9501750193634022,0.39822291149518585,0.0,0.0,0.9688694487134019,0.999808297800653,0.9840957627772806,344284,355278,0.15095785440613027,0.5710144927536231,0.2387878787878788,345,1305,0.09624413145539906,0.12615384615384614,0.10918774966711052,325,426,0.1864406779661017,0.012658227848101266,0.023706896551724137,869,59,0.75,0.03486160997253328,0.06662628709872805,4733,220,0.0,0.0,0.0,3347,0,0.9959432048681541,0.39533011272141705,0.5659942363112392,2484,986,0.0,0.0,0.0,1917,0,0.08333333333333333,0.018691588785046728,0.030534351145038167,214,48,0.06818181818181818,0.625,0.12295081967213115,24,220,0.0010972566669806838,0.9998984932899475,1152949,282,0.28522769671015985,3.9863322500605136,1.6886277198791504,0.5134937763214111,21899,6,0.9387570834210076,0.06797491700854152,0.8827781677246094,0.9621965885162354,253628,62,1.1621793036698822,0.8895891660358757,1.4781759977340698,0.6998739838600159,16663,5,0.7480105660194771,0.05252179107628763,1.1505093574523926,0.879176676273346,228052,56,1.0662249893154174,0.7802653750404716,5.77668349922169,0.0011739169713109732,5.777857416193001,1.4533893750049174,7.231246791197918,0.019072375842370093
57,2.2024468170999416,0.9641157800201929,0.27982892303494916,0.3401255556784176,0.27982892303494916,0.2176913995263266,0.9503016349815893,0.40123047199098505,0.0,0.0,0.9688784183920469,0.9998344390096549,0.984113052626764,344284,355284,0.1516360734237829,0.5507246376811594,0.23779724655819776,345,1253,0.10062893081761007,0.1476923076923077,0.11970074812967581,325,477,0.2,0.012658227848101266,0.023809523809523808,869,55,0.7280701754385965,0.035072892457215295,0.06692199153396493,4733,228,0.0,0.0,0.0,3347,0,0.9970530451866405,0.4086151368760064,0.5796687607081668,2484,1018,0.0,0.0,0.0,1917,0,0.18181818181818182,0.018691588785046728,0.03389830508474576,214,22,0.07317073170731707,0.625,0.13100436681222707,24,205,0.0010796927381306887,0.9999063014984131,1152949,282,0.2866092790941901,3.9887822089949623,1.6529338359832764,0.518927812576294,21899,6,0.9460959577022785,0.06873895809985697,0.8661631345748901,0.9640852212905884,253628,62,1.0392187545998905,0.864840375026688,1.4208381175994873,0.6966332793235779,16663,5,0.7366818750144593,0.07543008401989937,1.145902395248413,0.8770543336868286,228052,56,1.034935233075368,0.7785080000758171,5.776299626217224,0.001140416949056089,5.77744004316628,1.4149377499707043,7.192377793136984,0.015611957875080407
58,2.1428782768031716,0.9640348968879517,0.27732511550825145,0.34262974293961973,0.27732511550825145,0.21248038061553176,0.9503992281901006,0.4023569181031171,0.0,0.0,0.9691890552586678,0.9998228206945429,0.9842676388591036,344284,355166,0.15463917525773196,0.4782608695652174,0.23371104815864022,345,1067,0.09985096870342772,0.20615384615384616,0.13453815261044177,325,671,0.12962962962962962,0.00805523590333717,0.015167930660888408,869,54,0.7466666666666667,0.035495457426579335,0.06776926179911255,4733,225,0.0,0.0,0.0,3347,0,0.997002997002997,0.40177133655394526,0.5727403156384505,2484,1001,0.0,0.0,0.0,1917,0,0.2857142857142857,0.018691588785046728,0.03508771929824561,214,14,0.0436046511627907,0.625,0.08152173913043478,24,344,0.0010939543135464191,0.9999045729637146,1152949,282,0.28482145738270215,4.035041875089519,1.6587904691696167,0.5186538100242615,21899,6,0.924054011841137,0.08735370798967779,0.8869076371192932,0.9652325510978699,253628,62,1.152664054385511,0.8642813329352066,1.4399396181106567,0.6987337470054626,16663,5,0.8390981624881211,0.05045191594399512,1.1507660150527954,0.8838598132133484,228052,56,1.0701101043865004,0.7964775830041617,5.83360641496256,0.0019622909603640437,5.835568705922924,1.4749775410164148,7.310546246939339,0.014832835062406957
59,2.1971392783725476,0.9612625578035489,0.23662440210128963,0.29648458728729843,0.23662440210128963,0.1590179927460813,0.9449300736614085,0.4050983815035953,0.0,0.0,0.9661484573003528,0.9998431527459888,0.9827070620561682,344284,356291,0.15399239543726237,0.46956521739130436,0.23192555476020044,345,1052,0.09970674486803519,0.20923076923076922,0.13505461767626614,325,682,0.1346153846153846,0.00805523590333717,0.01520086862106406,869,52,0.7354260089686099,0.034650327487851254,0.06618240516545601,4733,223,0.0,0.0,0.0,3347,0,0.5,0.0012077294685990338,0.0024096385542168677,2484,6,0.0,0.0,0.0,1917,0,0.3076923076923077,0.018691588785046728,0.03524229074889868,214,13,0.06726457399103139,0.625,0.1214574898785425,24,223,0.001115561230108142,0.9998854994773865,1152949,282,0.2896884075300909,4.133937083999626,1.6724499464035034,0.5138134360313416,21899,6,0.9179472119259852,0.0690809580264613,0.878850519657135,0.963127076625824,253628,62,1.0165929647369767,0.9208484580740333,1.483583688735962,0.6892516613006592,16663,5,0.7854380125759113,0.054088792065158486,1.1403919458389282,0.8833292126655579,228052,56,1.0215313246023077,0.860706957988441,6.03866225015372,0.0014329580590128899,6.040095208212733,1.5135838330024853,7.553679041215219,0.016539833857677877
60,2.0691077927455925,0.9650919557541376,0.3128354137708788,0.3590746795235043,0.3128354137708788,0.25346639999971954,0.952080334635575,0.4023721318061148,0.0,0.0,0.9704462664516347,0.9997385879099813,0.9848746709396818,344284,354676,0.15350389321468297,0.4,0.22186495176848875,345,899,0.1048951048951049,0.27692307692307694,0.1521555367709214,325,858,0.14583333333333334,0.00805523590333717,0.015267175572519083,869,48,0.7377777777777778,0.035072892457215295,0.06696248487293263,4733,225,0.0,0.0,0.0,3347,0,0.997080291970803,0.5499194847020934,0.7088738972496108,2484,1370,0.0,0.0,0.0,1917,0,0.43859649122807015,0.2336448598130841,0.3048780487804878,214,114,0.04261363636363636,0.625,0.0797872340425532,24,352,0.0010646763257682323,0.9999089241027832,1152949,282,0.281388032112921,4.076548999990337,1.6982046365737915,0.5138590931892395,21899,6,0.9563552239904586,0.06950162502471358,0.8703179359436035,0.9638407230377197,253628,62,1.2190566708712156,0.8766783749451861,1.423985242843628,0.7000539898872375,16663,5,0.6884617134278517,0.07731766591314226,1.1504789590835571,0.8578657507896423,228052,56,1.246924654699729,0.7951955000171438,5.895242165890522,0.0020594170782715082,5.897301582968794,1.451291500008665,7.348593082977459,0.01935308414977044
61,2.0627684899793084,0.9648493063574142,0.31485623428298737,0.3589247554162748,0.31485623428298737,0.255049169153484,0.9518839523390674,0.4103132421896711,0.0,0.0,0.9704297664662048,0.9997356833312033,0.9848647643301167,344284,354681,0.15523059617547807,0.4,0.22366288492706646,345,889,0.10714285714285714,0.28615384615384615,0.15590947191953058,325,868,0.13829787234042554,0.014959723820483314,0.02699896157840083,869,94,0.7304347826086957,0.035495457426579335,0.06770098730606489,4733,230,0.0,0.0,0.0,3347,0,0.9976228209191759,0.5068438003220612,0.6721836625734117,2484,1262,0.0,0.0,0.0,1917,0,0.45112781954887216,0.2803738317757009,0.345821325648415,214,133,0.03896103896103896,0.625,0.07334963325183375,24,385,0.0011380233336240053,0.9998907446861267,1152949,282,0.29755261898849816,4.03702929103747,1.6375072002410889,0.5206630229949951,21899,6,0.8696180832375171,0.09209941700100899,0.8494360446929932,0.9626933932304382,253628,62,1.071213414417087,0.8774175839498639,1.3844146728515625,0.7061153650283813,16663,5,0.6467259004856113,0.05369145795702934,1.1313143968582153,0.8831494450569153,228052,56,1.0527947236918653,0.792916708975099,5.853154458920471,0.0011658330913633108,5.854320292011835,1.4693217079620808,7.3236419999739155,0.018768749083392322
62,2.1037900230952316,0.9631870185361826,0.26706415689940777,0.34108192856898384,0.26706415689940777,0.20297025125723156,0.949167947083796,0.4085457390484848,0.0,0.0,0.9685148815720612,0.999802488643097,0.9839100172933728,344284,355406,0.15693012600229095,0.39710144927536234,0.22495894909688013,345,873,0.10904872389791183,0.28923076923076924,0.15838247683235046,325,862,0.13580246913580246,0.012658227848101266,0.023157894736842106,869,81,0.7372881355932204,0.03676315233467146,0.07003421211511371,4733,236,0.0,0.0,0.0,3347,0,0.9927953890489913,0.2773752012882448,0.43360604153555693,2484,694,0.0,0.0,0.0,1917,0,0.2692307692307692,0.03271028037383177,0.058333333333333334,214,26,0.04120879120879121,0.625,0.07731958762886598,24,364,0.0011358399642631412,0.9998751282691956,1152949,282,0.2937262289357117,4.050308375037275,1.6575274467468262,0.5197497606277466,21899,6,0.8885510430613641,0.06930562504567206,0.8835150599479675,0.960942804813385,253628,62,1.1290819673169152,0.9018904579570517,1.375455617904663,0.7028746604919434,16663,5,0.6444172780098392,0.05457304103765637,1.151979923248291,0.8836493492126465,228052,56,1.0638124699087481,0.7912375000305474,5.867314999108203,0.001215792028233409,5.868530791136436,1.4816092499531806,7.350140041089617,0.01892054290510714
63,2.1003865840410407,0.9649580802249109,0.31003123665141097,0.37352773797522637,0.31003123665141097,0.253685618661939,0.9518763550728648,0.41064473066515117,0.0,0.0,0.970234571868288,0.999796679485541,0.9847938225440521,344284,354774,0.156289707750953,0.3565217391304348,0.21731448763250882,345,787,0.11180773249738767,0.3292307692307692,0.1669266770670827,325,957,0.1568627450980392,0.009205983889528193,0.017391304347826087,869,51,0.7434782608695653,0.03612930488062539,0.06890993350795889,4733,230,0.0,0.0,0.0,3347,0,0.9969135802469136,0.5201288244766505,0.6835978835978836,2484,1296,0.0,0.0,0.0,1917,0,0.5581395348837209,0.22429906542056074,0.32,214,86,0.04155124653739612,0.625,0.07792207792207792,24,361,0.0010985557455569506,0.9998942017555237,1152949,282,0.29141261637767013,4.071963290916756,1.6503814458847046,0.5137677788734436,21899,6,0.9121923735633135,0.07112429197877645,0.8878176808357239,0.9654651880264282,253628,62,1.0859966956614904,0.8885117910103872,1.369065761566162,0.700234055519104,16663,5,0.6774311988471792,0.07549904205370694,1.1360042095184326,0.8829784393310547,228052,56,1.1074114703138709,0.8001537499949336,5.90725216595456,0.0011959580006077886,5.908448123955168,1.4663683749968186,7.374816498951986,0.01936908403877169
64,2.13918483981463,0.9643807420051207,0.28904923831026774,0.3623182420543875,0.28904923831026774,0.23035050251521483,0.9509492432332989,0.40913328024636353,0.0,0.0,0.9695086058059265,0.9998286298520989,0.9844352134527802,344284,355051,0.1577424023154848,0.3159420289855073,0.21042471042471042,345,691,0.11578947368421053,0.3723076923076923,0.17664233576642335,325,1045,0.1590909090909091,0.00805523590333717,0.01533406352683461,869,44,0.7370689655172413,0.03612930488062539,0.0688821752265861,4733,232,0.0,0.0,0.0,3347,0,0.9963898916967509,0.4444444444444444,0.6146993318485523,2484,1108,0.0,0.0,0.0,1917,0,0.4418604651162791,0.08878504672897196,0.14785992217898833,214,43,0.04573170731707317,0.625,0.08522727272727272,24,328,0.0011436758795753121,0.9999011158943176,1152949,282,0.28666602167219296,4.069404124980792,1.6248396635055542,0.5221242904663086,21899,6,0.8973959970898441,0.0918160000583157,0.8755177855491638,0.9657372236251831,253628,62,1.0293735361595493,0.875,1.3641194105148315,0.698613703250885,16663,5,0.6549537667041018,0.05410029203630984,1.1524220705032349,0.8855041861534119,228052,56,1.097299430417404,0.7937292089918628,5.884049626067281,0.0012659589992836118,5.885315585066564,1.4830355000449345,7.368351085111499,0.0189169158693403
65,2.1401798716300413,0.9613796988916222,0.2625024464535579,0.3317011062170237,0.2625024464535579,0.18824671749467042,0.9453513039144662,0.4144205597613123,0.0,0.0,0.9665865425116676,0.999799584064319,0.9829125725658839,344284,356114,0.1827956989247312,0.14782608695652175,0.16346153846153846,345,279,0.11950549450549451,0.5353846153846153,0.19539584503088153,325,1456,0.15555555555555556,0.00805523590333717,0.015317286652078774,869,45,0.7456140350877193,0.035918022395943376,0.0685345696432171,4733,228,0.0,0.0,0.0,3347,0,0.5555555555555556,0.002012882447665056,0.004011231448054553,2484,9,0.0,0.0,0.0,1917,0,0.5420560747663551,0.27102803738317754,0.3613707165109034,214,107,0.049342105263157895,0.625,0.09146341463414634,24,304,0.0010700477287173271,0.9998942017555237,1152949,282,0.28166461670357745,4.133355417056009,1.6617127656936646,0.5223982930183411,21899,6,0.9032232335480924,0.06989991699811071,0.9001284837722778,0.9648579955101013,253628,62,1.16545666063605,0.9105090829543769,1.3600654602050781,0.7063553929328918,16663,5,0.6879049488251878,0.054139707935974,1.1236002445220947,0.888148307800293,228052,56,1.0127866431595889,0.7983409999869764,5.966245124931447,0.0011818750062957406,5.967426999937743,1.7005696669220924,7.667996666859835,0.017537500127218664
66,2.1400921855984083,0.963599801417965,0.2812721451186325,0.3612823015690143,0.2812721451186325,0.21561604751678218,0.9496171640472397,0.4130642047754451,0.0,0.0,0.9686082503235973,0.9998257252733208,0.9839694481922752,344284,355380,0.0,0.0,0.0,345,4,0.11785095320623917,0.6276923076923077,0.19844357976653695,325,1731,0.14,0.00805523590333717,0.015233949945593036,869,50,0.7478632478632479,0.036974434819353474,0.07046506945842561,4733,234,0.0,0.0,0.0,3347,0,0.9951865222623345,0.3329307568438003,0.4989441930618401,2484,831,0.0,0.0,0.0,1917,0,0.582089552238806,0.1822429906542056,0.2775800711743772,214,67,0.061224489795918366,0.625,0.11152416356877323,24,245,0.00108669837936759,0.9999011158943176,1152949,282,0.2796841187437553,4.123207250027917,1.664209246635437,0.5203434228897095,21899,6,0.9165462368277639,0.07045954198110849,0.86576908826828,0.9640220999717712,253628,62,1.052601141009433,0.901410875027068,1.4132275581359863,0.7029946446418762,16663,5,0.7025046373543877,0.0779757919954136,1.147719144821167,0.8868898153305054,228052,56,1.074489081786644,0.8082282079849392,5.981281667016447,0.0017445420380681753,5.983026209054515,1.4821827909909189,7.465209000045434,0.0190887909848243
67,2.094242389975952,0.964416999960953,0.30577409972027697,0.36517149752184397,0.30577409972027697,0.24399152300084115,0.9510959118607173,0.4158875178297202,0.0,0.0,0.9697504986645932,0.999787965749207,0.9845401812274038,344284,354948,0.19282511210762332,0.1246376811594203,0.15140845070422534,345,223,0.11981566820276497,0.56,0.19739696312364424,325,1519,0.13636363636363635,0.006904487917146145,0.013143483023001095,869,44,0.7422222222222222,0.03528417494189732,0.06736587333602259,4733,225,0.0,0.0,0.0,3347,0,0.9963898916967509,0.4444444444444444,0.6146993318485523,2484,1108,0.0,0.0,0.0,1917,0,0.45161290322580644,0.2616822429906542,0.33136094674556216,214,124,0.042735042735042736,0.625,0.08,24,351,0.0010619169333949685,0.9999020099639893,1152949,282,0.3054257508772907,4.117658207891509,1.6454417705535889,0.5204803943634033,21899,6,0.9049839526029433,0.09462816698942333,0.8913662433624268,0.9503761529922485,253628,62,1.1661137095527958,0.8838318749330938,1.3914655447006226,0.7031747102737427,16663,5,0.9308278704181169,0.05441804102156311,1.1304320096969604,0.8862847089767456,228052,56,1.0471551506056973,0.8000602499814704,5.95059654081706,0.0011910420143976808,5.951787582831457,1.4900496249319986,7.441837207763456,0.01940825115889311
68,2.068938037009276,0.9646289695488952,0.30678015718762114,0.36182672395837795,0.30678015718762114,0.24751769013164204,0.9514804216740737,0.4188941537407482,0.0,0.0,0.969982528321028,0.9997792520128731,0.9846555216092822,344284,354860,0.15267175572519084,0.17391304347826086,0.16260162601626016,345,393,0.12035661218424963,0.49846153846153846,0.19389587073608616,325,1346,0.1509433962264151,0.009205983889528193,0.01735357917570499,869,53,0.7380952380952381,0.039298542150855695,0.07462387161484453,4733,252,0.0,0.0,0.0,3347,0,0.9965841161400513,0.46980676328502413,0.638577291381669,2484,1171,0.0,0.0,0.0,1917,0,0.4462809917355372,0.2523364485981308,0.32238805970149254,214,121,0.04335260115606936,0.625,0.08108108108108109,24,346,0.0010949686402454972,0.9998984932899475,1152949,282,0.2856896306772377,4.098070124979131,1.656929612159729,0.5201607346534729,21899,6,0.8997792166451528,0.07074579200707376,0.8662996888160706,0.9647830724716187,253628,62,1.0345390769711098,0.9105650410056114,1.3888784646987915,0.7053351998329163,16663,5,0.6769485046715513,0.05462041695136577,1.1397981643676758,0.8758923411369324,228052,56,1.2410238745555986,0.8031003329670057,5.9371017079101875,0.0018471250077709556,5.9389488329179585,1.5003274580230936,7.439276290941052,0.019740708055905998
69,2.1120540388364692,0.9641882959318574,0.28197144157976567,0.35227246574062937,0.28197144157976567,0.2216482894527795,0.9507106916914604,0.4108862123217773,0.0,0.0,0.9693720941365978,0.9998286298520989,0.9843648348191626,344284,355101,0.15593220338983052,0.4,0.22439024390243903,345,885,0.10705882352941176,0.28,0.1548936170212766,325,850,0.16363636363636364,0.010356731875719217,0.01948051948051948,869,55,0.71875,0.038875977181491654,0.07376227700942073,4733,256,0.0,0.0,0.0,3347,0,0.9961277831558567,0.4142512077294686,0.5851578049473983,2484,1033,0.0,0.0,0.0,1917,0,0.36666666666666664,0.0514018691588785,0.09016393442622951,214,30,0.045180722891566265,0.625,0.08426966292134831,24,332,0.0010947874980047345,0.999893307685852,1152949,282,0.2861314013107835,4.086261541000567,1.6269620656967163,0.5264167189598083,21899,6,0.9002502677482619,0.07012641592882574,0.8948456048965454,0.9661551713943481,253628,62,1.1011653012414058,0.8867069170810282,1.4070874452590942,0.7013742923736572,16663,5,0.6924096093554266,0.07654254208318889,1.1349246501922607,0.8881527185440063,228052,56,1.0324681449564381,0.7983083339640871,5.917945750057697,0.0014657080173492432,5.9194114580750465,1.4626053330721334,7.38201679114718,0.018358250032179058
70,2.166882034576048,0.9635021838445705,0.27308966377827704,0.3512013914282147,0.27308966377827704,0.21398711564076472,0.9494703948338409,0.41488906182936763,0.0,0.0,0.9684262942602981,0.9998460573247667,0.9838853971057738,344284,355454,0.16536964980544747,0.2463768115942029,0.1979045401629802,345,514,0.11867219917012448,0.44,0.1869281045751634,325,1205,0.1320754716981132,0.00805523590333717,0.015184381778741865,869,53,0.7400881057268722,0.035495457426579335,0.06774193548387097,4733,227,0.0,0.0,0.0,3347,0,0.9949937421777222,0.32004830917874394,0.4843131282363692,2484,799,0.0,0.0,0.0,1917,0,0.3333333333333333,0.056074766355140186,0.096,214,36,0.05905511811023622,0.625,0.1079136690647482,24,254,0.0011846465058624744,0.9998811483383179,1152949,282,0.31836989550306344,4.091058999998495,1.65398108959198,0.5206630229949951,21899,6,0.9109548147496043,0.09239870903547853,0.8510216474533081,0.9674760103225708,253628,62,1.071693058219025,0.8845045419875532,1.36374831199646,0.7031146883964539,16663,5,0.6689998451336616,0.057591875083744526,1.1273115873336792,0.885854959487915,228052,56,1.0708717856672847,0.8204681250499561,5.946022251155227,0.001643708092160523,5.947665959247388,1.5250105831073597,7.472676542354748,0.019653248833492398
71,2.111063753875813,0.9643751638580697,0.29163368266690665,0.3440848610649291,0.29163368266690665,0.22221949450418851,0.950903494404692,0.41492840256325714,0.0,0.0,0.9696179284080538,0.9998315344308768,0.9844929757927974,344284,355012,0.0,0.0,0.0,345,4,0.11788617886178862,0.6246153846153846,0.1983390327308256,325,1722,0.12,0.006904487917146145,0.013057671381936888,869,50,0.7435897435897436,0.03676315233467146,0.07006241191866318,4733,234,0.0,0.0,0.0,3347,0,0.9963996399639964,0.44565217391304346,0.615855354659249,2484,1111,0.0,0.0,0.0,1917,0,0.4470588235294118,0.17757009345794392,0.25418060200668896,214,85,0.046296296296296294,0.625,0.08620689655172414,24,324,0.0010081726359203458,0.9999037384986877,1152949,282,0.2692097733751019,4.15799229091499,1.6714102029800415,0.5238595604896545,21899,6,0.923703790165084,0.07140520901884884,0.855256974697113,0.9665770530700684,253628,62,1.0135815764874168,0.9383993749506772,1.394879937171936,0.7005941271781921,16663,5,0.6531853308316798,0.05479670804925263,1.1307377815246582,0.8842413425445557,228052,56,1.0326986451377849,0.9022856670198962,6.124879249953665,0.0013816249556839466,6.126260874909349,1.555187041987665,7.681447916897014,0.021024249959737062
72,2.0827165418304725,0.9646317586224208,0.298483884844347,0.3395636368483491,0.298483884844347,0.2265787192016792,0.9514095574363519,0.41257790286617235,0.0,0.0,0.9701276739663481,0.999787965749207,0.9847345278317365,344284,354810,0.0,0.0,0.0,345,7,0.1180515759312321,0.6338461538461538,0.19903381642512077,325,1745,0.125,0.00805523590333717,0.015135135135135135,869,56,0.7213114754098361,0.0371857173040355,0.07072533654812135,4733,244,0.0,0.0,0.0,3347,0,0.9966887417218543,0.48470209339774556,0.6522210184182016,2484,1208,0.0,0.0,0.0,1917,0,0.42424242424242425,0.19626168224299065,0.268370607028754,214,99,0.040214477211796246,0.625,0.07556675062972293,24,373,0.0010375585407018661,0.9999002814292908,1152949,282,0.2818048232690799,4.274671041057445,1.640925407409668,0.5266450643539429,21899,6,0.9043706813337096,0.06776841601822525,0.8788840770721436,0.9658830761909485,253628,62,1.0959141663167213,0.8892623339779675,1.4157975912094116,0.7041949033737183,16663,5,0.6752637114155136,0.0790701659861952,1.1180808544158936,0.8837808966636658,228052,56,1.0239509875933728,0.8049992920132354,6.1157712490530685,0.00203699991106987,6.117808248964138,1.4778424589894712,7.5956507079536095,0.018197917961515486
73,2.0941852518271324,0.9647321652693408,0.2980838951402589,0.349759415245093,0.2980838951402589,0.22847258112238328,0.9515473550033758,0.4150748829363307,0.0,0.0,0.9701231318150176,0.9998199161157649,0.9847476852613405,344284,354823,0.0,0.0,0.0,345,4,0.11785297549591599,0.6215384615384615,0.19813634134379599,325,1714,0.21052631578947367,0.01380897583429229,0.02591792656587473,869,57,0.720754716981132,0.04035495457426579,0.07643057222889156,4733,265,0.0,0.0,0.0,3347,0,0.9967159277504105,0.4887278582930757,0.655861696380335,2484,1218,0.0,0.0,0.0,1917,0,0.44086021505376344,0.19158878504672897,0.2671009771986971,214,93,0.04076086956521739,0.625,0.07653061224489796,24,368,0.0010792294051498175,0.9999071955680847,1152949,282,0.2835332926194395,4.1335991660598665,1.6278258562088013,0.5326727032661438,21899,6,0.9081453089615654,0.0936929170275107,0.8646407127380371,0.9658200144767761,253628,62,1.0007870364449938,0.8970085830660537,1.3600982427597046,0.7003540992736816,16663,5,0.6424848983845037,0.053812499972991645,1.1099580526351929,0.8838510513305664,228052,56,1.0309018550755589,0.809840957983397,5.9879541241098195,0.0011685420759022236,5.989122666185722,1.5141929590608925,7.503315625246614,0.017376792966388166
74,2.0751424225795994,0.9646819619458809,0.2957614265437785,0.36732341633031107,0.2957614265437785,0.22967499499727592,0.9515000077808103,0.417669105895164,0.0,0.0,0.9700245450984482,0.9998141069582089,0.9846940745858132,344284,354857,0.18518518518518517,0.028985507246376812,0.05012531328320802,345,54,0.11899038461538461,0.6092307692307692,0.19909502262443438,325,1664,0.20689655172413793,0.01380897583429229,0.025889967637540454,869,58,0.7242647058823529,0.041622649482357915,0.07872127872127872,4733,272,0.0,0.0,0.0,3347,0,0.9958263772954925,0.48027375201288247,0.6480173818576861,2484,1198,0.0,0.0,0.0,1917,0,0.43037974683544306,0.1588785046728972,0.23208191126279865,214,79,0.041666666666666664,0.625,0.078125,24,360,0.0010732935043051839,0.9998854994773865,1152949,282,0.28781953431118973,4.218417000025511,1.6416313648223877,0.5262797474861145,21899,6,0.9182226367647213,0.07852550002280623,0.8595877885818481,0.9614474773406982,253628,62,1.1437352976055988,0.9297663749894127,1.4174292087554932,0.7024545669555664,16663,5,0.6894124322315718,0.05514887499157339,1.1256613731384277,0.8841711282730103,228052,56,1.0347592303221398,0.7959789999295026,6.077836749958806,0.0011591250076889992,6.078995874966495,1.4975327500142157,7.5765286249807104,0.015325583051890135
75,2.109455076460992,0.964642914916523,0.28800865154362054,0.3506376770140144,0.28800865154362054,0.21762806156997408,0.9513087133829957,0.4152186047444492,0.0,0.0,0.9698529556782098,0.9998344390096549,0.9846155166323184,344284,354927,0.0,0.0,0.0,345,3,0.1179546775130738,0.6246153846153846,0.198435972629521,325,1721,0.22033898305084745,0.014959723820483314,0.028017241379310345,869,59,0.7297297297297297,0.03993238960490175,0.07572115384615384,4733,259,0.0,0.0,0.0,3347,0,0.9966722129783694,0.4822866344605475,0.6500271296798698,2484,1202,0.0,0.0,0.0,1917,0,0.425531914893617,0.09345794392523364,0.1532567049808429,214,47,0.046296296296296294,0.625,0.08620689655172414,24,324,0.0010741193545982242,0.9998863935470581,1152949,282,0.2806999744025601,4.093497499939986,1.6239622831344604,0.5283346176147461,21899,6,0.8936910207376466,0.07229116698727012,0.8457147479057312,0.9674760103225708,253628,62,0.9851447390232487,0.8760173750342801,1.37568998336792,0.7015543580055237,16663,5,0.6903157632551172,0.0768737499602139,1.1214848756790161,0.890239953994751,228052,56,1.0380158459029494,0.7984923749463633,5.917172166868113,0.001147666946053505,5.9183198338141665,1.4764032500097528,7.394723083823919,0.015237000188790262
76,2.0241131441255,0.9651226355629187,0.32897714165029623,0.3547328305686529,0.32897714165029623,0.26336099512179306,0.9528176690302913,0.42256136158223506,0.0,0.0,0.9715556182947487,0.9995381719743003,0.9853482685358577,344284,354200,0.156289707750953,0.3565217391304348,0.21731448763250882,345,787,0.11228406909788867,0.36,0.1711777615215801,325,1042,0.07476635514018691,0.02761795166858458,0.040336134453781515,869,321,0.7236363636363636,0.04204521445172195,0.07947284345047924,4733,275,0.0,0.0,0.0,3347,0,0.997093023255814,0.5523349436392915,0.7108808290155441,2484,1376,0.0,0.0,0.0,1917,0,0.4728682170542636,0.2850467289719626,0.3556851311953353,214,129,0.038834951456310676,0.6666666666666666,0.07339449541284404,24,412,0.0010265866294503212,0.9999020099639893,1152949,282,0.2760588236491224,4.097374000004493,1.6525726318359375,0.5271473526954651,21899,6,0.9446846260035917,0.09208054200280458,0.8537273406982422,0.9665691256523132,253628,62,1.1798801308266587,0.8747030419763178,1.3401331901550293,0.7072556018829346,16663,5,0.6859587820309955,0.05412824999075383,1.0961169004440308,0.8855568170547485,228052,56,1.005246649845288,0.7984398340340704,5.916725668008439,0.0011918750824406743,5.91791754309088,1.4878544579260051,7.405772001016885,0.015744998934678733
77,2.067614603847624,0.9645508754901797,0.3014576975256026,0.3649813299255999,0.3014576975256026,0.24223100590832844,0.9513903564874399,0.42203672789704605,0.0,0.0,0.969939134355275,0.9997908703279851,0.9846387971920751,344284,354880,0.16774193548387098,0.15072463768115943,0.15877862595419848,345,310,0.11888111888111888,0.5230769230769231,0.19373219373219372,325,1430,0.18518518518518517,0.011507479861910242,0.021668472372697724,869,54,0.7213740458015268,0.03993238960490175,0.07567567567567568,4733,262,0.0,0.0,0.0,3347,0,0.9965034965034965,0.45893719806763283,0.6284454244762955,2484,1144,0.0,0.0,0.0,1917,0,0.4489795918367347,0.205607476635514,0.28205128205128205,214,98,0.04120879120879121,0.625,0.07731958762886598,24,364,0.0010972046293318272,0.9998820424079895,1152949,282,0.2905419978084454,4.175150083028711,1.622212529182434,0.5317594408988953,21899,6,0.8851950373909462,0.06551354110706598,0.8624356985092163,0.9659304022789001,253628,62,1.1067898147488684,0.9202135410159826,1.375359058380127,0.7080957889556885,16663,5,0.7630765459104202,0.054701457964256406,1.1319966316223145,0.8887578248977661,228052,56,1.0736168631718206,0.8101363750174642,6.0257149981334805,0.0017622080631554127,6.027477206196636,1.575523916981183,7.603001123177819,0.016609210870228708
78,2.076606708530139,0.9647154308281874,0.3042597487637151,0.3739885912949789,0.3042597487637151,0.24949650688267458,0.9515964807887153,0.4220441559701647,0.0,0.0,0.9699775691242941,0.999796679485541,0.9846614184040094,344284,354868,0.15184381778741865,0.4057971014492754,0.22099447513812154,345,922,0.1070110701107011,0.2676923076923077,0.15289982425307558,325,813,0.18518518518518517,0.011507479861910242,0.021668472372697724,869,54,0.724907063197026,0.041200084512993874,0.07796881247501,4733,269,0.0,0.0,0.0,3347,0,0.9966329966329966,0.47665056360708535,0.644880174291939,2484,1188,0.0,0.0,0.0,1917,0,0.5609756097560976,0.21495327102803738,0.3108108108108108,214,82,0.04335260115606936,0.625,0.08108108108108109,24,346,0.0010623299749568105,0.9998907446861267,1152949,282,0.28041139639851015,4.192935750004835,1.6192922592163086,0.529613196849823,21899,6,0.9158158714868504,0.07356820802669972,0.8711168169975281,0.967535138130188,253628,62,1.1281882852479526,0.9033480840735137,1.3611146211624146,0.7050350904464722,16663,5,0.6997076980896438,0.0782263339497149,1.1054953336715698,0.8910073041915894,228052,56,1.0205809808811401,0.8159059999743477,6.0639843760291114,0.0012039580615237355,6.065188334090635,1.5011600409634411,7.566348375054076,0.02037533198017627
79,2.0360542823285006,0.9650166507689476,0.30943628172975474,0.463806438070019,0.30943628172975474,0.24938488190205205,0.9520055377029476,0.4248467872817524,0.0,0.0,0.9703497812457715,0.999808297800653,0.9848588023232525,344284,354736,0.14827018121911037,0.5217391304347826,0.23091725465041693,345,1214,0.1053639846743295,0.16923076923076924,0.12987012987012986,325,522,0.18867924528301888,0.011507479861910242,0.021691973969631236,869,53,0.7142857142857143,0.041200084512993874,0.07790651218537754,4733,273,1.0,0.00029877502240812666,0.0005973715651135006,3347,1,0.9961089494163424,0.5152979066022544,0.6792252586893075,2484,1285,0.0,0.0,0.0,1917,0,0.47368421052631576,0.2102803738317757,0.2912621359223301,214,95,0.04132231404958678,0.625,0.07751937984496124,24,363,0.0010293497471138835,0.999893307685852,1152949,282,0.27395849332199285,4.168181749992073,1.6397522687911987,0.5294762253761292,21899,6,0.9221335933361684,0.095290582976304,0.8446893692016602,0.9685326814651489,253628,62,0.9728466626962735,0.9015921249520034,1.3871324062347412,0.7095960974693298,16663,5,1.236127065668416,0.05386933300178498,1.1069320440292358,0.8830530047416687,228052,56,1.0341387597433433,0.8144225000869483,6.033356291009113,0.001240417012013495,6.034596708021127,1.521132499910891,7.555729207932018,0.020313417073339224
80,2.0480414610775965,0.9649301894896554,0.31430296118133094,0.3706516187936524,0.31430296118133094,0.2523888613354176,0.9519057507922497,0.4106077783320591,0.0,0.0,0.9703580711180773,0.9998112023794309,0.9848644813152165,344284,354734,0.15206929740134745,0.4579710144927536,0.22832369942196531,345,1039,0.10921985815602837,0.23692307692307693,0.14951456310679612,325,705,0.18867924528301888,0.011507479861910242,0.021691973969631236,869,53,0.69140625,0.037396999788717515,0.07095610342754059,4733,256,0.0,0.0,0.0,3347,0,0.9968429360694554,0.5084541062801933,0.6734204212210078,2484,1267,0.0,0.0,0.0,1917,0,0.5581395348837209,0.22429906542056074,0.32,214,86,0.03980099502487562,0.6666666666666666,0.07511737089201878,24,402,0.0010634736390784383,0.9998881220817566,1152949,282,0.28198740034126046,4.180971708032303,1.62177312374115,0.5359148979187012,21899,6,0.8921700813694183,0.07787708402611315,0.8337240815162659,0.9668056964874268,253628,62,1.1039833153816836,0.9314834579126909,1.4165688753128052,0.7056352496147156,16663,5,0.7150249583747891,0.05584904202260077,1.1148571968078613,0.8882666826248169,228052,56,1.0394800886895261,0.8064594169845805,6.052640708978288,0.0012330840108916163,6.0538737929891795,1.504003709065728,7.557877502054907,0.017488249926827848
81,2.0211522605821934,0.9649329785631808,0.32287179077899564,0.3464229131976533,0.32287179077899564,0.252386044018163,0.9520777083111508,0.4214651968722441,0.0,0.0,0.9706981400792476,0.9997414924887593,0.9850057736142253,344284,354585,0.15151515151515152,0.4057971014492754,0.22064617809298662,345,924,0.10840438489646773,0.27384615384615385,0.15532286212914484,325,821,0.18181818181818182,0.011507479861910242,0.021645021645021644,869,55,0.7011494252873564,0.03866469469680964,0.07328794553464157,4733,261,0.0,0.0,0.0,3347,0,0.9960691823899371,0.5100644122383253,0.674653887113951,2484,1272,0.0,0.0,0.0,1917,0,0.3150684931506849,0.32242990654205606,0.3187066974595843,214,219,0.03950617283950617,0.6666666666666666,0.07459207459207459,24,405,0.000997146125882864,0.9999020099639893,1152949,282,0.27656219227822204,4.168968917103484,1.617719054222107,0.5334946513175964,21899,6,0.8943380705288778,0.07042445801198483,0.847277820110321,0.9664981961250305,253628,62,1.1161105810859202,0.9148406250169501,1.3625274896621704,0.7013742923736572,16663,5,0.6370444590991091,0.05432541703339666,1.094185709953308,0.8928051590919495,228052,56,1.0236306499625036,0.8123938329517841,6.0209532501176,0.0010247089667245746,6.0219779590843245,1.5084117089863867,7.530389668070711,0.016074332874268293
82,2.036412122340561,0.965158893518751,0.3069310924480228,0.3730337545335119,0.3069310924480228,0.24888574459162682,0.9521393810768748,0.4236474847195709,0.0,0.0,0.9704049932059472,0.9998257252733208,0.9848956947436789,344284,354722,0.15119363395225463,0.16521739130434782,0.15789473684210525,345,377,0.12067696835908756,0.5046153846153846,0.19477434679334918,325,1359,0.19230769230769232,0.011507479861910242,0.021715526601520086,869,52,0.7131782945736435,0.038875977181491654,0.07373271889400922,4733,258,0.0,0.0,0.0,3347,0,0.9956011730205279,0.5466988727858293,0.7058212058212058,2484,1364,0.0,0.0,0.0,1917,0,0.5428571428571428,0.17757009345794392,0.2676056338028169,214,70,0.04411764705882353,0.625,0.08241758241758242,24,340,0.001034739427268505,0.9998907446861267,1152949,282,0.28232527311316885,4.286330542061478,1.632022738456726,0.5348189473152161,21899,6,0.8693250755080568,0.07202066702302545,0.8427058458328247,0.9656386375427246,253628,62,1.0080790116499432,0.9004383749561384,1.3807190656661987,0.7023345232009888,16663,5,0.6570258939515661,0.05543987499549985,1.107729434967041,0.8661182522773743,228052,56,1.1835704390430324,0.8318987919483334,6.146128250984475,0.0011977499816566706,6.147326000966132,1.5059185420395806,7.653244543005712,0.018074958003126085
83,1.979910845318248,0.9652648783127221,0.3340404052669101,0.3380585748058346,0.3340404052669101,0.25861923253368657,0.9524557029707004,0.4277318648659082,0.0,0.0,0.971042623542821,0.9997211604373134,0.9851732270843352,344284,354452,0.15339233038348082,0.45217391304347826,0.2290748898678414,345,1017,0.10246433203631647,0.24307692307692308,0.14416058394160583,325,771,0.09090909090909091,0.00805523590333717,0.014799154334038054,869,77,0.7106382978723405,0.03528417494189732,0.06723027375201288,4733,235,0.0,0.0,0.0,3347,0,0.9971408148677627,0.5615942028985508,0.7185166108678857,2484,1399,0.0,0.0,0.0,1917,0,0.3065134099616858,0.37383177570093457,0.3368421052631579,214,261,0.048484848484848485,0.6666666666666666,0.0903954802259887,24,330,0.0010673864744603634,0.999893307685852,1152949,282,0.27685445347184345,4.199344416963868,1.6064808368682861,0.5416228771209717,21899,6,0.8813190968078716,0.0739169999724254,0.8562196493148804,0.9680240154266357,253628,62,1.1287121325379432,0.9192114169709384,1.3869836330413818,0.7029346227645874,16663,5,0.6591981588530711,0.05469137500040233,1.1065514087677002,0.8923052549362183,228052,56,1.0310156602910798,0.8120797079754993,6.059243916883133,0.0013118330389261246,6.0605557499220595,1.5426348330220208,7.60319058294408,0.017805291106924415
84,2.0027465532495876,0.9645703990048585,0.301090408282601,0.45120737668981,0.301090408282601,0.2427273925317544,0.9513121996787439,0.4267854138886846,0.0,0.0,0.9698496285088795,0.9998141069582089,0.9846039430496063,344284,354921,0.15688949522510232,0.3333333333333333,0.21335807050092764,345,733,0.11585365853658537,0.3507692307692308,0.17417876241405653,325,984,0.14814814814814814,0.009205983889528193,0.01733477789815818,869,54,0.7112970711297071,0.035918022395943376,0.06838294448913917,4733,239,1.0,0.00029877502240812666,0.0005973715651135006,3347,1,0.996548748921484,0.46497584541062803,0.6340927806752676,2484,1159,0.0,0.0,0.0,1917,0,0.36936936936936937,0.19158878504672897,0.2523076923076923,214,111,0.04411764705882353,0.625,0.08241758241758242,24,340,0.0010468453401699662,0.9998976588249207,1152949,282,0.28367987143954254,4.171718208002858,1.5760648250579834,0.5374674797058105,21899,6,0.8676634944889491,0.07263145805336535,0.8346914052963257,0.9643572568893433,253628,62,1.0401845203461386,0.8978196249809116,1.337875485420227,0.7075556516647339,16663,5,0.6424548551188379,0.07687133399304003,1.0901285409927368,0.8767210841178894,228052,56,1.008253443717455,0.8109950410434976,6.0300356660736725,0.0011552500072866678,6.031190916080959,1.472616833052598,7.503807749133557,0.016381666879169643
85,1.9915457227403779,0.9649469239308086,0.3206530006670719,0.3482961326138016,0.3206530006670719,0.24979381392720185,0.9520157593823785,0.4307355064278545,0.0,0.0,0.9706354286810054,0.9997502062250933,0.9849777148212535,344284,354611,0.16774193548387098,0.15072463768115943,0.15877862595419848,345,310,0.11983181499649614,0.5261538461538462,0.1952054794520548,325,1427,0.17543859649122806,0.011507479861910242,0.02159827213822894,869,57,0.7291666666666666,0.036974434819353474,0.07038005228232455,4733,240,0.0,0.0,0.0,3347,0,0.9968847352024922,0.5152979066022544,0.6794055201698513,2484,1284,0.0,0.0,0.0,1917,0,0.28076923076923077,0.3411214953271028,0.3080168776371308,214,260,0.042492917847025496,0.625,0.07957559681697612,24,353,0.00102415238507092,0.9998942017555237,1152949,282,0.27773963371461063,4.246016207966022,1.5925146341323853,0.5447280406951904,21899,6,0.8905998428246674,0.07096250005997717,0.8377485275268555,0.9665257930755615,253628,62,0.9997539403801504,0.8840049579739571,1.3397737741470337,0.7075556516647339,16663,5,0.7001689845419818,0.05419924994930625,1.0972148180007935,0.8906389474868774,228052,56,1.0478467505665385,0.8061031670076773,6.06128608295694,0.0012139590689912438,6.062500042025931,1.5009446670301259,7.563444709056057,0.016477709054015577
86,1.993903023438212,0.9653011362685543,0.32733350392277033,0.3376976562692502,0.32733350392277033,0.24390049786650653,0.9524363751558725,0.4307607310462987,0.0,0.0,0.9710489194831575,0.9997502062250933,0.9851905705093711,344284,354460,0.0,0.0,0.0,345,4,0.1168091168091168,0.6307692307692307,0.1971153846153846,325,1755,0.18333333333333332,0.012658227848101266,0.023681377825618945,869,60,0.7449392712550608,0.038875977181491654,0.07389558232931727,4733,247,0.0,0.0,0.0,3347,0,0.9971550497866287,0.5644122383252818,0.7208226221079691,2484,1406,0.0,0.0,0.0,1917,0,0.31970260223048325,0.40186915887850466,0.35610766045548653,214,269,0.04398826979472141,0.625,0.0821917808219178,24,341,0.0010504326783120632,0.999896764755249,1152949,282,0.2832179983319433,4.192034083069302,1.5940929651260376,0.5350015759468079,21899,6,0.8958876292090473,0.09673133306205273,0.8359008431434631,0.9664587378501892,253628,62,1.0250972164531418,0.928931541973725,1.344887614250183,0.7129568457603455,16663,5,0.6760149170025295,0.05889516696333885,1.1076785326004028,0.8908450603485107,228052,56,1.0130123540646825,0.8330276660853997,6.109619791153818,0.001256332965567708,6.110876124119386,1.5308221250306815,7.641698249150068,0.01758079184219241
87,2.010677547565286,0.9651672607393276,0.3203254683697856,0.4353516465324575,0.3203254683697856,0.23993039101226837,0.952250591054775,0.4304449331698514,0.0,0.0,0.9708735399395808,0.9997473016463152,0.9850988899653266,344284,354523,0.0,0.0,0.0,345,4,0.11774842044801838,0.6307692307692307,0.1984511132623427,325,1741,0.19642857142857142,0.012658227848101266,0.023783783783783784,869,56,0.71484375,0.03866469469680964,0.07336139506915214,4733,256,1.0,0.00029877502240812666,0.0005973715651135006,3347,1,0.9963556851311953,0.5503220611916264,0.7090248962655602,2484,1372,0.0,0.0,0.0,1917,0,0.3148936170212766,0.34579439252336447,0.32962138084632514,214,235,0.0423728813559322,0.625,0.07936507936507936,24,354,0.0010161802638322115,0.9999028444290161,1152949,282,0.2747157424419565,4.183084249962121,1.5981165170669556,0.5410749316215515,21899,6,0.8543183743946569,0.07211183302570134,0.8335084319114685,0.9685050249099731,253628,62,0.9888139945499884,0.9327699160203338,1.3599637746810913,0.7053951621055603,16663,5,0.6658741760231353,0.054931749938987195,1.0842478275299072,0.8875475525856018,228052,56,0.9886166178824503,0.8194570420309901,6.062354790978134,0.0025697079254314303,6.064924498903565,1.6196769590023905,7.684601457905956,0.019377834047190845
88,1.970815755157901,0.9657836459884755,0.3278577101366586,0.4040991934224255,0.3278577101366586,0.24778559952497886,0.9530718259616424,0.4295805574743595,0.0,0.0,0.9714678438168568,0.9997356833312033,0.9853990775652532,344284,354302,0.0,0.0,0.0,345,4,0.11794871794871795,0.6369230769230769,0.19903846153846153,325,1755,0.16981132075471697,0.010356731875719217,0.019522776572668113,869,53,0.7201492537313433,0.040777519543629834,0.07718456308738253,4733,268,0.6666666666666666,0.0005975500448162533,0.0011940298507462687,3347,3,0.9974826935179358,0.6380837359098228,0.7782960962435551,2484,1589,0.0,0.0,0.0,1917,0,0.35714285714285715,0.32710280373831774,0.34146341463414637,214,196,0.04032258064516129,0.625,0.07575757575757576,24,372,0.0010509142884984612,0.999896764755249,1152949,282,0.27544886610666786,4.337171457940713,1.6099547147750854,0.5377414226531982,21899,6,0.8591379250455126,0.07899266702588648,0.8182839751243591,0.9667662978172302,253628,62,1.0406262839870721,0.9867870829766616,1.3270418643951416,0.7126567959785461,16663,5,0.7179190896618434,0.0892290830379352,1.0947257280349731,0.8895251750946045,228052,56,1.1293504803680312,0.8555225830059499,6.347702873987146,0.0012365840375423431,6.348939458024688,1.498327250010334,7.847266708035022,0.016916418098844588
89,1.9635702041126624,0.9653011362685543,0.31647590472589315,0.4359672507672693,0.31647590472589315,0.23681617136014288,0.9525379271865905,0.4306508585935796,0.0,0.0,0.971158268367488,0.9997414924887593,0.9852426145089244,344284,354417,0.0,0.0,0.0,345,3,0.11698537682789652,0.64,0.19781264859724204,325,1778,0.1506849315068493,0.012658227848101266,0.02335456475583864,869,73,0.7078651685393258,0.03993238960490175,0.0756,4733,267,1.0,0.00029877502240812666,0.0005973715651135006,3347,1,0.9965205288796103,0.5764895330112721,0.7304259117572048,2484,1437,0.0,0.0,0.0,1917,0,0.3798449612403101,0.22897196261682243,0.2857142857142857,214,129,0.036613272311212815,0.6666666666666666,0.06941431670281996,24,437,0.0010345223126932979,0.999893307685852,1152949,282,0.2770794374837142,4.124907915946096,1.588282585144043,0.5436321496963501,21899,6,0.8861383164259907,0.09879045793786645,0.8529096245765686,0.9664508700370789,253628,62,1.2894560686318797,0.8959263750584796,1.3554474115371704,0.7100161910057068,16663,5,0.6602173835477132,0.05392558395396918,1.1072217226028442,0.8934146761894226,228052,56,1.0786504415290545,0.8234429999720305,5.996993332868442,0.0011681249598041177,5.998161457828246,1.5922096249414608,7.590371082769707,0.015141708077862859
90,1.9751451992607665,0.9657334426650155,0.3151100867531561,0.4536816598043112,0.3151100867531561,0.2413542447140707,0.9529284193358231,0.43368074778419025,0.0,0.0,0.9712942557472156,0.999802488643097,0.9853422130238323,344284,354389,0.0,0.0,0.0,345,3,0.11794871794871795,0.6369230769230769,0.19903846153846153,325,1755,0.21052631578947367,0.01380897583429229,0.02591792656587473,869,57,0.7204724409448819,0.03866469469680964,0.07339081612191699,4733,254,1.0,0.00029877502240812666,0.0005973715651135006,3347,1,0.9968434343434344,0.6356682769726248,0.7763028515240905,2484,1584,0.0,0.0,0.0,1917,0,0.48314606741573035,0.20093457943925233,0.2838283828382838,214,89,0.036585365853658534,0.625,0.06912442396313365,24,410,0.0010625604772940278,0.9998881220817566,1152949,282,0.28339330190741513,4.181910459068604,1.603385090827942,0.5388830304145813,21899,6,0.8660375535534796,0.07127375004347414,0.8432908058166504,0.9656859636306763,253628,62,1.0578629445059897,0.9634940410032868,1.3313714265823364,0.7073156237602234,16663,5,0.6295066538304547,0.057179874973371625,1.0950440168380737,0.883837878704071,228052,56,1.043592852944624,0.8201423750724643,6.094000500161201,0.0011725000804290175,6.09517300024163,1.558859416982159,7.654032417223789,0.01732549990992993
91,2.007430698819644,0.9656441923121978,0.31322961661594434,0.3596155017363936,0.31322961661594434,0.24215783785643813,0.9527736020327995,0.4321487226444507,0.0,0.0,0.971044992538387,0.999805393221875,0.9852153442144355,344284,354481,0.0,0.0,0.0,345,3,0.11794871794871795,0.6369230769230769,0.19903846153846153,325,1755,0.20634920634920634,0.014959723820483314,0.027896995708154508,869,63,0.7158671586715867,0.04098880202831185,0.07753796962430055,4733,271,0.0,0.0,0.0,3347,0,0.9967553536664504,0.6183574879227053,0.7632298136645963,2484,1541,0.0,0.0,0.0,1917,0,0.5454545454545454,0.19626168224299065,0.28865979381443296,214,77,0.042735042735042736,0.625,0.08,24,351,0.001052740029990673,0.9998993873596191,1152949,282,0.27936198975641113,4.293812041985802,1.5874052047729492,0.5365541577339172,21899,6,0.8738752969475786,0.09415870800148696,0.8304011821746826,0.9674404859542847,253628,62,0.9752024315868909,0.9243415410164744,1.3213515281677246,0.7085158824920654,16663,5,0.6314406370744434,0.054190458031371236,1.0931586027145386,0.891419529914856,228052,56,1.0071803464969853,0.8149784590350464,6.181481208070181,0.001256291987374425,6.182737500057556,1.5290886249858886,7.711826125043444,0.016933250823058188
92,2.012204702676483,0.9649971272542687,0.30601546053293116,0.3521952351240175,0.30601546053293116,0.23632234010525482,0.9519830813384331,0.4310178455918009,0.0,0.0,0.9705020737645523,0.9997763474340952,0.9849217329348325,344284,354669,0.0,0.0,0.0,345,3,0.11667583929554211,0.6523076923076923,0.19794584500466852,325,1817,0.14444444444444443,0.014959723820483314,0.027111574556830033,869,90,0.7050359712230215,0.04141136699767589,0.07822789862302934,4733,278,0.0,0.0,0.0,3347,0,0.9969465648854962,0.5257648953301127,0.6884554559831313,2484,1310,0.0,0.0,0.0,1917,0,0.5375,0.20093457943925233,0.2925170068027211,214,80,0.05084745762711865,0.625,0.09404388714733543,24,295,0.0009890925139188766,0.9998959302902222,1152949,282,0.2767153873101634,4.223378500086255,1.5987762212753296,0.5431298017501831,21899,6,0.9292525518188994,0.07246383302845061,0.817511796951294,0.9681147336959839,253628,62,1.0262267749862855,0.9315437499899417,1.2907694578170776,0.7136769890785217,16663,5,0.6481944017707216,0.055819040979258716,1.0856257677078247,0.8921210765838623,228052,56,1.0974664243977459,0.8229895420372486,6.106194666121155,0.00149125000461936,6.107685916125774,1.5338322080206126,7.641518124146387,0.01792245893739164
93,2.007300319453955,0.9654880041947665,0.3186381991150162,0.3450375736620454,0.3186381991150162,0.24376147770852086,0.952636774833451,0.4299421076165301,0.0,0.0,0.9710741470075439,0.9997705382765392,0.9852134264149,344284,354458,0.0,0.0,0.0,345,3,0.11691259931895573,0.6338461538461538,0.19741255390512696,325,1762,0.20634920634920634,0.014959723820483314,0.027896995708154508,869,63,0.7131782945736435,0.038875977181491654,0.07373271889400922,4733,258,0.0,0.0,0.0,3347,0,0.9973154362416108,0.5982286634460547,0.7478610971313538,2484,1490,0.0,0.0,0.0,1917,0,0.4041095890410959,0.2757009345794392,0.3277777777777778,214,146,0.04143646408839779,0.625,0.07772020725388601,24,362,0.0009949123486876488,0.9998959302902222,1152949,282,0.2772403933920626,4.5206337090348825,1.5888175964355469,0.5405726432800293,21899,6,0.9031542981157263,0.07668900000862777,0.8228480219841003,0.9685720801353455,253628,62,0.9342992687513658,1.0254608750110492,1.3658206462860107,0.7085158824920654,16663,5,0.6597224152358021,0.08380825002677739,1.0984793901443481,0.8897488117218018,228052,56,1.0612861645364233,0.838738959049806,6.545330793131143,0.0011922500561922789,6.546523043187335,1.528256457997486,8.074779501184821,0.01671049778815359
94,1.9996246895187495,0.9658533728266144,0.3361768891858614,0.3610933560447001,0.3361768891858614,0.2658098362194934,0.9530893984542769,0.4303684210635426,0.0,0.0,0.971304652094656,0.999782156591651,0.9853376883242541,344284,354378,0.19689119170984457,0.11014492753623188,0.1412639405204461,345,193,0.11813013265950727,0.5753846153846154,0.1960167714884696,325,1583,0.1896551724137931,0.012658227848101266,0.023732470334412083,869,58,0.7211155378486056,0.038242129727445597,0.07263242375601926,4733,251,0.0,0.0,0.0,3347,0,0.9974747474747475,0.6360708534621579,0.7767944936086529,2484,1584,0.0,0.0,0.0,1917,0,0.3627906976744186,0.3644859813084112,0.36363636363636365,214,215,0.05357142857142857,0.625,0.09868421052631579,24,280,0.001001164666377008,0.9998907446861267,1152949,282,0.2712285786535603,4.293190415948629,1.5954900979995728,0.543677806854248,21899,6,0.8899285857316228,0.10599316703155637,0.8042935132980347,0.9689033031463623,253628,62,0.9830194418196723,0.9490838330239058,1.3288272619247437,0.7109764218330383,16663,5,0.6868108233340601,0.06289987498894334,1.08146333694458,0.8924719095230103,228052,56,1.0141893845461787,0.8641290420200676,6.275296333013102,0.0015861670253798366,6.276882500038482,1.6335337079362944,7.910416207974777,0.018115959013812244
95,2.01302280909169,0.9655828326946355,0.3216209523594705,0.3755219931744666,0.3216209523594705,0.2600024496004323,0.9526500557139965,0.43185370090950104,0.0,0.0,0.9708097131737033,0.9998141069582089,0.9850984611950422,344284,354570,0.2108843537414966,0.08985507246376812,0.12601626016260162,345,147,0.11593304401735896,0.5753846153846154,0.19298245614035087,325,1613,0.2037037037037037,0.012658227848101266,0.023835319609967497,869,54,0.708,0.037396999788717515,0.07104154124021674,4733,250,0.0,0.0,0.0,3347,0,0.9973457199734572,0.605072463768116,0.7531946880481083,2484,1507,0.0,0.0,0.0,1917,0,0.49572649572649574,0.27102803738317754,0.3504531722054381,214,117,0.0528169014084507,0.625,0.09740259740259741,24,284,0.0009949542582035065,0.9999020099639893,1152949,282,0.27263006424706104,4.293170958990231,1.5780900716781616,0.5491575002670288,21899,6,0.8786792461974376,0.07325775001663715,0.8305091857910156,0.9700111746788025,253628,62,1.0208508248152468,0.9479831249918789,1.3445512056350708,0.7092960476875305,16663,5,0.666493964208433,0.0571887920377776,1.0767077207565308,0.8968086242675781,228052,56,0.9374076112284649,0.8323283750796691,6.203929001116194,0.0011171660153195262,6.205046167131513,1.513479333021678,7.718525500153191,0.016999498941004276
96,1.9551103522807494,0.9655298402976499,0.3439071009474607,0.3682405812316958,0.3439071009474607,0.2659446946114738,0.9530863401388701,0.4360073504361532,0.0,0.0,0.9717310895897451,0.9996340230739739,0.9854850856319815,344284,354170,0.15970149253731344,0.3101449275362319,0.21083743842364533,345,670,0.11405835543766578,0.39692307692307693,0.1771978021978022,325,1131,0.14285714285714285,0.014959723820483314,0.027083333333333334,869,91,0.7231404958677686,0.036974434819353474,0.07035175879396985,4733,242,0.2,0.00029877502240812666,0.0005966587112171838,3347,5,0.996005326231691,0.6022544283413849,0.750627195183141,2484,1502,0.0,0.0,0.0,1917,0,0.34108527131782945,0.411214953271028,0.3728813559322034,214,258,0.03382663847780127,0.6666666666666666,0.06438631790744467,24,473,0.000990885542705655,0.9999054670333862,1152949,282,0.2707734421921249,4.242923417012207,1.6003369092941284,0.5460066795349121,21899,6,0.9012785709914398,0.09507224999833852,0.8500977158546448,0.9695104360580444,253628,62,1.2590201597072548,0.9364018749911338,1.338222622871399,0.7118166089057922,16663,5,0.6821634363051226,0.05588333401829004,1.0778295993804932,0.8957869410514832,228052,56,1.0168515107903744,0.828420624951832,6.158701500971802,0.001286290935240686,6.159987791907042,1.5579517079750076,7.71793949988205,0.017097999108955264
97,1.9639609944268546,0.9655800436211099,0.3422459897111406,0.4515708955074123,0.3422459897111406,0.25883441340593155,0.9530048833893083,0.44111875215881524,0.0,0.0,0.9715697067208626,0.9997502062250933,0.985458532912273,344284,354270,0.1484375,0.16521739130434782,0.15637860082304528,345,384,0.11958914159941306,0.5015384615384615,0.19312796208530805,325,1363,0.22,0.012658227848101266,0.023939064200217627,869,50,0.7317073170731707,0.03803084724276357,0.0723036754368347,4733,246,1.0,0.00029877502240812666,0.0005973715651135006,3347,1,0.9966532797858099,0.5994363929146538,0.7486173956762192,2484,1494,0.0,0.0,0.0,1917,0,0.2891156462585034,0.397196261682243,0.3346456692913386,214,294,0.038636363636363635,0.7083333333333334,0.07327586206896551,24,440,0.0010492689907550812,0.9998794198036194,1152949,282,0.2792301260775297,4.343904500012286,1.5705150365829468,0.5472396016120911,21899,6,0.8677219368932813,0.07254758302588016,0.8146141171455383,0.9696326851844788,253628,62,1.034567633656524,0.9361777920275927,1.3292218446731567,0.7086958885192871,16663,5,0.795122465159724,0.05521770799532533,1.0823630094528198,0.8925508260726929,228052,56,1.0425657554598735,0.8269799170084298,6.234827500069514,0.0011913750786334276,6.236018875148147,1.529323208029382,7.765342083177529,0.016281708027236164
98,1.9665604094131175,0.9657641224737966,0.341021699843137,0.441156760232412,0.341021699843137,0.2579269218395901,0.9532702996396675,0.43707903028273787,0.0,0.0,0.9718438707054279,0.9997443970675373,0.9855967196027787,344284,354168,0.1570048309178744,0.18840579710144928,0.1712779973649539,345,414,0.11773472429210134,0.48615384615384616,0.1895620875824835,325,1342,0.14285714285714285,0.012658227848101266,0.023255813953488372,869,77,0.7364016736401674,0.0371857173040355,0.07079646017699115,4733,239,1.0,0.00029877502240812666,0.0005973715651135006,3347,1,0.9961904761904762,0.6316425120772947,0.7730968218773097,2484,1575,0.0,0.0,0.0,1917,0,0.25,0.34579439252336447,0.2901960784313726,214,296,0.03953488372093023,0.7083333333333334,0.07488986784140969,24,430,0.001030190847814083,0.9998889565467834,1152949,282,0.2702966885700445,4.2056043749907985,1.5924272537231445,0.5489748120307922,21899,6,0.8670572771636752,0.07208075001835823,0.8196988105773926,0.9695104360580444,253628,62,1.016297588561884,0.9107560419943184,1.3096798658370972,0.7078557014465332,16663,5,0.6379154849011636,0.08019899995997548,1.081648588180542,0.8932129740715027,228052,56,0.9965095091789895,0.8212037499761209,6.0898439169395715,0.002918250043876469,6.092762166983448,1.5102872080169618,7.60304937500041,0.018590916064567864
99,1.9604128367060334,0.9658282711648845,0.328750354220405,0.4376440174696373,0.328750354220405,0.24621129724653432,0.9530194019351702,0.43382010019177564,0.0,0.0,0.9713971241903848,0.9997560153826492,0.9853725707431376,344284,354335,0.0,0.0,0.0,345,4,0.11674259681093394,0.6307692307692307,0.19702066314271985,325,1756,0.18518518518518517,0.011507479861910242,0.021668472372697724,869,54,0.7276422764227642,0.037819564758081556,0.07190198835107452,4733,246,1.0,0.00029877502240812666,0.0005973715651135006,3347,1,0.9963031423290203,0.6509661835748792,0.787436084733382,2484,1623,0.0,0.0,0.0,1917,0,0.3315508021390374,0.2897196261682243,0.3092269326683292,214,187,0.047619047619047616,0.6666666666666666,0.08888888888888889,24,336,0.0010083462111651897,0.9999054670333862,1152949,282,0.2725113648788217,4.223215249949135,1.5670528411865234,0.5501164197921753,21899,6,0.855848767407667,0.09762579202651978,0.8190613985061646,0.9694079756736755,253628,62,0.9927447056332253,0.903603583923541,1.2747092247009277,0.7105563282966614,16663,5,0.6524804683714649,0.05559100001119077,1.0951433181762695,0.8896830677986145,228052,56,1.0654536278654716,0.822681957972236,6.102717583882622,0.0012322500115260482,6.1039498338941485,1.587480082991533,7.6914299168856815,0.02055883314460516
100,1.9313551593878509,0.9658254820913589,0.34627056597020267,0.42513142647428354,0.34627056597020267,0.24392389860335584,0.9533279843576941,0.4367823580431652,0.0,0.0,0.972112228931656,0.9997211604373134,0.9857234093128621,344284,354062,0.0,0.0,0.0,345,4,0.11674259681093394,0.6307692307692307,0.19702066314271985,325,1756,0.1568627450980392,0.009205983889528193,0.017391304347826087,869,51,0.7294117647058823,0.039298542150855695,0.07457898957497995,4733,255,1.0,0.00029877502240812666,0.0005973715651135006,3347,1,0.9968671679197995,0.6404991948470209,0.7799019607843137,2484,1596,0.0,0.0,0.0,1917,0,0.23969072164948454,0.43457943925233644,0.3089700996677741,214,388,0.039627039627039624,0.7083333333333334,0.07505518763796909,24,429,0.0010029058903455734,0.9998915791511536,1152949,282,0.27114468090173516,4.1234449580078945,1.5863032341003418,0.5552308559417725,21899,6,0.8632771564188084,0.1086123330751434,0.8251373767852783,0.96883624792099,253628,62,1.001651623743384,0.9285884170094505,1.3397294282913208,0.7112164497375488,16663,5,0.6646995924377405,0.05477779102511704,1.083238959312439,0.893160343170166,228052,56,0.9893625200220082,0.8061172080924734,6.021540707210079,0.001241166959516704,6.0227818741695955,1.4789800000144169,7.501761874184012,0.01499629276804626
