round,val_loss,accuracy,balanced_accuracy,macro_precision,macro_recall,macro_f1,weighted_f1,macro_pr_auc,worst_class_f1,worst_class_recall,precision_c0,recall_c0,f1_c0,support_c0,predicted_count_c0,precision_c1,recall_c1,f1_c1,support_c1,predicted_count_c1,precision_c2,recall_c2,f1_c2,support_c2,predicted_count_c2,precision_c3,recall_c3,f1_c3,support_c3,predicted_count_c3,precision_c4,recall_c4,f1_c4,support_c4,predicted_count_c4,precision_c5,recall_c5,f1_c5,support_c5,predicted_count_c5,precision_c6,recall_c6,f1_c6,support_c6,predicted_count_c6,precision_c7,recall_c7,f1_c7,support_c7,predicted_count_c7,precision_c8,recall_c8,f1_c8,support_c8,predicted_count_c8,precision_c9,recall_c9,f1_c9,support_c9,predicted_count_c9,train_loss_client_0,train_accuracy_client_0,train_samples_client_0,train_batches_client_0,update_l2_client_0,train_seconds_client_0,train_loss_client_1,train_accuracy_client_1,train_samples_client_1,train_batches_client_1,update_l2_client_1,train_seconds_client_1,train_loss_client_2,train_accuracy_client_2,train_samples_client_2,train_batches_client_2,update_l2_client_2,train_seconds_client_2,train_loss_client_3,train_accuracy_client_3,train_samples_client_3,train_batches_client_3,update_l2_client_3,train_seconds_client_3,train_loss_client_4,train_accuracy_client_4,train_samples_client_4,train_batches_client_4,update_l2_client_4,train_seconds_client_4,round_train_seconds,aggregation_seconds,fl_round_seconds,validation_seconds,round_total_seconds,round_orchestration_seconds
1,7.80965295192323,0.9602333896726184,0.1,0.0960233389672618,0.1,0.0979713328761315,0.940753450583922,0.119426048570476,0.0,0.0,0.9602333896726184,1.0,0.979713328761315,344284,358542,0.0,0.0,0.0,345,0,0.0,0.0,0.0,325,0,0.0,0.0,0.0,869,0,0.0,0.0,0.0,4733,0,0.0,0.0,0.0,3347,0,0.0,0.0,0.0,2484,0,0.0,0.0,0.0,1917,0,0.0,0.0,0.0,214,0,0.0,0.0,0.0,24,0,2.1279385089874268,0.0341524109244346,174424,43,1.1648376971106098,0.7805993339279667,2.235374927520752,0.0955402329564094,16391,5,0.3125949743935143,0.1027835420100018,0.1071154773235321,0.9938490986824036,629665,154,2.4354122984291977,2.3534244999755174,2.003480911254883,0.0300372801721096,192594,48,1.3387798622389993,0.8889280000003055,0.1052987277507782,0.9939995408058168,660117,162,2.422176099333782,2.5809462079778314,6.706681583891623,0.0011650000233203,6.707846583914943,1.6078127920627594,8.315659375977702,0.4331064991420135
2,7.411641553546669,0.9602333896726184,0.1,0.0960233389672618,0.1,0.0979713328761315,0.940753450583922,0.1394404174524932,0.0,0.0,0.9602333896726184,1.0,0.979713328761315,344284,358542,0.0,0.0,0.0,345,0,0.0,0.0,0.0,325,0,0.0,0.0,0.0,869,0,0.0,0.0,0.0,4733,0,0.0,0.0,0.0,3347,0,0.0,0.0,0.0,2484,0,0.0,0.0,0.0,1917,0,0.0,0.0,0.0,214,0,0.0,0.0,0.0,24,0,2.234507322311402,0.5769848227500916,174424,43,1.968253933193941,0.6834726249799132,3.910431146621704,0.1091452613472938,16391,5,1.4312753927068882,0.0820324160158634,0.0074431835673749,1.0,629665,154,0.5877166899459749,2.275444958009757,2.1119415760040283,0.773409366607666,192594,48,1.9885155796396776,0.6830928339622915,0.0100130811333656,0.9999969601631165,660117,162,0.5916343676720891,2.3991061670240015,6.123148999991827,0.0022980830399319,6.125447083031759,1.5190986659144985,7.644545748946257,0.0185497499769553
3,6.314598928167469,0.9602333896726184,0.1,0.0960233389672618,0.1,0.0979713328761315,0.940753450583922,0.1758824100810743,0.0,0.0,0.9602333896726184,1.0,0.979713328761315,344284,358542,0.0,0.0,0.0,345,0,0.0,0.0,0.0,325,0,0.0,0.0,0.0,869,0,0.0,0.0,0.0,4733,0,0.0,0.0,0.0,3347,0,0.0,0.0,0.0,2484,0,0.0,0.0,0.0,1917,0,0.0,0.0,0.0,214,0,0.0,0.0,0.0,24,0,2.166245698928833,0.6062296628952026,174424,43,1.878671938329494,0.6278331249486655,3.813565731048584,0.1650295853614807,16391,5,1.465887130444446,0.0607908340170979,0.0046240873634815,1.0,629665,154,0.3966061206697713,2.3616200829856098,2.05605149269104,0.8105548620223999,192594,48,1.945386081858919,0.6820313340285793,0.0072695491835474,0.9999969601631165,660117,162,0.3995852878681327,2.423423291067593,6.155698667047545,0.0025999159552156,6.158298583002761,1.521843915921636,7.680142498924397,0.0191578329540789
4,5.1038130103900174,0.9602333896726184,0.1,0.0960233389672618,0.1,0.0979713328761315,0.940753450583922,0.2127132549063851,0.0,0.0,0.9602333896726184,1.0,0.979713328761315,344284,358542,0.0,0.0,0.0,345,0,0.0,0.0,0.0,325,0,0.0,0.0,0.0,869,0,0.0,0.0,0.0,4733,0,0.0,0.0,0.0,3347,0,0.0,0.0,0.0,2484,0,0.0,0.0,0.0,1917,0,0.0,0.0,0.0,214,0,0.0,0.0,0.0,24,0,2.0711920261383057,0.6063729524612427,174424,43,1.812915553456042,0.6142267909599468,3.2569363117218018,0.1849795579910278,16391,5,1.42513663861349,0.0568467079428955,0.0038689149077981,1.0,629665,154,0.3489082861591927,2.2999055410036817,1.9166172742843628,0.777968168258667,192594,48,1.890305022578681,0.7006805409910157,0.0058637033216655,0.9999969601631165,660117,162,0.3461748150803097,2.4135141669539735,6.085173747851513,0.0012006249744445,6.086374372825958,1.4965727500384671,7.582947122864425,0.0179638771805912
5,4.188384043156115,0.9602333896726184,0.1,0.0960233389672618,0.1,0.0979713328761315,0.940753450583922,0.2065276593595336,0.0,0.0,0.9602333896726184,1.0,0.979713328761315,344284,358542,0.0,0.0,0.0,345,0,0.0,0.0,0.0,325,0,0.0,0.0,0.0,869,0,0.0,0.0,0.0,4733,0,0.0,0.0,0.0,3347,0,0.0,0.0,0.0,2484,0,0.0,0.0,0.0,1917,0,0.0,0.0,0.0,214,0,0.0,0.0,0.0,24,0,1.982000708580017,0.6101511120796204,174424,43,1.6819947154608317,0.6360391250345856,2.8597817420959473,0.2130437493324279,16391,5,1.2217458178020473,0.0550704590277746,0.0034235205966979,1.0,629665,154,0.3267104907664581,2.265393582987599,1.8348841667175293,0.797787070274353,192594,48,2.1201634535975304,0.7097251249942929,0.0061498684808611,0.9999969601631165,660117,162,0.3282811032658712,2.414174458011985,6.080402750056237,0.0018197919707745,6.0822225420270115,1.5215272919740528,7.603749834001064,0.0195902088889852
6,3.9853611282557018,0.9604871953634442,0.128,0.1084541913088823,0.128,0.1151004108643011,0.9419046972358264,0.2177774135865059,0.0,0.0,0.9622300851318342,1.0,0.9807515361453504,344284,357798,0.0,0.0,0.0,345,0,0.1223118279569892,0.28,0.1702525724976613,325,744,0.0,0.0,0.0,869,0,0.0,0.0,0.0,4733,0,0.0,0.0,0.0,3347,0,0.0,0.0,0.0,2484,0,0.0,0.0,0.0,1917,0,0.0,0.0,0.0,214,0,0.0,0.0,0.0,24,0,1.920387864112854,0.6542620062828064,174424,43,1.5536413339001318,0.6472854170715436,2.652184009552002,0.2319565564393997,16391,5,1.1262770985347708,0.0557259999914094,0.0033160538878291,1.0,629665,154,0.3360669373918248,2.3156074170256034,1.761701226234436,0.8004247546195984,192594,48,1.6252857201214093,0.7062275839271024,0.0063417903147637,0.9999969601631165,660117,162,0.3209147185655025,2.378714416990988,6.103560835006647,0.0011959580006077,6.104756793007255,1.5282746669836342,7.633031459990889,0.0177542900200933
7,3.7363044257847258,0.9606099145985686,0.142460667087905,0.1089650637449746,0.142460667087905,0.1176146007244486,0.9423872127280968,0.2372633155752352,0.0,0.0,0.9631611782380144,0.999991286263666,0.981230753007198,344284,357449,0.0,0.0,0.0,345,0,0.1264894592117323,0.4246153846153846,0.1949152542372881,325,1091,0.0,0.0,0.0,869,2,0.0,0.0,0.0,4733,0,0.0,0.0,0.0,3347,0,0.0,0.0,0.0,2484,0,0.0,0.0,0.0,1917,0,0.0,0.0,0.0,214,0,0.0,0.0,0.0,24,0,1.8590543270111084,0.6742019653320312,174424,43,1.502868574261978,0.6374578750692308,2.550911664962769,0.2460496574640274,16391,5,1.036631446208102,0.0819107500137761,0.0028398600406944,0.9999983906745912,629665,154,0.2967431048356047,2.2909312080591917,1.7318288087844849,0.8655357956886292,192594,48,1.4524702960939515,0.7155613340437412,0.0047689680941402,0.9999924302101136,660117,162,0.2823326031661415,2.41073270898778,6.13659387617372,0.0013077920302748,6.137901668203995,1.5084232500521466,7.646324918256141,0.0179543738486245
8,3.618243549364498,0.9606573288485032,0.1467283487733082,0.1327728214896291,0.1467283487733082,0.119078093047989,0.9425744990731344,0.2490322008322011,0.0,0.0,0.963476542822921,0.999991286263666,0.9813943809719275,344284,357332,0.0,0.0,0.0,345,0,0.1261564339781329,0.4615384615384615,0.1981505944517833,325,1189,0.238095238095238,0.0057537399309551,0.0112359550561797,869,21,0.0,0.0,0.0,4733,0,0.0,0.0,0.0,3347,0,0.0,0.0,0.0,2484,0,0.0,0.0,0.0,1917,0,0.0,0.0,0.0,214,0,0.0,0.0,0.0,24,0,1.8224735260009768,0.6900025010108948,174424,43,1.4482309028458502,0.6293769580079243,2.4463846683502197,0.2588615715503692,16391,5,0.98152093263878,0.0597329169977456,0.0026058536022901,0.999993622303009,629665,154,0.2840205870468139,2.3785754169803113,1.7057965993881226,0.8566518425941467,192594,48,1.419792587213388,0.6990023329854012,0.004677060060203,0.99998939037323,660117,162,0.2832806725632236,2.418968249927275,6.185655874898657,0.0012036249972879,6.186859499895945,1.5301541660446674,7.7170136659406126,0.0162722500972449
9,3.4888040068689534,0.9606601179220288,0.1479173646345216,0.1257628176763295,0.1479173646345216,0.1199663404440206,0.9426757332138964,0.2686544981267538,0.0,0.0,0.9636485268514424,0.999973858790998,0.981475199060361,344284,357262,0.0,0.0,0.0,345,0,0.1244881244881244,0.4676923076923077,0.1966364812419146,325,1221,0.1694915254237288,0.0115074798619102,0.021551724137931,869,59,0.0,0.0,0.0,4733,0,0.0,0.0,0.0,3347,0,0.0,0.0,0.0,2484,0,0.0,0.0,0.0,1917,0,0.0,0.0,0.0,214,0,0.0,0.0,0.0,24,0,1.7815489768981934,0.6957586407661438,174424,43,1.387192720354831,0.6309941670624539,2.410909414291382,0.2616069912910461,16391,5,0.9668287204545354,0.0551825000438839,0.0023843811359256,0.999988853931427,629665,154,0.2709945210419804,2.298881834023632,1.6692123413085938,0.8706398010253906,192594,48,1.3456133762711149,0.7319609170081094,0.0044308505021035,0.9999863505363464,660117,162,0.2654945288896624,2.3913761250441894,6.108395543182269,0.0011449169833213,6.10954046016559,1.4860159170348195,7.59555637720041,0.0183484567096456
10,3.2520661937780773,0.9606796414367076,0.150452514983001,0.1251700476198798,0.150452514983001,0.1208655905136365,0.9428502452594096,0.2777755902359702,0.0,0.0,0.9639610125972656,0.9999593358971082,0.981630252699861,344284,357141,0.0,0.0,0.0,345,0,0.1210727969348659,0.4861538461538461,0.1938650306748466,325,1305,0.1666666666666666,0.0184119677790563,0.033160621761658,869,96,0.0,0.0,0.0,4733,0,0.0,0.0,0.0,3347,0,0.0,0.0,0.0,2484,0,0.0,0.0,0.0,1917,0,0.0,0.0,0.0,214,0,0.0,0.0,0.0,24,0,1.7533657550811768,0.6804854869842529,174424,43,1.3928039168437236,0.646308874944225,2.2908828258514404,0.2744188904762268,16391,5,0.9603551664395348,0.055246541975066,0.0022921985946595,0.9999793767929076,629665,154,0.265433267245739,2.2491124169901013,1.6612906455993652,0.8670052289962769,192594,48,1.4867287714896562,0.7167612500488758,0.0042654583230614,0.99996817111969,660117,162,0.2480088473722905,2.3837282500462607,6.051157334004529,0.0012112080585211,6.05236854206305,1.5808489581104368,7.633217500173487,0.0162366660078987
11,3.2555964610710264,0.9606880086572842,0.1544944232236586,0.1169399179241359,0.1544944232236586,0.1187354429968456,0.9428979996288984,0.2842646599606345,0.0,0.0,0.9641821893983312,0.9999535267395522,0.9817421197391852,344284,357057,0.0,0.0,0.0,345,0,0.1218836565096952,0.5415384615384615,0.1989824759751272,325,1444,0.0833333333333333,0.003452243958573,0.0066298342541436,869,36,0.0,0.0,0.0,4733,0,0.0,0.0,0.0,3347,5,0.0,0.0,0.0,2484,0,0.0,0.0,0.0,1917,0,0.0,0.0,0.0,214,0,0.0,0.0,0.0,24,0,1.69547700881958,0.6986710429191589,174424,43,1.3074530512019242,0.6272182500688359,2.272411108016968,0.272039532661438,16391,5,0.857660791982222,0.0802954159444198,0.0023057826329022,0.9999523758888244,629665,154,0.277531519771565,2.246975708054378,1.619549036026001,0.8695753812789917,192594,48,1.426784171788502,0.6758918750565499,0.0040468131192028,0.9999545812606812,660117,162,0.2768980141567509,2.3937640000367537,6.024145249160938,0.0012110830284655,6.0253563321894035,1.5345703340135517,7.559926666202955,0.0151539588114246
12,3.028867236420831,0.9606712742161309,0.1547258129945852,0.1408584332108113,0.1547258129945852,0.1189548446008542,0.9429495631639856,0.2935805966992124,0.0,0.0,0.9642648068008348,0.9999215763729944,0.9817695448018604,344284,357015,0.0,0.0,0.0,345,0,0.120136518771331,0.5415384615384615,0.1966480446927374,325,1465,0.0888888888888888,0.004602991944764,0.0087527352297593,869,45,0.0,0.0,0.0,4733,0,0.2352941176470588,0.0011951000896325,0.0023781212841854,3347,17,0.0,0.0,0.0,2484,0,0.0,0.0,0.0,1917,0,0.0,0.0,0.0,214,0,0.0,0.0,0.0,24,0,1.694644331932068,0.698223888874054,174424,43,1.2982392768890365,0.6135910829761997,2.2064733505249023,0.2772253155708313,16391,5,0.8728886947450026,0.0549775409745052,0.0021251961588859,0.9999555349349976,629665,154,0.2600355683987054,2.262908958015032,1.5918415784835815,0.8840773701667786,192594,48,1.3690913235036255,0.6699967499589548,0.004351788200438,0.999953031539917,660117,162,0.2367155793214896,2.4360004169866443,6.037474748911336,0.0020372919971123,6.039512040908448,1.54557129193563,7.5850833328440785,0.0166747100884094
13,3.1781754421372583,0.9606712742161309,0.1521222268109648,0.1427540725963001,0.1521222268109648,0.1188316508395979,0.9428239466021886,0.2869782282719247,0.0,0.0,0.9640038978276332,0.9999506221607742,0.9816482892932196,344284,357122,0.0,0.0,0.0,345,0,0.1226277372262773,0.5169230769230769,0.1982300884955752,325,1370,0.0909090909090909,0.003452243958573,0.0066518847006651,869,33,0.0,0.0,0.0,4733,0,0.25,0.0008963250672243,0.0017862459065197,3347,12,0.0,0.0,0.0,2484,0,0.0,0.0,0.0,1917,5,0.0,0.0,0.0,214,0,0.0,0.0,0.0,24,0,1.6673227548599243,0.7135887145996094,174424,43,1.242315539173002,0.6151364580728114,2.1609835624694824,0.2802147567272186,16391,5,0.8529080764464566,0.0546566669363528,0.0022304428275674,0.9999586939811708,629665,154,0.2785555842723782,2.314209582982585,1.5797783136367798,0.8958742022514343,192594,48,1.3876833613187765,0.6825350420549512,0.0038806104566901,0.9999515414237976,660117,162,0.2822107406325961,2.445970415952615,6.112508165999316,0.0011173340026289,6.113625500001945,1.5192354589235038,7.632860958925448,0.0173452090239152
14,3.003031362657034,0.960676852363182,0.1539968058699705,0.1483734115537681,0.1539968058699705,0.1190545465930246,0.9428791276529612,0.3010851385982855,0.0,0.0,0.9641140821561796,0.9999360992668844,0.981698414508954,344284,357076,0.0,0.0,0.0,345,1,0.1227946365561044,0.5353846153846153,0.1997703788748565,325,1417,0.1111111111111111,0.003452243958573,0.0066964285714285,869,27,0.0,0.0,0.0,4733,0,0.2857142857142857,0.0011951000896325,0.0023802439750074,3347,14,0.0,0.0,0.0,2484,0,0.0,0.0,0.0,1917,7,0.0,0.0,0.0,214,0,0.0,0.0,0.0,24,0,1.6494643688201904,0.734423041343689,174424,43,1.207970348785639,0.6194386669667438,2.134604215621948,0.2898541986942291,16391,5,0.990663818108752,0.0538019160740077,0.0019201809773221,0.9999603033065796,629665,154,0.2448624808769323,2.234017207985744,1.5607991218566897,0.8888438940048218,192594,48,1.28103417157511,0.6918031249660999,0.0039496119134128,0.9999606013298036,660117,162,0.221175468472731,2.3451048340648413,5.9441657500574365,0.0011441250098869,5.9453098750673234,1.5268387499963865,7.47214862506371,0.0162135419668629
15,3.232763480079909,0.9605848129368386,0.1301396820111872,0.1604564193700764,0.1301396820111872,0.1173437030717057,0.9433668317626586,0.2841546550044217,0.0,0.0,0.9649053450866922,0.999602072707416,0.9819473056489212,344284,356664,0.0,0.0,0.0,345,0,0.0,0.0,0.0,325,0,0.1396588486140725,0.3014959723820483,0.1908925318761384,869,1876,0.0,0.0,0.0,4733,0,0.5,0.0002987750224081,0.0005971931919976,3347,2,0.0,0.0,0.0,2484,0,0.0,0.0,0.0,1917,0,0.0,0.0,0.0,214,0,0.0,0.0,0.0,24,0,1.628705620765686,0.7290109395980835,174424,43,1.1742904366776148,0.6484351659892127,2.0830225944519043,0.3014459013938904,16391,5,1.0465144472404186,0.0527468750951811,0.0020128949545323,0.9999476075172424,629665,154,0.2595126914475317,2.3672807910479605,1.542623519897461,0.8996542096138,192594,48,8.694659345926018,0.7266797499032691,0.0036863759160041,0.9999515414237976,660117,162,0.2573932642387893,2.37924766598735,6.1743902480229735,0.0020280419848859,6.1764182900078595,1.5154051249846816,7.691823414992541,0.0162369600730016
16,3.326661292631934,0.9607995715983064,0.1279515577493299,0.1118266427927842,0.1279515577493299,0.1180336081606672,0.9432447232923766,0.3009718234879369,0.0,0.0,0.964371557756848,0.9998838168488806,0.981806669841967,344284,356962,0.0,0.0,0.0,345,0,0.0,0.0,0.0,325,0,0.1538948701709943,0.2796317606444188,0.1985294117647058,869,1579,0.0,0.0,0.0,4733,0,0.0,0.0,0.0,3347,1,0.0,0.0,0.0,2484,0,0.0,0.0,0.0,1917,0,0.0,0.0,0.0,214,0,0.0,0.0,0.0,24,0,1.631237268447876,0.7258060574531555,174424,43,1.2223155777995791,0.6088234999915585,2.172799825668335,0.2786895334720611,16391,5,1.106722286132006,0.0781016249675303,0.0020646613556891,0.9999142289161682,629665,154,0.2669149757804666,2.2496172919636592,1.580915451049805,0.8940621018409729,192594,48,5.764155562615897,0.6747188329463825,0.0040029515512287,0.9999091029167176,660117,162,0.2452602691963054,2.383154541021213,5.9944157908903435,0.0011339170159772,5.995549707906321,1.5058121670736,7.501361874979921,0.0175721250707283
17,3.0953398788659623,0.9607493682748464,0.1363338643437986,0.1543603197551927,0.1363338643437986,0.1292876060322469,0.943251720053855,0.3072680193392846,0.0,0.0,0.9642320964416958,0.9999128626366603,0.981748390150975,344284,357024,0.0,0.0,0.0,345,0,0.1225296442687747,0.1907692307692307,0.1492178098676293,325,506,0.1491491491491491,0.1714614499424626,0.1595289079229122,869,999,0.0,0.0,0.0,4733,0,0.3076923076923077,0.0011951000896325,0.0023809523809523,3347,13,0.0,0.0,0.0,2484,0,0.0,0.0,0.0,1917,0,0.0,0.0,0.0,214,0,0.0,0.0,0.0,24,0,1.627705454826355,0.7286955714225769,174424,43,1.355732078698111,0.6115734999766573,2.2371866703033447,0.2850344777107239,16391,5,1.6814647587030436,0.0540993330068886,0.0020279786549508,0.9999221563339232,629665,154,0.2640491704602586,2.2590831250417978,1.5455107688903809,0.8949240446090698,192594,48,1.3400315578502418,0.6699429589789361,0.0037101188208907,0.9999364018440248,660117,162,0.2405351688244318,2.3695248330477625,5.964223750052042,0.003129709046334,5.967353459098376,1.5010908750118688,7.468444334110245,0.0185793339041993
18,3.019193451963599,0.9606907977308098,0.1543905547410897,0.1674116897146022,0.1543905547410897,0.1212803711525363,0.9429876366829156,0.308228218990275,0.0,0.0,0.9642243950805393,0.9999244809517724,0.981749998217634,344284,357031,0.0,0.0,0.0,345,0,0.1222301644031451,0.5261538461538462,0.1983758700696055,325,1399,0.1590909090909091,0.0161104718066743,0.0292580982236154,869,88,0.0,0.0,0.0,4733,0,0.2857142857142857,0.0011951000896325,0.0023802439750074,3347,14,0.0,0.0,0.0,2484,0,0.1428571428571428,0.0005216484089723,0.001039501039501,1917,7,0.0,0.0,0.0,214,3,0.0,0.0,0.0,24,0,1.6216374635696411,0.7463365197181702,174424,43,1.2000730342048012,0.60535320895724,2.192375659942627,0.2918674945831299,16391,5,0.814652574026123,0.0536142910132184,0.0018793618073686,0.9999316930770874,629665,154,0.2520201841231695,2.233496500062756,1.508832573890686,0.9015389680862428,192594,48,1.282243500457478,0.6994036250980571,0.0033071120269596,0.999927282333374,660117,162,0.2522237267372822,2.3685200000181794,5.960387625149451,0.001075666048564,5.961463291198015,1.472167707979679,7.433630999177694,0.0156277498463168
19,2.8725369058420407,0.9607214775395908,0.1594862378435171,0.1872779639494664,0.1594862378435171,0.1339670402448079,0.9430892092149415,0.3132503539093728,0.0,0.0,0.9642458006671876,0.9999186717942165,0.981758293467179,344284,357021,0.1954545454545454,0.1246376811594203,0.1522123893805309,345,220,0.1231647634584013,0.4646153846153846,0.1947130883301096,325,1226,0.06,0.003452243958573,0.0065288356909684,869,50,0.0,0.0,0.0,4733,0,0.3076923076923077,0.0011951000896325,0.0023809523809523,3347,13,0.0,0.0,0.0,2484,0,0.2222222222222222,0.0010432968179447,0.0020768431983385,1917,9,0.0,0.0,0.0,214,3,0.0,0.0,0.0,24,0,1.5886515378952026,0.7261156439781189,174424,43,1.2158153549154542,0.6327974160667509,2.1181459426879883,0.3091330528259277,16391,5,0.9090443145692486,0.054296875023283,0.0017904250416904,0.9999301433563232,629665,154,0.2425540231492481,2.233811334008351,1.5113837718963623,0.9000903367996216,192594,48,1.1917249522986189,0.6982352080522105,0.0035691712982952,0.9999257922172546,660117,162,0.2336308395143462,2.3447066250955686,5.963847458246164,0.0011985829332843,5.965046041179448,1.5049300839891655,7.469976125168614,0.0164929587626829
20,2.856237783140715,0.9607549464218976,0.1609108651047021,0.1684021199862144,0.1609108651047021,0.1333394653069134,0.943069911268334,0.3166745504165115,0.0,0.0,0.9642188935445564,0.9999215763729944,0.9817457465678808,344284,357032,0.1548154815481548,0.4985507246376812,0.2362637362637362,345,1111,0.103030303030303,0.1046153846153846,0.1038167938931297,325,330,0.0869565217391304,0.004602991944764,0.0087431693989071,869,46,0.0,0.0,0.0,4733,0,0.25,0.0008963250672243,0.0017862459065197,3347,12,0.0,0.0,0.0,2484,0,0.125,0.0005216484089723,0.001038961038961,1917,8,0.0,0.0,0.0,214,3,0.0,0.0,0.0,24,0,1.5827360153198242,0.7544087767601013,174424,43,1.1269506548651165,0.6135269170626998,2.018015146255493,0.3110853433609009,16391,5,0.9125747494095886,0.0786539580440148,0.0018556915456429,0.9999094605445862,629665,154,0.2514094263881362,2.247356874984689,1.4937564134597778,0.894088089466095,192594,48,1.251226881802818,0.6756262080743909,0.0038534309715032,0.999931812286377,660117,162,0.2458053225089051,2.436371707939543,6.051535666105337,0.0015281250234693,6.053063791128807,1.524769333074801,7.577833124203607,0.0159163338830694
21,2.798307735620529,0.9607465792013208,0.1608144246088418,0.1813894998346799,0.1608144246088418,0.1366396839590749,0.9431485418943084,0.324268857203661,0.0,0.0,0.9643078233150418,0.9999157672154384,0.9817890403418886,344284,356997,0.1571594877764842,0.391304347826087,0.2242524916943521,345,859,0.1116584564860427,0.2092307692307692,0.145610278372591,325,609,0.1,0.0057537399309551,0.0108813928182807,869,50,0.0,0.0,0.0,4733,0,0.2307692307692307,0.0008963250672243,0.0017857142857142,3347,13,0.0,0.0,0.0,2484,3,0.25,0.0010432968179447,0.002077922077922,1917,8,0.0,0.0,0.0,214,3,0.0,0.0,0.0,24,0,1.582564353942871,0.7359136343002319,174424,43,1.1529100626768534,0.6130109999794513,2.003617286682129,0.3213348686695099,16391,5,1.002896708584198,0.0549480409827083,0.0018045090837404,0.9999221563339232,629665,154,0.2420155795616537,2.313847540994175,1.4859600067138672,0.9013209342956544,192594,48,1.1702212808707806,0.6908599159214646,0.0035834293812513,0.9999227523803712,660117,162,0.2462431681352516,2.485688874963671,6.15835537284147,0.0013322500744834,6.159687622915953,1.543093707994558,7.702781330910511,0.0172640022356063
22,2.8491799965432274,0.9606740632896564,0.1548631751318608,0.1550140121728817,0.1548631751318608,0.1192608870468916,0.9429554129187132,0.3271427118296218,0.0,0.0,0.9642648068008348,0.9999215763729944,0.9817695448018604,344284,357015,0.0,0.0,0.0,345,2,0.1203830369357045,0.5415384615384615,0.1969781757134863,325,1462,0.1351351351351351,0.0057537399309551,0.0110375275938189,869,37,0.0,0.0,0.0,4733,0,0.1875,0.0008963250672243,0.0017841213202497,3347,16,0.0,0.0,0.0,2484,0,0.1428571428571428,0.0005216484089723,0.001039501039501,1917,7,0.0,0.0,0.0,214,3,0.0,0.0,0.0,24,0,1.551815152168274,0.7643501162528992,174424,43,1.0827791885932814,0.6078793749911711,1.976936101913452,0.3329876065254211,16391,5,1.0822531204978607,0.0539485840126872,0.0017964489525184,0.9999173879623412,629665,154,0.2454703687712585,2.2526188329793513,1.4601651430130005,0.9176142811775208,192594,48,1.0582496164641348,0.6781703750602901,0.0034565592650324,0.9999030232429504,660117,162,0.2448803453936125,2.6693897080840543,6.262006875127554,0.0011790830176323,6.263185958145186,1.519351499970071,7.782537458115257,0.0184145838720724
23,2.7039124939049644,0.9606824305102332,0.1562084382454935,0.24232458869944,0.1562084382454935,0.1195479089636074,0.9430123108873332,0.3336100012048423,0.0,0.0,0.96437265563502,0.9999157672154384,0.9818226413426177,344284,356973,0.0,0.0,0.0,345,2,0.1202404809619238,0.5538461538461539,0.1975850713501646,325,1497,0.1621621621621621,0.0069044879171461,0.0132450331125827,869,37,0.0,0.0,0.0,4733,0,0.1764705882352941,0.0008963250672243,0.0017835909631391,3347,17,0.0,0.0,0.0,2484,3,1.0,0.0005216484089723,0.0010427528675703,1917,1,0.0,0.0,0.0,214,10,0.0,0.0,0.0,24,2,1.5489671230316162,0.7626874446868896,174424,43,1.1177041828018313,0.6526052919216454,1.9838974475860596,0.3247513771057129,16391,5,0.8288666585595785,0.0546017920132726,0.0017024248372763,0.9999333024024964,629665,154,0.2331879314408487,2.2746781249297783,1.4493441581726074,0.9093844890594482,192594,48,1.169158438882366,0.697616207995452,0.0036512026563286,0.9999197125434875,660117,162,0.2335559553351047,2.4065098750870675,6.086011291947216,0.0023211250081658,6.088332416955382,1.4911829580087217,7.579515374964103,0.0178633750183507
24,2.7311895665083203,0.9606740632896564,0.1558482906390262,0.143438700196124,0.1558482906390262,0.1194409487126782,0.9429932347642362,0.3297866777118016,0.0,0.0,0.964348242623557,0.9999128626366603,0.9818085887645897,344284,356981,0.0,0.0,0.0,345,2,0.1203765971755211,0.5507692307692308,0.1975717439293598,325,1487,0.1621621621621621,0.0069044879171461,0.0132450331125827,869,37,0.0,0.0,0.0,4733,0,0.1875,0.0008963250672243,0.0017841213202497,3347,16,0.0,0.0,0.0,2484,6,0.0,0.0,0.0,1917,0,0.0,0.0,0.0,214,10,0.0,0.0,0.0,24,3,1.5253945589065552,0.7629569172859192,174424,43,1.0452256264781297,0.635791749926284,1.9818049669265747,0.3251174390316009,16391,5,0.8834635177135347,0.0546754579991102,0.0017505056457594,0.9999110698699952,629665,154,0.2424348841043955,2.2666457920568064,1.4490972757339478,0.9089899063110352,192594,48,1.195829747831666,0.6957342920359224,0.0038247015327215,0.9999045729637146,660117,162,0.2489418600903,2.349150041001849,6.001997333019972,0.0013845829525962,6.003381915972568,1.5076312919845805,7.5110132079571486,0.0171029999619349
25,2.642820218244484,0.9606712742161309,0.1686545306573295,0.1611541785018338,0.1686545306573295,0.1351140219059092,0.9430334867067186,0.3360611234171762,0.0,0.0,0.9644233894012574,0.9998983397427704,0.9818405320920892,344284,356948,0.0,0.0,0.0,345,0,0.1192842942345924,0.5538461538461539,0.1962922573609596,325,1509,0.1935483870967742,0.0069044879171461,0.0133333333333333,869,31,0.0,0.0,0.0,4733,0,0.12,0.0008963250672243,0.0017793594306049,3347,25,0.0,0.0,0.0,2484,5,0.0,0.0,0.0,1917,0,0.0,0.0,0.0,214,10,0.2142857142857142,0.125,0.1578947368421052,24,14,1.506900191307068,0.7711094617843628,174424,43,1.0512510427398647,0.6124236249597743,1.9381070137023928,0.3348788917064667,16391,5,0.7980210983260533,0.0788531249854713,0.0016764734173193,0.9999253749847412,629665,154,0.2445189334468644,2.245651499950327,1.440742015838623,0.9157865643501282,192594,48,1.145707119597564,0.6717094590421766,0.0033755884505808,0.9999121427536012,660117,162,0.2148835814464335,2.38588137505576,5.994519083993509,0.0012485000770539,5.995767584070563,1.5228196670068428,7.518587251077406,0.0168518749997019
26,2.6712119768797336,0.960676852363182,0.1681071054670855,0.1728087698703004,0.1681071054670855,0.1316832397553218,0.9430203965200196,0.3295258594301973,0.0,0.0,0.96439947221125,0.9999099580578824,0.9818337385649808,344284,356961,0.0,0.0,0.0,345,0,0.1198125836680053,0.5507692307692308,0.1968114348543155,325,1494,0.0967741935483871,0.003452243958573,0.0066666666666666,869,31,0.0,0.0,0.0,4733,0,0.1666666666666666,0.0008963250672243,0.0017830609212481,3347,18,0.0,0.0,0.0,2484,4,0.25,0.0010432968179447,0.002077922077922,1917,8,0.0,0.0,0.0,214,3,0.1304347826086956,0.125,0.1276595744680851,24,23,1.5256831645965576,0.7756271958351135,174424,43,1.0217106078115583,0.6149852919625118,1.916073441505432,0.3469586968421936,16391,5,0.8048860301550735,0.0550069579621776,0.0017640176229178,0.999899923801422,629665,154,0.2484734430259348,2.283367458032444,1.4229867458343506,0.9203506112098694,192594,48,1.0572818645444164,0.6707941250642762,0.004680476617068,0.9998894333839417,660117,162,0.2402795243044608,2.354898625053466,5.979052458074875,0.0010998341022059,5.980152292177081,1.5057852499885485,7.48593754216563,0.0159354169154539
27,2.605016305175475,0.9607047430984376,0.2025039683916717,0.2536013389483163,0.2025039683916717,0.1467562425918898,0.9430721944783684,0.3400136602407328,0.0,0.0,0.9644994452600554,0.9999099580578824,0.9818855460861828,344284,356924,0.0,0.0,0.0,345,0,0.1215139442231075,0.563076923076923,0.1998907700709994,325,1506,0.0833333333333333,0.002301495972382,0.0044792833146696,869,24,0.0,0.0,0.0,4733,0,0.1666666666666666,0.0008963250672243,0.0017830609212481,3347,18,0.0,0.0,0.0,2484,3,1.0,0.0005216484089723,0.0010427528675703,1917,1,0.0,0.0,0.0,214,11,0.2,0.4583333333333333,0.2784810126582278,24,55,1.512381911277771,0.7658407092094421,174424,43,1.075555321451814,0.6244784999871626,1.893732666969299,0.3436031937599182,16391,5,1.2200477549809636,0.0544357090257108,0.0017158380942419,0.9999253749847412,629665,154,0.237765339596487,2.282450042082928,1.4312750101089478,0.8951888680458069,192594,48,1.1822519250175678,0.7038623340195045,0.0036153856199234,0.999884843826294,660117,162,0.2316291395686271,2.4578035000013188,6.123030085116625,0.0021062910091131,6.125136376125738,1.5068706669844687,7.632007043110207,0.0161559148691594
28,2.698763465910134,0.9606852195837586,0.1687078573297379,0.2695109404982304,0.1687078573297379,0.1353114108552014,0.9430345676780524,0.3370406656369192,0.0,0.0,0.9644021739130436,0.9999099580578824,0.9818351386963738,344284,356960,0.0,0.0,0.0,345,0,0.1200800533689126,0.5538461538461539,0.1973684210526315,325,1499,0.1463414634146341,0.0069044879171461,0.0131868131868131,869,41,0.0,0.0,0.0,4733,0,0.25,0.0008963250672243,0.0017862459065197,3347,12,0.0,0.0,0.0,2484,5,1.0,0.0005216484089723,0.0010427528675703,1917,1,0.0,0.0,0.0,214,10,0.2142857142857142,0.125,0.1578947368421052,24,14,1.5111348628997805,0.7795830965042114,174424,43,1.0045304913405952,0.6412322920514271,1.9089808464050293,0.3363431096076965,16391,5,0.7833067024025232,0.0546968330163508,0.0017371479189023,0.9999206066131592,629665,154,0.2465589448772401,2.267835999955423,1.4201117753982544,0.9235749840736388,192594,48,1.1526860969171453,0.6988682500086725,0.0031749922782182,0.999906063079834,660117,162,0.236783860000394,2.361989959026687,6.02462333405856,0.0016827089712023,6.026306043029763,1.4973920419579372,7.5236980849877,0.0154232489876449
29,2.6667402882210025,0.9606991649513864,0.1699019658459755,0.2860946612851526,0.1699019658459755,0.1384691367165092,0.94305037983561,0.3413971624939732,0.0,0.0,0.9644484039602628,0.9999186717942165,0.981863297348944,344284,356946,0.0,0.0,0.0,345,3,0.1211525867714472,0.5692307692307692,0.1997840172786177,325,1527,0.0967741935483871,0.003452243958573,0.0066666666666666,869,31,0.0,0.0,0.0,4733,0,0.25,0.0008963250672243,0.0017862459065197,3347,12,0.0,0.0,0.0,2484,5,1.0,0.0005216484089723,0.0010427528675703,1917,1,0.0,0.0,0.0,214,10,0.4285714285714285,0.125,0.1935483870967742,24,7,1.5111162662506104,0.7808845043182373,174424,43,1.0321973324645777,0.614448165986687,1.937127947807312,0.3354889750480652,16391,5,0.8174371097446225,0.0797384999459609,0.0015948142390698,0.9999380707740784,629665,154,0.2261670526548785,2.3074756250716746,1.4036365747451782,0.918777346611023,192594,48,1.0953088350989757,0.6842900409828871,0.0030430930200964,0.9999151825904846,660117,162,0.235499024567106,2.32735912501812,6.013311457005329,0.0012074589030817,6.014518915908411,1.4960632920265198,7.510582207934931,0.0170484179398044
30,2.555837953287764,0.9606824305102332,0.1780773091796226,0.2090389896350911,0.1780773091796226,0.1376449298212129,0.9431147710405248,0.3442896150676526,0.0,0.0,0.9645690140687212,0.9998896260064364,0.9819117909223803,344284,356891,0.0,0.0,0.0,345,0,0.1201575837163493,0.563076923076923,0.198051948051948,325,1523,0.1186440677966101,0.0080552359033371,0.0150862068965517,869,59,0.0,0.0,0.0,4733,0,0.2307692307692307,0.0008963250672243,0.0017857142857142,3347,13,0.0,0.0,0.0,2484,3,0.5,0.0005216484089723,0.0010422094841063,1917,2,0.0,0.0,0.0,214,19,0.15625,0.2083333333333333,0.1785714285714285,24,32,1.5006824731826782,0.7823178172111511,174424,43,1.0458993457608594,0.6243070419877768,1.898215651512146,0.3552559316158294,16391,5,0.8037534797505624,0.0563513750676065,0.0016023353673517,0.9999110698699952,629665,154,0.2276412507751194,2.333956665941514,1.3876888751983645,0.908616065979004,192594,48,1.1420832552644384,0.7095397079829127,0.0039519481360912,0.999901533126831,660117,162,0.2111667305997014,2.371923084021546,6.096077875001356,0.0012802090495824,6.0973580840509385,1.4921672500204295,7.589525334071368,0.0162441659485921
31,2.570605121499147,0.9607131103190142,0.205102424852669,0.2759924814901634,0.205102424852669,0.1546507887725211,0.9431542519280008,0.3421632186596344,0.0,0.0,0.9646206654991244,0.9998983397427704,0.9819427547817255,344284,356875,0.0,0.0,0.0,345,0,0.121311475409836,0.5692307692307692,0.2,325,1525,0.0714285714285714,0.003452243958573,0.0065861690450054,869,42,0.0,0.0,0.0,4733,0,0.25,0.0008963250672243,0.0017862459065197,3347,12,0.0,0.0,0.0,2484,4,1.0,0.0005216484089723,0.0010427528675703,1917,1,0.1025641025641025,0.0186915887850467,0.0316205533596837,214,39,0.25,0.4583333333333333,0.3235294117647059,24,44,1.4836257696151731,0.7955613732337952,174424,43,1.008730230249961,0.6170188750838861,1.8762872219085691,0.3587334454059601,16391,5,0.9317239907990704,0.0552337499102577,0.0017616279656067,0.999907910823822,629665,154,0.2437900848346988,2.307860583998263,1.3945988416671753,0.9234399795532228,192594,48,1.1527269187034586,0.6841948750661686,0.0033959366846829,0.9998939633369446,660117,162,0.2357433612394466,2.490604499937035,6.1549125839956105,0.0014145410386845,6.156327125034295,1.572421666001901,7.728748791036196,0.0181314580840989
32,2.502919269227674,0.9607131103190142,0.2186833564404129,0.1910861782098203,0.2186833564404129,0.1574712859098926,0.9432217703802016,0.3484583619286977,0.0,0.0,0.9647633514192188,0.9998809122701026,0.982008272714306,344284,356816,0.0,0.0,0.0,345,0,0.1201027617212588,0.5753846153846154,0.1987247608926673,325,1557,0.0666666666666666,0.003452243958573,0.0065645514223194,869,45,0.0,0.0,0.0,4733,0,0.2307692307692307,0.0008963250672243,0.0017857142857142,3347,13,0.0,0.0,0.0,2484,5,0.1666666666666666,0.0005216484089723,0.001040041601664,1917,6,0.1162790697674418,0.0233644859813084,0.0389105058365758,214,43,0.2456140350877192,0.5833333333333334,0.345679012345679,24,57,1.4903168678283691,0.7896906137466431,174424,43,0.99940800000548,0.6724839999806136,1.8457837104797363,0.3663595914840698,16391,5,0.7480975639982915,0.0596429168945178,0.001671512145549,0.9999046921730042,629665,154,0.2356958768039211,2.384201374952682,1.3938307762145996,0.9221419095993042,192594,48,1.0860748242780556,0.7328934579854831,0.0032715112902224,0.999884843826294,660117,162,0.2205792594160014,2.5352445000316948,6.384466249844991,0.0012768330052495,6.38574308285024,1.579925249912776,7.965668332763016,0.01714087522123
33,2.5667838685227835,0.9607158993925398,0.2205519779707471,0.1729506684462283,0.2205519779707471,0.1414034384338196,0.9432649510641704,0.3428058949842745,0.0,0.0,0.9648745158053468,0.9998896260064364,0.9820700594241308,344284,356778,0.0,0.0,0.0,345,2,0.1202327084680025,0.5723076923076923,0.1987179487179487,325,1547,0.1153846153846153,0.0069044879171461,0.013029315960912,869,52,0.0,0.0,0.0,4733,0,0.2307692307692307,0.0008963250672243,0.0017857142857142,3347,13,0.0,0.0,0.0,2484,3,0.1666666666666666,0.0005216484089723,0.001040041601664,1917,6,0.0,0.0,0.0,214,27,0.131578947368421,0.625,0.217391304347826,24,114,1.4708824157714844,0.7967768311500549,174424,43,1.0203666420536397,0.687836583936587,1.8368321657180784,0.3693490326404571,16391,5,0.8818140380987434,0.0581170410150662,0.0017273619305342,0.99989515542984,629665,154,0.2417472736193718,2.3777553340187296,1.3768821954727173,0.9238605499267578,192594,48,1.077257903460285,0.7326322499429807,0.0034034100826829,0.9998727440834044,660117,162,0.2389673990924429,2.381846125004813,6.238187333918177,0.00199183402583,6.240179167944007,1.5243326249765232,7.76451179292053,0.0172029990935698
34,2.51540473968573,0.9607131103190142,0.2224034627398028,0.1576038614587457,0.2224034627398028,0.137026386192539,0.9433697505744792,0.347009410668776,0.0,0.0,0.96509013429028,0.9998663893762126,0.9821705227298017,344284,356690,0.0,0.0,0.0,345,2,0.1209626345788473,0.5876923076923077,0.2006302521008403,325,1579,0.1666666666666666,0.0103567318757192,0.0195016251354279,869,54,0.0,0.0,0.0,4733,0,0.2,0.0005975500448162,0.0011915400655347,3347,10,0.0,0.0,0.0,2484,3,0.0277777777777777,0.0005216484089723,0.0010240655401945,1917,36,0.0,0.0,0.0,214,11,0.0955414012738853,0.625,0.1657458563535911,24,157,1.4730188846588137,0.7955957651138306,174424,43,0.9992632153991556,0.6126606670441106,1.8040417432785032,0.3713013231754303,16391,5,0.822442501801807,0.0788454159628599,0.0016425872454419,0.9999206066131592,629665,154,0.2291112679377405,2.274028541985899,1.3692750930786133,0.923227071762085,192594,48,1.1354050082481657,0.6778053330490366,0.003487013047561,0.9998742938041688,660117,162,0.2308871473996092,2.386367499944754,6.02970745798666,0.001198208075948,6.030905666062608,1.5086312500061467,7.539536916068755,0.0171600419562309
35,2.558949473689649,0.960701954024912,0.22025048795959,0.1821655576058946,0.22025048795959,0.1326290903336402,0.9433874020890018,0.3404301683504921,0.0,0.0,0.9651283086472712,0.9998751031125466,0.9821944952871976,344284,356679,0.0,0.0,0.0,345,1,0.1194029850746268,0.5661538461538461,0.1972132904608788,325,1541,0.1914893617021276,0.0103567318757192,0.019650655021834,869,47,0.0,0.0,0.0,4733,0,0.3333333333333333,0.0005975500448162,0.0011929615269907,3347,6,0.0,0.0,0.0,2484,8,0.1428571428571428,0.0005216484089723,0.001039501039501,1917,7,0.0,0.0,0.0,214,37,0.0694444444444444,0.625,0.125,24,216,1.4574419260025024,0.7954180836677551,174424,43,0.9834689150105824,0.6150782080367208,1.7943191528320312,0.3796595633029938,16391,5,0.8011772316465783,0.0545443339506164,0.0017033299664035,0.999901533126831,629665,154,0.2407547351942713,2.3021996249444783,1.387642741203308,0.9212852120399476,192594,48,1.136419521926566,0.6821492090821266,0.0032809344120323,0.9998606443405152,660117,162,0.2258600816899947,2.4000345419626683,6.05400591797661,0.0011393750319257,6.055145293008536,1.5205635419115424,7.5757088349200785,0.0174866230227053
36,2.526803763932311,0.9607242666131164,0.2221268097658625,0.1870046957614811,0.2221268097658625,0.14925118607745,0.9432728993397644,0.3470383580943835,0.0,0.0,0.964857895621952,0.9998780076913246,0.982055846541828,344284,356780,0.0,0.0,0.0,345,0,0.120253164556962,0.5846153846153846,0.1994750656167979,325,1580,0.2,0.0103567318757192,0.0196936542669584,869,45,0.0,0.0,0.0,4733,0,0.2307692307692307,0.0008963250672243,0.0017857142857142,3347,13,0.0,0.0,0.0,2484,8,0.1666666666666666,0.0005216484089723,0.001040041601664,1917,6,0.0,0.0,0.0,214,30,0.1875,0.625,0.2884615384615384,24,80,1.4610049724578855,0.7982330322265625,174424,43,0.9875994967557872,0.6172084159916267,1.827164888381958,0.3763040602207184,16391,5,0.9053267295566456,0.0547875829506665,0.0016873886343091,0.999896764755249,629665,154,0.2247445242177332,2.275332250050269,1.3697282075881958,0.9278689622879028,192594,48,1.0506515746419232,0.7006730829598382,0.0031284515280276,0.999890923500061,660117,162,0.2265969712782643,2.4582687920192257,6.106270123971626,0.002096000011079,6.108366123982705,1.503258666023612,7.611624790006317,0.0164143340662121
37,2.4858158043181615,0.9607103212454888,0.2227105741317395,0.1836967613005442,0.2227105741317395,0.1348236538110388,0.9434047368152382,0.3535401891485743,0.0,0.0,0.9651684101620877,0.9998605802186566,0.9822082537381784,344284,356659,0.0,0.0,0.0,345,0,0.1209068010075566,0.5907692307692308,0.2007318348144276,325,1588,0.1698113207547169,0.0103567318757192,0.0195227765726681,869,53,0.0,0.0,0.0,4733,0,0.3333333333333333,0.0005975500448162,0.0011929615269907,3347,6,0.0,0.0,0.0,2484,5,0.1666666666666666,0.0005216484089723,0.001040041601664,1917,6,0.0,0.0,0.0,214,40,0.081081081081081,0.625,0.1435406698564593,24,185,1.4709261655807495,0.804705798625946,174424,43,0.977583954663463,0.6397615000605583,1.8128188848495483,0.3777072727680206,16391,5,0.7293579630457561,0.0537859590258449,0.0015604153741151,0.9998904466629028,629665,154,0.2258899267897822,2.2714272079756483,1.3663440942764282,0.9296291470527648,192594,48,1.079288512213743,0.6930922500323504,0.0033539910800755,0.9998984932899476,660117,162,0.2070971003404617,2.3487719169352204,6.006838834029622,0.0012382499407976,6.00807708397042,1.5143244590144604,7.52240154298488,0.0158043740084394
38,2.5314464619390606,0.9607186884660652,0.2224336306999214,0.1892862805677351,0.2224336306999214,0.1474841723951672,0.9432881094178096,0.3505899478755225,0.0,0.0,0.9648981674057214,0.9998692939549908,0.9820725030882425,344284,356762,0.0,0.0,0.0,345,0,0.1205047318611987,0.5876923076923077,0.2,325,1585,0.1956521739130435,0.0103567318757192,0.0196721311475409,869,46,0.0,0.0,0.0,4733,0,0.2727272727272727,0.0008963250672243,0.0017867778439547,3347,11,0.0,0.0,0.0,2484,8,0.1666666666666666,0.0005216484089723,0.001040041601664,1917,6,0.0,0.0,0.0,214,37,0.1724137931034483,0.625,0.2702702702702703,24,87,1.4461584091186523,0.8080596923828125,174424,43,0.9551479230234146,0.6247366670286283,1.780801773071289,0.3811847865581512,16391,5,0.9049865593195344,0.0793827500892803,0.0016418613959103,0.999899923801422,629665,154,0.2313741104012488,2.320832874975167,1.377990484237671,0.9279053211212158,192594,48,1.0558704664951102,0.6746741250390187,0.0031845765188336,0.999890923500061,660117,162,0.2291104609195515,2.3695514160208404,6.069177833152935,0.0011705830693244,6.070348416222259,1.5057858329964802,7.57613424921874,0.0169092918513342
39,2.5266896231456233,0.9607075321719633,0.2211659102967428,0.1722708255070925,0.2211659102967428,0.1320828017595486,0.9434216583563142,0.3500688700655126,0.0,0.0,0.9652149043732318,0.9998751031125466,0.9822393359688756,344284,356647,0.0,0.0,0.0,345,0,0.1198215423836838,0.5784615384615385,0.1985216473072861,325,1569,0.1714285714285714,0.0069044879171461,0.0132743362831858,869,35,0.0,0.0,0.0,4733,0,0.2307692307692307,0.0008963250672243,0.0017857142857142,3347,13,0.0,0.0,0.0,2484,8,0.1666666666666666,0.0005216484089723,0.001040041601664,1917,6,0.0,0.0,0.0,214,46,0.0688073394495412,0.625,0.1239669421487603,24,218,1.4449734687805176,0.8074519634246826,174424,43,0.961781179379666,0.6301651670364663,1.808210015296936,0.3860655128955841,16391,5,0.8007278459465771,0.0557340419618412,0.0015386319719254,0.999891996383667,629665,154,0.2255486867465102,2.333015374955721,1.3541353940963743,0.9306935667991638,192594,48,0.9519882957573356,0.680162874981761,0.0032839467748999,0.999884843826294,660117,162,0.2210174613693382,2.388208999997005,6.087286458932795,0.0012095829006284,6.088496041833423,1.5098544999491423,7.598350541782565,0.0155546250753104
40,2.380661302603446,0.9607410010542696,0.2269751132109485,0.190378975892584,0.2269751132109485,0.1440444111139824,0.9437151327951518,0.3568291213859649,0.0,0.0,0.9655497399821604,0.9998489619035448,0.9824000639271232,344284,356514,0.16,0.1507246376811594,0.1552238805970149,345,325,0.1226708074534161,0.4861538461538461,0.1959082455052697,325,1288,0.1538461538461538,0.0069044879171461,0.013215859030837,869,39,0.0,0.0,0.0,4733,0,0.2857142857142857,0.0005975500448162,0.0011926058437686,3347,7,0.0,0.0,0.0,2484,8,0.1666666666666666,0.0005216484089723,0.001040041601664,1917,6,0.0,0.0,0.0,214,51,0.0493421052631578,0.625,0.0914634146341463,24,304,1.4454772472381592,0.8027507662773132,174424,43,0.9706610012317038,0.6174481250345707,1.7779911756515503,0.3968641459941864,16391,5,0.8447195085881476,0.0550544579746201,0.0015633889706805,0.999901533126831,629665,154,0.2223943295998438,2.323391165933572,1.345507025718689,0.9241928458213806,192594,48,1.1984312398795514,0.6655543750384822,0.0033337250351905,0.9998788237571716,660117,162,0.2165447446516847,2.3661369999172166,6.0275851238984615,0.0021274999016895,6.029712623800151,1.480121957953088,7.509834581753239,0.015239751082845
41,2.3937353888184236,0.9606991649513864,0.2235946666772624,0.1768768767142332,0.2235946666772624,0.1285191729699245,0.9436155890661424,0.3504382942311313,0.0,0.0,0.9656471525512164,0.9998460573247668,0.9824490803569262,344284,356477,0.0,0.0,0.0,345,1,0.1194393662400975,0.6030769230769231,0.1993896236012207,325,1641,0.1363636363636363,0.0069044879171461,0.013143483023001,869,44,0.0,0.0,0.0,4733,0,0.3333333333333333,0.0005975500448162,0.0011929615269907,3347,6,0.0,0.0,0.0,2484,4,0.1666666666666666,0.0005216484089723,0.001040041601664,1917,6,0.0,0.0,0.0,214,46,0.0473186119873817,0.625,0.0879765395894428,24,317,1.4505252838134766,0.7873400449752808,174424,43,1.0859142277817355,0.6883197089191526,1.7765733003616333,0.4021109044551849,16391,5,0.829866015317468,0.0903732080478221,0.001681542256847,0.999896764755249,629665,154,0.2377791218329236,2.3228672499535605,1.3415913581848145,0.9279780387878418,192594,48,1.1903679951429935,0.7198810830013826,0.0033545289188623,0.9998561143875122,660117,162,0.2317009857400647,2.4151682920055464,6.236609541927464,0.00125458301045,6.237864124937914,1.506163667072542,7.744027792010456,0.3405771250836551
42,2.374036351998638,0.9606935868043354,0.2233162709560553,0.173438709056048,0.2233162709560553,0.1282472517417243,0.94363544640768,0.3453804398692596,0.0,0.0,0.965682176501282,0.9998402481672108,0.982464402222774,344284,356462,0.0,0.0,0.0,345,0,0.1192660550458715,0.6,0.1989795918367347,325,1635,0.1538461538461538,0.0069044879171461,0.013215859030837,869,39,0.0,0.0,0.0,4733,0,0.25,0.0008963250672243,0.0017862459065197,3347,12,0.0,0.0,0.0,2484,8,0.2,0.0005216484089723,0.0010405827263267,1917,5,0.0,0.0,0.0,214,52,0.0455927051671732,0.625,0.0849858356940509,24,329,1.4236407279968262,0.8091317415237427,174424,43,0.9542314002794632,0.638420833973214,1.7350066900253296,0.3985113799571991,16391,5,1.0082001917636387,0.0545655000023543,0.0016389238880947,0.999901533126831,629665,154,0.2417037771979982,2.257888959022239,1.3460804224014282,0.9228895902633668,192594,48,1.1884829964538046,0.6935664169723168,0.0032916597556322,0.9998712539672852,660117,162,0.2101821621782623,2.405616999953054,6.050058709923178,0.001136332983151,6.051195042906329,1.624866749974899,7.676061792881228,0.0166013730922713
43,2.4123650603237192,0.9606963758778608,0.2224016555701962,0.1562119347198954,0.2224016555701962,0.1292484031608741,0.9435575913281464,0.3442120576112196,0.0,0.0,0.9655037009404512,0.9998489619035448,0.9823762333854156,344284,356531,0.0,0.0,0.0,345,0,0.12,0.5907692307692308,0.1994805194805194,325,1600,0.1875,0.0069044879171461,0.0133185349611542,869,32,0.0,0.0,0.0,4733,0,0.238095238095238,0.0014938751120406,0.0029691211401425,3347,21,0.0,0.0,0.0,2484,8,0.0,0.0,0.0,1917,5,0.0,0.0,0.0,214,51,0.0510204081632653,0.625,0.0943396226415094,24,294,1.4356908798217771,0.8077787756919861,174424,43,0.9643094426048272,0.6803197499830276,1.738430738449097,0.394728809595108,16391,5,0.7381410071342583,0.0858649999136105,0.0016675483202561,0.9998776912689208,629665,154,0.2376798720887049,2.4260503749828786,1.349789023399353,0.926306128501892,192594,48,1.092580983734755,0.6821324579650536,0.0030494411475956,0.9998712539672852,660117,162,0.2219796589169721,2.524593750014901,6.398961332859471,0.0011287910165265,6.400090123875998,1.5443594999378547,7.944449623813853,0.0175729170441627
44,2.366608361726723,0.9607242666131164,0.2232108300982045,0.1525533644475672,0.2232108300982045,0.1288202360112511,0.9438269732700674,0.3507959973973328,0.0,0.0,0.9659533510680092,0.9998460573247668,0.9826075290302692,344284,356364,0.0,0.0,0.0,345,0,0.120049504950495,0.5969230769230769,0.1998969603297269,325,1616,0.1851851851851851,0.0057537399309551,0.0111607142857142,869,27,0.0,0.0,0.0,4733,0,0.0972222222222222,0.0041828503137137,0.0080206244629046,3347,144,0.1111111111111111,0.000402576489533,0.0008022462896109,2484,9,0.0,0.0,0.0,1917,5,0.0,0.0,0.0,214,51,0.0460122699386503,0.625,0.0857142857142857,24,326,1.4144755601882937,0.8123309016227722,174424,43,0.9461997002765588,0.622024166979827,1.762714385986328,0.4055274128913879,16391,5,0.8489153784458217,0.0549360000295564,0.0015914666000753,0.9998856782913208,629665,154,0.2274895821951127,2.285146541078575,1.3495110273361206,0.9310882091522216,192594,48,1.0718265661176598,0.6942103329347447,0.0036946232430636,0.9998712539672852,660117,162,0.2222780768969076,2.382432540995069,6.038749582017772,0.0019399999873712,6.040689582005143,1.4899256660137326,7.530615248018876,0.0184422089951112
45,2.3432440093535987,0.9606935868043354,0.227074438170808,0.2494322409899084,0.227074438170808,0.1314130563123325,0.9440865030157896,0.3512366954528358,0.0,0.0,0.9665654861019464,0.9998199161157648,0.9829115107800684,344284,356129,0.0,0.0,0.0,345,0,0.1198501872659176,0.5907692307692308,0.1992734820965231,325,1602,0.2,0.0069044879171461,0.0133481646273637,869,30,0.0,0.0,0.0,4733,0,0.0246913580246913,0.0005975500448162,0.0011668611435239,3347,81,0.1111111111111111,0.000402576489533,0.0008022462896109,2484,9,1.0,0.0005216484089723,0.0010427528675703,1917,1,0.0298507462686567,0.0467289719626168,0.0364298724954462,214,335,0.0422535211267605,0.625,0.079155672823219,24,355,1.4070976972579956,0.8175824284553528,174424,43,0.9355007908885044,0.6384445419535041,1.7341630458831787,0.4044292569160461,16391,5,0.834369339972847,0.0538399580400437,0.0016371620586141,0.999888837337494,629665,154,0.2308584579665992,2.258779583964497,1.3410687446594238,0.9335857033729552,192594,48,1.0184923291890715,0.7009696670575067,0.0034640340600162,0.999865174293518,660117,162,0.2153943840888068,2.362739000003785,6.014772751019336,0.0012056670384481,6.015978418057784,1.528260249993764,7.544238668051548,0.0167269149096682
46,2.3331761105194753,0.9606852195837586,0.2235967994593185,0.2075478479422876,0.2235967994593185,0.1293928031744201,0.9439570529853866,0.3514068656322645,0.0,0.0,0.9662530878059736,0.999808297800653,0.982744345661248,344284,356240,0.0,0.0,0.0,345,0,0.1201743462017434,0.5938461538461538,0.1998964267219057,325,1606,0.1967213114754098,0.0138089758342922,0.0258064516129032,869,61,0.0,0.0,0.0,4733,0,0.036144578313253,0.0008963250672243,0.0017492711370262,3347,83,0.0,0.0,0.0,2484,7,0.7142857142857143,0.0026082420448617,0.0051975051975051,1917,7,0.0,0.0,0.0,214,180,0.0418994413407821,0.625,0.0785340314136125,24,358,1.4272592067718506,0.8156274557113647,174424,43,0.9588600071248792,0.6212787909898907,1.7495193481445312,0.3880788385868072,16391,5,0.7528607121030707,0.0798323329072445,0.0017806279938668,0.9998634457588196,629665,154,0.2375864229391544,2.3087257499573752,1.3335627317428589,0.9286738038063048,192594,48,1.1005731305187052,0.6669504169840366,0.0030012489296495,0.9998636841773988,660117,162,0.2037238042906339,2.368600875022821,6.045388165861368,0.0011445829877629,6.046532748849131,1.516020875074901,7.562553623924032,0.016036584158428
47,2.324317243400342,0.9607939934512554,0.2259377584868837,0.2151831336272033,0.2259377584868837,0.1333957452561749,0.944145686414768,0.3517608120456374,0.0,0.0,0.9662205405162636,0.999808297800653,0.9827275115054758,344284,356252,0.0,0.0,0.0,345,0,0.1201982651796778,0.5969230769230769,0.2001031459515214,325,1614,0.2166666666666666,0.0149597238204833,0.0279870828848223,869,60,0.0,0.0,0.0,4733,0,0.034090909090909,0.0008963250672243,0.0017467248908296,3347,88,0.1111111111111111,0.000402576489533,0.0008022462896109,2484,9,0.6612903225806451,0.0213875847678664,0.0414350682162708,1917,62,0.0,0.0,0.0,214,102,0.0422535211267605,0.625,0.079155672823219,24,355,1.4215288162231443,0.8131277561187744,174424,43,1.0178410054158689,0.652499167015776,1.7227084636688232,0.3916173577308655,16391,5,0.917159322227826,0.0586764579638838,0.0017247464274987,0.9998745322227478,629665,154,0.2386877076000391,2.413041166961193,1.3436343669891355,0.9287880063056946,192594,48,0.9854246685178348,0.6939304169500247,0.0031385736074298,0.999884843826294,660117,162,0.215857588749699,2.4086855000350624,6.22683270892594,0.0011920830002054,6.2280247919261456,1.5138132499996573,7.741838041925803,0.0182398330653086
48,2.284415300161471,0.9607158993925398,0.2261601459845848,0.2035978268933686,0.2261601459845848,0.1316009534356489,0.9440723841327182,0.3559330407059931,0.0,0.0,0.9663776839457372,0.999802488643097,0.982805977649484,344284,356192,0.0,0.0,0.0,345,0,0.1196054254007398,0.5969230769230769,0.1992809450436569,325,1622,0.1864406779661017,0.0126582278481012,0.0237068965517241,869,59,0.0,0.0,0.0,4733,0,0.0121951219512195,0.0002987750224081,0.0005832604257801,3347,82,0.1111111111111111,0.000402576489533,0.0008022462896109,2484,9,0.5769230769230769,0.0078247261345852,0.0154400411734431,1917,26,0.0251572327044025,0.0186915887850467,0.0214477211796246,214,159,0.0381679389312977,0.625,0.0719424460431654,24,393,1.4270776510238647,0.8200534582138062,174424,43,0.9291314673166928,0.6426540410611778,1.7424010038375854,0.3951558768749237,16391,5,1.0745800364436846,0.0552557919872924,0.0016553123714402,0.9998809099197388,629665,154,0.238762536438871,2.260075332946144,1.3189023733139038,0.9311556816101074,192594,48,1.0201206746042693,0.6920749580021948,0.0031846789643168,0.9998878836631776,660117,162,0.2047315185380205,2.3681631250074133,6.0182232490042225,0.0011795830214396,6.019402832025662,1.511090040905401,7.530492872931063,0.0161702929763123
49,2.393358506828262,0.9606880086572842,0.2222268901894353,0.1418839454163869,0.2222268901894353,0.1289956392696575,0.9435619178034214,0.3562987987262301,0.0,0.0,0.9655389068714624,0.9998489619035448,0.9823944566368248,344284,356518,0.0,0.0,0.0,345,0,0.1195992485911083,0.5876923076923077,0.1987513007284079,325,1597,0.16,0.0092059838895281,0.0174102285092491,869,50,0.0,0.0,0.0,4733,0,0.0,0.0,0.0,3347,2,0.0,0.0,0.0,2484,6,0.125,0.0005216484089723,0.001038961038961,1917,8,0.0,0.0,0.0,214,53,0.0487012987012987,0.625,0.0903614457831325,24,308,1.4396218061447144,0.8094241619110107,174424,43,0.9181504653081276,0.6133748330175877,1.7160319089889526,0.3948508203029632,16391,5,0.8849162548254141,0.0788070419803261,0.0016711122589185,0.9998761415481568,629665,154,0.2360258529505182,2.2533782499376684,1.318050980567932,0.9292553067207336,192594,48,0.9862634519581582,0.6983615829376504,0.0029106398578733,0.999875783920288,660117,162,0.2450235835673806,2.3375549170887098,5.981476624961942,0.0013084169477224,5.982785041909665,1.520699999993667,7.503485041903332,0.0165921250591054
50,2.2827116292686083,0.9633710973888694,0.2919221578139945,0.3554559696974309,0.2919221578139945,0.2314582433988719,0.9493682377015528,0.3697595651796809,0.0,0.0,0.9685866821266044,0.9996543551254196,0.9838753250020368,344284,355327,0.1585798816568047,0.3884057971014493,0.2252100840336134,345,845,0.1148730350665054,0.2923076923076923,0.1649305555555555,325,827,0.1571428571428571,0.0126582278481012,0.0234291799787007,869,70,0.0,0.0,0.0,4733,0,0.6845637583892618,0.0304750522856289,0.0583524027459954,3347,149,0.990521327014218,0.3365539452495974,0.5024038461538461,2484,844,0.125,0.0005216484089723,0.001038961038961,1917,8,0.3067484662576687,0.2336448598130841,0.2652519893899204,214,163,0.0485436893203883,0.625,0.09009009009009,24,309,1.4230284690856934,0.8104045391082764,174424,43,1.1290507855171892,0.6190468330169097,1.776863694190979,0.3931425809860229,16391,5,0.8011293053186381,0.0556817500619217,0.001461156993173,0.999901533126831,629665,154,0.2153704027476554,2.3031704999739304,1.340541958808899,0.9304183721542358,192594,48,1.1625235084110217,0.6781482090009376,0.0026613101363182,0.999875783920288,660117,162,0.2139779287539281,2.413885958958417,6.069933251012117,0.0011667090002447,6.071099960012361,1.5115838330239058,7.582683793036267,0.0158618319546803
51,2.36291910257844,0.960796782524781,0.2318737401576895,0.2043861587669149,0.2318737401576895,0.16735535809024,0.9435834402679644,0.3595327349910208,0.0,0.0,0.965103467224398,0.9998605802186566,0.9821746244830356,344284,356683,0.1590214067278287,0.3014492753623188,0.2082082082082082,345,654,0.1163032191069574,0.3446153846153846,0.1739130434782608,325,963,0.1818181818181818,0.0092059838895281,0.0175246440306681,869,44,0.0,0.0,0.0,4733,0,0.125,0.0002987750224081,0.0005961251862891,3347,8,0.1111111111111111,0.000402576489533,0.0008022462896109,2484,9,0.125,0.0005216484089723,0.001038961038961,1917,8,0.1176470588235294,0.0373831775700934,0.0567375886524822,214,68,0.1428571428571428,0.625,0.2325581395348837,24,105,1.4030290842056274,0.8211656808853149,174424,43,0.9384111531473576,0.6411119169788435,1.6905416250228882,0.416143000125885,16391,5,0.735580406194503,0.0552620840026065,0.0016232611378654,0.9998793005943298,629665,154,0.2348334177961156,2.2691883749794215,1.3261449337005615,0.9333935379981996,192594,48,1.094799933837491,0.6982369170291349,0.0027274519670754,0.9998409152030944,660117,162,0.2399960063757313,2.3754681670106947,6.039267460000701,0.0027602500049397,6.042027710005641,1.4922503749839962,7.534278084989637,0.018054332002066
52,2.3354859404318455,0.9607605245689488,0.2292515634038713,0.2103519044341437,0.2292515634038713,0.1574015815815067,0.94360016608828,0.3594531798009757,0.0,0.0,0.9651998115725838,0.9998286298520987,0.9822090966158764,344284,356636,0.1591695501730103,0.2666666666666666,0.199349945828819,345,578,0.12,0.3876923076923076,0.1832727272727272,325,1050,0.1639344262295081,0.0115074798619102,0.021505376344086,869,61,0.0,0.0,0.0,4733,0,0.3333333333333333,0.0008963250672243,0.001787842669845,3347,9,0.1111111111111111,0.000402576489533,0.0008022462896109,2484,9,0.1428571428571428,0.0005216484089723,0.001039501039501,1917,7,0.0,0.0,0.0,214,53,0.1079136690647482,0.625,0.1840490797546012,24,139,1.4042223691940308,0.8210223317146301,174424,43,0.959177649380665,0.6374940830282867,1.6937062740325928,0.4175462126731872,16391,5,0.8092290978305025,0.0549407079815864,0.001553627080284,0.9998761415481568,629665,154,0.2218989655628345,2.2408307919977233,1.2939668893814087,0.9323499202728271,192594,48,1.095772807307555,0.6769409580156207,0.0028940038755536,0.9998621344566344,660117,162,0.2147972519229623,2.414732958073728,6.024939499096945,0.0011859580408781,6.026125457137823,1.5151953330496326,7.541320790187456,0.0180031259078532
53,2.2454072820253725,0.9608553530688176,0.2277651998577928,0.2332283114841175,0.2277651998577928,0.1363592359030019,0.9443338169775408,0.3589350178156162,0.0,0.0,0.9663475575519372,0.999793774906763,0.9827861878358392,344284,356200,0.0,0.0,0.0,345,0,0.1191931540342298,0.6,0.1988781234064253,325,1636,0.2077922077922078,0.0184119677790563,0.0338266384778012,869,77,0.0,0.0,0.0,4733,0,0.0288461538461538,0.0008963250672243,0.0017386264850767,3347,104,0.3333333333333333,0.001207729468599,0.0024067388688327,2484,9,0.6326530612244898,0.0323422013562858,0.0615384615384615,1917,98,0.0,0.0,0.0,214,78,0.0441176470588235,0.625,0.0824175824175824,24,340,1.4104456901550293,0.7899773120880127,174424,43,1.1288519263809231,0.6086415000027046,1.7020775079727173,0.41309255361557,16391,5,0.780347084775949,0.0504024589899927,0.0014782740036025,0.999901533126831,629665,154,0.2231946902901995,2.256703917053528,1.3139439821243286,0.9356677532196044,192594,48,1.1046625161144723,0.6882527089910582,0.0034700250253081,0.9998772740364076,660117,162,0.2130936237299701,2.506486542057246,6.11048712709453,0.0013791670789942,6.111866294173524,1.602231332915835,7.714097627089359,0.0171238309703767
54,2.277559470021146,0.961298815759381,0.2340422770056034,0.2851535180705613,0.2340422770056034,0.1497291338854368,0.9452523759176812,0.3595312100416197,0.0,0.0,0.9665650166795836,0.999805393221875,0.9829042500942308,344284,356124,0.0,0.0,0.0,345,0,0.1189024390243902,0.6,0.1984732824427481,325,1640,0.2203389830508474,0.0149597238204833,0.0280172413793103,869,59,0.0,0.0,0.0,4733,0,0.0232558139534883,0.0005975500448162,0.0011651616661811,3347,86,0.9463087248322148,0.0567632850241545,0.1071021648309912,2484,149,0.5220125786163522,0.0432968179447052,0.0799614643545279,1917,159,0.0,0.0,0.0,214,48,0.0541516245487364,0.625,0.0996677740863787,24,277,1.401835799217224,0.8102611899375916,174424,43,0.9855176196895008,0.6317263750825077,1.6643147468566897,0.4136416316032409,16391,5,0.9183754938001812,0.0541027080034837,0.0016650104662403,0.9998776912689208,629665,154,0.2347149800807012,2.2619518750580028,1.293850660324097,0.9343644976615906,192594,48,0.9651390407603416,0.7075234169606119,0.002969569992274,0.9998606443405152,660117,162,0.2129978801226128,2.3878768329741433,6.0431812080787495,0.0023120839614421,6.045493292040192,1.486827665939927,7.532320957980119,0.01804395893123
55,2.315231872015636,0.960922290833431,0.2276952534527361,0.2272489406161001,0.2276952534527361,0.1381846514569937,0.9442861236128548,0.3625479161267035,0.0,0.0,0.966104882053297,0.9998373435884328,0.9826817149569862,344284,356305,0.0,0.0,0.0,345,0,0.1190914671577655,0.5969230769230769,0.1985670419651996,325,1629,0.2280701754385964,0.0149597238204833,0.0280777537796976,869,57,0.0,0.0,0.0,4733,0,0.1052631578947368,0.002390200179265,0.0046742623429739,3347,76,0.2,0.000805152979066,0.0016038492381716,2484,10,0.6016949152542372,0.037037037037037,0.0697788697788697,1917,118,0.0,0.0,0.0,214,60,0.0522648083623693,0.625,0.0964630225080385,24,287,1.3935877084732056,0.8229715824127197,174424,43,0.9170389082262732,0.6365497080842033,1.683088302612305,0.4229150116443634,16391,5,0.8467266846299276,0.0552899159956723,0.0016258878167718,0.9998713731765748,629665,154,0.2274699557688879,2.299898000084795,1.3000662326812744,0.9334195256233216,192594,48,1.02124207834127,0.7024080830160528,0.0035751648247241,0.999833345413208,660117,162,0.2333056289559217,2.379947958048433,6.074093665229157,0.0012503339676186,6.075343999196775,1.521878540981561,7.597222540178336,0.0176817517494782
56,2.2103135621969168,0.9639902717115428,0.2874774207289602,0.3214902026586838,0.2874774207289602,0.2185771077125131,0.9502029048225664,0.3724624258622361,0.0,0.0,0.969373789032578,0.999793774906763,0.9843488157947416,344284,355088,0.0,0.0,0.0,345,0,0.1205545509342977,0.6153846153846154,0.2016129032258064,325,1659,0.2125,0.0195627157652474,0.035827186512118,869,80,0.0,0.0,0.0,4733,0,0.0412371134020618,0.0011951000896325,0.0023228803716608,3347,97,0.9944186046511628,0.4303542673107891,0.6007305422871593,2484,1075,0.564625850340136,0.0432968179447052,0.0804263565891472,1917,147,0.2586206896551724,0.1401869158878504,0.1818181818181818,214,116,0.0535714285714285,0.625,0.0986842105263157,24,280,1.4006147384643557,0.8232754468917847,174424,43,0.9789027264030042,0.616136624943465,1.682755470275879,0.4335305988788605,16391,5,0.7522238052227695,0.0806019169976934,0.0015168231911957,0.9998776912689208,629665,154,0.2150180745423062,2.487864000024274,1.3247026205062866,0.93519526720047,192594,48,1.0894156849289731,0.674364082980901,0.0028092607390135,0.9998818635940552,660117,162,0.1988872725476141,2.3827251250622794,6.241691750008613,0.0012086250353604,6.242900375043973,1.5435976659646258,7.786498041008599,0.0176746669458225
57,2.298740323352076,0.9608944000981754,0.2275101546992028,0.2329191157721547,0.2275101546992028,0.1368031880956303,0.944264258736192,0.3642223570883748,0.0,0.0,0.966134233725992,0.9998228206945428,0.982689883852218,344284,356289,0.0,0.0,0.0,345,0,0.1194121249234537,0.6,0.1991828396322778,325,1633,0.1886792452830188,0.0115074798619102,0.0216919739696312,869,53,0.0,0.0,0.0,4733,0,0.0933333333333333,0.0020914251568568,0.0040911747516072,3347,75,0.3,0.001207729468599,0.0024057738572574,2484,10,0.6126126126126126,0.0354720918101199,0.0670611439842209,1917,111,0.0,0.0,0.0,214,65,0.0490196078431372,0.625,0.0909090909090909,24,306,1.3907657861709597,0.8251273036003113,174424,43,0.9319092820030496,0.6071787920081988,1.6696999073028564,0.4212677776813507,16391,5,0.7854134609236463,0.0558112079743295,0.0016282384749501,0.9998729228973388,629665,154,0.2364842804966888,2.2408432909287512,1.3057085275650024,0.9362700581550598,192594,48,0.9603363614666572,0.6988677920307964,0.0030725430697202,0.9998606443405152,660117,162,0.2336004051849044,2.407348542008549,6.010049624950625,0.0013054170412942,6.011355041991919,1.5107341669499874,7.522089208941907,0.0167801670031622
58,2.297391326737743,0.960752157348372,0.2261535103264323,0.2490190618280229,0.2261535103264323,0.1362966055569312,0.943688922934733,0.3660514553545537,0.0,0.0,0.9655381335726908,0.9998257252733208,0.982382840035731,344284,356510,0.0,0.0,0.0,345,0,0.1198296836982968,0.6061538461538462,0.2001015744032503,325,1644,0.1607142857142857,0.0103567318757192,0.0194594594594594,869,56,0.0,0.0,0.0,4733,0,0.375,0.0008963250672243,0.0017883755588673,3347,8,0.3333333333333333,0.001610305958132,0.0032051282051282,2484,12,0.4324324324324324,0.0083463745435576,0.0163766632548618,1917,37,0.0338983050847457,0.0093457943925233,0.0146520146520146,214,59,0.0694444444444444,0.625,0.125,24,216,1.365354299545288,0.8251559138298035,174424,43,0.9121683610144604,0.6571085000177845,1.6779667139053345,0.4226709902286529,16391,5,0.9788518611582367,0.0564919159514829,0.0014879711670801,0.999898374080658,629665,154,0.2141279619322688,2.276014458038844,1.280929684638977,0.9331703186035156,192594,48,1.01993617972223,0.7061064169974998,0.0025854490231722,0.999884843826294,660117,162,0.2166681332971503,2.383312084013596,6.079033375019208,0.001209249952808,6.080242624972016,1.5231792910490185,7.603421916021034,0.017151791951619
59,2.2458196606145986,0.9640293187409008,0.2760293438534438,0.3265108837944871,0.2760293438534438,0.2025694315720908,0.9499582947493144,0.3689725446161792,0.0,0.0,0.9690221889410002,0.999808297800653,0.9841745460367746,344284,355222,0.0,0.0,0.0,345,0,0.1202645820805772,0.6153846153846154,0.2012072434607646,325,1663,0.1643835616438356,0.0138089758342922,0.0254777070063694,869,73,0.0,0.0,0.0,4733,0,0.3,0.0008963250672243,0.001787310098302,3347,10,0.994759825327511,0.4585346215780998,0.6277211352989804,2484,1145,0.6067415730337079,0.028169014084507,0.0538384845463609,1917,89,0.0533333333333333,0.0186915887850467,0.0276816608996539,214,75,0.0566037735849056,0.625,0.1038062283737024,24,265,1.3814560174942017,0.8177544474601746,174424,43,0.9900718377814564,0.6168102079536766,1.6778910160064695,0.4187053740024566,16391,5,1.0553693896040115,0.0791919999755919,0.0015268165152519,0.9998856782913208,629665,154,0.2171344795196557,2.2519740829011425,1.2860252857208252,0.9348785281181335,192594,48,1.0078149525664302,0.6808699580142274,0.0029504348058253,0.9998742938041688,660117,162,0.2139224318293322,2.374271542066708,6.003117790911347,0.0011397500056773,6.004257540917024,1.5079719580244273,7.512229498941451,0.0169288341421633
60,2.292383000645116,0.9633153159183584,0.2640102302346247,0.3075839079523575,0.2640102302346247,0.1966269003134074,0.9485048441736896,0.3693780210161071,0.0,0.0,0.9677886426639526,0.9998286298520987,0.9835477723203698,344284,355682,0.0,0.0,0.0,345,0,0.1200487507617306,0.6061538461538462,0.2004069175991861,325,1641,0.1764705882352941,0.0138089758342922,0.0256136606189967,869,68,0.0,0.0,0.0,4733,0,0.5,0.0008963250672243,0.0017894422904861,3347,6,0.9936034115138592,0.3752012882447665,0.5447106954997077,2484,938,0.1428571428571428,0.0005216484089723,0.001039501039501,1917,7,0.0701754385964912,0.0186915887850467,0.029520295202952,214,57,0.1048951048951049,0.625,0.1796407185628742,24,143,1.3716559410095217,0.8250584602355957,174424,43,0.9384099398811044,0.6153364169877023,1.6523710489273071,0.4224269390106201,16391,5,0.806180083873698,0.0540210830513387,0.0016015699366107,0.9998824596405028,629665,154,0.2253774530009631,2.25697379198391,1.2942830324172974,0.9367840886116028,192594,48,0.9464366028191412,0.6978180840378627,0.002762699034065,0.9998409152030944,660117,162,0.2236646586339787,2.4050128330709413,6.029162209131755,0.0011682080803439,6.030330417212099,1.484042541007511,7.51437295821961,0.0162148749222978
61,2.251555276298915,0.9635272855063004,0.2679333671508011,0.2988874656651807,0.2679333671508011,0.198242475089947,0.9491446122334516,0.3711115767064418,0.0,0.0,0.9684524747349704,0.9998112023794308,0.9838820321387536,344284,355432,0.0,0.0,0.0,345,0,0.1203647416413373,0.6092307692307692,0.2010152284263959,325,1645,0.1710526315789473,0.0149597238204833,0.0275132275132275,869,76,0.0,0.0,0.0,4733,0,0.0898876404494382,0.002390200179265,0.0046565774155995,3347,89,0.9959308240081384,0.394122383252818,0.5647533890972022,2484,983,0.5087719298245614,0.0151278038601982,0.0293819655521783,1917,57,0.0533333333333333,0.0186915887850467,0.0276816608996539,214,75,0.081081081081081,0.625,0.1435406698564593,24,185,1.392248511314392,0.8268644213676453,174424,43,0.9307513351189426,0.7473378750728443,1.7096692323684692,0.4279787540435791,16391,5,0.8869819072067667,0.1023798750247806,0.0014788403641432,0.999896764755249,629665,154,0.2235881747726597,2.320702209020965,1.2875163555145264,0.929379940032959,192594,48,1.2556611649228673,0.7314096660120413,0.0028433697298169,0.9998742938041688,660117,162,0.2121625025722903,2.5206710000056773,6.422500625136308,0.0010823330376297,6.423582958173938,1.4998979159863666,7.923480874160305,0.4497825418366119
62,2.2555096255799834,0.9636611610355272,0.2694824980020956,0.31022744006108,0.2694824980020956,0.1992700628094198,0.949362117011907,0.3749764854604292,0.0,0.0,0.9686321630778582,0.999805393221875,0.9839719401756312,344284,355364,0.0,0.0,0.0,345,0,0.1198296836982968,0.6061538461538462,0.2001015744032503,325,1644,0.1571428571428571,0.0126582278481012,0.0234291799787007,869,70,0.0,0.0,0.0,4733,0,0.0918367346938775,0.0026889752016731,0.0052249637155297,3347,98,0.9942307692307693,0.4162640901771336,0.58683314415437,2484,1040,0.65,0.0135628586332811,0.0265712825753704,1917,40,0.0412371134020618,0.0186915887850467,0.0257234726688102,214,97,0.0793650793650793,0.625,0.1408450704225352,24,189,1.3743361234664917,0.8278734683990479,174424,43,0.9444512382660138,0.6447637500241399,1.673028588294983,0.4168141186237335,16391,5,0.7774688539761763,0.0543437080923467,0.0015828214818611,0.9998776912689208,629665,154,0.225178904568388,2.2603717499878258,1.2864205837249756,0.936129868030548,192594,48,0.9652277104299344,0.7027241250034422,0.002984901657328,0.999869704246521,660117,162,0.22767464026248,2.3672350000124425,6.029438333120197,0.0027602079790085,6.032198541099206,1.511128417099826,7.543326958199032,0.0172802498564124
63,2.2635505259234425,0.962141115964099,0.2482271450973795,0.3110727633354134,0.2482271450973795,0.1749020567094748,0.9470300206252056,0.3693497669196946,0.0,0.0,0.967391090514104,0.9998141069582088,0.9833354044453204,344284,355823,0.0,0.0,0.0,345,0,0.1192378610940381,0.5969230769230769,0.1987704918032787,325,1627,0.1896551724137931,0.0126582278481012,0.023732470334412,869,58,0.0,0.0,0.0,4733,0,0.0924369747899159,0.0032865252464893,0.0063473744950952,3347,119,0.9859154929577464,0.1690821256038647,0.2886597938144329,2484,426,0.6408450704225352,0.047470005216484,0.0883924235065565,1917,142,0.0458015267175572,0.02803738317757,0.0347826086956521,214,131,0.0694444444444444,0.625,0.125,24,216,1.3768351078033447,0.8266236186027527,174424,43,0.9359607064971468,0.6103045410709456,1.6584875583648682,0.4158379733562469,16391,5,0.7183703885574694,0.0784444999881088,0.0014937343075871,0.9998697638511658,629665,154,0.2196743933681585,2.242882249993272,1.2706787586212158,0.9345825910568236,192594,48,0.9823383277761928,0.6700993330450729,0.0035461799707263,0.999859094619751,660117,162,0.2234634601884823,2.3728701249929145,5.974600749090314,0.0011893329210579,5.975790082011372,1.519895292003639,7.495685374015011,0.0171475840033963
64,2.272079017283012,0.9637922474912284,0.2713815233527226,0.3109976435644294,0.2713815233527226,0.2041567136041774,0.94961544318588,0.3733538210422711,0.0,0.0,0.968714646734695,0.9998286298520987,0.9840257509011958,344284,355342,0.0,0.0,0.0,345,0,0.1198296836982968,0.6061538461538462,0.2001015744032503,325,1644,0.1666666666666666,0.0103567318757192,0.0195016251354279,869,54,0.0,0.0,0.0,4733,0,0.09375,0.0026889752016731,0.0052279988382224,3347,96,0.9942363112391932,0.4166666666666667,0.5872340425531914,2484,1041,0.6346153846153846,0.0344287949921752,0.0653142008906482,1917,104,0.0444444444444444,0.0186915887850467,0.0263157894736842,214,90,0.087719298245614,0.625,0.1538461538461538,24,171,1.3722645044326782,0.8290831446647644,174424,43,0.9175161331415584,0.6088867080397904,1.7160382270812988,0.414007693529129,16391,5,0.7825630788088808,0.0541179589927196,0.001532174879685,0.9998776912689208,629665,154,0.2227666561783364,2.26782412501052,1.269978642463684,0.9329158663749696,192594,48,0.934868706129866,0.6978079159744084,0.0027704522944986,0.9998576045036316,660117,162,0.2172426586703498,2.383886791067198,6.012523499084637,0.0012012909865006,6.013724790071137,1.488064166973345,7.501788957044482,0.0201799599453806
65,2.2761887152924634,0.963700208064885,0.2702305445440483,0.2921883012404823,0.2702305445440483,0.2074026173505351,0.9490815490470044,0.3681766070518423,0.0,0.0,0.9681265152069118,0.9998402481672108,0.983727848698142,344284,355562,0.1935483870967742,0.0347826086956521,0.0589680589680589,345,62,0.1217665615141955,0.5938461538461538,0.2020942408376963,325,1585,0.1636363636363636,0.0103567318757192,0.0194805194805194,869,55,0.0,0.0,0.0,4733,0,0.3333333333333333,0.0011951000896325,0.002381661208693,3347,12,0.9916044776119404,0.427938808373591,0.5978627671541057,2484,1072,0.0,0.0,0.0,1917,6,0.0344827586206896,0.0093457943925233,0.0147058823529411,214,58,0.1153846153846153,0.625,0.1948051948051948,24,130,1.371561884880066,0.8310438990592957,174424,43,0.8803985890788146,0.6359561249846593,1.6502546072006226,0.4293209612369537,16391,5,0.7248013369370495,0.0543204999994486,0.001539041637443,0.999893605709076,629665,154,0.2176843779685982,2.252054125070572,1.2779700756072998,0.93753182888031,192594,48,1.0577397583675796,0.6944112500641495,0.0026873454917222,0.9998772740364076,660117,162,0.2068917480935342,2.3400891249766573,5.976831125095487,0.0012061659945175,5.978037291090004,1.5014360829954967,7.479473374085501,0.0158207919448614
66,2.259104242220572,0.9639121776528272,0.2734116922512005,0.2524306181121317,0.2734116922512005,0.2073421946441263,0.9494847187240322,0.3716757697759768,0.0,0.0,0.9685867115374334,0.9998344390096549,0.9839625540429484,344284,355391,0.0,0.0,0.0,345,2,0.1204819277108433,0.6153846153846154,0.2015113350125944,325,1660,0.1632653061224489,0.0092059838895281,0.0174291938997821,869,49,0.0,0.0,0.0,4733,0,0.0842105263157894,0.002390200179265,0.0046484601975595,3347,95,0.9921671018276762,0.4589371980676328,0.6275805119735756,2484,1149,0.0,0.0,0.0,1917,5,0.0746268656716417,0.0233644859813084,0.0355871886120996,214,67,0.1209677419354838,0.625,0.2027027027027027,24,124,1.3550480604171753,0.8289570212364197,174424,43,0.90390047258626,0.6079092919826508,1.6817286014556885,0.4272466599941253,16391,5,0.7236282046682292,0.0785072919679805,0.0014594550011679,0.9998761415481568,629665,154,0.2095972388988415,2.248527958057821,1.2769496440887451,0.9358910322189332,192594,48,0.9988526424834662,0.6654965829802677,0.0025086116511374,0.999880313873291,660117,162,0.2125286548855285,2.3641262089367956,5.964567333925515,0.0015633329749107,5.966130666900426,1.5113602089695632,7.477490875869989,0.016173624084331
67,2.214307644065787,0.9641380926083972,0.277944716341908,0.2988892979215636,0.277944716341908,0.2098153858559271,0.9502862528186682,0.3759411510254858,0.0,0.0,0.969273310412214,0.9998112023794308,0.9843054552733356,344284,355131,0.0,0.0,0.0,345,2,0.1204819277108433,0.6153846153846154,0.2015113350125944,325,1660,0.1774193548387097,0.0126582278481012,0.0236305048335123,869,62,0.0,0.0,0.0,4733,0,0.0714285714285714,0.002390200179265,0.0046256143394044,3347,112,0.9929701230228472,0.4549114331723027,0.623964660408614,2484,1138,0.4778325123152709,0.0505998956703182,0.0915094339622641,1917,203,0.1025641025641025,0.0186915887850467,0.0316205533596837,214,39,0.0769230769230769,0.625,0.136986301369863,24,195,1.360453724861145,0.8278505206108093,174424,43,0.9047128434370356,0.6147492500022054,1.6750097274780271,0.4311512410640716,16391,5,0.7787552812320294,0.0546490410342812,0.0014450752642005,0.9998809099197388,629665,154,0.2191071148474644,2.2543989579426125,1.292283058166504,0.9348317980766296,192594,48,1.0330308119690457,0.6673637500498444,0.0030321171507239,0.9998500347137452,660117,162,0.2104643907659519,2.3475911249406636,5.938752123969607,0.0012145419605076,5.939966665930115,1.486619000090286,7.426585666020401,0.019255417981185
68,2.2517496010329054,0.9647767904457496,0.2851709629873272,0.2834264956488887,0.2851709629873272,0.2144950805084373,0.9506882386120008,0.3653487346914625,0.0,0.0,0.9694296826375806,0.9998373435884328,0.9843987491545928,344284,355083,0.0,0.0,0.0,345,4,0.119131455399061,0.6246153846153846,0.2000985707244948,325,1704,0.2241379310344827,0.0149597238204833,0.0280474649406688,869,58,0.0,0.0,0.0,4733,0,0.15,0.0008963250672243,0.0017820017820017,3347,20,0.9937543372657875,0.5764895330112721,0.7296815286624204,2484,1441,0.2714285714285714,0.0099113197704747,0.019124308002013,1917,70,0.0,0.0,0.0,214,21,0.1063829787234042,0.625,0.1818181818181818,24,141,1.3702136278152466,0.8207070231437683,174424,43,0.9652553806736344,0.6378319589421153,1.6526551246643066,0.4282838106155395,16391,5,0.9058675709280044,0.0555520409252494,0.0015165952499955,0.9998809099197388,629665,154,0.2187595270229082,2.2763087910134345,1.272430658340454,0.9381081461906432,192594,48,1.1595928352511282,0.7036382500082254,0.002533525461331,0.9998682141304016,660117,162,0.2256230167341335,2.342440207954496,6.015771248843521,0.0012156669981777,6.016986915841699,1.512500207987614,7.529487123829313,0.0168211671989411
69,2.207589330996671,0.964818626548633,0.2870609076958651,0.3065488149502878,0.2870609076958651,0.2178802182640396,0.9511477169144272,0.3718421357290811,0.0,0.0,0.969887970967124,0.9998170115369868,0.9846251101271182,344284,354908,0.0,0.0,0.0,345,4,0.118398142774231,0.6276923076923077,0.19921875,325,1723,0.2295081967213114,0.0161104718066743,0.0301075268817204,869,61,0.0,0.0,0.0,4733,0,0.09,0.0026889752016731,0.0052219321148825,3347,100,0.9935437589670014,0.5575684380032206,0.7142857142857143,2484,1394,0.5673758865248227,0.0417318727177882,0.0777453838678328,1917,141,0.0,0.0,0.0,214,56,0.0967741935483871,0.625,0.1675977653631284,24,155,1.371592998504639,0.8295303583145142,174424,43,0.9596247841204152,0.6155377910472453,1.6265249252319336,0.4513452649116516,16391,5,0.7481987440461565,0.0784573750570416,0.001458145910874,0.9998904466629028,629665,154,0.2224346553411911,2.257546207983978,1.2521607875823977,0.9384040832519532,192594,48,1.0244762208152345,0.6963561249431223,0.0027382199186831,0.9998576045036316,660117,162,0.2069390418156632,2.3352815409889445,5.983179040020332,0.0011965830344706,5.984375623054802,1.5168641669442875,7.50123978999909,0.0163850020617246
70,2.1534997403421823,0.9650696431659332,0.2990092297024573,0.318252444750105,0.2990092297024573,0.2329249559341921,0.9516723386166184,0.382315680574575,0.0,0.0,0.9703717485742638,0.9998112023794308,0.9848715259945094,344284,354729,0.0,0.0,0.0,345,4,0.1180515759312321,0.6338461538461538,0.1990338164251207,325,1745,0.217391304347826,0.0115074798619102,0.0218579234972677,869,46,0.0,0.0,0.0,4733,0,0.0847457627118644,0.0029877502240812,0.0057720057720057,3347,118,0.9937543372657875,0.5764895330112721,0.7296815286624204,2484,1441,0.5217391304347826,0.056338028169014,0.1016949152542373,1917,207,0.1764705882352941,0.0841121495327102,0.1139240506329113,214,102,0.1,0.625,0.1724137931034483,24,150,1.3548526763916016,0.8358769416809082,174424,43,0.9035323559126884,0.6126344169024378,1.6376875638961792,0.4343237280845642,16391,5,0.7540209799025278,0.0543503749649971,0.0016029801918193,0.9998570680618286,629665,154,0.2273103839847495,2.278496207902208,1.2772510051727295,0.93585467338562,192594,48,1.1704882833212884,0.668259457917884,0.002505682175979,0.9998742938041688,660117,162,0.2065453926579978,2.3639335420448333,5.97767399973236,0.001471749972552,5.979145749704912,1.4787533750059083,7.457899124710821,0.0159558751620352
71,2.2595389189706405,0.963945646535134,0.2733490699981668,0.3085472793016254,0.2733490699981668,0.2079485212203276,0.949841182587239,0.3728765194021757,0.0,0.0,0.9688727014802284,0.9998257252733208,0.9841058826388324,344284,355283,0.0,0.0,0.0,345,2,0.1190758293838862,0.6184615384615385,0.1997019374068554,325,1688,0.2028985507246377,0.0161104718066743,0.0298507462686567,869,69,0.0,0.0,0.0,4733,0,0.099009900990099,0.0029877502240812,0.0058004640371229,3347,101,0.9935956084172004,0.4371980676328502,0.6072127481129438,2484,1093,0.5909090909090909,0.0339071465832029,0.064134188455846,1917,110,0.0,0.0,0.0,214,61,0.1111111111111111,0.625,0.1886792452830188,24,135,1.360382318496704,0.8332396745681763,174424,43,0.8924770407543555,0.6370929999975488,1.6209354400634766,0.4405466318130493,16391,5,0.7160273216184998,0.0543211670592427,0.0015413060318678,0.9998697638511658,629665,154,0.2244097997599401,2.2884488330455497,1.250565767288208,0.9394165873527528,192594,48,0.9718782576662768,0.6992545840330422,0.0028104488737881,0.9998257756233216,660117,162,0.227654760235734,2.3696377919986844,6.048755376134068,0.0020190000068396,6.050774376140907,1.4741510839667171,7.524925460107624,0.0167618738487362
72,2.1859580764041366,0.9645564536372307,0.2913749658436196,0.3171789165397257,0.2913749658436196,0.2256798152661738,0.9511232327452256,0.3755244582314384,0.0,0.0,0.9699773153170924,0.999787965749207,0.9846570616563852,344284,354865,0.0,0.0,0.0,345,0,0.1192170818505338,0.6184615384615385,0.1999005469915465,325,1686,0.1935483870967742,0.0207134637514384,0.0374220374220374,869,93,0.0,0.0,0.0,4733,0,0.088,0.0032865252464893,0.0063364055299539,3347,125,0.9943639291465378,0.4971819645732689,0.6629092860976918,2484,1242,0.5952380952380952,0.065206051121544,0.1175364362952515,1917,210,0.1285714285714285,0.0841121495327102,0.1016949152542373,214,140,0.0828729281767955,0.625,0.1463414634146341,24,181,1.3536068201065063,0.8229773640632629,174424,43,0.9950078135759004,0.6327017089352012,1.691279649734497,0.4265755712985992,16391,5,0.7736505085058384,0.0548503749305382,0.0014482251135632,0.9998856782913208,629665,154,0.2130024201803259,2.243916583014652,1.276664972305298,0.9411144852638244,192594,48,0.9363725270154112,0.6764425840228796,0.0028673405759036,0.9998682141304016,660117,162,0.2006987007109796,2.388411417021416,5.996322667924687,0.0010889580007642,5.9974116259254515,1.4966197919566184,7.49403141788207,0.0196832071524113
73,2.230727706601647,0.9643110151669818,0.2813191687007975,0.3226421000473541,0.2813191687007975,0.2154784251863582,0.9502987376837518,0.3788602951503271,0.0,0.0,0.969166964645199,0.9998141069582088,0.98425202479073,344284,355171,0.0,0.0,0.0,345,3,0.1195524146054181,0.6246153846153846,0.2006920415224913,325,1698,0.2159090909090909,0.0218642117376294,0.0397074190177638,869,88,0.0,0.0,0.0,4733,0,0.1212121212121212,0.0011951000896325,0.0023668639053254,3347,33,0.994331983805668,0.4943639291465378,0.6603925786501748,2484,1235,0.654320987654321,0.0276473656755346,0.053053053053053,1917,81,0.0408163265306122,0.0186915887850467,0.0256410256410256,214,98,0.1111111111111111,0.625,0.1886792452830188,24,135,1.3546265363693235,0.8277243971824646,174424,43,0.9144642555255228,0.6040662499144673,1.653373956680298,0.4205966591835022,16391,5,0.7308886380711228,0.0548537500435486,0.0015583847416564,0.9998506903648376,629665,154,0.2228244160947212,2.2920994999585673,1.2552417516708374,0.9382431507110596,192594,48,1.1391442294096794,0.7089096249546856,0.0028229183517396,0.9998500347137452,660117,162,0.2091429644956069,2.504140082979575,6.164069207850844,0.0019852919504046,6.166054499801248,1.5348099999828264,7.700864499784075,0.0170138340909034
74,2.264483033933658,0.9638675524764184,0.2741372156924943,0.2647884731612394,0.2741372156924943,0.2078208540280507,0.9494321355111636,0.3819329375986103,0.0,0.0,0.9685482917935184,0.9998257252733208,0.9839385095600026,344284,355402,0.0,0.0,0.0,345,3,0.1195266272189349,0.6215384615384615,0.2004962779156327,325,1690,0.2179487179487179,0.0195627157652474,0.0359028511087645,869,78,0.0,0.0,0.0,4733,0,0.1739130434782608,0.0011951000896325,0.002373887240356,3347,23,0.9937888198757764,0.4508856682769726,0.6203267792855165,2484,1127,0.0,0.0,0.0,1917,1,0.0531914893617021,0.0233644859813084,0.0324675324675324,214,94,0.1209677419354838,0.625,0.2027027027027027,24,124,1.349267840385437,0.8298571109771729,174424,43,0.9126136976355844,0.6233844590606168,1.637321710586548,0.4207797050476074,16391,5,0.856767704113963,0.0552059169858694,0.0015042141312733,0.9998761415481568,629665,154,0.2194416071311822,2.227331707952544,1.2331329584121704,0.9374435544013976,192594,48,0.9500899280943874,0.6836636669468135,0.002970942063257,0.9998469948768616,660117,162,0.214689743454834,2.3838577499845996,5.973443500930443,0.0012173330178484,5.974660833948292,1.4756460840580985,7.45030691800639,0.0171676240861415
75,2.1627099968678385,0.9648660407985676,0.3164204527620433,0.3342751823031442,0.3164204527620433,0.2503701934790308,0.9514948150176687,0.3891732115232998,0.0,0.0,0.9702482460417906,0.999796679485541,0.9848008663148574,344284,354769,0.0,0.0,0.0,345,2,0.1178177597214161,0.6246153846153846,0.1982421875,325,1723,0.1857142857142857,0.0149597238204833,0.027689030883919,869,70,0.0,0.0,0.0,4733,0,0.0471698113207547,0.0014938751120406,0.0028960324355632,3347,106,0.9946686976389948,0.5257648953301127,0.6879115090861206,2484,1313,0.6180904522613065,0.0641627543035993,0.1162570888468809,1917,199,0.304147465437788,0.308411214953271,0.3062645011600928,214,217,0.1048951048951049,0.625,0.1796407185628742,24,143,1.3412890434265137,0.8323453068733215,174424,43,0.9496342202054754,0.6351194590097293,1.6448482275009155,0.4259044528007507,16391,5,0.7578217150063993,0.0543065420351922,0.001381886540912,0.99990314245224,629665,154,0.2033088270218664,2.2316453750245273,1.272020697593689,0.9368723630905152,192594,48,1.0050204361669226,0.6925655419472605,0.0029424699023365,0.999843955039978,660117,162,0.2050671784567536,2.32318441697862,5.936821334995329,0.0011719999602064,5.937993334955536,1.5030880419071764,7.441081376862712,0.0193239570362493
76,2.1789129595323207,0.9640237405938497,0.292250166281628,0.3125525278364566,0.292250166281628,0.2242891211356981,0.9505541506866428,0.387305520413881,0.0,0.0,0.9698811476102724,0.9997705382765392,0.9845990577506728,344284,354894,0.0,0.0,0.0,345,2,0.1187829139847864,0.6246153846153846,0.19960668633235,325,1709,0.2191780821917808,0.0184119677790563,0.0339702760084925,869,73,0.0,0.0,0.0,4733,0,0.045045045045045,0.0014938751120406,0.0028918449971081,3347,111,0.9941634241245136,0.4114331723027375,0.5820045558086561,2484,1028,0.5662650602409639,0.0735524256651017,0.1301939058171745,1917,249,0.1087613293051359,0.1682242990654205,0.1321100917431192,214,331,0.1034482758620689,0.625,0.1775147928994082,24,145,1.35214364528656,0.8345812559127808,174424,43,0.9068111494136633,0.6130390419857576,1.601824164390564,0.4522603750228882,16391,5,0.9927553186296068,0.0797491669654846,0.0015006634639576,0.9998634457588196,629665,154,0.2174973351987425,2.2440010419813916,1.2518118619918823,0.9401798844337464,192594,48,0.9144514231521368,0.6670699999667704,0.0029274767730385,0.9998455047607422,660117,162,0.2038147434085717,2.3703628750517964,5.974222125951201,0.001206542016007,5.975428667967208,1.5018652499420568,7.477293917909265,0.0166778330458328
77,2.1260691745750275,0.9651421590775976,0.3301258363564228,0.3277320792108821,0.3301258363564228,0.2487218510044232,0.9521655565706796,0.3903448791120663,0.0,0.0,0.9711800274825272,0.9997356833312032,0.9852509907813324,344284,354407,0.0,0.0,0.0,345,2,0.1178838412880966,0.6307692307692307,0.1986434108527131,325,1739,0.2222222222222222,0.0184119677790563,0.0340063761955366,869,72,0.0,0.0,0.0,4733,0,0.0840336134453781,0.0029877502240812,0.0057703404500865,3347,119,0.9949964260185848,0.5603864734299517,0.7169714138552665,2484,1399,0.5953488372093023,0.0667709963484611,0.1200750469043152,1917,215,0.1990632318501171,0.397196261682243,0.2652106084243369,214,427,0.0925925925925925,0.625,0.1612903225806451,24,162,1.3410875797271729,0.8337270021438599,174424,43,0.9056743266058962,0.6141085000708699,1.6074113845825195,0.4378012418746948,16391,5,0.7557441493608451,0.0539613749133423,0.0014613047242164,0.9998745322227478,629665,154,0.2174503168185504,2.2406761669553816,1.268926024436951,0.9396243095397948,192594,48,1.102236532225767,0.6961862089810893,0.002641913248226,0.9998212456703186,660117,162,0.2039692442829173,2.3693535830825567,5.97428583400324,0.0012029579374939,5.975488791940734,1.4758082090411335,7.451297000981867,0.0172717910027131
78,2.1139391650851063,0.965189573327532,0.328924418933866,0.3059462022467467,0.328924418933866,0.2477221602924835,0.9523694607927502,0.3938779602334586,0.0,0.0,0.9715308317197228,0.9997327787524252,0.985430069199298,344284,354278,0.0,0.0,0.0,345,2,0.1179546775130738,0.6246153846153846,0.198435972629521,325,1721,0.2297297297297297,0.0195627157652474,0.0360551431601272,869,74,0.0,0.0,0.0,4733,0,0.043103448275862,0.0014938751120406,0.0028876696505919,3347,116,0.9915254237288136,0.5652173913043478,0.72,2484,1416,0.4285714285714285,0.0751173708920187,0.1278295605858855,1917,336,0.1888111888111888,0.3785046728971962,0.2519440124416796,214,429,0.088235294117647,0.625,0.1546391752577319,24,170,1.3371825218200684,0.8304648399353027,174424,43,0.935547284144111,0.6341507920296863,1.5730462074279783,0.4501250684261322,16391,5,0.7878800989562779,0.0539663330418989,0.0015564697096124,0.9998554587364196,629665,154,0.2252558823900457,2.212669124943204,1.238147497177124,0.9375370144844056,192594,48,0.9837907891090788,0.6882821669569239,0.003049089340493,0.9998576045036316,660117,162,0.208654864600268,2.3312861670274287,5.920354583999142,0.0014396660262718,5.921794250025414,1.4950175420381129,7.416811792063527,0.0165384990395978
79,2.1813015863975673,0.9642691790640984,0.2854655798734296,0.3162365946099402,0.2854655798734296,0.2222052261764374,0.9506194583205622,0.3946981950548981,0.0,0.0,0.969535483725594,0.9998141069582088,0.9844420293999886,344284,355036,0.0,0.0,0.0,345,3,0.1184668989547038,0.6276923076923077,0.1993160723009281,325,1722,0.2456140350877192,0.0161104718066743,0.0302375809935205,869,57,0.0,0.0,0.0,4733,0,0.0549450549450549,0.0014938751120406,0.0029086678301337,3347,91,0.9920353982300883,0.4512882447665056,0.6203652462645268,2484,1130,0.5582329317269076,0.072509128847157,0.1283471837488458,1917,249,0.1214953271028037,0.0607476635514018,0.0809968847352024,214,107,0.1020408163265306,0.625,0.175438596491228,24,147,1.3454043865203855,0.8358826637268066,174424,43,0.8749695042421932,0.6085422500036657,1.6201165914535522,0.4396314918994903,16391,5,0.6870862995570177,0.0787230000132694,0.0015287229325622,0.9998618364334106,629665,154,0.2276038449977096,2.2442885419586673,1.2564939260482788,0.9396191239356996,192594,48,0.93879035125823,0.6806201250292361,0.0025552469305694,0.9998212456703186,660117,162,0.2204683813783357,2.41387441707775,6.0260483340825886,0.0011378750205039,6.0271862091030926,1.5069135000230744,7.534099709126167,0.015993206994608
80,2.1299819454641846,0.964863251725042,0.3006804542965158,0.3083854680123369,0.3006804542965158,0.2295392040736506,0.951753690824962,0.3920054988008418,0.0,0.0,0.970767490855146,0.9997734428553172,0.9850569860700716,344284,354571,0.0,0.0,0.0,345,2,0.118398142774231,0.6276923076923077,0.19921875,325,1723,0.2051282051282051,0.0184119677790563,0.0337909186906019,869,78,0.0,0.0,0.0,4733,0,0.0458715596330275,0.0014938751120406,0.0028935185185185,3347,109,0.9940476190476192,0.537842190016103,0.6980146290491118,2484,1344,0.5769230769230769,0.0704225352112676,0.1255230125523012,1917,234,0.0903010033444816,0.1261682242990654,0.1052631578947368,214,299,0.0824175824175824,0.625,0.145631067961165,24,182,1.3419113159179688,0.8332396745681763,174424,43,0.9097782350749712,0.6090387910371646,1.6044645309448242,0.4448172748088836,16391,5,0.6923315348017877,0.0538420419907197,0.0014376709004864,0.9998681545257568,629665,154,0.2088902861313718,2.2522912500426173,1.2533094882965088,0.9381808638572692,192594,48,1.004281392306407,0.6967021250165999,0.0030398243106901,0.9998424649238586,660117,162,0.2057599141725689,2.3770060000242665,5.988880208111368,0.0019629589514806,5.990843167062849,1.4828603750793263,7.473703542142175,0.016213416820392
81,2.159058586771155,0.9651365809305464,0.29420203023158564,0.32645551793079286,0.29420203023158564,0.22482714870667042,0.9515059174482943,0.3888105244729879,0.0,0.0,0.9702159323763272,0.9998141069582089,0.984792674849908,344284,354787,0.0,0.0,0.0,345,3,0.11864406779661017,0.6246153846153846,0.1994106090373281,325,1711,0.21794871794871795,0.019562715765247412,0.03590285110876452,869,78,0.0,0.0,0.0,4733,0,0.13131313131313133,0.003884075291305647,0.0075449796865931515,3347,99,0.9934640522875817,0.6119162640901772,0.7573492775286498,2484,1530,0.6714285714285714,0.024517475221700575,0.04730749874182184,1917,70,0.06086956521739131,0.03271028037383177,0.0425531914893617,214,115,0.10067114093959731,0.625,0.17341040462427745,24,149,1.3395711183547974,0.8368687629699707,174424,43,0.9082777325944174,0.688342334004119,1.568489909172058,0.4444512128829956,16391,5,0.6681170738076129,0.08960670803207904,0.0014936721418052912,0.9998713731765747,629665,154,0.21519947804069692,2.3291292919311672,1.2379268407821655,0.9381081461906433,192594,48,1.0126396884006839,0.7221914998954162,0.0024114171974360943,0.9998561143875122,660117,162,0.21873478644975633,2.415902082924731,6.245171916787513,0.0018788339802995324,6.247050750767812,1.4965394579339772,7.743590208701789,0.4301917911507189
82,2.1494906041006683,0.9652676673862476,0.2963847252769024,0.32222213009291806,0.2963847252769024,0.22809940090602834,0.9519120263860064,0.38720626306413636,0.0,0.0,0.9705468540735623,0.9998112023794309,0.9849617067911965,344284,354665,0.0,0.0,0.0,345,3,0.11864406779661017,0.6246153846153846,0.1994106090373281,325,1711,0.21875,0.01611047180667434,0.030010718113612004,869,64,0.0,0.0,0.0,4733,0,0.16666666666666666,0.005975500448162534,0.011537352177675224,3347,120,0.993455497382199,0.6111111111111112,0.7567298105682951,2484,1528,0.6078431372549019,0.048513302034428794,0.08985507246376812,1917,153,0.04827586206896552,0.03271028037383177,0.03899721448467967,214,145,0.09803921568627451,0.625,0.1694915254237288,24,153,1.3514947891235352,0.8163326382637024,174424,43,0.9438708298073791,0.6442220839671791,1.6142704486846924,0.43395766615867615,16391,5,0.7026063986751762,0.055332374991849065,0.001478024641983211,0.9998697638511658,629665,154,0.21967992069004758,2.27295562508516,1.2248347997665405,0.9365712404251099,192594,48,0.9615317369103265,0.7033004580298439,0.003133682534098625,0.9998455047607422,660117,162,0.213878003564351,2.3524460420012474,6.0282565840752795,0.0012184999650344253,6.029475084040314,1.5300510409288108,7.559526124969125,0.016469456953927875
83,2.094285927914111,0.965660926753351,0.31837481235158227,0.33759813323560833,0.31837481235158227,0.2465702156284389,0.9526302896684056,0.3914101531102899,0.0,0.0,0.9712337193291348,0.999793774906763,0.9853068304775209,344284,354408,0.0,0.0,0.0,345,3,0.11836734693877551,0.6246153846153846,0.19901960784313724,325,1715,0.19090909090909092,0.024165707710011506,0.04290091930541369,869,110,0.0,0.0,0.0,4733,0,0.17117117117117117,0.005676725425754407,0.01098901098901099,3347,111,0.9925971622455274,0.6477455716586151,0.7839220462850183,2484,1621,0.6184971098265896,0.05581637976004173,0.10239234449760766,1917,173,0.2471264367816092,0.20093457943925233,0.22164948453608246,214,174,0.06607929515418502,0.625,0.11952191235059761,24,227,1.3385968208312988,0.8272714614868164,174424,43,0.9353291879456299,0.6174641670659184,1.6087830066680908,0.4387163817882538,16391,5,0.7524714033817593,0.07902616693172604,0.0014551705680787563,0.9998522996902466,629665,154,0.21174846003905143,2.2750047500012442,1.2386791706085205,0.9375370144844055,192594,48,1.3611350271464502,0.7392102080630139,0.002645362401381135,0.9998576045036316,660117,162,0.2037991506846666,2.4391748750349507,6.149880167096853,0.00125662493519485,6.151136792032048,1.5191140410024673,7.670250833034515,0.01929379196371883
84,2.1865047976635372,0.9646763837988297,0.2864243886866054,0.3397872125214899,0.2864243886866054,0.21704987078351526,0.9509015555335193,0.3835529922728874,0.0,0.0,0.9697021770485892,0.9998170115369869,0.9845293596087292,344284,354976,0.0,0.0,0.0,345,3,0.11788617886178862,0.6246153846153846,0.1983390327308256,325,1722,0.17894736842105263,0.019562715765247412,0.035269709543568464,869,95,0.0,0.0,0.0,4733,0,0.35714285714285715,0.002987750224081267,0.005925925925925926,3347,28,0.991899852724595,0.5422705314009661,0.7011972930765227,2484,1358,0.6521739130434783,0.03129890453834116,0.05973120955699353,1917,92,0.0380952380952381,0.018691588785046728,0.025078369905956112,214,105,0.09202453987730061,0.625,0.16042780748663102,24,163,1.3238821029663086,0.8383135199546814,174424,43,0.8897572135795662,0.6156082500237972,1.567383050918579,0.43407967686653137,16391,5,1.1038202084852702,0.05501529201865196,0.0015002978034317493,0.9998634457588196,629665,154,0.2189616199228992,2.254483374999836,1.2396126985549927,0.9390791058540344,192594,48,1.1295740596743253,0.7005150830373168,0.0027348666917532682,0.9998318552970886,660117,162,0.21638709839805978,2.4089873749762774,6.034609375055879,0.0016307500191032887,6.036240125074983,1.4922625829931349,7.5285027080681175,0.016061415895819664
85,2.1313495088012266,0.9650891666806121,0.30324083144867725,0.31633970120545657,0.30324083144867725,0.23402573792606662,0.952093814888072,0.3774678367909444,0.0,0.0,0.970958933477763,0.9997647291189832,0.9851513061298087,344284,354498,0.0,0.0,0.0,345,3,0.11878291398478642,0.6246153846153846,0.19960668633235004,325,1709,0.20408163265306123,0.023014959723820484,0.04136504653567735,869,98,0.0,0.0,0.0,4733,0,0.11864406779661017,0.004182850313713774,0.00808080808080808,3347,118,0.9922151450813871,0.5644122383252818,0.7195278419296895,2484,1413,0.5836734693877551,0.07459572248304643,0.1322849213691027,1917,245,0.08680555555555555,0.11682242990654206,0.099601593625498,214,288,0.08823529411764706,0.625,0.15463917525773196,24,170,1.3376805782318115,0.8395576477050781,174424,43,0.9181095877617144,0.6392284999601543,1.5713787078857422,0.4331035315990448,16391,5,0.7159684725249261,0.054808625020086765,0.001407006406225264,0.9998745322227478,629665,154,0.20299267750140063,2.2639242080040276,1.2787621021270752,0.9279624223709106,192594,48,1.0738384089353874,0.7016267080325633,0.0026432557497173548,0.9998455047607422,660117,162,0.20327652361250026,2.365819333004765,6.025407374021597,0.0011455840431153774,6.026552958064713,1.5089476249413565,7.535500583006069,0.016847042948938906
86,2.0622876080830688,0.9655158949300221,0.3311426923963877,0.3185230480856994,0.3311426923963877,0.24789398055007275,0.9529480724879389,0.3871533359355118,0.0,0.0,0.972070021239098,0.9996834009131995,0.9856833555763029,344284,354064,0.0,0.0,0.0,345,3,0.11788617886178862,0.6246153846153846,0.1983390327308256,325,1722,0.19642857142857142,0.02531645569620253,0.04485219164118247,869,112,0.0,0.0,0.0,4733,0,0.10526315789473684,0.004182850313713774,0.008045977011494253,3347,133,0.9922430510665805,0.6179549114331723,0.7615976184569586,2484,1547,0.5778688524590164,0.07355242566510173,0.13049514113836186,1917,244,0.13200723327305605,0.3411214953271028,0.19035202086049544,214,553,0.09146341463414634,0.625,0.1595744680851064,24,164,1.3492555618286133,0.8338703513145447,174424,43,1.0380901316847813,0.6131779169663787,1.5643936395645142,0.4455493986606598,16391,5,0.8203697616028317,0.0795966659206897,0.0016085118986666203,0.9998570680618286,629665,154,0.21899492611579408,2.2700669589685276,1.2437549829483032,0.9359273910522461,192594,48,0.9739981016753985,0.6873004590161145,0.0028823534958064556,0.999822735786438,660117,162,0.1941104570301742,2.39246074995026,6.04260275082197,0.0022736249957233667,6.044876375817694,1.5314068750012666,7.57628325081896,0.019816374173387885
87,2.2080288527337535,0.964737743416392,0.2873552304273558,0.32980322278220886,0.2873552304273558,0.2235247706942781,0.951064685124264,0.37881202586785,0.0,0.0,0.9697627049884635,0.9998315344308768,0.9845675966724015,344284,354959,0.0,0.0,0.0,345,3,0.11869436201780416,0.6153846153846154,0.19900497512437812,325,1685,0.18604651162790697,0.018411967779056387,0.033507853403141365,869,86,0.0,0.0,0.0,4733,0,0.2545454545454545,0.004182850313713774,0.00823045267489712,3347,55,0.9910979228486647,0.537842190016103,0.697286012526096,2484,1348,0.6187050359712231,0.044861763171622326,0.08365758754863813,1917,139,0.043795620437956206,0.028037383177570093,0.03418803418803419,214,137,0.11538461538461539,0.625,0.19480519480519481,24,130,1.3322914838790894,0.8381128907203674,174424,43,0.882263138202678,0.6177619169466197,1.6180232763290405,0.43121224641799927,16391,5,0.8981111783886729,0.054932332946918905,0.001575871603563428,0.9998332262039185,629665,154,0.2240141221656433,2.3153499579057097,1.2429507970809937,0.9398838877677917,192594,48,1.0001719697590874,0.7202097079716623,0.00280291517265141,0.9998469948768616,660117,162,0.22371479511411158,2.4736967909848318,6.181950706755742,0.0011875410564243793,6.183138247812167,1.5312774169724435,7.71441566478461,0.01835383428260684
88,2.0756121758382013,0.9655577310329055,0.3325017696093216,0.32207323191494325,0.3325017696093216,0.2533342227905663,0.9527096589678969,0.39327468873988825,0.0,0.0,0.9715838202500917,0.9997647291189832,0.9854728481978487,344284,354270,0.0,0.0,0.0,345,3,0.11798727588201273,0.6276923076923077,0.19863680623174293,325,1729,0.16853932584269662,0.01726121979286536,0.031315240083507306,869,89,0.0,0.0,0.0,4733,0,0.09401709401709402,0.0032865252464893933,0.006351039260969977,3347,117,0.9922128487994809,0.6155394524959742,0.759751552795031,2484,1541,0.5847457627118644,0.07198748043818466,0.12819321876451464,1917,236,0.19164619164619165,0.3644859813084112,0.25120772946859904,214,407,0.1,0.625,0.1724137931034483,24,150,1.330043911933899,0.8347417712211609,174424,43,0.922824141685371,0.6472733749542385,1.5855976343154907,0.4432920515537262,16391,5,0.8513180886156873,0.05574166704900563,0.0013840073952451348,0.9998681545257568,629665,154,0.19989072763195492,2.2703252501087263,1.2579790353775024,0.9386585354804993,192594,48,1.0077021791638443,0.6934663749998435,0.0025480834301561117,0.9998636841773987,660117,162,0.19110464520987785,2.3606822079746053,6.027488875086419,0.0012345000868663192,6.028723375173286,1.5248563330387697,7.553579708212055,0.014855874935165048
89,2.088529123470956,0.9652899799744521,0.3094543850192071,0.317914840092436,0.3094543850192071,0.23750355364848183,0.9525052512559598,0.3873447348784451,0.0,0.0,0.9715200234839846,0.9997385879099813,0.9854273313406855,344284,354284,0.11538461538461539,0.008695652173913044,0.016172506738544475,345,26,0.11851415094339622,0.6184615384615385,0.19891142998515587,325,1696,0.12790697674418605,0.012658227848101266,0.023036649214659685,869,86,0.0,0.0,0.0,4733,0,0.10483870967741936,0.003884075291305647,0.00749063670411985,3347,124,0.9919839679358717,0.5978260869565217,0.746043707611153,2484,1497,0.5772357723577236,0.07407407407407407,0.13129912159038373,1917,246,0.07801418439716312,0.1542056074766355,0.10361067503924647,214,423,0.09375,0.625,0.16304347826086957,24,160,1.3187682628631592,0.8392021656036377,174424,43,0.8677322297418765,0.6182359580416232,1.5908647775650024,0.43859434127807617,16391,5,0.7072266564188728,0.08007420797366649,0.0015204593073576689,0.9998904466629028,629665,154,0.22331665368608503,2.2373909999150783,1.2202801704406738,0.9420179128646851,192594,48,0.9956687263572002,0.67208095791284,0.002751857042312622,0.9998455047607422,660117,162,0.20600409029194022,2.39829183393158,6.006073957774788,0.0012159169418737292,6.007289874716662,1.5258962500374764,7.533186124754138,0.017203459166921675
90,2.177991803391697,0.9654880041947665,0.300136775095665,0.33947372496744327,0.300136775095665,0.24184785228555578,0.9521851732700745,0.3795738834154435,0.0,0.0,0.9704733899638283,0.9998257252733208,0.9849309208690937,344284,354697,0.21656050955414013,0.09855072463768116,0.13545816733067728,345,157,0.11852331606217617,0.563076923076923,0.1958266452648475,325,1544,0.15384615384615385,0.01611047180667434,0.029166666666666667,869,91,0.0,0.0,0.0,4733,0,0.25,0.002091425156856887,0.004148148148148148,3347,28,0.9929846938775511,0.6268115942028986,0.7685093780848964,2484,1568,0.5903083700440529,0.06990088680229525,0.125,1917,227,0.0,0.0,0.0,214,83,0.10204081632653061,0.625,0.17543859649122806,24,147,1.3182413578033447,0.8307457566261292,174424,43,0.9721759669359513,0.6192185420077294,1.5649821758270264,0.4411567449569702,16391,5,0.7559962881766398,0.05546037491876632,0.001521491794846952,0.9998649954795837,629665,154,0.21672185816741388,2.3188769590342417,1.2271723747253418,0.9399306178092957,192594,48,0.9426028701325965,0.677664874936454,0.002647771267220378,0.9998091459274292,660117,162,0.2189263972761385,2.42578595795203,6.0970067088492215,0.001105999923311174,6.098112708772533,1.5115405840333551,7.609653292805888,0.019243166083469987
91,2.0835308722639763,0.9655884108416866,0.3244679164369827,0.3312497170367899,0.3244679164369827,0.24582663173843106,0.9528734481701887,0.39038769188620587,0.0,0.0,0.971807722171243,0.9997269695948694,0.9855696612113238,344284,354175,0.15789473684210525,0.008695652173913044,0.016483516483516484,345,19,0.11869436201780416,0.6153846153846154,0.19900497512437812,325,1685,0.16883116883116883,0.014959723820483314,0.02748414376321353,869,77,0.0,0.0,0.0,4733,0,0.1111111111111111,0.003884075291305647,0.007505773672055427,3347,117,0.993046776232617,0.6324476650563607,0.7727496310870634,2484,1582,0.5826446280991735,0.07355242566510173,0.13061602593793423,1917,242,0.12419700214132762,0.27102803738317754,0.17033773861967694,214,467,0.08426966292134831,0.625,0.1485148514851485,24,178,1.3178023099899292,0.834162712097168,174424,43,0.8931698747016591,0.644297374994494,1.5767382383346558,0.4490269124507904,16391,5,0.8069686834468031,0.056495417025871575,0.0014169393107295036,0.9998761415481567,629665,154,0.21704883328037128,2.2851045000134036,1.246053695678711,0.9362233281135559,192594,48,1.0211062415248375,0.7070920830592513,0.002660313155502081,0.9998636841773987,660117,162,0.19943941165204265,2.477415708010085,6.170405083103105,0.0011315830051898956,6.171536666108295,1.5379503750009462,7.7094870411092415,0.016447499860078096
92,2.140535326581005,0.9651784170334299,0.3023236193009362,0.32826323262266655,0.3023236193009362,0.23484538681213155,0.9519529621428557,0.38743473821608,0.0,0.0,0.9706230684202215,0.999796679485541,0.9849939048469344,344284,354632,0.0,0.0,0.0,345,3,0.11896348645465253,0.6215384615384615,0.19970341077607515,325,1698,0.16666666666666666,0.014959723820483314,0.027455121436114043,869,78,0.0,0.0,0.0,4733,0,0.26,0.003884075291305647,0.007653812187224021,3347,50,0.9917638984214139,0.5817230273752013,0.7333164171530069,2484,1457,0.5814977973568282,0.06885758998435054,0.12313432835820895,1917,227,0.0931174089068826,0.10747663551401869,0.09978308026030369,214,247,0.1,0.625,0.1724137931034483,24,150,1.3159723281860352,0.8367254734039307,174424,43,0.8993639486767492,0.6580997080309317,1.5624340772628784,0.4482947885990143,16391,5,0.6952363920884471,0.0580278750276193,0.0015136939473450184,0.9998570680618286,629665,154,0.2187863446381673,2.335224917042069,1.2322543859481812,0.940294086933136,192594,48,0.924667680575655,0.7062929170206189,0.0024327600840479136,0.9998606443405151,660117,162,0.21329472461254576,2.3756977500161156,6.133343167137355,0.0010705419117584825,6.134413709049113,1.5637042499147356,7.698117958963849,0.015852124895900488
93,2.1178846892412917,0.9654071210625255,0.3058615177757252,0.3256784276667874,0.3058615177757252,0.2362625941319863,0.9523551914420303,0.38936438740425305,0.0,0.0,0.971129430883299,0.999787965749207,0.9852503406189533,344284,354444,0.0,0.0,0.0,345,3,0.11816578483245149,0.6184615384615385,0.19842053307008883,325,1701,0.16470588235294117,0.01611047180667434,0.029350104821802937,869,85,0.0,0.0,0.0,4733,0,0.2641509433962264,0.004182850313713774,0.00823529411764706,3347,53,0.9903350515463918,0.6187600644122383,0.7616451932606542,2484,1552,0.5747663551401869,0.06416275430359937,0.11543876114500234,1917,214,0.06936416184971098,0.11214953271028037,0.08571428571428572,214,346,0.10416666666666667,0.625,0.17857142857142858,24,144,1.3193302154541016,0.8327409029006958,174424,43,0.9582417087857749,0.6438184999860823,1.57576584815979,0.4432310461997986,16391,5,0.819860126442854,0.05832616693805903,0.0014711384428665042,0.9998729228973389,629665,154,0.2110078289312404,2.551032374962233,1.2465293407440186,0.9405485391616821,192594,48,0.9628494313851101,0.7239913330413401,0.0029577321838587523,0.9997954964637756,660117,162,0.20592966025298046,2.607028792030178,6.5841971669578925,0.0010481670033186674,6.585245333961211,1.6228511669905856,8.208096500951797,0.01787891599815339
94,2.0746424110012645,0.9656163015769422,0.317992678245321,0.42102575667880215,0.317992678245321,0.25403148406564297,0.9531037110769831,0.39247570530973036,0.0004224757076468103,0.00021128248468201986,0.9720182553489528,0.9996979238070896,0.9856638009542192,344284,354088,0.15530903328050713,0.28405797101449276,0.20081967213114754,345,631,0.11346863468634687,0.37846153846153846,0.17459190915542938,325,1084,0.21568627450980393,0.012658227848101266,0.02391304347826087,869,51,1.0,0.00021128248468201986,0.0004224757076468103,4733,1,0.09243697478991597,0.0032865252464893933,0.006347374495095211,3347,119,0.9894867037724181,0.644122383252818,0.7802974884174592,2484,1617,0.5222222222222223,0.07355242566510173,0.1289437585733882,1917,270,0.06854838709677419,0.1588785046728972,0.09577464788732394,214,496,0.08108108108108109,0.625,0.14354066985645933,24,185,1.3133925199508667,0.8385944366455078,174424,43,0.8855789416867523,0.6695769579382613,1.5691417455673218,0.4448782801628113,16391,5,0.8001013788886054,0.059947292087599635,0.0014099135296419263,0.9998888373374939,629665,154,0.21719930726270043,2.468068958958611,1.2357662916183472,0.9421840906143188,192594,48,1.6305602795906795,0.7618511250475422,0.0032971668988466263,0.999859094619751,660117,162,0.19087452711329841,2.587936000083573,6.547380334115587,0.0015579999890178442,6.548938334104605,1.58054120792076,8.129479542025365,0.019440873875282705
95,2.1213163110933317,0.9656497704592488,0.31277510023299165,0.34807647624145066,0.31277510023299165,0.25781698188800556,0.952548272974416,0.39531555086641873,0.0,0.0,0.9708863829955267,0.9998141069582089,0.9851379313305458,344284,354542,0.1623246492985972,0.23478260869565218,0.19194312796208532,345,499,0.1183774834437086,0.44,0.18656229615133724,325,1208,0.19047619047619047,0.01380897583429229,0.02575107296137339,869,63,0.0,0.0,0.0,4733,0,0.26666666666666666,0.00358530026889752,0.007075471698113208,3347,45,0.9900621118012423,0.6417069243156199,0.7787005373717636,2484,1610,0.5720720720720721,0.06624934793948878,0.1187470780738663,1917,222,0.10426540284360189,0.102803738317757,0.10352941176470588,214,211,0.1056338028169014,0.625,0.18072289156626506,24,142,1.3257890939712524,0.8378892540931702,174424,43,0.8900544227394717,0.6932286249939352,1.56255042552948,0.4451223313808441,16391,5,0.7778907293955798,0.060225749970413744,0.0015024709282442927,0.9998506903648376,629665,154,0.21942261528392748,2.4641265419777483,1.2226396799087524,0.9398579597473145,192594,48,0.9518406179672075,0.759130832972005,0.002475873799994588,0.999848484992981,660117,162,0.2046143833883037,2.5735997080337256,6.550311457947828,0.0012172919232398272,6.551528749871068,1.6143563750665635,8.165885124937631,0.019046917092055082
96,2.126448491453222,0.9654573243859854,0.3109969587257004,0.3685030867887032,0.3109969587257004,0.25407979441392226,0.9521156858111676,0.39948983983330494,0.0,0.0,0.9704651818438117,0.9998257252733208,0.984926693600998,344284,354700,0.1989247311827957,0.1072463768115942,0.1393596986817326,345,186,0.1176084099868594,0.5507692307692308,0.1938278289117488,325,1522,0.1896551724137931,0.012658227848101266,0.023732470334412083,869,58,0.0,0.0,0.0,4733,0,0.3333333333333333,0.0044816253361219,0.00884433962264151,3347,45,0.9910543130990416,0.6243961352657005,0.766115090145715,2484,1565,0.6,0.050078247261345854,0.09244102070293693,1917,160,0.18125,0.13551401869158877,0.15508021390374332,214,160,0.10273972602739725,0.625,0.17647058823529413,24,146,1.3150486946105957,0.8431867361068726,174424,43,0.9083656145168444,0.6594797909492627,1.5926674604415894,0.44133976101875305,16391,5,0.7524838881162811,0.0818808329058811,0.0015595725271850824,0.9998840689659119,629665,154,0.2130701022548131,2.336553749977611,1.2292201519012451,0.9419763684272766,192594,48,0.9011138258229434,0.6877333330921829,0.0022222751285880804,0.9998666644096375,660117,162,0.2080585244841473,2.4725346659542993,6.238182372879237,0.0022149999858811498,6.240397372865118,1.6219082090537995,7.862305581918918,0.015848669223487377
97,2.120647892754901,0.9655131058564966,0.308502118327339,0.3700439485306382,0.308502118327339,0.24723907830436564,0.9520294501807769,0.3978824482697316,0.0,0.0,0.9703749852001782,0.9998286298520989,0.9848816482551236,344284,354734,0.1534954407294833,0.5855072463768116,0.2432269717037929,345,1316,0.10101010101010101,0.12307692307692308,0.11095700416088766,325,396,0.25,0.01611047180667434,0.03027027027027027,869,56,0.0,0.0,0.0,4733,0,0.4358974358974359,0.005079175380938153,0.01004134672179563,3347,39,0.9886934673366834,0.6336553945249598,0.7723258096172718,2484,1592,0.609375,0.0406885758998435,0.07628361858190709,1917,128,0.08955223880597014,0.056074766355140186,0.06896551724137931,214,134,0.10204081632653061,0.625,0.17543859649122806,24,147,1.3156349658966064,0.8251903653144836,174424,43,1.033323433294895,0.6451362079242244,1.543857455253601,0.45439571142196655,16391,5,0.8087072102790116,0.05336116696707904,0.0013943135272711515,0.9998745322227478,629665,154,0.20482602248898565,2.3948186669731513,1.2411906719207764,0.9411508440971375,192594,48,0.9752710830014367,0.719300250057131,0.0027109377551823854,0.9998288154602051,660117,162,0.20806388738565923,2.539715333026834,6.35233162494842,0.0011291669216006994,6.35346079187002,1.6045579169876873,7.958018708857708,0.01599629200063646
98,2.153644231861382,0.9650612759453565,0.2997057300217517,0.3689887887671154,0.2997057300217517,0.23684266577574883,0.9514090111895062,0.3923097387798301,0.0,0.0,0.9699211045364892,0.9998286298520989,0.9846478180278725,344284,354900,0.15121255349500715,0.6144927536231884,0.24270177447052088,345,1402,0.1,0.09538461538461539,0.09763779527559055,325,310,0.22535211267605634,0.018411967779056387,0.03404255319148936,869,71,0.0,0.0,0.0,4733,0,0.47619047619047616,0.002987750224081267,0.0059382422802850355,3347,21,0.9875173370319001,0.573268921095008,0.7254202750891493,2484,1442,0.6333333333333333,0.0396452790818988,0.07461953853706431,1917,120,0.049586776859504134,0.028037383177570093,0.03582089552238806,214,121,0.0967741935483871,0.625,0.16759776536312848,24,155,1.315330982208252,0.8436625599861145,174424,43,0.8931425598153806,0.6774987500393763,1.5607597827911377,0.45427370071411133,16391,5,0.8349327355914656,0.055838000029325485,0.001445283298380673,0.999887228012085,629665,154,0.21936680999720354,2.4232940409565344,1.2241435050964355,0.9418829083442688,192594,48,0.9313940215671921,0.7471845420077443,0.0030141391325742006,0.9998500347137451,660117,162,0.2077835549910592,2.5485691250069067,6.452384458039887,0.0014361250214278698,6.453820583061315,1.6336425830377266,8.087463166099042,0.016899332986213267
99,2.0751555879443244,0.9654963714153433,0.31429567105224765,0.4609274286185541,0.31429567105224765,0.2562000870464047,0.9523400686271934,0.3973590456330759,0.002953586497890295,0.001478977392774139,0.97071663038206,0.9998141069582089,0.9850505374251668,344284,354604,0.15138772077375945,0.5217391304347826,0.23468057366362452,345,1189,0.1003584229390681,0.1723076923076923,0.12684031710079274,325,558,0.20430107526881722,0.02186421173762946,0.0395010395010395,869,93,1.0,0.001478977392774139,0.002953586497890295,4733,7,0.3333333333333333,0.0044816253361219,0.00884433962264151,3347,45,0.9915309446254071,0.6127214170692431,0.7574023388902712,2484,1535,0.6010928961748634,0.05738132498695879,0.10476190476190476,1917,183,0.1656441717791411,0.1261682242990654,0.14323607427055704,214,163,0.09090909090909091,0.625,0.15873015873015872,24,165,1.3117170333862305,0.8445971012115479,174424,43,0.9051212632465038,0.6496887499233708,1.5358306169509888,0.45219936966896057,16391,5,0.860226963126648,0.08717595797497779,0.0013458442408591509,0.9998809099197388,629665,154,0.1985826323195635,2.4608321249252185,1.2335357666015625,0.9412079453468323,192594,48,0.9509043047935939,0.7187966670608148,0.0025019103195518255,0.9998682141304016,660117,162,0.1834872295353538,2.529650165932253,6.446143665816635,0.001211875001899898,6.447355540818535,1.5453095840057358,7.992665124824271,0.017281334148719907
100,2.0500099435232917,0.9657501771061688,0.3307363030006538,0.44270304799792626,0.3307363030006538,0.26872739661627876,0.9529822020611107,0.3984439878303771,0.002953586497890295,0.001478977392774139,0.9714968728126623,0.999793774906763,0.9854422298438582,344284,354312,0.15577190542420027,0.32463768115942027,0.21052631578947367,345,719,0.11591355599214145,0.3630769230769231,0.1757259865971705,325,1018,0.18681318681318682,0.019562715765247412,0.035416666666666666,869,91,1.0,0.001478977392774139,0.002953586497890295,4733,7,0.15841584158415842,0.004780400358530027,0.009280742459396751,3347,101,0.9924480805538074,0.6348631239935588,0.7743677878713479,2484,1589,0.5726872246696035,0.06781429316640585,0.12126865671641791,1917,227,0.18627450980392157,0.26635514018691586,0.21923076923076923,214,306,0.0872093023255814,0.625,0.15306122448979592,24,172,1.3218647241592407,0.8402398824691772,174424,43,0.8714930197732842,0.6255075830267742,1.5490344762802124,0.4557989239692688,16391,5,0.8249339965269694,0.05421445798128843,0.0014944237191230059,0.9998634457588196,629665,154,0.208976795742041,2.3272651250008494,1.2215635776519775,0.9394321441650391,192594,48,1.0012863614836847,0.679227833985351,0.0024243106599897146,0.9998273253440857,660117,162,0.20039661131992992,2.4203782910481095,6.106593291042373,0.0015825829468667507,6.108175873989239,1.5188647500472143,7.627040624036454,0.019649791880510747
