round,val_loss,accuracy,balanced_accuracy,macro_precision,macro_recall,macro_f1,weighted_f1,macro_pr_auc,worst_class_f1,worst_class_recall,precision_c0,recall_c0,f1_c0,support_c0,predicted_count_c0,precision_c1,recall_c1,f1_c1,support_c1,predicted_count_c1,precision_c2,recall_c2,f1_c2,support_c2,predicted_count_c2,precision_c3,recall_c3,f1_c3,support_c3,predicted_count_c3,precision_c4,recall_c4,f1_c4,support_c4,predicted_count_c4,precision_c5,recall_c5,f1_c5,support_c5,predicted_count_c5,precision_c6,recall_c6,f1_c6,support_c6,predicted_count_c6,train_loss_client_0,train_accuracy_client_0,train_samples_client_0,train_batches_client_0,update_l2_client_0,train_seconds_client_0,train_loss_client_1,train_accuracy_client_1,train_samples_client_1,train_batches_client_1,update_l2_client_1,train_seconds_client_1,train_loss_client_2,train_accuracy_client_2,train_samples_client_2,train_batches_client_2,update_l2_client_2,train_seconds_client_2,train_loss_client_3,train_accuracy_client_3,train_samples_client_3,train_batches_client_3,update_l2_client_3,train_seconds_client_3,train_loss_client_4,train_accuracy_client_4,train_samples_client_4,train_batches_client_4,update_l2_client_4,train_seconds_client_4,round_train_seconds,aggregation_seconds,fl_round_seconds,validation_seconds,round_total_seconds,round_orchestration_seconds
1,0.625095339597623,0.8248259609941359,0.6557598228526734,0.5067970018399672,0.6557598228526734,0.520546503883475,0.8851414187676911,0.7078539288069676,0.0,0.0,0.9860553695938516,0.8175158846407397,0.8939108182009395,2495335,2068825,0.1257553486852849,0.9957969608794052,0.2233097698024288,6186,48984,0.6274652273199086,0.9998897281799636,0.7710623099980867,18137,28902,0.8354735184643554,0.9999280713532176,0.9103331157817994,208540,249589,0.9718542748791316,0.7448071625344352,0.8433159959138795,72600,55639,0.0,0.0,0.0,19740,351693,0.0009752739372382,0.0323809523809523,0.0018935174871909,525,17431,0.5659777522087097,0.3935071229934692,2651004,648,5.302876907877831,1.7267098547890782,0.571245014667511,0.3975750207901001,2651004,648,5.3396299329141454,1.397821918129921,0.5701421499252319,0.4036564230918884,2651002,648,5.372993633986851,1.3344909399747849,0.5745470523834229,0.3977991640567779,2651001,648,5.390633896806535,1.3216498009860516,0.5729928016662598,0.3960784673690796,2651000,648,5.379917889042883,1.3406538348644972,7.121326348744333,0.0156985772773623,7.137024926021695,4.14648234192282,11.283507267944517,2.563625610433519
2,0.6238854620204196,0.6755233754084896,0.6328684885831783,0.4422715046573738,0.6328684885831783,0.4535490311613431,0.7549025267814867,0.7084898519678695,0.0,0.0,0.9825541022534412,0.6486884526526498,0.7814552143963546,2495335,1647436,0.1553694407305567,0.995635305528613,0.2687935060117398,6186,39641,0.6422424478521089,0.9998897281799636,0.7821192909820158,18137,28237,0.323712406044217,0.9999568428119304,0.4890926276435807,208540,644186,0.9908513713794302,0.7459090909090909,0.8511076359692895,72600,54653,0.0,0.0,0.0,19740,388973,0.0011707643418631,0.04,0.0022749431264218,525,17937,0.4062327146530151,0.4402724206447601,2651004,648,1.6949691968722194,1.275633948855102,0.4032729268074035,0.4443739056587219,2651004,648,1.6225510022206493,1.3321499628946183,0.4044188559055328,0.4449129104614258,2651002,648,1.803081892248634,1.328918095678091,0.4097779989242553,0.436220109462738,2651001,648,1.807855971828771,1.3560903733596206,0.4028776288032532,0.440143346786499,2651000,648,1.8566755052252049,1.3411810249090197,6.633973405696452,0.0611179694533348,6.6950913751497865,4.175625577569008,10.870716952718794,0.0235787397250533
3,0.6282061435826688,0.6926906630585705,0.6513526476862178,0.446424414171852,0.6513526476862178,0.4680167230849248,0.7694830622821367,0.6232278797810726,0.0,0.0,0.9875540922646946,0.6649684310924184,0.79477560646868,2495335,1680231,0.156192119351483,0.9951503394762368,0.270005921182482,6186,39413,0.6503496503496503,0.9998897281799636,0.788101342836035,18137,27885,0.3358911569009682,0.9997650330871776,0.502842327404281,208540,620710,0.9941472644474376,0.8539807162534435,0.9187487033579324,72600,62364,0.0,0.0,0.0,19740,361773,0.00083661588873,0.0457142857142857,0.0016431603450636,525,28687,0.3840299248695373,0.4381951093673706,2651004,648,1.260760360183465,1.373927458189428,0.3849871456623077,0.4366251230239868,2651004,648,1.3468943578487622,1.3821938810870051,0.3844346404075622,0.4452655911445617,2651002,648,1.4057082607934146,1.314112207852304,0.3872097432613373,0.4387750029563904,2651001,648,1.4276404457531595,1.3491773875430226,0.3868852853775024,0.44486004114151,2651000,648,1.5164287819360207,1.3335055215284228,6.752916456200182,0.0115827899426221,6.764499246142805,4.1326294438913465,10.897128690034153,0.0379171473905444
4,0.6185398277103906,0.6795250584620053,0.649445143253241,0.4459920086508327,0.649445143253241,0.4659132069272265,0.7593185722265308,0.7062577998769409,0.0,0.0,0.987278933426824,0.6500305570193982,0.7839220120248055,2495335,1642944,0.1563706563706563,0.9951503394762368,0.270272643456118,6186,39368,0.6532075063934013,0.9998897281799636,0.7901960784313725,18137,27763,0.3285140144658339,0.9999040951376236,0.4945468689410478,208540,634737,0.995368070136073,0.855426997245179,0.9201069685094784,72600,62393,0.0,0.0,0.0,19740,393939,0.0012048797630403,0.0457142857142857,0.0023478771277636,525,19919,0.3713603913784027,0.4413022398948669,2651004,648,1.0388071485423254,1.354033563286066,0.3731853365898132,0.4381841719150543,2651004,648,1.2202427012929846,1.2993852896615865,0.3743245601654053,0.4448797106742859,2651002,648,1.380839144344053,1.3145745070651174,0.3749343454837799,0.4373544156551361,2651001,648,1.09575502039841,1.3482091892510653,0.3681488931179046,0.4413455128669739,2651000,648,1.1218207744182132,1.3543502744287252,6.67055282369256,0.0678668925538659,6.738419716246426,4.108983354642987,10.847403070889412,0.017449545674026
5,0.6087485789358266,0.5808810366872346,0.6634054183772177,0.4684640920979442,0.6634054183772177,0.4709929372005247,0.7033505089627139,0.6233328596561494,0.0,0.0,0.9864009718062724,0.6062444521477076,0.7509519793376676,2495335,1533639,0.5516129032258065,0.9951503394762368,0.7097890003459011,6186,11160,0.655142516527582,0.9998897281799636,0.7916102841677943,18137,27681,0.0867898486197684,0.1869473482305552,0.1185453218597014,208540,449200,0.9966466643134486,0.8556060606060606,0.920756562856677,72600,62326,0.0,0.0,0.0,19740,539372,0.0026557401927308,1.0,0.0052974118359315,525,197685,0.3660622239112854,0.4397733807563782,2651004,648,0.9124555660845652,1.2530802078545094,0.365157276391983,0.4421607851982116,2651004,648,0.9003361608692028,1.3021904174238443,0.3634655475616455,0.4414040446281433,2651002,648,0.938894120903949,1.3160498458892107,0.3672961890697479,0.4380345344543457,2651001,648,0.9431513935655422,1.3548597935587168,0.3616369962692261,0.4454866051673889,2651000,648,0.9410928925865468,1.4329005489125848,6.659080813638866,0.0978956175968051,6.756976431235671,4.173904459923506,10.930880891159177,0.0238824198022484
6,0.6337521468713299,0.6450639351194922,0.6439106147059147,0.447517651462271,0.6439106147059147,0.4632198546439667,0.734144006619678,0.6233206201475114,0.0,0.0,0.9864869498496142,0.611061841396045,0.754661811134103,2495335,1545691,0.1564779746320632,0.9951503394762368,0.2704329299097239,6186,39341,0.6553555941023417,0.9998897281799636,0.7917658102119671,18137,27672,0.3366096261345825,0.9999520475688116,0.5036707119574997,208540,619501,0.9971746424156808,0.8556060606060606,0.9209818152165048,72600,62293,0.0,0.0,0.0,19740,480302,0.0005187731016146,0.0457142857142857,0.0010259040779687,525,46263,0.3591393530368805,0.4390117824077606,2651004,648,0.8441200721029043,1.4209157386794686,0.3618155121803283,0.44049271941185,2651004,648,0.9477558283366267,1.3730059377849102,0.3571338057518005,0.4420943558216095,2651002,648,0.9816854720425088,1.40173558332026,0.3603465557098388,0.4361171424388885,2651001,648,1.1339550584738078,1.3275464065372944,0.3564977645874023,0.4427359402179718,2651000,648,0.9863829658860958,1.3625002466142178,6.885703912936151,0.0248684594407677,6.910572372376919,4.265706414356828,11.176278786733748,0.0181407574564218
7,0.6332738655257172,0.6592086032818125,0.6460236792648976,0.505389339176969,0.6460236792648976,0.5286658425355563,0.7454824611787304,0.6229225928762393,0.0,0.0,0.9868283472432612,0.627086944237948,0.7668645015343004,2495335,1585678,0.568158744808491,0.9951503394762368,0.7233417543035074,6186,10835,0.6533722438391699,0.9998897281799636,0.7903166060183471,18137,27756,0.3316048416847943,0.9999856142706436,0.4980511385076879,208540,628872,0.9967217856626333,0.8543388429752066,0.9200542909908106,72600,62229,0.0,0.0,0.0,19740,482603,0.001039411000433,0.0457142857142857,0.0020326063942409,525,23090,0.3569661378860473,0.4423754215240478,2651004,648,0.8551754037551944,1.3153981072828174,0.3570112884044647,0.4365598857402801,2651004,648,0.9115559430343956,1.3255904475226998,0.3524220883846283,0.441863864660263,2651002,648,0.743983995043357,1.351744195446372,0.3567066490650177,0.4387225806713104,2651001,648,0.8592444267833145,1.3808624520897863,0.3508094847202301,0.4357238709926605,2651000,648,0.7401115116100665,1.2916926061734555,6.665287808515132,0.019884823821485,6.6851726323366165,4.217993153259158,10.903165785595776,0.0202152039855718
8,0.6100903140564649,0.641073595307868,0.6432037598463339,0.5046006685952481,0.6432037598463339,0.5263333718116571,0.7323698911008082,0.6221241563424259,0.0,0.0,0.9869720922771548,0.6065618444016535,0.7513609831395206,2495335,1533554,0.5715081723625557,0.9948270287746525,0.725964374188982,6186,10768,0.6354239663629992,0.9998897281799636,0.7770422263641622,18137,28540,0.3394470619263292,0.9998273712477224,0.5068243747462888,208540,614246,0.9979115459379568,0.8556060606060606,0.92129598730413,72600,62247,0.0,0.0,0.0,19740,546226,0.0009418412997409,0.0457142857142857,0.0018456569385165,525,25482,0.3517976105213165,0.4371920824050903,2651004,648,0.7016016974615487,1.3027377258986237,0.3559816479682922,0.4331977665424347,2651004,648,0.9159829465836472,1.345918240956962,0.3501476645469665,0.442274659872055,2651002,648,1.0039682851542084,1.3514671865850687,0.3548720777034759,0.4381182789802551,2651001,648,1.1263365763461417,1.2975086914375424,0.3480010628700256,0.4413108229637146,2651000,648,0.695274456629576,1.3217535512521863,6.619385396130383,0.0917418440803885,6.711127240210772,4.276123625226319,10.98725086543709,0.0143349189311265
9,0.6167020370712076,0.5870903981938723,0.6646741025870136,0.4686719896967087,0.6646741025870136,0.472142948586658,0.7082908528757799,0.6191563858225663,0.0,0.0,0.9871565576012842,0.6131401194629178,0.7564413503209088,2495335,1549896,0.5693275367681065,0.9949886841254444,0.7242454550803082,6186,10811,0.6356021309406982,0.9998897281799636,0.7771754269429386,18137,28532,0.088269579580796,0.1880886160928359,0.1201520586424385,208540,444366,0.997753890582384,0.8566115702479339,0.921811309567924,72600,62330,0.0,0.0,0.0,19740,522756,0.0025942324036922,1.0,0.005175039552088,525,202372,0.3514279127120971,0.4350148141384125,2651004,648,0.776441875649893,1.497663595713675,0.3507757186889648,0.4318099915981293,2651004,648,0.6445881235071235,1.454266421496868,0.349031388759613,0.4385409653186798,2651002,648,0.9809307887154448,1.376255914568901,0.3534370064735412,0.4349719285964966,2651001,648,0.947561189538246,1.3276541456580162,0.3459208309650421,0.4414858520030975,2651000,648,0.6287789010381957,1.3414446655660868,6.997284743003547,0.0803290531039238,7.077613796107471,4.145101552829146,11.222715348936616,0.0281473360955715
10,0.6163712199032706,0.6535323741440726,0.6453760964410371,0.5052976280982812,0.6453760964410371,0.5284755041723547,0.741941926858204,0.6158961036397486,0.0,0.0,0.9873399159564747,0.620604447899781,0.7621501803234798,2495335,1568473,0.5762172284644195,0.9948270287746525,0.7297521641171588,6186,10680,0.6356466876971609,0.9998897281799636,0.7772087342233269,18137,28530,0.3395273185519979,0.9999856142706436,0.5069341637313458,208540,614198,0.9975618363222226,0.8566115702479339,0.9217293355663916,72600,62342,0.0,0.0,0.0,19740,506476,0.0007904096956922,0.0457142857142857,0.0015539512447796,525,30364,0.3494672477245331,0.4356507956981659,2651004,648,0.6288754049505682,1.2944425931200385,0.3490813672542572,0.4357420802116394,2651004,648,0.7585574154581562,1.3083900418132544,0.3442908227443695,0.4394383728504181,2651002,648,0.691520241894719,1.2829162841662765,0.3497976660728454,0.4361676871776581,2651001,648,0.8113507082399112,1.3298181146383286,0.3432994186878204,0.4396642744541168,2651000,648,0.5526620826859637,1.267549466341734,6.483116500079632,0.029098785482347,6.512215285561979,4.146657442674041,10.65887272823602,0.0273194378241896
11,0.617389412539224,0.6420030321903482,0.643421904947191,0.5053716520817016,0.643421904947191,0.5270954192201238,0.7331129874626582,0.6154924759850714,0.0,0.0,0.9870718616206756,0.6075717288460267,0.752164259205559,2495335,1535952,0.5766526019690577,0.994180407371484,0.7299270072992701,6186,10665,0.6356466876971609,0.9998897281799636,0.7772087342233269,18137,28530,0.3395240017974484,0.9999856142706436,0.5069304668280777,208540,614204,0.9979139922978176,0.8566115702479339,0.9218796323747406,72600,62320,0.0,0.0,0.0,19740,539105,0.0007924191897513,0.0457142857142857,0.0015578346098922,525,30287,0.3466444611549377,0.4303456246852875,2651004,648,0.6656228238042776,1.3150998773053288,0.3472420275211334,0.4345059394836426,2651004,648,0.6860656773915182,1.3062713537365198,0.3432288467884063,0.4381305575370788,2651002,648,0.6670287320875741,1.2174300476908684,0.3475888073444366,0.4301812648773193,2651001,648,0.6735395228114543,1.2501405114308,0.3422515988349914,0.4367110431194305,2651000,648,0.6007933872820522,1.2492955718189478,6.338237361982465,0.0692353630438447,6.4074727250263095,4.170076962560415,10.577549687586725,0.0149227958172559
12,0.6189265584985895,0.651985085054818,0.6450340560783445,0.5056379555484225,0.6450340560783445,0.5285353886279738,0.7407756206262751,0.6155923445418177,0.0,0.0,0.9873046175721432,0.6188567867641018,0.7608203777509597,2495335,1564112,0.5777903043968433,0.994180407371484,0.7308377896613191,6186,10644,0.6358026855520107,0.9998897281799636,0.7773253321903129,18137,28523,0.3395411390601671,0.9999856142706436,0.5069495680753798,208540,614173,0.998074145402022,0.8566115702479339,0.9219479653102068,72600,62310,0.0,0.0,0.0,19740,516112,0.0009527968557703,0.0457142857142857,0.0018666874076378,525,25189,0.3433028161525726,0.4302577376365661,2651004,648,0.4973671053794263,1.3126917677000165,0.3456996381282806,0.4291200637817383,2651004,648,0.7574770178083182,1.3472118005156517,0.3424294292926788,0.4328929185867309,2651002,648,0.6013137495442671,1.2989532900974154,0.3481511771678924,0.4345709383487701,2651001,648,0.7896495893209579,1.2668894156813622,0.3414988219738006,0.4346823692321777,2651000,648,0.7105388707687383,1.2956145331263542,6.5213608071208,0.009716322645545,6.531077129766345,4.27629990503192,10.807377034798265,0.0207205535843968
13,0.6086057072796012,0.6326668351610722,0.6418891430152127,0.5055509028096968,0.6418891430152127,0.5260827846537427,0.7258613483466642,0.6152450276128798,0.0,0.0,0.986846341259842,0.5970184364023268,0.7439592924061781,2495335,1509618,0.5778592237571657,0.994018752020692,0.7308492304035181,6186,10641,0.6358249772105743,0.9998897281799636,0.777341991898669,18137,28522,0.3395544989741753,0.9999712285412872,0.5069626100063208,208540,614140,0.9979780473714616,0.8566115702479339,0.9219069643333628,72600,62316,0.0,0.0,0.0,19740,565570,0.0007932310946589,0.0457142857142857,0.0015594035281504,525,30256,0.3445834815502167,0.4360823333263397,2651004,648,0.7610632628370033,1.3536005849018693,0.3450277149677276,0.432553082704544,2651004,648,0.6051670473530993,1.26537773758173,0.3403138518333435,0.4359857141971588,2651002,648,0.6079840197749751,1.3479453204199672,0.3459229171276092,0.4310820698738098,2651001,648,0.6841182677019778,1.3002895191311836,0.3405359387397766,0.434893250465393,2651000,648,0.5633304910103614,1.3747492674738169,6.641962429508567,0.1045149425044655,6.746477372013032,4.449953669682145,11.196431041695178,0.0263793561607599
14,0.5981497540301112,0.6467058693832786,0.7875538274808409,0.5152390812562817,0.7875538274808409,0.5401524576600061,0.7351213322130641,0.6151594633991551,0.0018614752191111,0.0457142857142857,0.9999224605841304,0.6046454684441167,0.7535967454538871,2495335,1508910,0.5777903043968433,0.994180407371484,0.7308377896613191,6186,10644,0.6560431212241797,0.9998897281799636,0.7922673656618611,18137,27643,0.3395038910664241,0.9997554426009398,0.5068784728173598,208540,614099,0.997911359356952,0.8686914600550965,0.9288286364406216,72600,63199,0.0345523510126779,1.0,0.0667967183658829,19740,571307,0.0009500811527651,0.0457142857142857,0.0018614752191111,525,25261,0.3434526324272156,0.4342648983001709,2651004,648,0.6195647783853294,1.308627131395042,0.3453661799430847,0.4269804954528808,2651004,648,0.7786443892981728,1.497983324341476,0.3400128185749054,0.4373855590820312,2651002,648,0.7135257755796162,1.3780771838501096,0.3431625664234161,0.4325222671031952,2651001,648,0.6351226052268373,1.3766494346782563,0.3383537232875824,0.4328245818614959,2651000,648,0.6144864833818448,1.3935525212436914,6.954889595508575,0.0437352135777473,6.998624809086323,4.267082551494241,11.265707360580564,0.0228752335533499
15,0.5959763286968187,0.6529666299547369,0.7895065397523898,0.5127215404955819,0.7895065397523898,0.5375978883181712,0.7425118963662519,0.6157543172078824,0.0031873583084554,0.1352380952380952,0.9999158777509594,0.6192515233425572,0.7648368292166837,2495335,1545370,0.577967854121628,0.994018752020692,0.7309361069836553,6186,10639,0.6560431212241797,0.9998897281799636,0.7922673656618611,18137,27643,0.3186378031467621,0.9094562194303252,0.4719298791298343,208540,595215,0.997974523300894,0.8686914600550965,0.9288559961706984,72600,63195,0.0368989205103042,1.0,0.0711716827560098,19740,534975,0.001612683414346,0.1352380952380952,0.0031873583084554,525,44026,0.3422942459583282,0.4267783164978027,2651004,648,0.658018898845766,1.303969875909388,0.3420611619949341,0.4286179840564728,2651004,648,0.5464581100102912,1.3334553204476831,0.3387079536914825,0.4309438467025757,2651002,648,0.6393717465849295,1.295895173214376,0.3437190949916839,0.4277308881282806,2651001,648,0.8387393476531775,1.3015577578917146,0.3384774625301361,0.4327891170978546,2651000,648,0.6669950821151869,1.3004784984514115,6.535356625914574,0.0406578164547681,6.576014442369342,4.414293889887631,10.990308332256973,0.0307316947728395
16,0.5894493704866864,0.6565837062128709,0.7891543611598107,0.5155512335263921,0.7891543611598107,0.5418836562305575,0.7427617085626484,0.6156696424839219,0.0018614752191111,0.0457142857142857,0.999923864408368,0.6157950736073513,0.7621971559500376,2495335,1536732,0.577967854121628,0.994018752020692,0.7309361069836553,6186,10639,0.655877034358047,0.9998897281799636,0.7921462423832092,18137,27650,0.3395589221861098,0.9999712285412872,0.5069675399187039,208540,614132,0.9982588600281748,0.8686914600550965,0.928979134905028,72600,63177,0.0363220184296523,1.0,0.0700979382541565,19740,543472,0.0009500811527651,0.0457142857142857,0.0018614752191111,525,25261,0.3410278260707855,0.430718332529068,2651004,648,0.5400488695845929,1.4590584756806493,0.3398889601230621,0.4252109825611114,2651004,648,0.5641077467458753,1.292556066066027,0.3389663100242615,0.4397095739841461,2651002,648,0.8482708878023905,1.287165129557252,0.3428193628787994,0.4321307241916656,2651001,648,0.8150487685351219,1.3710165107622745,0.3362731635570526,0.4278075993061065,2651000,648,0.6032384103441126,1.3820455307140946,6.791841712780297,0.0517793567851185,6.843621069565415,4.2719229981303215,11.115544067695737,0.0332107637077569
17,0.5841509614670531,0.632412321171133,0.7852524457407224,0.5154873187179402,0.7852524457407224,0.5381767331383156,0.7238949401291365,0.6161044452587575,0.0018621251503278,0.0457142857142857,0.999920329034279,0.5884672799443762,0.7409027782157611,2495335,1468540,0.5811359984878556,0.994018752020692,0.7334645434484404,6186,10581,0.6562092922275293,0.9998897281799636,0.7923885259869355,18137,27636,0.3397485817809768,0.9999856142706436,0.5071807456301424,208540,613798,0.9981956600876846,0.8686914600550965,0.9289517679204012,72600,63181,0.0322509496385246,1.0,0.0624866456162009,19740,612075,0.0009504197687311,0.0457142857142857,0.0018621251503278,525,25252,0.3403658866882324,0.4332980811595917,2651004,648,0.5052807804969588,1.2597210025414824,0.3412289917469024,0.4281694591045379,2651004,648,0.6367658604266057,1.3008776288479569,0.3389350175857544,0.4346824288368225,2651002,648,0.6675640022886093,1.3017703080549836,0.3417380452156067,0.4284709692001343,2651001,648,0.758249256523015,1.2830355633050203,0.3363162577152252,0.4314786791801452,2651000,648,0.5980815716130609,1.29859918076545,6.444003683514893,0.0314334835857152,6.475437167100608,4.187128039076924,10.662565206177533,0.024394298903644
18,0.575394855466022,0.6625938520337901,0.7901256573549674,0.5157897195256667,0.7901256573549674,0.5429940308169018,0.7473730485079092,0.6182284328386204,0.0018697413524462,0.0457142857142857,0.9999079623508088,0.6225893517303288,0.7673751379028201,2495335,1553712,0.5781852374236013,0.994018752020692,0.7311099221211581,6186,10635,0.6559719308399045,0.9998897281799636,0.7922154511499901,18137,27646,0.3397408953317498,0.999976023784406,0.5071709475087128,208540,613806,0.9983062652356982,0.8686914600550965,0.9289996612017029,72600,63174,0.0374613573005049,1.0,0.0722173544814819,19740,526943,0.0009543881973992,0.0457142857142857,0.0018697413524462,525,25147,0.3392668664455414,0.431835263967514,2651004,648,0.8279217850815757,1.36519811488688,0.3398580849170685,0.4312449097633362,2651004,648,0.4858628666516968,1.3908508028835058,0.3359065055847168,0.4345545470714569,2651002,648,0.5951900669672465,1.3809484420344234,0.3404832482337951,0.4311186671257019,2651001,648,0.5200869055429814,1.2681080754846334,0.3355287909507751,0.4345428049564361,2651000,648,0.606244082003751,1.290111747570336,6.695217182859778,0.0806034430861473,6.775820625945926,4.175673727877438,10.951494353823364,0.0177650060504674
19,0.5705311600285266,0.6346628912576572,0.7856159239911377,0.5156983247191441,0.7856159239911377,0.5386805081614134,0.7256911048789473,0.6176538493520625,0.0015715548570867,0.0457142857142857,0.9999206719963332,0.5910116276972831,0.7429162687042343,2495335,1474889,0.5809163911195088,0.994018752020692,0.7332896070598056,6186,10585,0.6572795476785909,0.9998897281799636,0.793168299510147,18137,27591,0.3397590989590716,0.9999856142706436,0.5071924642383309,208540,613779,0.9983694791831564,0.8686914600550965,0.9290270310083228,72600,63170,0.0328435638095206,1.0,0.0635983317519665,19740,601031,0.0007995202878273,0.0457142857142857,0.0015715548570867,525,30018,0.3398005068302154,0.4316734373569488,2651004,648,0.6777332456026919,1.3339930307120085,0.3408913314342499,0.4270785748958587,2651004,648,0.5720248161199352,1.3991518868133426,0.3358418643474579,0.4357518255710602,2651002,648,0.6469003710761462,1.3255406776443124,0.3394385278224945,0.4298225343227386,2651001,648,0.6371359694161802,1.3900583740323782,0.3341211676597595,0.432056188583374,2651000,648,0.4923434942216672,1.2682368867099283,6.71698085591197,0.048057010397315,6.765037866309285,4.172586120665073,10.93762398697436,0.0254890583455562
20,0.5573714323748191,0.6075784199076731,0.8112759837402133,0.4810476975835286,0.8112759837402133,0.4897316365899219,0.72242060168505,0.6287679833406337,0.0053774475596239,0.1903855375467536,0.9999087336183228,0.6278511702837495,0.7713592982285115,2495335,1566842,0.581520711178362,0.994018752020692,0.7337708830548926,6186,10574,0.6570414115430601,0.9998897281799636,0.7929948839039748,18137,27601,0.0893370655554005,0.1903855375467536,0.1216096594267931,208540,444418,0.9984327011366876,0.8686914600550965,0.9290544024277064,72600,63166,0.0383972736768599,1.0,0.0739548815279513,19740,514099,0.0026959863760077,0.998095238095238,0.0053774475596239,525,194363,0.3383001685142517,0.4296243786811828,2651004,648,0.6204688278564797,1.3603666592389343,0.3399137556552887,0.4305806457996368,2651004,648,0.4683245829488454,1.313450237736106,0.3345079123973846,0.4346767663955688,2651002,648,0.5998045451960772,1.3160960460081697,0.3387735188007355,0.4295901656150818,2651001,648,0.620949858497095,1.2978815007954836,0.3338051438331604,0.4278596639633178,2651000,648,0.580246241327671,1.278919447213411,6.566713890992105,0.1221131086349487,6.688826999627054,4.151590097695589,10.840417097322645,0.0295081157237291
21,0.5567185030684156,0.6619455148644323,0.7900222032510938,0.5165474132387946,0.7900222032510938,0.5434976926340485,0.7469010511758359,0.6286075026918244,0.0015761993892227,0.0457142857142857,0.9999091424009218,0.6218555825169767,0.7668178653266172,2495335,1551879,0.5817407757805109,0.994018752020692,0.7339460491764144,6186,10570,0.6573748504730489,0.9998897281799636,0.7932376869915143,18137,27587,0.3397718311511415,0.9999856142706436,0.5072066506464825,208540,613756,0.998574979812214,0.8686914600550965,0.9291159940187246,72600,63157,0.0376583884346396,1.0,0.0725834028893636,19740,524186,0.0008019246190858,0.0457142857142857,0.0015761993892227,525,29928,0.3378094732761383,0.4301751255989074,2651004,648,0.4981635600964817,1.29083919711411,0.339522510766983,0.4320864677429199,2651004,648,0.5742455627464614,1.3910301234573126,0.335677295923233,0.4343384206295013,2651002,648,0.5874442229677596,1.3586425399407744,0.3389905095100403,0.4312774538993835,2651001,648,0.6031458682210983,1.3365910090506077,0.3346044719219208,0.4311256110668182,2651000,648,0.5342801659238798,1.2295428775250912,6.606645747087896,0.0923408828675746,6.698986629955471,4.373115973547101,11.072102603502572,0.0232126927003264
22,0.5607795298751379,0.6613595655254775,0.7898814967779844,0.51649262291791,0.7898814967779844,0.5433601686610191,0.7464523104703744,0.62854694579518,0.0015708862416546,0.0457142857142857,0.9999096906453055,0.621193947906794,0.7663147913689125,2495335,1550227,0.58166161998486,0.9936954413191076,0.7337949146472484,6186,10568,0.6573271956214434,0.9998897281799636,0.7932029917333683,18137,27589,0.3397696167883212,0.9999856142706436,0.5072041833880578,208540,613760,0.9984327011366876,0.8686914600550965,0.9290544024277064,72600,63166,0.0375483620620784,1.0,0.0723790108201854,19740,525722,0.0007991741866737,0.0457142857142857,0.0015708862416546,525,30031,0.3373242616653442,0.4295840263366699,2651004,648,0.5977357985968559,1.3069378528743982,0.3384769558906555,0.4292671680450439,2651004,648,0.568089259987861,1.2543558375909925,0.3367093503475189,0.4345552921295166,2651002,648,0.6465400945682077,1.2477579936385157,0.3377112448215484,0.4270552694797516,2651001,648,0.7417865375930462,1.2634160099551082,0.3335973024368286,0.4317585825920105,2651000,648,0.5094921908345332,1.3108163606375456,6.38328405469656,0.0179266445338726,6.4012106992304325,4.255234502255917,10.656445201486347,0.0142769776284694
23,0.5569580519291588,0.6633503044774257,0.7900647927781141,0.5317742217043091,0.7900647927781141,0.5549570043522446,0.7481451229541576,0.7136346637246078,0.0018754395561459,0.0457142857142857,0.999917729170858,0.6234469520124553,0.7680291036766644,2495335,1555837,0.6881443298969072,0.992725509214355,0.8128391793514229,6186,8924,0.6575655389970629,0.9998897281799636,0.7933764983813107,18137,27579,0.3397856715727249,0.9999856142706436,0.5072220715554847,208540,613731,0.998574979812214,0.8686914600550965,0.9291159940187246,72600,63157,0.0374739447876286,1.0,0.0722407439259587,19740,526766,0.0009573576927679,0.0457142857142857,0.0018754395561459,525,25069,0.3363829851150512,0.4277598261833191,2651004,648,0.4450737041106957,1.2872318495064974,0.3422842919826507,0.4334388077259063,2651004,648,0.8802994708474721,1.2780603878200054,0.3336578011512756,0.4326707422733307,2651002,648,0.6086740778266976,1.2109285332262516,0.3367726802825928,0.4308274388313293,2651001,648,0.6750681494108612,1.3135247882455587,0.332072377204895,0.4303134679794311,2651000,648,0.5447389480846978,1.317169594578445,6.406915153376758,0.0788240553811192,6.485739208757877,4.200433968566358,10.686173177324235,0.0242445701733231
24,0.5609278516779879,0.6595815123589938,0.789640405101461,0.5164183989003778,0.789640405101461,0.5430431604750637,0.7450915450954826,0.6293023330190257,0.0015700127563536,0.0457142857142857,0.9999074560642812,0.6191829954695461,0.7647820950975203,2495335,1545212,0.5817407757805109,0.994018752020692,0.7339460491764144,6186,10570,0.6570652173913043,0.9998897281799636,0.7930122220521678,18137,27600,0.3397729383433753,0.9999856142706436,0.5072078842846962,208540,613754,0.9984485078761972,0.8686914600550965,0.9290612455345634,72600,63165,0.0371951748022475,1.0,0.0717226144237302,19740,530714,0.0007987220447284,0.0457142857142857,0.0015700127563536,525,30048,0.3370060324668884,0.4293935298919678,2651004,648,0.4996342717244575,1.2676808163523674,0.3375782966613769,0.4253690242767334,2651004,648,0.5599409595544138,1.320833541452885,0.3336852788925171,0.4332256317138672,2651002,648,0.5204548093064827,1.3023652164265511,0.3355653882026672,0.429634690284729,2651001,648,0.6691494761546591,1.2971340520307422,0.3335201442241668,0.4355956315994262,2651000,648,0.6028233035257755,1.2640343690291047,6.45204799529165,0.1095031090080738,6.561551104299724,4.124433791264892,10.685984895564616,0.0142616480588912
25,0.5547619160615694,0.663219148243056,0.7900436103946438,0.5165579658276886,0.7900436103946438,0.5436296883527506,0.7478691550677512,0.7102806760603734,0.001851708973073,0.0457142857142857,0.9999093527399904,0.6232986753281623,0.767914111110974,2495335,1555480,0.5816993464052288,0.992725509214355,0.733560293854148,6186,10557,0.6575178564954135,0.9998897281799636,0.7933417909794829,18137,27581,0.339780135268786,0.9999856142706436,0.5072159030793609,208540,613741,0.9984643151162056,0.8686914600550965,0.9290680887422292,72600,63164,0.0375897612650268,1.0,0.072455921729986,19740,525143,0.0009449935031696,0.0457142857142857,0.001851708973073,525,25397,0.334971934556961,0.4262777268886566,2651004,648,0.4743214408240338,1.3084308924153447,0.3376319408416748,0.427101194858551,2651004,648,0.81623433559764,1.3208443420007825,0.3359731435775757,0.4349038600921631,2651002,648,1.3342349039733654,1.3210017308592796,0.3374581038951874,0.4277357757091522,2651001,648,0.5619176684741375,1.299115129746497,0.3325544893741607,0.4295364022254944,2651000,648,0.8111527524254964,1.3026895970106125,6.552081692032516,0.0762300668284297,6.628311758860946,4.112897730432451,10.741209489293396,0.0287402467802166
26,0.5481782881248426,0.6662485027806894,0.7905328662031252,0.5166112697268039,0.7905328662031252,0.5441372961289705,0.7501706866772033,0.6427660519149325,0.0018794784447315,0.0457142857142857,0.9999072907808674,0.6267234659875327,0.7705072098714947,2495335,1564030,0.5816993464052288,0.992725509214355,0.733560293854148,6186,10557,0.6572557262974775,0.9998897281799636,0.7931509545365085,18137,27592,0.3397945300342993,0.9999856142706436,0.5072319414293619,208540,613715,0.9984801228567356,0.8686914600550965,0.929074932050706,72600,63163,0.0381824090121317,1.0,0.0735562627158432,19740,516992,0.0009594627008875,0.0457142857142857,0.0018794784447315,525,25014,0.3373635113239288,0.4310913980007171,2651004,648,0.5194834092998792,1.4044453715905547,0.3364282548427582,0.4233056604862213,2651004,648,0.6085725169018921,1.4058719808235765,0.3339931964874267,0.4351109564304352,2651002,648,0.5400391849428007,1.387188927270472,0.3375874757766723,0.4287436902523041,2651001,648,0.6182727318014688,1.2868332406505942,0.332237035036087,0.4356586039066314,2651000,648,0.5809315833547251,1.3023754581809044,6.786714978516102,0.0319497138261795,6.818664692342281,4.243101961910725,11.061766654253006,0.0455167116597294
27,0.545567618175623,0.6682186821067094,0.7908510599526618,0.5318581709872106,0.7908510599526618,0.5557780970771755,0.7518344802194722,0.7143090308675799,0.0018853843434541,0.0457142857142857,0.9999076190694628,0.6289508222342892,0.7721883046739139,2495335,1569588,0.68837574262975,0.992725509214355,0.8130005957503145,6186,8921,0.6570176074197522,0.9998897281799636,0.7929775465139159,18137,27602,0.3397945300342993,0.9999856142706436,0.5072319414293619,208540,613715,0.9984801228567356,0.8686914600550965,0.929074932050706,72600,63163,0.0384690337919476,1.0,0.0740879747785617,19740,513140,0.0009625411085265,0.0457142857142857,0.0018853843434541,525,24934,0.3342812061309814,0.425321877002716,2651004,648,0.4986788414084073,1.2966150417923927,0.3377133309841156,0.4295232892036438,2651004,648,0.6412367382285105,1.3021138478070498,0.3326852321624756,0.432965338230133,2651002,648,0.6544412607953991,1.3018023166805506,0.3369491696357727,0.4356169402599334,2651001,648,0.6160349356970143,1.300918779335916,0.3309480249881744,0.4326529502868652,2651000,648,0.4752017887014114,1.3019246282055974,6.5033746138215065,0.0163968466222286,6.519771460443735,4.204466633498669,10.724238093942404,0.0233953911811113
28,0.5493234548163862,0.6669656083540141,0.7906486823159918,0.5322795271505371,0.7906486823159918,0.5558716407271475,0.75089219085193,0.782506074604795,0.0018885741265344,0.0457142857142857,0.9999074105410226,0.627534178777599,0.7711196270831548,2495335,1566053,0.6910871033085753,0.992725509214355,0.8148885350318471,6186,8886,0.6574225122349103,0.9998897281799636,0.7932723852849831,18137,27585,0.3397851179342123,0.9999856142706436,0.5072214547011208,208540,613732,0.998590791057065,0.8686914600550965,0.9291228380329416,72600,63156,0.0381995510488427,1.0,0.0735880708294501,19740,516760,0.000964203929131,0.0457142857142857,0.0018885741265344,525,24891,0.334489107131958,0.4295429289340973,2651004,648,0.5403028301228449,1.3226411007344725,0.3365126252174377,0.4260197281837463,2651004,648,0.5292957418507063,1.3104012412950397,0.3317938446998596,0.4354749619960785,2651002,648,0.6091692260707392,1.3409745562821629,0.3349493443965912,0.4322186112403869,2651001,648,0.5689387632234326,1.4427294600754976,0.3319868147373199,0.4317344427108764,2651000,648,0.6067699553579861,1.339744976721704,6.756491335108876,0.0808609127998352,6.837352247908711,4.405031486414373,11.242383734323084,0.0238984078168869
29,0.5393214402753476,0.6671804209973333,0.7907045286418534,0.532261852677816,0.7907045286418534,0.5559206211911721,0.7510894037853377,0.6350618475164823,0.0018829436686019,0.0457142857142857,0.9999093612007216,0.6277778334371938,0.7713041356792096,2495335,1566658,0.6909663629204635,0.9928871645651473,0.8148590381426203,6186,8889,0.6570890249646726,0.9998897281799636,0.7930295609585447,18137,27599,0.3402359237082116,0.9999712285412872,0.5077217116075233,208540,612910,0.9984801228567356,0.8686914600550965,0.929074932050706,72600,63163,0.0381909042189921,1.0,0.073572026230999,19740,516877,0.0009612688749148,0.0457142857142857,0.0018829436686019,525,24967,0.335152804851532,0.428028404712677,2651004,648,0.5149498772426285,1.284470601938665,0.3375743329524994,0.4280578196048736,2651004,648,0.9391149124718144,1.2461599539965391,0.3333091139793396,0.4357635378837585,2651002,648,0.6481532971704814,1.3584042713046074,0.336596667766571,0.4290021061897278,2651001,648,0.6524386415450112,1.2951499838382006,0.3312602341175079,0.4335016906261444,2651000,648,0.5558101112451482,1.343918382190168,6.52810319326818,0.0097679318860173,6.537871125154197,4.196956100873649,10.734827226027846,0.0163636663928627
30,0.5395992031555367,0.7913836025639981,0.8107377842428214,0.6230882209443017,0.8107377842428214,0.6378415239162545,0.8729477697833439,0.7091481762050397,0.00158457678595,0.0457142857142857,0.999938446290476,0.7681962542103565,0.8688805990445022,2495335,1917025,0.6911648846370287,0.992725509214355,0.8149426050029859,6186,8885,0.6575655389970629,0.9998897281799636,0.7933764983813107,18137,27579,0.9785086505027945,0.9999472523256928,0.9891117967788374,208540,213109,0.9984801228567356,0.8686914600550965,0.929074932050706,72600,63163,0.0351536413580631,1.0,0.0679196593694894,19740,561535,0.000806261967951,0.0457142857142857,0.00158457678595,525,29767,0.3336203396320343,0.426178514957428,2651004,648,0.4668609404842712,1.3389054667204618,0.3363843262195587,0.4256194829940796,2651004,648,0.5519207768602519,1.339434566907585,0.331177145242691,0.4304659068584442,2651002,648,0.6680621469116825,1.280062305741012,0.3326483070850372,0.4308251738548279,2651001,648,0.6741993695163915,1.2871581492945552,0.330752968788147,0.4359747171401977,2651000,648,0.5302335417213176,1.2806854555383325,6.526245944201946,0.0524284867569804,6.578674430958927,3.995258619077504,10.57393305003643,0.0170409763231873
31,0.5367565819098409,0.6666285013840527,0.7905718292786938,0.5325333370298436,0.7905718292786938,0.5560074658297977,0.750675379373716,0.8272676546357832,0.001895285477375,0.0457142857142857,0.9999079931582692,0.6271530676241868,0.7708319993222402,2495335,1565101,0.6927676858851405,0.9925638538635628,0.8160010631935677,6186,8863,0.6572795476785909,0.9998897281799636,0.793168299510147,18137,27591,0.3402546631684745,0.9999904095137624,0.5077450488661209,208540,612888,0.998495931097812,0.8686914600550965,0.9290817754599962,72600,63162,0.0380598353054137,1.0,0.0733287889791362,19740,518657,0.000967702915205,0.0457142857142857,0.001895285477375,525,24801,0.3329966068267822,0.4263222515583038,2651004,648,0.5383663706969524,1.3575442004948854,0.3351419866085052,0.4260302782058716,2651004,648,0.4886655714799036,1.2732297908514738,0.3304040431976318,0.4320460557937622,2651002,648,0.6309835356804835,1.2712179338559508,0.3342590630054474,0.4300062358379364,2651001,648,0.6370831839651253,1.2991724004969,0.3301730453968048,0.4324632287025451,2651000,648,0.4214346422687479,1.268283465877175,6.4694477915763855,0.0919426344335079,6.561390426009893,4.189842566847801,10.751232992857696,0.0185826746746897
32,0.5449711261092703,0.6669535561595045,0.7906467358267,0.5323438681267721,0.7906467358267,0.5559167597778724,0.7508836507849259,0.8091342165277251,0.0018949113734159,0.0457142857142857,0.9999074085308032,0.6275205533525559,0.7711093393976491,2495335,1566019,0.691554054054054,0.992725509214355,0.8152130625248905,6186,8880,0.6574701809085306,0.9998897281799636,0.7933070866141733,18137,27583,0.3397906544005266,0.9999856142706436,0.5072276233122776,208540,613722,0.9985275490816972,0.8686914600550965,0.9290954625810254,72600,63160,0.0381897220507919,1.0,0.073569832641675,19740,516893,0.0009675078610013,0.0457142857142857,0.0018949113734159,525,24806,0.3338711857795715,0.4278220534324646,2651004,648,0.4772293384182558,1.297656890936196,0.3361343443393707,0.4292086958885193,2651004,648,0.5491335196826928,1.2679420560598371,0.3298466801643371,0.4369751513004303,2651002,648,0.487465446244632,1.300434579141438,0.3325587809085846,0.430422693490982,2651001,648,0.5920373325626608,1.2993574002757668,0.3302301168441772,0.426205962896347,2651000,648,0.6909525889983391,1.3080029236152768,6.473393850028515,0.0939032519236207,6.567297101952136,4.203098766505718,10.770395868457854,0.0204130010679364
33,0.5340969419414182,0.8064102077833781,0.8131741266665218,0.6255320351490337,0.8131741266665218,0.6415094618485995,0.8825234156421975,0.799670738194654,0.0019002375296912,0.0457142857142857,0.9999285505405406,0.7851799457788233,0.8796371164160959,2495335,1959427,0.7056998391174443,0.992725509214355,0.8249596990865127,6186,8702,0.6573271956214434,0.9998897281799636,0.7932029917333683,18137,27589,0.9786565048853516,0.9999904095137624,0.9892084453994772,208540,213086,0.9984959787220568,0.8687190082644628,0.9290975516337172,72600,63164,0.0376458921351743,1.0,0.0725601911413343,19740,524360,0.0009702850212249,0.0457142857142857,0.0019002375296912,525,24735,0.3340370655059814,0.4321045875549316,2651004,648,0.6923284916223007,1.2924560261890292,0.3341248035430908,0.4310585558414459,2651004,648,0.4953877877679205,1.2621388118714094,0.3313195407390594,0.4327148795127868,2651002,648,0.5802604052946146,1.3008759887889028,0.3326097428798675,0.4325196444988251,2651001,648,0.5467841928737467,1.2969005210325122,0.329792708158493,0.4326401352882385,2651000,648,0.48884522340701,1.2877270691096785,6.440098416991532,0.0310850944370031,6.471183511428535,4.057503847405314,10.52868735883385,0.0169412046670913
34,0.534179672041037,0.8077529640422777,0.8132758066142273,0.6226865302199884,0.8132758066142273,0.639869620190307,0.8831144789156985,0.7903617167609827,0.0018879798615481,0.0457142857142857,0.9999281792523612,0.7866999821667231,0.880590038568541,2495335,1963221,0.6912245127858511,0.9919172324603944,0.8147115448449844,6186,8877,0.6577086280056577,0.9998897281799636,0.7934806388098884,18137,27573,0.972409130120538,0.9999904095137624,0.986006926795825,208540,214455,0.9985275957062792,0.8687190082644628,0.9291112387855216,72600,63162,0.0380437715369375,1.0,0.0732989736658398,19740,518876,0.0009638941322944,0.0457142857142857,0.0018879798615481,525,24899,0.3334903419017792,0.4280566871166229,2651004,648,0.4638728944527766,1.2765131490305066,0.3348240554332733,0.4261592924594879,2651004,648,0.5315887807608262,1.2952401023358109,0.3317451179027557,0.4363923370838165,2651002,648,0.9030449236920066,1.327895985916257,0.3330205380916595,0.4263480007648468,2651001,648,0.453068429284324,1.2739800801500678,0.3295312523841858,0.4314043819904327,2651000,648,0.482290137414203,1.3426233334466815,6.516252650879324,0.074217758141458,6.5904704090207815,3.974779915995896,10.565250325016676,0.0188931953161954
35,0.5286002554485456,0.7985915238333919,0.8113778403985467,0.6234167878581613,0.8113778403985467,0.635501855658011,0.8780703270946572,0.8019940324816056,0.0026745834336302,0.0952380952380952,0.9999410085788916,0.7811860932500045,0.8771300028730389,2495335,1949436,0.6920996280852023,0.992725509214355,0.815592004781194,6186,8873,0.6575893828413953,0.9998897281799636,0.7933938532210434,18137,27578,0.9774669194671284,0.9418864486429462,0.9593468933231416,208540,200949,0.9985117869638872,0.8687190082644628,0.9291043951592112,72600,63163,0.0369524522650692,1.0,0.0712712568148174,19740,534200,0.0013563368055555,0.0952380952380952,0.0026745834336302,525,36864,0.3325158059597015,0.4257722795009613,2651004,648,0.5294033921885933,1.292749835178256,0.3346642553806305,0.4300223588943481,2651004,648,0.5415961274748903,1.3174199741333723,0.3302905559539795,0.4344187676906585,2651002,648,0.5378112263179723,1.2182319173589349,0.3319580852985382,0.4320888519287109,2651001,648,0.4972102023648926,1.329079165123403,0.3287928998470306,0.4317506551742553,2651000,648,0.4625738126476723,1.256616884842515,6.414097776636481,0.0126056997105479,6.426703476347029,4.041103330440819,10.467806806787848,0.0226240018382668
36,0.5274728306107358,0.7815415678416257,0.8241471418912498,0.622392544206196,0.8241471418912498,0.611029984455359,0.8675175592464672,0.7989422193664388,0.0050221384060347,0.4666666666666667,0.9999316653560694,0.7857878801844241,0.8800196935869953,2495335,1960938,0.6911648846370287,0.992725509214355,0.8149426050029859,6186,8885,0.6576370757180157,0.9998897281799636,0.7934285651783957,18137,27576,0.9691957414513396,0.6552412007288769,0.7818795114540508,208540,140987,0.9985117869638872,0.8687190082644628,0.9291043951592112,72600,63163,0.0377820012976796,1.0,0.0728129823998406,19740,522471,0.0025246540193522,0.4666666666666667,0.0050221384060347,525,97043,0.3321538269519806,0.4264659583568573,2651004,648,0.4620308312599464,1.3247665595263245,0.3338643312454223,0.4255772531032562,2651004,648,0.4914387206564147,1.3292136145755649,0.3306744992733001,0.4356978833675384,2651002,648,0.5880045649699147,1.316911594942212,0.3337604403495788,0.428883284330368,2651001,648,0.8155814266646477,1.3225079411640763,0.3289575278759002,0.4346465468406677,2651000,648,0.4646719792500693,1.33322680182755,6.626626512035728,0.0529301473870873,6.679556659422815,3.982701689004898,10.662258348427711,0.0161600252613425
37,0.5250017830724009,0.7957539409789856,0.8114440117554118,0.6232424528303541,0.8114440117554118,0.6385010044691727,0.8757503117913554,0.720497083914819,0.0018973081939997,0.0457142857142857,0.9999403942170988,0.7731338677973097,0.872030913887971,2495335,1929343,0.6911648846370287,0.992725509214355,0.8149426050029859,6186,8885,0.6577916424840394,0.9998345922699454,0.7935236844984137,18137,27568,0.978688455347128,0.9999808190275248,0.9892200741431204,208540,213077,0.9985275957062792,0.8687190082644628,0.9291112387855216,72600,63162,0.0356154398524864,1.0,0.0687812067721962,19740,554254,0.0009687575684185,0.0457142857142857,0.0018973081939997,525,24774,0.332168310880661,0.4296123087406158,2651004,648,0.451612241110764,1.3439428433775902,0.3330520391464233,0.4274135231971741,2651004,648,0.5263368758407281,1.2681895354762671,0.3304058611392975,0.436676025390625,2651002,648,0.6057887304692563,1.3020119778811932,0.3330292403697967,0.4301239252090454,2651001,648,0.7670412828286034,1.3176362235099075,0.3295219540596008,0.4391542673110962,2651000,648,0.5918026468850037,1.2856397507712245,6.517420331016183,0.0513420272618532,6.568762358278036,3.992212080396712,10.560974438674748,0.0216756127774715
38,0.5351950733747152,0.8107298560861632,0.8138717713286041,0.6258625056373958,0.8138717713286041,0.6423300756553375,0.8852436067164055,0.8371371726569132,0.0019021954505825,0.0457142857142857,0.9999279778252852,0.7900634584133994,0.8826931127503106,2495335,1971615,0.7056998391174443,0.992725509214355,0.8249596990865127,6186,8702,0.6587598532456682,0.9998897281799636,0.7942451714623571,18137,27529,0.9786151716370632,0.9999904095137624,0.989187330273815,208540,213095,0.9985275957062792,0.8687190082644628,0.9291112387855216,72600,63162,0.038535795928168,1.0,0.0742117817782631,19740,512251,0.0009713060018616,0.0457142857142857,0.0019021954505825,525,24709,0.3314414918422699,0.4277971684932709,2651004,648,0.4429613216536707,1.3320447616279123,0.3338182270526886,0.4323407113552093,2651004,648,0.556036811982788,1.3866036674007771,0.3289714455604553,0.434127926826477,2651002,648,0.5574993337401187,1.3508873274549842,0.3317222595214844,0.4308074414730072,2651001,648,0.5849421751694337,1.3007398787885904,0.330473780632019,0.4306827485561371,2651000,648,0.7492208106164395,1.3548547634854913,6.725130398757756,0.0417160354554653,6.766846434213221,3.9748939955607057,10.741740429773929,0.0246534207835793
39,0.5307999653217083,0.8088979225206953,0.813575904956239,0.6256744142484794,0.813575904956239,0.6419444045425927,0.8840926803743011,0.8051993262652769,0.0018999366687777,0.0457142857142857,0.9999323650173564,0.7879923938068436,0.881400734640691,2495335,1966438,0.7057809447189978,0.992725509214355,0.8250151138577282,6186,8701,0.6576847755131646,0.9998897281799636,0.7934632801732625,18137,27574,0.9786702834106896,0.9999904095137624,0.9892154839750203,208540,213083,0.9985275957062792,0.8687190082644628,0.9291112387855216,72600,63162,0.0381548072351101,1.0,0.0735050436971473,19740,517366,0.0009701281377581,0.0457142857142857,0.0018999366687777,525,24739,0.3310580253601074,0.4256930649280548,2651004,648,0.4508872109156569,1.367644882760942,0.3336372673511505,0.4227100312709808,2651004,648,0.6763873858734399,1.2861430114135146,0.3280884325504303,0.4339619576931,2651002,648,0.5903645406705689,1.303963815793395,0.3327297568321228,0.4317214488983154,2651001,648,0.5339324234952653,1.3203396033495665,0.3291613757610321,0.4356231689453125,2651000,648,0.5994809504175901,1.3600699491798878,6.638161262497306,0.0405454467982053,6.678706709295511,4.028938169591129,10.70764487888664,0.0239154295995831
40,0.5140738820104009,0.8096164459992563,0.8136906944977534,0.6235861863474375,0.8136906944977534,0.6406074369443759,0.8845164513349333,0.80544920344183,0.0018943878759175,0.0457142857142857,0.9999283709470528,0.7888055110836821,0.8819076080747165,2495335,1968475,0.6912426834759118,0.992725509214355,0.8149966821499668,6186,8884,0.6575416968817984,0.9998897281799636,0.7933591443008071,18137,27580,0.9785690487698436,0.9999808190275248,0.9891590753315008,208540,213103,0.9985275957062792,0.8687190082644628,0.9291112387855216,72600,63162,0.0383266737339965,1.0,0.0738239220922013,19740,515046,0.0009672349171805,0.0457142857142857,0.0018943878759175,525,24813,0.3322116136550903,0.4302769899368286,2651004,648,0.5157242479861399,1.4127095257863402,0.3361874222755432,0.4263799488544464,2651004,648,0.8516355561658995,1.305103954859078,0.3301228880882263,0.4349585473537445,2651002,648,0.6362281819036786,1.3014785470440984,0.3343022763729095,0.4289787113666534,2651001,648,1.0759726673321184,1.3309273840859532,0.3292881846427917,0.4360294044017792,2651000,648,0.6997488678845177,1.2900785971432924,6.640298008918762,0.0858282474800944,6.726126256398857,3.9369289465248585,10.663055202923715,0.0203000837936997
41,0.5173587681537853,0.8099436276325627,0.8137369722182627,0.6258738775432925,0.8137369722182627,0.6422285592226025,0.8847540514146149,0.8348638677191368,0.0019003879958824927,0.045714285714285714,0.9999284044811686,0.7891750005510282,0.8821385023781942,2495335,1969397,0.7055376838235294,0.992725509214355,0.8248488918737408,6186,8704,0.659106604150765,0.9998345922699454,0.7944797371303396,18137,27513,0.9786610976840228,0.9999904095137624,0.9892107915801956,208540,213085,0.9985434049492566,0.8687190082644628,0.9291180825126509,72600,63161,0.038369584232316754,1.0,0.07390352108721289,19740,514470,0.0009703634819876279,0.045714285714285714,0.0019003879958824927,525,24733,0.33151671290397644,0.42729997634887695,2651004,648,0.45911260599203524,1.5659090224653482,0.3336998522281647,0.4324561357498169,2651004,648,0.5219388023902831,1.3999937027692795,0.3318151831626892,0.4326699674129486,2651002,648,1.1437932321193762,1.3587667234241962,0.33251962065696716,0.42910242080688477,2651001,648,0.70094289666933,1.3223455483093858,0.32763931155204773,0.43404337763786316,2651000,648,0.4761160511809159,1.3175089620053768,6.964523958973587,0.08050037268549204,7.045024331659079,5.685249580070376,12.730273911729455,2.6384781897068024
42,0.5179907705773579,0.8024726849418109,0.8125381971649289,0.623516925026566,0.8125381971649289,0.6396180283525651,0.8800290189716821,0.8054637090509261,0.001591142639307853,0.045714285714285714,0.9999409740008438,0.7807284392676734,0.8768414284810906,2495335,1948294,0.691554054054054,0.992725509214355,0.8152130625248905,6186,8880,0.6578040552794806,0.9998897281799636,0.7935500809521726,18137,27569,0.9787208079897874,0.9999904095137624,0.9892412929423261,208540,213072,0.9985750249370636,0.8687190082644628,0.9291317702693744,72600,63159,0.03721389695860284,1.0,0.07175742065879419,19740,530447,0.000809661966129141,0.045714285714285714,0.001591142639307853,525,29642,0.33136922121047974,0.43117964267730713,2651004,648,0.4570568130549632,1.4681511987000704,0.33441585302352905,0.42909741401672363,2651004,648,0.6273517951911161,1.4282335853204131,0.32810288667678833,0.4361448884010315,2651002,648,0.7612987580049724,1.4815719136968255,0.33168816566467285,0.4286324381828308,2651001,648,0.5700454818619595,1.476414098404348,0.3288004696369171,0.4376499354839325,2651000,648,0.5959603970599534,1.3496964909136295,7.204067287035286,0.0585201233625412,7.262587410397828,5.56937432102859,12.831961731426418,0.020898601040244102
43,0.5171600213340641,0.8234310967177975,0.8159230847938159,0.6262813437935808,0.8159230847938159,0.6443634076099835,0.893149077686013,0.8094054864694644,0.0019021200713295026,0.045714285714285714,0.9999292633525385,0.804422652669882,0.8915841121298149,2495335,2007446,0.7054566341183228,0.992725509214355,0.8247934994291855,6186,8705,0.6588555858310626,0.9998897281799636,0.7943147474924445,18137,27525,0.9786702834106897,0.9999904095137624,0.9892154839750203,208540,213083,0.9986540836684928,0.8687190082644628,0.929165991425667,72600,63154,0.041432289480312315,1.0,0.07956789874642267,19740,476440,0.000971266693646297,0.045714285714285714,0.0019021200713295026,525,24710,0.3309015929698944,0.4250076413154602,2651004,648,0.44277537832499436,1.3161564134061337,0.3323473632335663,0.4259740710258484,2651004,648,0.44879667217392044,1.4526173518970609,0.32919952273368835,0.4349842071533203,2651002,648,0.5840107308216697,1.4542872505262494,0.3310365080833435,0.43028008937835693,2651001,648,0.5604868704715639,1.3539085369557142,0.3274126350879669,0.4357295334339142,2651000,648,0.4459092663099561,1.4536184510216117,7.03058800380677,0.05882091447710991,7.08940891828388,5.497815030626953,12.587223948910832,0.02360272780060768
44,0.5133040563509007,0.8011203578225655,0.813783160100824,0.6256736894670546,0.813783160100824,0.6369533027223907,0.8797505153860278,0.808464528416431,0.0031241197408517067,0.11619047619047619,0.9999336111451567,0.7846762058000228,0.8793228688928583,2495335,1958160,0.7057809447189978,0.992725509214355,0.8250151138577282,6186,8701,0.6588795233250981,0.9998897281799636,0.7943321434046561,18137,27524,0.9774102278541974,0.9342811930564879,0.9553592005452611,208540,199338,0.9985750249370636,0.8687190082644628,0.9291317702693744,72600,63159,0.037553147977285484,1.0,0.0723879023460061,19740,525655,0.0015833463115817888,0.11619047619047619,0.0031241197408517067,525,38526,0.3309081494808197,0.4294218420982361,2651004,648,0.5170393421350635,1.378457204438746,0.3332500457763672,0.42728567123413086,2651004,648,0.6719253200300713,1.3595812022686005,0.3285033404827118,0.43690499663352966,2651002,648,0.6133258699514641,1.4338677199557424,0.33152660727500916,0.4339417517185211,2651001,648,0.5633073739529426,1.4901829464361072,0.32818102836608887,0.43635645508766174,2651000,648,0.4802789221043613,1.494287951849401,7.156377024948597,0.09728081617504358,7.2536578411236405,4.161634615622461,11.415292456746101,0.022052736952900887
45,0.5220547766279032,0.8086377369098102,0.8135338836874084,0.6237875861623735,0.8135338836874084,0.6406113692731452,0.8839095392235877,0.8088845561440066,0.0018977582730399715,0.045714285714285714,0.9999389527652108,0.7876982449250302,0.8812192531493876,2495335,1965691,0.692489851150203,0.992725509214355,0.8158628935831008,6186,8868,0.6578040552794806,0.9998897281799636,0.7935500809521726,18137,27569,0.9785738418800211,0.9999904095137624,0.9891662160495583,208540,213104,0.9986224586737602,0.8687190082644628,0.9291523026606558,72600,63156,0.038114951139876466,1.0,0.07343108024410068,19740,517907,0.0009689922480620155,0.045714285714285714,0.0018977582730399715,525,24768,0.3311830461025238,0.4308148920536041,2651004,648,0.4273355418984795,1.4340258510783315,0.33525335788726807,0.4295583665370941,2651004,648,0.7128728183900938,1.4117527715861797,0.32891106605529785,0.43875786662101746,2651002,648,0.714336419617484,1.4176956564188004,0.3308520019054413,0.43109261989593506,2651001,648,0.5571309684310715,1.3629412492737174,0.3276543915271759,0.43331873416900635,2651000,648,0.44734248951654565,1.4928211942315102,7.119236722588539,0.06640156544744968,7.185638288035989,5.500994146801531,12.68663243483752,0.01676142029464245
46,0.5147028235581461,0.7978255005294104,0.8178267854559313,0.625426135876215,0.8178267854559313,0.6305131210233688,0.8781239759090095,0.8072958596680554,0.0041863629227790475,0.22857142857142856,0.9999298457164963,0.7882528798738446,0.8815626829161165,2495335,1967093,0.7057809447189978,0.992725509214355,0.8250151138577282,6186,8701,0.6578517793013385,0.9998897281799636,0.7935848065814808,18137,27567,0.9754690711396937,0.8466289440874653,0.9064938798981352,208540,180996,0.9986382709207505,0.8687190082644628,0.9291591469927443,72600,63155,0.03820051204941683,1.0,0.07358985399459819,19740,516747,0.002112527286810788,0.22857142857142856,0.0041863629227790475,525,56804,0.331263929605484,0.43098652362823486,2651004,648,0.529211459710787,1.4648207304999232,0.33150750398635864,0.42998236417770386,2651004,648,0.5068220672289795,1.4067006474360824,0.3271350562572479,0.4370558559894562,2651002,648,0.4915893503796136,1.4791816268116236,0.33229368925094604,0.4346414804458618,2651001,648,0.7146469671680477,1.4316714517772198,0.3294566869735718,0.43343040347099304,2651000,648,0.7691815872755191,1.3223269684240222,7.104701424948871,0.049080642871558666,7.15378206782043,4.138866447843611,11.292648515664041,0.027054043486714363
47,0.5196047857099664,0.8098234601637752,0.813725383883918,0.6259287683270652,0.813725383883918,0.6422468134995913,0.8846820254025827,0.8086597020683569,0.0019010653887282665,0.045714285714285714,0.9999294077615912,0.7890387463005969,0.8820537632240911,2495335,1969055,0.7058620689655173,0.992725509214355,0.8250705360741637,6186,8700,0.6590471344986736,0.9998897281799636,0.7944539361282692,18137,27517,0.9787116213146606,0.9999904095137624,0.9892366003026465,208540,213074,0.9986382709207505,0.8687190082644628,0.9291591469927443,72600,63155,0.0383421581157568,1.0,0.07385264638649551,19740,514838,0.000970716712506067,0.045714285714285714,0.0019010653887282665,525,24724,0.3306703567504883,0.4293309152126312,2651004,648,0.5585159000623823,1.3782273642718792,0.3303796648979187,0.42552557587623596,2651004,648,0.4169478238597505,1.3857842767611146,0.327647864818573,0.4365854859352112,2651002,648,0.6823539669641991,1.3183109611272812,0.33060669898986816,0.4338580071926117,2651001,648,0.5593889291573428,1.39254848100245,0.3274702727794647,0.4366918206214905,2651000,648,0.38982030943576196,1.3490266241133213,6.823897707276046,0.09685505833476782,6.920752765610814,4.257649274542928,11.178402040153742,0.017315194010734558
48,0.5145764324364989,0.8034907409015679,0.8127026182604074,0.6251425467926506,0.8127026182604074,0.6405892490997751,0.8810592767486803,0.8118778498400735,0.0015907735136209981,0.045714285714285714,0.99993183625942,0.7818793869360227,0.8775633253787963,2495335,1951184,0.691554054054054,0.992725509214355,0.8152130625248905,6186,8880,0.6588555858310626,0.9998897281799636,0.7943147474924445,18137,27525,0.9889973346991814,0.9999904095137624,0.994463492911268,208540,210858,0.9985908356819405,0.8687190082644628,0.9291386142989732,72600,63158,0.03725871021443577,1.0,0.0718407275784325,19740,529809,0.00080947080845897,0.045714285714285714,0.0015907735136209981,525,29649,0.33062389492988586,0.42801520228385925,2651004,648,0.5541271178569974,1.4384978348389268,0.3320578634738922,0.4300227463245392,2651004,648,0.5837708201546196,1.4622318530455232,0.32772165536880493,0.438162237405777,2651002,648,0.6974711255568874,1.378983473405242,0.33127593994140625,0.4331205487251282,2651001,648,0.5085057052566944,1.3780204635113478,0.32897335290908813,0.43679705262184143,2651000,648,1.114363097485338,1.4276934964582324,7.085427121259272,0.019972520880401134,7.105399642139673,4.0304853320121765,11.13588497415185,0.020214802585542202
49,0.5160722342666588,0.8100744293906234,0.8137659166609371,0.6259424302018928,0.8137659166609371,0.6422897340151325,0.8848396068127802,0.8122522039105075,0.0019020446980504042,0.045714285714285714,0.9999284178569525,0.7893224757397304,0.8822306331325166,2495335,1969765,0.7058620689655173,0.992725509214355,0.8250705360741637,6186,8700,0.6590710859136503,0.9998897281799636,0.7944713381376909,18137,27516,0.9787162146306665,0.9999904095137624,0.9892389466169212,208540,213073,0.9986540836684928,0.8687190082644628,0.929165991425667,72600,63154,0.038393912989357064,1.0,0.0739486480209184,19740,514144,0.0009712273886123588,0.045714285714285714,0.0019020446980504042,525,24711,0.3306353986263275,0.42586204409599304,2651004,648,0.49822242578743925,1.4000269435346127,0.3327796161174774,0.42779263854026794,2651004,648,0.6134444198788792,1.4173402059823275,0.3264215588569641,0.4366341531276703,2651002,648,0.5886164614767097,1.4100265633314848,0.33043500781059265,0.430280476808548,2651001,648,0.4913719753989721,1.3302619997411966,0.32619231939315796,0.4360381066799164,2651000,648,0.5533135745862434,1.4460835177451372,7.003739230334759,0.017956262454390526,7.021695492789149,4.1523172948509455,11.174012787640095,0.014376246370375156
50,0.5149649565623527,0.8089191910992417,0.8135793399373422,0.625872786914875,0.8135793399373422,0.6420838944913602,0.8841185594420758,0.8114113315789389,0.0019019693307445417,0.045714285714285714,0.999941011380227,0.7880164386745667,0.8814191351682813,2495335,1966481,0.7058620689655173,0.992725509214355,0.8250705360741637,6186,8700,0.6588316500762915,0.9998897281799636,0.7942973523421588,18137,27526,0.9787621501621586,0.9999904095137624,0.9892624103718427,208540,213063,0.9985908356819405,0.8687190082644628,0.9291386142989732,72600,63158,0.03815060405123081,1.0,0.0734972438533555,19740,517423,0.0009711880867594691,0.045714285714285714,0.0019019693307445417,525,24712,0.33092933893203735,0.433902770280838,2651004,648,0.4486826836460439,1.3980863355100155,0.3327142596244812,0.4285014271736145,2651004,648,0.5487087704779064,1.3893089331686497,0.327282577753067,0.43853190541267395,2651002,648,0.515602751098558,1.3517836891114712,0.3304561972618103,0.43126463890075684,2651001,648,0.47336040680987396,1.3572259424254298,0.3263314366340637,0.432219535112381,2651000,648,0.5408797041179226,1.3089489005506039,6.80535380076617,0.09625592734664679,6.901609728112817,4.082866840995848,10.984476569108665,0.0122835086658597
51,0.5232710017127963,0.8033106669365413,0.8126735354203994,0.6256529923172955,0.8126735354203994,0.6411783112143111,0.8805821219228694,0.8092991228993938,0.001862414154347573,0.045714285714285714,0.9999410455343787,0.7816758070559664,0.8774386284458837,2495335,1950658,0.7054566341183228,0.992725509214355,0.8247934994291855,6186,8705,0.6588316500762915,0.9998897281799636,0.7942973523421588,18137,27526,0.9787437754321411,0.9999904095137624,0.9892530247363066,208540,213067,0.9985908356819405,0.8687190082644628,0.9291386142989732,72600,63158,0.03705643503578931,1.0,0.07146464509332218,19740,532701,0.0009505703422053232,0.045714285714285714,0.001862414154347573,525,25248,0.32984691858291626,0.42805254459381104,2651004,648,0.37765330859476215,1.4348064297810197,0.33162203431129456,0.43025434017181396,2651004,648,0.52068301191958,1.4064158461987972,0.3310604393482208,0.4330049455165863,2651002,648,1.655788751652608,1.4707173546776175,0.330290287733078,0.43099114298820496,2651001,648,0.5005122890761969,1.4020220506936312,0.3286028802394867,0.4355582594871521,2651000,648,1.150450353729463,1.3405967094004154,7.054558390751481,0.026011085137724876,7.080569475889206,4.084872480481863,11.165441956371069,0.02063041180372238
52,0.5127630774312176,0.7934406285857494,0.8217758927609392,0.6253955796996304,0.8217758927609392,0.6275734147557268,0.875444610444997,0.8086516861779477,0.0047599788445384685,0.2914285714285714,0.9999291385026201,0.7860403512955174,0.8801770195839806,2495335,1961573,0.7055376838235294,0.992725509214355,0.8248488918737408,6186,8704,0.6589752906976745,0.9998897281799636,0.7944017346737631,18137,27520,0.9745218540003446,0.8136280809437039,0.8868365346922775,208540,174110,0.9986066469274981,0.8687190082644628,0.9291454584293996,72600,63157,0.03779885799195003,1.0,0.07284428519238788,19740,522238,0.002399585953796208,0.2914285714285714,0.0047599788445384685,525,63761,0.3302490711212158,0.430149108171463,2651004,648,0.45447786861993683,1.387252044863999,0.3317709267139435,0.42951762676239014,2651004,648,0.5883090397203293,1.341598019003868,0.3290219008922577,0.4374704360961914,2651002,648,0.898869337343587,1.382054639980197,0.33088386058807373,0.43462488055229187,2651001,648,1.0075103212948542,1.3116908576339483,0.32754045724868774,0.43547114729881287,2651000,648,0.6516363664185104,1.3945410884916782,6.8171366499736905,0.055346716195344925,6.872483366169035,4.037536685355008,10.910020051524043,0.019170441664755344
53,0.5109489994219761,0.8093668946776446,0.8136516462895669,0.6240447980193428,0.8136516462895669,0.6409211973282332,0.8843810298363322,0.8127428047522571,0.001587564081362659,0.045714285714285714,0.9999278370947824,0.7885225831401395,0.8817305440943021,2495335,1967770,0.692489851150203,0.992725509214355,0.8158628935831008,6186,8868,0.6590471344986736,0.9998897281799636,0.7944539361282692,18137,27517,0.9787391818574351,0.9999904095137624,0.9892506783552494,208540,213068,0.998669896917011,0.8687190082644628,0.9291728359594263,72600,63153,0.038631875798715014,1.0,0.07438992909592118,19740,510977,0.0008078088185796028,0.045714285714285714,0.001587564081362659,525,29710,0.331348717212677,0.4312807321548462,2651004,648,0.6491660071000658,1.4011471308767796,0.33163052797317505,0.42562100291252136,2651004,648,0.677556333711085,1.3427300583571196,0.32791757583618164,0.436987966299057,2651002,648,0.6412886926529454,1.355550605803728,0.3316955268383026,0.43286970257759094,2651001,648,0.7097911047836457,1.3383084023371339,0.3259011507034302,0.43197357654571533,2651000,648,0.5086665294252382,1.425676847808063,6.863413045182824,0.04660655464977026,6.910019599832594,4.068494094535708,10.978513694368303,0.01552374567836523
54,0.5174210339379576,0.8099142060989067,0.8137400398032921,0.6258881358808571,0.8137400398032921,0.642228422585978,0.8847386699534524,0.8110583080882341,0.0018988844054118206,0.045714285714285714,0.9999324634833101,0.7891413377362158,0.8821190510321101,2495335,1969305,0.7058620689655173,0.992725509214355,0.8250705360741637,6186,8700,0.6587119973847663,0.9998897281799636,0.7942103880178681,18137,27531,0.9787070280417693,0.9999904095137624,0.9892342539995019,208540,213075,0.998669896917011,0.8687190082644628,0.9291728359594263,72600,63153,0.03836391692870997,1.0,0.07389300861336438,19740,514546,0.0009695794449157678,0.045714285714285714,0.0018988844054118206,525,24753,0.32992276549339294,0.4284127652645111,2651004,648,0.6910027373616482,1.3818490095436573,0.33223438262939453,0.43129393458366394,2651004,648,0.5229726213139384,1.331079008989036,0.3275665044784546,0.4372267425060272,2651002,648,0.9552706839296178,1.3332546455785632,0.33021974563598633,0.43119221925735474,2651001,648,0.6749913822809569,1.3628119993954897,0.3267436921596527,0.43490341305732727,2651000,648,0.44700829758874383,1.4148605987429619,6.823855262249708,0.07367711048573256,6.897532372735441,4.08441764023155,10.98195001296699,0.013484207913279533
55,0.5205289452307795,0.8140871012097213,0.8144139830957615,0.6260231976823768,0.8144139830957615,0.6428892038730805,0.8873507898466293,0.8124574104307459,0.0019021200713295026,0.045714285714285714,0.9999288268802197,0.793858940783502,0.8850572555747673,2495335,1981085,0.7058620689655173,0.992725509214355,0.8250705360741637,6186,8700,0.6587119973847663,0.9998897281799636,0.7942103880178681,18137,27531,0.9787437754321411,0.9999904095137624,0.9892530247363066,208540,213067,0.9986857106663288,0.8687190082644628,0.9291796805940244,72600,63152,0.03925873775401835,1.0,0.07555142204310335,19740,502818,0.000971266693646297,0.045714285714285714,0.0019021200713295026,525,24710,0.3307231664657593,0.43076810240745544,2651004,648,0.5473852201049982,1.3567005451768637,0.3313274383544922,0.4277862310409546,2651004,648,0.4644277682563276,1.345793035812676,0.3261013627052307,0.43537649512290955,2651002,648,0.4696797713907654,1.3373120529577136,0.32978034019470215,0.43248531222343445,2651001,648,0.635741583945461,1.319767369888723,0.32550492882728577,0.4321969151496887,2651000,648,0.4005005024618104,1.308447901159525,6.668020904995501,0.018288242630660534,6.686309147626162,4.125615321099758,10.81192446872592,0.023779336363077164
56,0.5174354695393752,0.7788805141891549,0.8087279443760821,0.626503697507078,0.8087279443760821,0.6382309573647512,0.8652745083556552,0.808836266859064,0.0019015172523075704,0.045714285714285714,0.9999388863173905,0.7540566697457456,0.8597633944502652,2495335,1881739,0.7058620689655173,0.992725509214355,0.8250705360741637,6186,8700,0.65837720094391,0.9998897281799636,0.7939669891861126,18137,27545,0.9889645033552272,0.9999904095137624,0.9944468950060205,208540,210865,0.9987489706720719,0.8687190082644628,0.9292070601408492,72600,63148,0.03266329995300721,1.0,0.06326030944354001,19740,604348,0.0009709523424225261,0.045714285714285714,0.0019015172523075704,525,24718,0.328805536031723,0.42990466952323914,2651004,648,0.4695627368978829,1.3846002584323287,0.3325943946838379,0.4327058792114258,2651004,648,0.5924648576801552,1.4080582354217768,0.32674577832221985,0.4352003335952759,2651002,648,0.6657387626099104,1.4105391222983599,0.329235315322876,0.42930009961128235,2651001,648,0.741249578207561,1.3797525726258755,0.32614895701408386,0.4341241121292114,2651000,648,0.44462330016020984,1.395003137178719,6.97795332595706,0.12217934150248766,7.1001326674595475,4.0528517896309495,11.152984457090497,0.0531628979369998
57,0.5100484062536378,0.7972526668138925,0.8161953292662043,0.6255846740441523,0.8161953292662043,0.6327384865699129,0.8776479026038029,0.8096562884636664,0.003910107034243058,0.18857142857142858,0.9999397599279978,0.7849491150486808,0.8794965789315347,2495335,1958829,0.7058620689655173,0.992725509214355,0.8250705360741637,6186,8700,0.6587119973847663,0.9998897281799636,0.7942103880178681,18137,27531,0.9762602579132473,0.8785125155845401,0.9248107016658254,208540,187660,0.9987489706720719,0.8687190082644628,0.9292070601408492,72600,63148,0.03759412815522147,1.0,0.07246403412490685,19740,525082,0.0019755352902440485,0.18857142857142858,0.003910107034243058,525,50113,0.32879605889320374,0.42797333002090454,2651004,648,0.43646283617132786,1.2935630362480879,0.3301936686038971,0.4266647696495056,2651004,648,0.48018180849943304,1.4006228921934962,0.3251568675041199,0.4373893141746521,2651002,648,0.5321124059408496,1.3491207417100668,0.32750824093818665,0.4327644407749176,2651001,648,0.5157142566930251,1.4112681616097689,0.32576730847358704,0.4346676766872406,2651000,648,0.564575311196805,1.429362354800105,6.883937186561525,0.02343954797834158,6.9073767345398664,4.069193643517792,10.976570378057659,0.016476633958518505
58,0.5143075305503768,0.8082258354386272,0.8134673595533742,0.6272818649625632,0.8134673595533742,0.6426601194281351,0.8840668453902967,0.8097597729200944,0.0019027986997542218,0.045714285714285714,0.9999322997421282,0.7872325759867913,0.8809251914346516,2495335,1964542,0.7058620689655173,0.992725509214355,0.8250705360741637,6186,8700,0.6585206434511057,0.9998897281799636,0.794071284700937,18137,27539,0.9891239903050311,0.9999904095137624,0.9945275185933219,208540,210831,0.9987173396674585,0.8687190082644628,0.9291933701657459,72600,63150,0.037845092024539874,1.0,0.07293013632837034,19740,521600,0.0009716205821626655,0.045714285714285714,0.0019027986997542218,525,24701,0.3303025960922241,0.43136221170425415,2651004,648,0.45603163884164405,1.3646058477461338,0.3338465392589569,0.4308054447174072,2651004,648,0.7768156903414932,1.3128271857276559,0.3283098638057709,0.43846967816352844,2651002,648,0.5947111866518386,1.4781369371339679,0.3299263119697571,0.4313521385192871,2651001,648,0.4960034622481841,1.4137800689786673,0.32580411434173584,0.4382670521736145,2651000,648,0.6044979981064581,1.3110112780705094,6.880361317656934,0.01735331304371357,6.897714630700648,4.096216147765517,10.993930778466165,0.014075958169996738
59,0.509197018343756,0.81143420051236,0.8139855264528087,0.6259350553945788,0.8139855264528087,0.6424454775231869,0.8856897926860777,0.812523783535143,0.002220782825946146,0.045714285714285714,0.9999285569879626,0.7908597442828318,0.8831900926753035,2495335,1973601,0.7058620689655173,0.992725509214355,0.8250705360741637,6186,8700,0.6586641484763738,0.9998897281799636,0.7941756076198817,18137,27533,0.9787621501621586,0.9999904095137624,0.9892624103718427,208540,213063,0.9987806036803598,0.8687190082644628,0.9292207505193523,72600,63146,0.03840982544349339,1.0,0.07397816257581918,19740,513931,0.001138034046185215,0.045714285714285714,0.002220782825946146,525,21089,0.3286016881465912,0.4318729639053345,2651004,648,0.5098175902937349,1.3657460361719131,0.3317979872226715,0.42861872911453247,2651004,648,0.5583347501850024,1.291606797836721,0.32722699642181396,0.4353029429912567,2651002,648,0.7535354260949682,1.3638333370909095,0.3289376497268677,0.4336467683315277,2651001,648,0.5025359541857664,1.3847687179222703,0.32580727338790894,0.4370958209037781,2651000,648,0.4632024989471316,1.308995820581913,6.714950709603727,0.05122995097190142,6.766180660575628,4.026549024507403,10.792729685083032,0.01480561401695013
60,0.5107696431898502,0.8088745270842941,0.8135721264770253,0.6273107724761882,0.8135721264770253,0.6427681975410584,0.8844731840849369,0.811701438787077,0.0019015925837889231,0.045714285714285714,0.9999298201718185,0.7879659444523481,0.8813831999913935,2495335,1966377,0.7058620689655173,0.992725509214355,0.8250705360741637,6186,8700,0.6585923881464265,0.9998897281799636,0.7941234427342193,18137,27536,0.9890911505516083,0.9999904095137624,0.9945109185508062,208540,210838,0.9987489706720719,0.8687190082644628,0.9292070601408492,72600,63148,0.03798001720067648,1.0,0.0731806327121877,19740,519747,0.0009709916251972327,0.045714285714285714,0.0019015925837889231,525,24717,0.33044272661209106,0.4302407503128052,2651004,648,0.5786549438494499,1.4190349346026778,0.3315676152706146,0.42879828810691833,2651004,648,0.6550158962452938,1.3803155422210693,0.3274300694465637,0.43546929955482483,2651002,648,0.668433561803002,1.404570278711617,0.32965460419654846,0.4305226504802704,2651001,648,0.5812316731174125,1.4183462653309107,0.3245508670806885,0.4334156811237335,2651000,648,0.39333988991292007,1.3545803055167198,6.976847326382995,0.06127420160919428,7.038121527992189,4.020884910598397,11.059006438590586,0.01986602135002613
61,0.5171740281553062,0.8112998539912083,0.8139638288221728,0.6273970919423207,0.8139638288221728,0.643141254011136,0.8859897431019449,0.8111506231649683,0.003028773346794548,0.045714285714285714,0.9999300635155044,0.7907078608683804,0.883095963481699,2495335,1973219,0.7058620689655173,0.992725509214355,0.8250705360741637,6186,8700,0.6586880720616011,0.9998897281799636,0.7941929974380871,18137,27532,0.989175600037947,0.9999904095137624,0.9945536054940862,208540,210820,0.9987647869257447,0.8687190082644628,0.9292139052796747,72600,63147,0.037792779166874076,1.0,0.07283299696344699,19740,522322,0.0015662729230568426,0.045714285714285714,0.003028773346794548,525,15323,0.32875293493270874,0.43220606446266174,2651004,648,0.564719625982036,1.3245039256289601,0.3310355246067047,0.4296885132789612,2651004,648,0.45984377597642445,1.330522008240223,0.3277503252029419,0.43737348914146423,2651002,648,0.7095547746376736,1.4613504242151976,0.3284562826156616,0.4335494339466095,2651001,648,0.47613898130223664,1.3638661671429873,0.3251916170120239,0.43389588594436646,2651000,648,0.533239990399192,1.366037916392088,6.846280441619456,0.010849740356206894,6.857130181975663,4.212722096592188,11.06985227856785,0.016439544036984444
62,0.5121190061914219,0.7983221218384701,0.817168527061325,0.6272681568655456,0.817168527061325,0.6360142028621351,0.8785134165116835,0.810731620751083,0.003929273084479371,0.1619047619047619,0.9999396270589476,0.783221491302771,0.8784110396455793,2495335,1954518,0.7058620689655173,0.992725509214355,0.8250705360741637,6186,8700,0.6588316500762915,0.9998897281799636,0.7942973523421588,18137,27526,0.9883758325206963,0.9137191905629616,0.9495823864768967,208540,192788,0.9987489706720719,0.8687190082644628,0.9292070601408492,72600,63148,0.037130179462534066,1.0,0.0716017722708172,19740,531643,0.0019887693027608798,0.1619047619047619,0.003929273084479371,525,42740,0.32854709029197693,0.42802613973617554,2651004,648,0.49857151685140566,1.4129449101164937,0.3299010396003723,0.42851462960243225,2651004,648,0.5141945865438539,1.3956105364486575,0.3259615898132324,0.43810567259788513,2651002,648,0.6063981865865241,1.33699831366539,0.3295235335826874,0.43106546998023987,2651001,648,0.5752938478424603,1.2822062959894538,0.32484447956085205,0.43376800417900085,2651000,648,0.4535850810246051,1.2347738407552242,6.662533896975219,0.06753053423017263,6.730064431205392,4.021965178661048,10.75202960986644,0.027094826102256775
63,0.5238975915353934,0.8090641719096667,0.8136027550585299,0.627365874726056,0.8136027550585299,0.6428309508248322,0.884594680721716,0.811569728041242,0.0019033268567350014,0.045714285714285714,0.9999298392607295,0.7881803445228797,0.8815173162758583,2495335,1966912,0.7058620689655173,0.992725509214355,0.8250705360741637,6186,8700,0.6588795233250981,0.9998897281799636,0.7943321434046561,18137,27524,0.9891052244646288,0.9999904095137624,0.9945180327868852,208540,210835,0.9987964209359411,0.8687190082644628,0.9292275958598843,72600,63145,0.03801615012335027,1.0,0.07324770451564307,19740,519253,0.0009718960071272374,0.045714285714285714,0.0019033268567350014,525,24694,0.329282283782959,0.42885902523994446,2651004,648,0.4055864664871747,1.2667572107166052,0.3306485712528229,0.4297277629375458,2651004,648,0.5804088608263127,1.3253608252853155,0.32773804664611816,0.43664583563804626,2651002,648,0.6252908341050966,1.3637086376547813,0.329257071018219,0.4313110411167145,2651001,648,0.7091016372771143,1.2870294004678726,0.3249366283416748,0.43521764874458313,2651000,648,0.5018067246155178,1.350293880328536,6.593149954453111,0.015867785550653934,6.609017740003765,4.088660194538534,10.697677934542298,0.017739963717758656
64,0.5102711298350857,0.8047168744547711,0.8178434739033832,0.6274150041945104,0.8178434739033832,0.6367897014924184,0.8825483879021705,0.8127881066908362,0.0038776487762596655,0.1619047619047619,0.999928033927442,0.790679407774908,0.883077426430915,2495335,1973152,0.7058620689655173,0.992725509214355,0.8250705360741637,6186,8700,0.6585206434511057,0.9998897281799636,0.794071284700937,18137,27539,0.9883876405371237,0.9109859019852307,0.9481096646529373,208540,192209,0.9987647869257447,0.8687190082644628,0.9292139052796747,72600,63147,0.03847953216374269,1.0,0.07410744453204189,19740,513000,0.0019623233908948193,0.1619047619047619,0.0038776487762596655,525,43316,0.32882988452911377,0.4295828938484192,2651004,648,0.5141313219068354,1.3569112038239837,0.3318200409412384,0.4298752546310425,2651004,648,0.601032081292182,1.397822625003755,0.3258044421672821,0.4397684335708618,2651002,648,0.6250196971853529,1.337704042904079,0.3294384181499481,0.43101832270622253,2651001,648,0.781063854572008,1.3654067358002067,0.3258804976940155,0.43600866198539734,2651000,648,0.5280525746322227,1.32747823279351,6.785322840325534,0.02809616271406412,6.8134190030395985,5.531022917479277,12.344441920518875,0.018120632506906986
65,0.5100577613403561,0.8113505441034107,0.8139720155271357,0.6259508131036114,0.8139720155271357,0.6424518887302229,0.8856322866823658,0.8113724439440816,0.003024384096780291,0.045714285714285714,0.9999341223115569,0.7907651678031207,0.8831332858473705,2495335,1973354,0.7058620689655173,0.992725509214355,0.8250705360741637,6186,8700,0.6589034625585873,0.9998897281799636,0.7943495400788436,18137,27523,0.9787070280417693,0.9999904095137624,0.9892342539995019,208540,213075,0.9987173396674585,0.8687190082644628,0.9291933701657459,72600,63150,0.037967744727503534,1.0,0.07315785084915363,19740,519915,0.0015639254528867458,0.045714285714285714,0.003024384096780291,525,15346,0.3282183110713959,0.42614004015922546,2651004,648,0.41502682092789284,1.3512793499976397,0.3290364146232605,0.43066248297691345,2651004,648,0.44898594442126116,1.317117071710527,0.3254007399082184,0.438772588968277,2651002,648,0.49860978998147765,1.3518161289393902,0.32997551560401917,0.431901752948761,2651001,648,0.6507221426273223,1.3268171735107899,0.32448458671569824,0.4350399672985077,2651000,648,0.6084257748957868,1.3688829513266683,6.715912675485015,0.013210016302764416,6.729122691787779,5.860108911059797,12.589231602847576,0.012615649029612541
66,0.5043553047386513,0.811041795238178,0.8139299703603415,0.6262618903358704,0.8139299703603415,0.6425660995060217,0.8855227862961729,0.8163794668634227,0.0022187297772025515,0.045714285714285714,0.9999406834784222,0.7904157157255438,0.8829178719567824,2495335,1972469,0.7058620689655173,0.992725509214355,0.8250705360741637,6186,8700,0.6591074284052915,0.9999448640899818,0.7945151468687709,18137,27516,0.9806953438392046,0.9999904095137624,0.9902488941861376,208540,212643,0.9987964209359411,0.8687190082644628,0.9292275958598843,72600,63145,0.038294330925873116,1.0,0.07376392181921113,19740,515481,0.0011369558008432422,0.045714285714285714,0.0022187297772025515,525,21109,0.3289124369621277,0.432269811630249,2651004,648,0.45463735417193607,1.4179349849000573,0.32872524857521057,0.4270423650741577,2651004,648,0.4650238066565325,1.3033411465585232,0.3251499831676483,0.43509697914123535,2651002,648,0.6783717679761792,1.3187675820663571,0.32931196689605713,0.4289730489253998,2651001,648,0.5687238611742514,1.4239580892026424,0.32474657893180847,0.43271708488464355,2651000,648,0.437501695569246,1.3596731023862958,6.823674905113876,0.06755583453923464,6.8912307396531105,4.205468843691051,11.096699583344162,0.016961033456027508
67,0.5056781633700517,0.796875504021002,0.8217072516582415,0.6273607340478439,0.8217072516582415,0.6284824752861589,0.8779991910330539,0.8122516641694476,0.004694259503574387,0.2914285714285714,0.9999295223338147,0.7903215399936281,0.8828547644580714,2495335,1972256,0.7058620689655173,0.992725509214355,0.8250705360741637,6186,8700,0.6589034625585873,0.9998897281799636,0.7943495400788436,18137,27523,0.9873046532045654,0.8088664045267095,0.8892221724346978,208540,170850,0.9987489706720719,0.8687190082644628,0.9292070601408492,72600,63148,0.03841027387264679,1.0,0.07397899431291166,19740,513925,0.002366186727702943,0.2914285714285714,0.004694259503574387,525,64661,0.32804542779922485,0.4346466362476349,2651004,648,0.45396220340206284,1.3374722534790635,0.3301020562648773,0.43074774742126465,2651004,648,0.5410528566640056,1.3544284868985415,0.324207067489624,0.4363572597503662,2651002,648,0.6106456205227202,1.3906857017427683,0.32855620980262756,0.431349515914917,2651001,648,0.5042500852239078,1.4417644133791327,0.32582420110702515,0.4335043430328369,2651000,648,0.5499031617524857,1.3107395777478814,6.835090433247387,0.023269726894795895,6.858360160142183,4.1800108179450035,11.038370978087187,0.01855719182640314
68,0.5190231142482685,0.8154344656606393,0.8146315891486563,0.6695174251044305,0.8146315891486563,0.6682344118162212,0.8889550641243388,0.8137553138009415,0.002219345293138524,0.045714285714285714,0.9999294669464478,0.795382183153765,0.8860033659061385,2495335,1984885,0.9990239141044412,0.992725509214355,0.9958647531014352,6186,6147,0.6596224493507439,0.9998897281799636,0.7948717948717948,18137,27493,0.9891662160495583,0.9999904095137624,0.9945488623194281,208540,210822,0.99884387570872,0.8687190082644628,0.9292481324866291,72600,63142,0.03889877451125286,1.0,0.07488462873498467,19740,507471,0.0011372790598493106,0.045714285714285714,0.002219345293138524,525,21103,0.3280286490917206,0.4296802282333374,2651004,648,0.5894836141874016,1.4437368400394917,0.33051398396492004,0.42674094438552856,2651004,648,0.6745479947060289,1.3225762667134404,0.32512131333351135,0.4334738254547119,2651002,648,0.5383550657314089,1.3822140889242291,0.32830294966697693,0.42971163988113403,2651001,648,0.5299809816627119,1.357316143810749,0.3249472677707672,0.4370448887348175,2651000,648,0.49528963091615846,1.4209672631695867,6.926810602657497,0.04888306371867657,6.9756936663761735,4.025984976440668,11.001678642816842,0.02064401190727949
69,0.5056990474379071,0.7943342633610097,0.8212207301077165,0.6274092152101328,0.8212207301077165,0.6252216706272277,0.8764183321802299,0.8124164853505285,0.004672641818778009,0.32571428571428573,0.99992853537043,0.7906204978489862,0.8830408793961246,2495335,1973004,0.7058620689655173,0.992725509214355,0.8250705360741637,6186,8700,0.6596588222456625,0.9999448640899818,0.7949156256848564,18137,27493,0.9868135915773965,0.770820945621943,0.8655457886305814,208540,162895,0.9987806036803598,0.8687190082644628,0.9292207505193523,72600,63146,0.03846768441688525,1.0,0.07408547226673773,19740,513158,0.0023532002146779145,0.32571428571428573,0.004672641818778009,525,72667,0.3280158042907715,0.4271034598350525,2651004,648,0.4292338830453977,1.2948799133300781,0.32942527532577515,0.4282603859901428,2651004,648,0.4627099154729468,1.3396492404863238,0.3276471197605133,0.4387608766555786,2651002,648,0.7684058962683887,1.3440007660537958,0.3285374045372009,0.43394097685813904,2651001,648,0.5684068549780599,1.3635510979220271,0.32490816712379456,0.43213051557540894,2651000,648,0.5723064593870829,1.3567205155268312,6.698801533319056,0.03548112604767084,6.734282659366727,4.125001220032573,10.8592838793993,0.013220896944403648
70,0.5191802948390462,0.8182160412582066,0.8150964660450623,0.6277491558523866,0.8150964660450623,0.644331216320216,0.8903067361456636,0.8135092164483277,0.0030257186081694403,0.045714285714285714,0.9999297446216999,0.7985260496085695,0.8879505978634445,2495335,1992730,0.7058620689655173,0.992725509214355,0.8250705360741637,6186,8700,0.6596951951405813,1.0,0.794959456497918,18137,27493,0.9891380651526362,0.9999904095137624,0.9945346330669007,208540,210828,0.9987964209359411,0.8687190082644628,0.9292275958598843,72600,63145,0.039257956995234954,1.0,0.07554997627103076,19740,502828,0.0015646391550948563,0.045714285714285714,0.0030257186081694403,525,15339,0.3284294605255127,0.4307432174682617,2651004,648,0.49315323204007605,1.2725243950262666,0.3303907811641693,0.4302818775177002,2651004,648,0.5943547763903791,1.3084684610366821,0.3245290219783783,0.43669524788856506,2651002,648,0.4889047028004129,1.3036283561959863,0.32656335830688477,0.42882290482521057,2651001,648,0.4601326161919042,1.2951956437900662,0.32393181324005127,0.432783842086792,2651000,648,0.5207112484639539,1.3436398562043905,6.523456712253392,0.0929434709250927,6.616400183178484,4.362579082138836,10.97897926531732,0.02506855595856905
71,0.5153723032249974,0.8102849883182333,0.8138155615916378,0.6262014886786836,0.8138155615916378,0.6424415887149414,0.8850455611605152,0.8121333516239765,0.0019012159860577495,0.045714285714285714,0.9999284393640341,0.7895597184345989,0.8823788116153107,2495335,1970357,0.7058620689655173,0.992725509214355,0.8250705360741637,6186,8700,0.6588085724664003,1.0,0.7943153699608032,18137,27530,0.9806999557942457,0.9999904095137624,0.9902512453048801,208540,212642,0.9987331549193178,0.8687190082644628,0.9292002151028737,72600,63149,0.038407433998167186,1.0,0.0739737269605005,19740,513963,0.0009707952431033087,0.045714285714285714,0.0019012159860577495,525,24722,0.32805028557777405,0.4321781396865845,2651004,648,0.38372161247652053,1.3225453365594149,0.33016282320022583,0.4303158223628998,2651004,648,0.8912099045142015,1.295606942847371,0.3246920704841614,0.4370068311691284,2651002,648,0.7416038839795468,1.317053652368486,0.3280520439147949,0.4321695864200592,2651001,648,0.514610613513352,1.321197709068656,0.3251352608203888,0.4359358549118042,2651000,648,0.5621540674782936,1.3588372431695461,6.615240884013474,0.0719112316146493,6.687152115628123,4.020146811380982,10.707298927009106,0.02001426089555025
72,0.5183152004246503,0.8102435145900676,0.8138088633784862,0.6275011468027291,0.8138088633784862,0.6430911962424123,0.8853390560276703,0.8149825509277434,0.0019042329511643591,0.045714285714285714,0.9999299576649916,0.7895128309425388,0.8823501222239839,2495335,1970237,0.7058620689655173,0.992725509214355,0.8250705360741637,6186,8700,0.659551256409324,1.0,0.79485493908318,18137,27499,0.9891380651526362,0.9999904095137624,0.9945346330669007,208540,210828,0.9987964209359411,0.8687190082644628,0.9292275958598843,72600,63145,0.03825788996302125,1.0,0.07369631443760827,19740,515972,0.0009723685276719876,0.045714285714285714,0.0019042329511643591,525,24682,0.3274313807487488,0.4311053454875946,2651004,648,0.5143690135625267,1.3149854745715857,0.33046311140060425,0.42755988240242004,2651004,648,0.7157747350444972,1.3426606683060527,0.3242008686065674,0.4349117875099182,2651002,648,0.6233329610582433,1.2646269034594297,0.32979661226272583,0.43075841665267944,2651001,648,0.6718637427173406,1.3859168076887727,0.3248874545097351,0.43223538994789124,2651000,648,0.4442565084560015,1.290984527207911,6.599174381233752,0.03595379460602999,6.635128175839782,3.9816314494237304,10.616759625263512,0.02710026316344738
73,0.5203049208915661,0.8122374438287979,0.8141308928569216,0.6274900598457256,0.8141308928569216,0.6433512107340439,0.8865854696445656,0.8127296955132532,0.001903175924824551,0.045714285714285714,0.999928638849314,0.7917670372915862,0.8837555913401324,2495335,1975865,0.7058620689655173,0.992725509214355,0.8250705360741637,6186,8700,0.6590240180226009,1.0,0.7944719435805335,18137,27521,0.9891333734922615,0.9999904095137624,0.9945322615643979,208540,210829,0.9988280569500974,0.8687190082644628,0.9292412868435205,72600,63143,0.03868244534193988,1.0,0.07448367981073448,19740,510309,0.0009718172983479105,0.045714285714285714,0.001903175924824551,525,24696,0.3275800049304962,0.4304584264755249,2651004,648,0.42460796333813544,1.3474347842857242,0.3296468257904053,0.42816683650016785,2651004,648,0.5200835599344193,1.3991804141551256,0.3264746069908142,0.4374040365219116,2651002,648,0.7572307716554709,1.391170402057469,0.32749640941619873,0.4337444603443146,2651001,648,0.49097635854063093,1.371511610224843,0.32458043098449707,0.43512144684791565,2651000,648,0.5405525978687972,1.325614663772285,6.834911874495447,0.04466575663536787,6.8795776311308146,4.287338084541261,11.166915715672076,0.02314862608909607
74,0.5134248087440723,0.8061975219979135,0.8183378565560241,0.6276560261171468,0.8183378565560241,0.6346011194515798,0.8836631093626708,0.8126318076072166,0.004023055200959344,0.1980952380952381,0.9999284692417739,0.7954915873019054,0.8860708470827442,2495335,1985160,0.7058620689655173,0.992725509214355,0.8250705360741637,6186,8700,0.6595752418357699,1.0,0.7948723567437274,18137,27498,0.9880002386932629,0.8733336530162079,0.9271349557240561,208540,184337,0.9987964209359411,0.8687190082644628,0.9292275958598843,72600,63145,0.039397580262091704,1.0,0.07580848947552353,19740,501046,0.0020321628856712977,0.1980952380952381,0.004023055200959344,525,51177,0.32827824354171753,0.42917853593826294,2651004,648,0.47700295445269447,1.747984617948532,0.3299674987792969,0.4314418137073517,2651004,648,0.5583378576235422,1.6622745506465435,0.3247058689594269,0.43865716457366943,2651002,648,0.5023980498490962,1.6453874669969082,0.328487753868103,0.43147361278533936,2651001,648,0.5161786768231678,1.5530158951878548,0.3243863582611084,0.43579328060150146,2651000,648,0.47304595501297986,1.6834625704213977,8.292125101201236,0.030360220931470394,8.322485322132707,7.490921160206199,15.813406482338905,0.06300386879593134
75,0.5072064577705176,0.8102817980314513,0.8138072270355833,0.62632018060109,0.8138072270355833,0.6425220094172744,0.885048289924843,0.8123410338679102,0.0019034023316678564,0.045714285714285714,0.9999289465617242,0.7895565124522359,0.8823770070558076,2495335,1970348,0.7058620689655173,0.992725509214355,0.8250705360741637,6186,8700,0.6595868489962177,0.9999448640899818,0.7948633664234216,18137,27496,0.980709179834462,0.9999904095137624,0.9902559475758583,208540,212640,0.9987806036803598,0.8687190082644628,0.9292207505193523,72600,63146,0.03840168080305035,1.0,0.07396305594064971,19740,514040,0.0009719353662981412,0.045714285714285714,0.0019034023316678564,525,24693,0.327272891998291,0.42811477184295654,2651004,648,0.43115600574121976,1.3486404735594988,0.32813987135887146,0.4278073310852051,2651004,648,0.4368820136636347,1.347744812257588,0.3247750699520111,0.4379732608795166,2651002,648,0.6398021726190866,1.39656263589859,0.3264913856983185,0.43032801151275635,2651001,648,0.5720891046587647,1.4282410768792033,0.3229160010814667,0.43346473574638367,2651000,648,0.41351069403880786,1.2994425101205707,6.820631508715451,0.0393650121986866,6.859996520914137,4.167335569858551,11.027332090772688,0.019914740696549416
76,0.5027889408868662,0.8123129472826378,0.8141430870398384,0.6264291461499695,0.8141430870398384,0.6428502031880619,0.8863488092584908,0.8137782290484326,0.0019020446980504042,0.045714285714285714,0.9999281405247462,0.7918523965720033,0.8838085670438927,2495335,1976079,0.7058620689655173,0.992725509214355,0.8250705360741637,6186,8700,0.6590958645250382,1.0,0.7945241485050926,18137,27518,0.9815261951492731,0.9999904095137624,0.9906722754944739,208540,212463,0.9987964209359411,0.8687190082644628,0.9292275958598843,72600,63145,0.03882410556065824,1.0,0.0747462546408753,19740,508447,0.0009712273886123588,0.045714285714285714,0.0019020446980504042,525,24711,0.32787176966667175,0.4298616647720337,2651004,648,0.4253330974118371,1.4872812191024423,0.3305477201938629,0.4289061725139618,2651004,648,1.4580298466645925,1.3985412940382957,0.32653456926345825,0.43591704964637756,2651002,648,0.9666776364722517,1.3049296438694,0.3271883428096771,0.43209904432296753,2651001,648,0.5066986247108717,1.2496849987655878,0.32552987337112427,0.43199998140335083,2651000,648,0.5609210196422745,1.3174791317433119,6.757916287519038,0.12155775260180235,6.87947404012084,4.056231866590679,10.935705906711519,0.021631228737533092
77,0.5143330670064896,0.8144110925562457,0.81448194792568,0.6277151123752084,0.81448194792568,0.6437911539694109,0.8879367458481073,0.8128301911220168,0.003033367037411527,0.045714285714285714,0.999928859629959,0.7942244227728942,0.8852843613116025,2495335,1981997,0.7065930272695893,0.992725509214355,0.8255696713046985,6186,8691,0.6595992290068008,1.0,0.7948897751676381,18137,27497,0.9891005331157867,0.9999904095137624,0.9945156613635496,208540,210836,0.9987806036803598,0.8687190082644628,0.9292207505193523,72600,63146,0.038434803941611806,1.0,0.07402449108162382,19740,513597,0.0015687299823517876,0.045714285714285714,0.003033367037411527,525,15299,0.32734352350234985,0.43065494298934937,2651004,648,0.4295931766759674,1.3402212811633945,0.32897594571113586,0.42835015058517456,2651004,648,0.4884247328229265,1.323845156468451,0.32591503858566284,0.43630897998809814,2651002,648,0.6167201025802783,1.3248949544504285,0.32733505964279175,0.4333389401435852,2651001,648,0.5330629755155456,1.350616980344057,0.3235403001308441,0.434474915266037,2651000,648,0.4615774400146055,1.305675733834505,6.645254106260836,0.06246167980134487,6.707715786062181,4.077113376930356,10.784829162992537,0.01406241487711668
78,0.5062813294765579,0.8151572651869171,0.814594639203832,0.627622433683848,0.814594639203832,0.643846992268298,0.8884052181665381,0.8131142081807768,0.0019040063466878223,0.045714285714285714,0.9999294391114973,0.7950683976299775,0.8858086406840859,2495335,1984102,0.7058620689655173,0.992725509214355,0.8250705360741637,6186,8700,0.6595148914505982,0.9999448640899818,0.7948111140327812,18137,27499,0.9889645033552272,0.9999904095137624,0.9944468950060205,208540,210865,0.9987964209359411,0.8687190082644628,0.9292275958598843,72600,63145,0.03931746161368901,1.0,0.07566015787446316,19740,502067,0.000972250354466275,0.045714285714285714,0.0019040063466878223,525,24685,0.32593876123428345,0.4245738685131073,2651004,648,0.4672269554475791,1.3366347942501307,0.32904475927352905,0.4279616177082062,2651004,648,0.5088496827614251,1.3260521041229367,0.3253370225429535,0.43556511402130127,2651002,648,0.589277206062405,1.3043450163677335,0.32805848121643066,0.42881083488464355,2651001,648,0.6283461196954522,1.2383435871452093,0.32338741421699524,0.43461260199546814,2651000,648,0.5664960309102486,1.3351509748026729,6.540526476688683,0.037530774250626564,6.57805725093931,4.019883871078491,10.5979411220178,0.021850958466529846
79,0.5108929517937076,0.8097809230066823,0.8150876264192942,0.6275401845309608,0.8150876264192942,0.6393932040194779,0.8855314048116742,0.8134252432075352,0.00306497212460697,0.11047619047619048,0.9999288410323803,0.7940168354148842,0.885155380589857,2495335,1981479,0.7058620689655173,0.992725509214355,0.8250705360741637,6186,8700,0.659047965116279,1.0,0.7944893444597761,18137,27520,0.9884439422751966,0.9396758415651674,0.9634431440223604,208540,198251,0.9988280569500974,0.8687190082644628,0.9292412868435205,72600,63143,0.039116374185570936,1.0,0.07528776402206,19740,504648,0.0015540431916831895,0.11047619047619048,0.00306497212460697,525,37322,0.32732224464416504,0.4330710172653198,2651004,648,0.4393516664474018,1.324999994598329,0.32897695899009705,0.42905327677726746,2651004,648,0.5919372097917796,1.3028842275962234,0.32365846633911133,0.43817204236984253,2651002,648,0.5594380136612326,1.3304115999490023,0.32715076208114624,0.4342072904109955,2651001,648,0.8957816242123956,1.2959929825738072,0.322996586561203,0.4351961314678192,2651000,648,0.509311122176407,1.2550599025562406,6.5093487072736025,0.03531972598284483,6.544668433256447,4.060763772577047,10.605432205833495,0.01725512184202671
80,0.5103959520723531,0.8015655800668046,0.8177642991642534,0.6262203680523747,0.8177642991642534,0.6333996478049643,0.8804754392506703,0.8147676201730096,0.004038129258964453,0.1980952380952381,0.9999279851304509,0.7901436079724766,0.8827431360039398,2495335,1971815,0.7058620689655173,0.992725509214355,0.8250705360741637,6186,8700,0.6590958645250382,1.0,0.7945241485050926,18137,27518,0.979250327485129,0.8746667306032416,0.9240086320439302,208540,186268,0.9988596949684041,0.8687190082644628,0.9292549782306009,72600,63141,0.038506779651098146,1.0,0.0741579745180577,19740,512637,0.0020398556409854073,0.1980952380952381,0.004038129258964453,525,50984,0.3269564211368561,0.4288941025733948,2651004,648,0.43747202087799497,1.2926398161798716,0.32891207933425903,0.4250947833061218,2651004,648,0.8734846340386707,1.3039384754374623,0.32500937581062317,0.43590497970581055,2651002,648,0.7232776557302962,1.3791381120681763,0.3285711109638214,0.4338530898094177,2651001,648,0.8367079128947728,1.3273739228025079,0.3223104178905487,0.4321421980857849,2651000,648,0.4910202915449582,1.3061493327841163,6.609239659272134,0.10105482302606106,6.710294482298195,4.015269266441464,10.72556374873966,0.013741178438067436
81,0.5199280453937418,0.8142101044889817,0.8144494873542537,0.6277105868409949,0.8144494873542537,0.6437601757005954,0.8878115168193562,0.8120592262635,0.0030276270972625207,0.045714285714285714,0.999929343922997,0.7939971987729102,0.8851433758849026,2495335,1981429,0.7065930272695893,0.992725509214355,0.8255696713046985,6186,8691,0.6595992290068008,1.0,0.7948897751676381,18137,27497,0.9890958418114467,0.9999904095137624,0.9945132899515233,208540,210837,0.9987964209359411,0.8687190082644628,0.9292275958598843,72600,63145,0.038394585079794215,1.0,0.07394989463825802,19740,514135,0.001565659860395329,0.045714285714285714,0.0030276270972625207,525,15329,0.3269693851470947,0.42846107482910156,2651004,648,0.42102437689483535,1.3290783409029245,0.3291754126548767,0.4311954975128174,2651004,648,0.5012578762315143,1.281821446493268,0.3227126896381378,0.43525731563568115,2651002,648,0.4517610530019629,1.2906352188438177,0.3278551995754242,0.4308236837387085,2651001,648,0.6948054759569783,1.3438947964459658,0.3226105272769928,0.4329158663749695,2651000,648,0.45387918092834373,1.2932166447862983,6.538646447472274,0.011644578538835049,6.550291026011109,4.117696817964315,10.667987843975425,0.027087454684078693
82,0.5149510730993753,0.8060493509007066,0.8183718841991849,0.6275586238626355,0.8183718841991849,0.6372641545627354,0.8833724027631449,0.8134909029443751,0.00351450249116206,0.1619047619047619,0.9999286593936352,0.7919950627871608,0.8838976253022014,2495335,1976434,0.7058620689655173,0.992725509214355,0.8250705360741637,6186,8700,0.6591677266945303,1.0,0.7945763602908964,18137,27515,0.9882674664784756,0.9132588472235542,0.9492837418878909,208540,192712,0.9987964209359411,0.8687190082644628,0.9292275958598843,72600,63145,0.03911149152683417,1.0,0.07527872003294873,19740,504711,0.0017765330435146093,0.1619047619047619,0.00351450249116206,525,47846,0.32696735858917236,0.4294670820236206,2651004,648,0.5929959765567853,1.308057900518179,0.32948437333106995,0.4264633357524872,2651004,648,0.7382699163578657,1.3392990212887526,0.32380154728889465,0.4346446990966797,2651002,648,0.6903557018629881,1.3508500792086124,0.3262380063533783,0.4307146668434143,2651001,648,0.5790621726923233,1.2897655684500933,0.3222011923789978,0.4343719184398651,2651000,648,0.4325724233067608,1.2802064884454012,6.568179057911038,0.04901102278381586,6.617190080694854,4.302123561501503,10.919313642196357,0.0327843502163887
83,0.5095289489926139,0.8171643100490843,0.8149266062295035,0.626604138955907,0.8149266062295035,0.6436394775651991,0.889342699177082,0.8149625093086116,0.003028200113557504,0.045714285714285714,0.9999291373248285,0.7973370308996588,0.8872147526732409,2495335,1989764,0.7058620689655173,0.992725509214355,0.8250705360741637,6186,8700,0.660103362934925,1.0,0.7952557384956043,18137,27476,0.9807599151573868,0.9999904095137624,0.9902818108645223,208540,212629,0.99884387570872,0.8687190082644628,0.9292481324866291,72600,63142,0.03916464626824807,1.0,0.07537717224867593,19740,504026,0.001565966331723868,0.045714285714285714,0.003028200113557504,525,15326,0.32673585414886475,0.4330136775970459,2651004,648,0.46532434224984287,1.3261770941317081,0.32925036549568176,0.43195369839668274,2651004,648,0.596665086914867,1.2704641176387668,0.32496556639671326,0.43602192401885986,2651002,648,0.5680529469498484,1.2750934157520533,0.32630452513694763,0.43231290578842163,2651001,648,0.4461767276479318,1.2815926391631365,0.32381898164749146,0.43451905250549316,2651000,648,0.48608008691613336,1.2655981415882707,6.418925408273935,0.02722652442753315,6.4461519327014685,4.39233907405287,10.838491006754339,0.025662263855338097
84,0.5130805108521983,0.8145238160225419,0.8145001533255275,0.6276450346090172,0.8145001533255275,0.6437558041083188,0.8880092401754476,0.8125204869814778,0.0030184882404728965,0.045714285714285714,0.9999293754672569,0.794351860571827,0.8853637254728989,2495335,1982314,0.7058620689655173,0.992725509214355,0.8250705360741637,6186,8700,0.6597191910373927,1.0,0.7949768787393982,18137,27492,0.9891521404008063,0.9999904095137624,0.9945417476422687,208540,210825,0.9988280569500974,0.8687190082644628,0.9292412868435205,72600,63143,0.03846363685962136,1.0,0.07407796574550804,19740,513212,0.001560772582428302,0.045714285714285714,0.0030184882404728965,525,15377,0.3265256881713867,0.43041691184043884,2651004,648,0.4951780244099716,1.2465157713741064,0.3286651074886322,0.4274025857448578,2651004,648,0.5542566712886114,1.2050465708598495,0.32817986607551575,0.43711018562316895,2651002,648,1.1245985480032814,1.2290703374892473,0.326845645904541,0.43028461933135986,2651001,648,0.5717851225358851,1.2429183833301067,0.3248731791973114,0.4361822009086609,2651000,648,0.5630702293461314,1.3032662253826857,6.226817288435996,0.0363999055698514,6.263217194005847,4.3835841324180365,10.646801326423883,0.029917031526565552
85,0.5038162769687623,0.8036708148665946,0.819256107379718,0.6263660763735869,0.819256107379718,0.6331555188510992,0.8818126545173429,0.8128535415310176,0.004224693896625853,0.21523809523809523,0.9999292856792893,0.79334317837084,0.8847368077634358,2495335,1979797,0.7058620689655173,0.992725509214355,0.8250705360741637,6186,8700,0.6604275153854557,0.9999448640899818,0.7954734856791964,18137,27461,0.9782809160636601,0.8648220964802915,0.9180593238888861,208540,184354,0.9988122386925123,0.8687190082644628,0.929234441301273,72600,63144,0.03911722683830159,1.0,0.07528934335411355,19740,504637,0.0021332829903719084,0.21523809523809523,0.004224693896625853,525,52970,0.32575616240501404,0.43016985058784485,2651004,648,0.4755534497783091,1.2720931265503168,0.32840675115585327,0.4343622326850891,2651004,648,0.4480194823362659,1.2262051403522491,0.3242463767528534,0.4386579096317291,2651002,648,0.5935797098144358,1.3470627842471004,0.3272809386253357,0.43028387427330017,2651001,648,0.6240909175493388,1.3150700237601995,0.32362619042396545,0.4354816973209381,2651000,648,0.4457759220252271,1.304895294830203,6.465326369740069,0.102504201233387,6.567830570973456,4.366756168194115,10.934586739167571,0.02244597766548395
86,0.512553308772884,0.8079287842915951,0.8186650573587839,0.6264905016684502,0.8186650573587839,0.637462882888303,0.8841958374194215,0.8123163769891665,0.005013910544498456,0.15619047619047619,0.9999293087455685,0.7936020614466595,0.8848977764312708,2495335,1980443,0.7058620689655173,0.992725509214355,0.8250705360741637,6186,8700,0.6604275153854557,0.9999448640899818,0.7954734856791964,18137,27461,0.9793853398916147,0.9194734823055529,0.9484842563989682,208540,195783,0.9988280569500974,0.8687190082644628,0.9292412868435205,72600,63143,0.038453371877611525,1.0,0.07405892824650293,19740,513349,0.002547849863286105,0.15619047619047619,0.005013910544498456,525,32184,0.3271033465862274,0.43275225162506104,2651004,648,0.46231874757114894,1.2343963822349906,0.3290008306503296,0.430777907371521,2651004,648,0.5463135559149567,1.327934032306075,0.3238358795642853,0.43705472350120544,2651002,648,0.6341876148847293,1.3290446009486914,0.3261033296585083,0.4347301125526428,2651001,648,0.4483636086358227,1.2409393060952425,0.32333964109420776,0.43637606501579285,2651000,648,0.5249062396060172,1.3165873531252146,6.448901674710214,0.05678259488195181,6.505684269592166,4.264581496827304,10.77026576641947,0.011246299371123314
87,0.5259441131824245,0.8110361236172322,0.8139368736742697,0.6683021539530501,0.8139368736742697,0.6670656824707762,0.8858971948829543,0.8142439440757475,0.0019021954505825474,0.045714285714285714,0.9999285162405018,0.7904089030130222,0.8829088786432551,2495335,1972476,0.9990239141044412,0.992725509214355,0.9958647531014352,6186,6147,0.660271578870727,1.0,0.7953778011665131,18137,27469,0.980723016220131,0.9999904095137624,0.9902630010660601,208540,212637,0.9988280569500974,0.8687190082644628,0.9292412868435205,72600,63143,0.03836868928359009,1.0,0.07390186102406865,19740,514482,0.0009713060018616698,0.045714285714285714,0.0019021954505825474,525,24709,0.3258730471134186,0.4281253516674042,2651004,648,0.519438839848898,1.2673429101705551,0.328178733587265,0.4305342435836792,2651004,648,0.5453199224815277,1.2780769802629948,0.323352187871933,0.43680766224861145,2651002,648,0.5762514831213318,1.3174081621691585,0.3271534740924835,0.42767468094825745,2651001,648,0.6678347477573027,1.259982516989112,0.323058158159256,0.43175745010375977,2651000,648,0.7856247994198534,1.256823280826211,6.379633850418031,0.02290651760995388,6.402540368027985,4.636947818100452,11.039488186128438,0.02031125035136938
88,0.515348820981691,0.8103307157621081,0.8189298330093774,0.62779290831922,0.8189298330093774,0.6353211778415984,0.8862223012736103,0.8130587329320024,0.004904995475975046,0.1961904761904762,0.9999293766563303,0.8000392732839479,0.8888852279309913,2495335,1996507,0.7058620689655173,0.992725509214355,0.8250705360741637,6186,8700,0.6597911892029539,1.0,0.7950291500460264,18137,27489,0.9881222546592934,0.8748345641124005,0.928033858041412,208540,184631,0.9988122386925123,0.8687190082644628,0.929234441301273,72600,63144,0.03954968654769704,1.0,0.07609003602134684,19740,499119,0.002483543510235575,0.1961904761904762,0.004904995475975046,525,41473,0.3271026611328125,0.42872321605682373,2651004,648,0.5289824344012505,1.3238805467262864,0.32829341292381287,0.42964211106300354,2651004,648,0.5052103123163187,1.3424656577408314,0.32338130474090576,0.43757718801498413,2651002,648,0.7206928205916482,1.4068471156060696,0.32894670963287354,0.4295445382595062,2651001,648,0.6890681548897535,1.2976999506354332,0.3236423432826996,0.4354228675365448,2651000,648,0.49077199698535173,1.29772272054106,6.6686159912496805,0.050709981471300125,6.719325972720981,4.541284820996225,11.260610793717206,0.01626952737569809
89,0.5125468573929595,0.8135802000876975,0.8143399353550216,0.627673815280683,0.8143399353550216,0.6436493262921894,0.8874189234539335,0.8125503711268681,0.003024955886059995,0.045714285714285714,0.9999302907431663,0.7932854706883044,0.8847013152666846,2495335,1979651,0.7058620689655173,0.992725509214355,0.8250705360741637,6186,8700,0.6601871064031161,0.9999448640899818,0.7952990703385371,18137,27471,0.9890348589044344,0.9999904095137624,0.9944824626242876,208540,210850,0.9988755147291732,0.8687190082644628,0.9292618240754383,72600,63140,0.038262635973855805,1.0,0.07370511978015414,19740,515908,0.0015642312455191292,0.045714285714285714,0.003024955886059995,525,15343,0.32576170563697815,0.4269106984138489,2651004,648,0.454104811133793,1.2689734688028693,0.32944369316101074,0.42570701241493225,2651004,648,0.7113332892834803,1.2687186384573579,0.32223227620124817,0.4340011775493622,2651002,648,0.521885420768739,1.2845127740874887,0.32671061158180237,0.4302533268928528,2651001,648,0.5579632914243299,1.2681395402178168,0.32256585359573364,0.43282005190849304,2651000,648,0.46858601887006096,1.378742483444512,6.469086905010045,0.0394350616261363,6.508521966636181,4.056625766679645,10.565147733315825,0.018393592908978462
90,0.5256357660791394,0.8107234755125994,0.813886379452051,0.6263618317499349,0.813886379452051,0.6426079071756716,0.8853287785921451,0.8131518931871939,0.0019037797961369135,0.045714285714285714,0.9999284842619728,0.7900554434574917,0.8826883077837145,2495335,1971594,0.7058620689655173,0.992725509214355,0.8250705360741637,6186,8700,0.6596232179226069,1.0,0.7949071943549624,18137,27496,0.9807783656672545,0.9999904095137624,0.9902912160317215,208540,212625,0.9988755147291732,0.8687190082644628,0.9292618240754383,72600,63140,0.03849303849303849,1.0,0.07413249211356467,19740,512820,0.0009721322099805574,0.045714285714285714,0.0019037797961369135,525,24688,0.32606443762779236,0.42984846234321594,2651004,648,0.43187697773117334,1.281646877527237,0.3289766311645508,0.42937353253364563,2651004,648,0.6378917017444066,1.2944601038470864,0.3236648738384247,0.4346066117286682,2651002,648,0.6718824883115778,1.3406666396185756,0.3276571035385132,0.4362684190273285,2651001,648,0.6244666338283507,1.3096066499128938,0.3226121962070465,0.432413786649704,2651000,648,0.5110343177772312,1.2846493544057012,6.511029625311494,0.08125587087124586,6.59228549618274,4.375657150521874,10.967942646704614,0.02160145714879036
91,0.5150101613214153,0.7927252953939703,0.8109795839430598,0.6272003168224798,0.8109795839430598,0.6405440709494518,0.8742375806204299,0.8124723957854404,0.0030272452068617556,0.045714285714285714,0.9999401289258505,0.7697078748945533,0.8698473255649914,2495335,1920794,0.7058620689655173,0.992725509214355,0.8250705360741637,6186,8700,0.6606323304436512,1.0,0.7956394902502687,18137,27454,0.9892178301891268,0.9999904095137624,0.99457495033993,208540,210811,0.99884387570872,0.8687190082644628,0.9292481324866291,72600,63142,0.03434052791168187,1.0,0.06640081672331816,19740,574831,0.001565455612810645,0.045714285714285714,0.0030272452068617556,525,15331,0.3250375986099243,0.4300993084907532,2651004,648,0.47979679527389824,1.3096789298579097,0.32935014367103577,0.4312509596347809,2651004,648,0.7920509617460073,1.2493475480005145,0.3214208781719208,0.4392516314983368,2651002,648,0.4738346097640791,1.3481754232198,0.32680174708366394,0.4325030446052551,2651001,648,0.5731935273301915,1.3049906743690372,0.3227100074291229,0.43431609869003296,2651000,648,0.44660313791466194,1.3338729972019792,6.5460655726492405,0.04040227085351944,6.58646784350276,4.379365425556898,10.965833269059658,0.017265591770410538
92,0.5127367066467048,0.8140133701374269,0.8143716410353347,0.6279005421626291,0.8143716410353347,0.6438305523967675,0.8877258570120488,0.8128768316577223,0.0030272452068617556,0.045714285714285714,0.999936896127492,0.7937755852420617,0.8850086099893749,2495335,1980861,0.7057944355024144,0.9924021985127708,0.8249126578876647,6186,8698,0.6609453008272294,1.0,0.7958664267848523,18137,27441,0.9898658109961884,0.9999904095137624,0.9949023527419235,208540,210673,0.9988596949684041,0.8687190082644628,0.9292549782306009,72600,63141,0.038336201103865084,1.0,0.07384159593609373,19740,514918,0.001565455612810645,0.045714285714285714,0.0030272452068617556,525,15331,0.32612621784210205,0.4301464557647705,2651004,648,0.47843523849539943,1.3161330530419946,0.3282947540283203,0.42880621552467346,2651004,648,0.5079109134645049,1.3063121223822236,0.32325926423072815,0.4369359016418457,2651002,648,0.5618663199150623,1.2279862882569432,0.3257279694080353,0.43295231461524963,2651001,648,0.399875113397965,1.2405598862096667,0.32281872630119324,0.43782082200050354,2651000,648,0.49227051895725654,1.2529157539829612,6.343907103873789,0.04594428464770317,6.3898513885214925,4.423853132873774,10.813704521395266,0.012528889812529087
93,0.517276229150322,0.8173847943133492,0.8149622155336077,0.6697427563110924,0.8149622155336077,0.668670308790827,0.8901553800593761,0.813267022003855,0.0030366293414310114,0.045714285714285714,0.9999045434791892,0.7975862960283889,0.8873593608232254,2495335,1990435,0.9990239141044412,0.992725509214355,0.9958647531014352,6186,6147,0.6609212156548356,1.0,0.7958489655323724,18137,27442,0.9890114059424723,0.9999904095137624,0.994470606468842,208540,210855,0.9988913349910515,0.8687190082644628,0.9292686700211436,72600,63139,0.03887640493694893,1.0,0.07484317624733888,19740,507763,0.0015704750687082843,0.045714285714285714,0.0030366293414310114,525,15282,0.32711732387542725,0.43318605422973633,2651004,648,0.5797178856917024,1.2748567229136825,0.32881367206573486,0.4296266436576843,2651004,648,0.5904702493329834,1.2892169198021293,0.3231898248195648,0.43742403388023376,2651002,648,0.6399561826086334,1.3990740235894918,0.3258199393749237,0.43002888560295105,2651001,648,0.4228003017385512,1.2499810978770256,0.3224917948246002,0.4324481189250946,2651000,648,0.5220693763160089,1.2856047227978706,6.4987334869802,0.03558324556797743,6.534316732548177,4.2879155138507485,10.822232246398926,0.01566165406256914
94,0.5161453596384915,0.8023390473732773,0.8182260184370322,0.6681433630030057,0.8182260184370322,0.6585139352317225,0.8812691222033537,0.8124931618676825,0.00502925432590564,0.19238095238095237,0.9999401661555437,0.7902786599795217,0.8828321577593368,2495335,1972128,0.9990239141044412,0.992725509214355,0.9958647531014352,6186,6147,0.6602592107179263,0.9999448640899818,0.7953513869093302,18137,27468,0.9787050955853841,0.8835331351299511,0.9286871756875613,208540,188261,0.9988755147291732,0.8687190082644628,0.9292618240754383,72600,63140,0.03765170834612868,1.0,0.07257099476305055,19740,524279,0.0025479313824419776,0.19238095238095237,0.00502925432590564,525,39640,0.32631486654281616,0.4277190864086151,2651004,648,0.5642620738892573,1.3176347212865949,0.3278002142906189,0.4321196675300598,2651004,648,0.5770397635636457,1.3167666429653764,0.3238515555858612,0.43724673986434937,2651002,648,0.5979484938731684,1.378047063946724,0.32582956552505493,0.43317750096321106,2651001,648,0.5356994811428791,1.3950623478740454,0.32260870933532715,0.43448132276535034,2651000,648,0.5297633935703863,1.3145001651719213,6.722010941244662,0.024215737357735634,6.746226678602397,4.364673629403114,11.110900308005512,0.029551811516284943
95,0.5075454051861397,0.7999966679226944,0.818338724525392,0.6680189231911305,0.818338724525392,0.655648171818017,0.879970156966087,0.8126656718665007,0.004488162471481468,0.22857142857142856,0.9999295483746709,0.7906136851364647,0.8830370251011566,2495335,1972985,0.9975633528265108,0.992725509214355,0.9951385512882839,6186,6156,0.6605601485959864,1.0,0.7955871386585954,18137,27457,0.9788438006965323,0.847741440491033,0.9085877131895495,208540,180609,0.99884387570872,0.8687190082644628,0.9292481324866291,72600,63142,0.03812540438229699,1.0,0.07345047953042297,19740,517765,0.002266331753196472,0.22857142857142856,0.004488162471481468,525,52949,0.3262520134449005,0.4298013150691986,2651004,648,0.3850661050894455,1.2854276932775974,0.32802098989486694,0.43221548199653625,2651004,648,0.5165380749198557,1.2400437463074923,0.3240858018398285,0.43659642338752747,2651002,648,0.731536643952937,1.2339098127558827,0.32530638575553894,0.4321424067020416,2651001,648,0.48908497716150456,1.3111382080242038,0.32319578528404236,0.4364224672317505,2651000,648,0.5239162461837679,1.2295335568487644,6.300053017213941,0.09518340788781643,6.395236425101757,4.284339397214353,10.67957582231611,0.017857653088867664
96,0.5174216509007175,0.8191653288139967,0.8152497807016399,0.668488584246057,0.8152497807016399,0.6682990791334695,0.8909890415161765,0.8138460559112669,0.003033367037411527,0.045714285714285714,0.9999293377949082,0.7995992522046138,0.8886135571299544,2495335,1995409,0.9975633528265108,0.992725509214355,0.9951385512882839,6186,6156,0.6605120361265887,1.0,0.7955522414246864,18137,27459,0.9815816352947268,0.9999904095137624,0.9907005137877056,208540,212451,0.9988755147291732,0.8687190082644628,0.9292618240754383,72600,63140,0.03938948296813922,1.0,0.07579349919080648,19740,501149,0.0015687299823517876,0.045714285714285714,0.003033367037411527,525,15299,0.3262149393558502,0.42869114875793457,2651004,648,0.5019025997512081,1.2628271849825978,0.3279767334461212,0.426935613155365,2651004,648,0.5741599838075749,1.2932232143357396,0.32251614332199097,0.43601399660110474,2651002,648,0.6175922927649451,1.2735279947519302,0.3253249526023865,0.42785874009132385,2651001,648,0.5537447271515793,1.2264382084831595,0.3230231702327728,0.4361184537410736,2651000,648,0.4739104700788877,1.2690779091790318,6.325094511732459,0.05332878790795803,6.378423299640417,4.36520959995687,10.743632899597287,0.018960044719278812
97,0.5144949028104698,0.821577894573783,0.8156394220581253,0.62680140780315,0.8156394220581253,0.6443806683581109,0.8920828455362438,0.8133965863000402,0.003026100113478754,0.045714285714285714,0.9999295779923735,0.8023267417000122,0.8902953830418784,2495335,2002215,0.7058620689655173,0.992725509214355,0.8250705360741637,6186,8700,0.6604639306653072,1.0,0.7955173472520725,18137,27461,0.9807737529747068,0.9999904095137624,0.9902888647231732,208540,212626,0.9988596949684041,0.8687190082644628,0.9292549782306009,72600,63141,0.040155985866069416,1.0,0.07721146907140887,19740,491583,0.001564843189672035,0.045714285714285714,0.003026100113478754,525,15337,0.32521873712539673,0.43115702271461487,2651004,648,0.46347816392056845,1.2293551061302423,0.32762619853019714,0.4296172261238098,2651004,648,0.5346398815960102,1.1889121159911156,0.32336318492889404,0.4338766932487488,2651002,648,0.9466224648738063,1.303012236021459,0.32623887062072754,0.4289108216762543,2651001,648,0.6293770041653667,1.295759524218738,0.32309186458587646,0.43591171503067017,2651000,648,0.5352641582246693,1.3127531567588449,6.3297921391204,0.0706122424453497,6.40040438156575,4.3606060249730945,10.761010406538844,0.013508327305316925
98,0.5078209321106901,0.7979417687587976,0.8219734866765543,0.6262474933661769,0.8219734866765543,0.6265244946372882,0.878402578978646,0.8122318278414236,0.005418174009283579,0.31238095238095237,0.9999302992284428,0.7933820509069924,0.8847613763502946,2495335,1979892,0.7058620689655173,0.992725509214355,0.8250705360741637,6186,8700,0.6603677407609685,1.0,0.7954475680891189,18137,27465,0.9775631093418512,0.7866068859691187,0.8717503135429288,208540,167804,0.9988755147291732,0.8687190082644628,0.9292618240754383,72600,63140,0.038400933761307265,1.0,0.07396167031978867,19740,514050,0.0027327867759781377,0.31238095238095237,0.005418174009283579,525,60012,0.3261352777481079,0.43045729398727417,2651004,648,0.4338997229014614,1.2932972852140665,0.3268453776836395,0.4293433725833893,2651004,648,0.4181468064350371,1.2621024660766125,0.3239266872406006,0.43723392486572266,2651002,648,0.6039186277626967,1.3090774798765779,0.32655495405197144,0.431179016828537,2651001,648,0.8345982177815348,1.2944974349811673,0.3229990601539612,0.4371093809604645,2651000,648,0.7867253196814544,1.239554007537663,6.398528673686087,0.09832974523305893,6.496858418919146,4.333391590043902,10.830250008963048,0.01768853235989809
99,0.5116516999139493,0.8214300779528851,0.8156155489394574,0.6685586930589278,0.8156155489394574,0.6686567298942964,0.8923920030927494,0.8131446204051623,0.0030262909022129754,0.045714285714285714,0.999929563322573,0.8021596298693362,0.890192484856463,2495335,2001798,0.9975633528265108,0.992725509214355,0.9951385512882839,6186,6156,0.6604879825200292,1.0,0.7955347939557427,18137,27460,0.9815723948355636,0.9999904095137624,0.990695807293708,208540,212453,0.9988913349910515,0.8687190082644628,0.9292686700211436,72600,63139,0.03990127768984943,1.0,0.07674051094252042,19740,494721,0.001564945226917058,0.045714285714285714,0.0030262909022129754,525,15336,0.32544055581092834,0.4265146255493164,2651004,648,0.40979363187340473,1.3047290639951825,0.3286270797252655,0.42844030261039734,2651004,648,0.6393558096735464,1.2781908605247736,0.3221728205680847,0.43377748131752014,2651002,648,0.5195162364710293,1.3704433608800173,0.32552796602249146,0.4268263280391693,2651001,648,0.4632661934109822,1.344546826556325,0.32167232036590576,0.43121615052223206,2651000,648,0.5506137762799188,1.2967909825965762,6.594701094552875,0.022184858098626137,6.616885952651501,4.2993303732946515,10.916216325946152,0.016327133402228355
100,0.5167474856606831,0.8101254739791348,0.8137897992333629,0.6684009378688393,0.8137897992333629,0.6669730361615149,0.8853545783107135,0.8131517200446269,0.003038551623726024,0.045714285714285714,0.9999411132240408,0.7893793819266752,0.8822711191863688,2495335,1969882,0.9990239141044412,0.992725509214355,0.9958647531014352,6186,6147,0.6603436976625646,1.0,0.7954301252110607,18137,27466,0.9815723948355636,0.9999904095137624,0.990695807293708,208540,212453,0.9988755147291732,0.8687190082644628,0.9292618240754383,72600,63140,0.03747842712116696,1.0,0.07224907263886626,19740,526703,0.001571503404924044,0.045714285714285714,0.003038551623726024,525,15272,0.32545414566993713,0.42657271027565,2651004,648,0.5231127630147578,1.34600945468992,0.32796457409858704,0.431071400642395,2651004,648,0.5501639063331373,1.333063437603414,0.3229342997074127,0.4347197711467743,2651002,648,0.6078721997847556,1.3473129235208035,0.32549819350242615,0.4309232532978058,2651001,648,0.4035719878317777,1.3506907699629664,0.3223857879638672,0.4337257444858551,2651000,648,0.4588708623061233,1.3181001022458076,6.6951766880229115,0.07653775718063116,6.771714445203543,4.32726988568902,11.098984330892563,0.011603498831391335
