round,val_loss,accuracy,balanced_accuracy,macro_precision,macro_recall,macro_f1,weighted_f1,macro_pr_auc,worst_class_f1,worst_class_recall,precision_c0,recall_c0,f1_c0,support_c0,predicted_count_c0,precision_c1,recall_c1,f1_c1,support_c1,predicted_count_c1,precision_c2,recall_c2,f1_c2,support_c2,predicted_count_c2,precision_c3,recall_c3,f1_c3,support_c3,predicted_count_c3,precision_c4,recall_c4,f1_c4,support_c4,predicted_count_c4,precision_c5,recall_c5,f1_c5,support_c5,predicted_count_c5,precision_c6,recall_c6,f1_c6,support_c6,predicted_count_c6,precision_c7,recall_c7,f1_c7,support_c7,predicted_count_c7,precision_c8,recall_c8,f1_c8,support_c8,predicted_count_c8,precision_c9,recall_c9,f1_c9,support_c9,predicted_count_c9,train_loss_client_0,train_accuracy_client_0,train_samples_client_0,train_batches_client_0,update_l2_client_0,train_seconds_client_0,train_loss_client_1,train_accuracy_client_1,train_samples_client_1,train_batches_client_1,update_l2_client_1,train_seconds_client_1,train_loss_client_2,train_accuracy_client_2,train_samples_client_2,train_batches_client_2,update_l2_client_2,train_seconds_client_2,train_loss_client_3,train_accuracy_client_3,train_samples_client_3,train_batches_client_3,update_l2_client_3,train_seconds_client_3,train_loss_client_4,train_accuracy_client_4,train_samples_client_4,train_batches_client_4,update_l2_client_4,train_seconds_client_4,round_train_seconds,aggregation_seconds,fl_round_seconds,validation_seconds,round_total_seconds,round_orchestration_seconds
1,1.9083462239559872,0.8276603577823518,0.3568973063293588,0.2168179824172905,0.3568973063293588,0.2116475556879073,0.8846707515988745,0.2431316382491367,0.0,0.0,0.9974381046776024,0.8447502643166688,0.9147664991782848,344284,291581,0.1437403400309119,0.2695652173913043,0.1875,345,647,0.1177094379639448,0.3415384615384615,0.1750788643533123,325,943,0.0794223826714801,0.0253164556962025,0.0383944153577661,869,277,0.0626158197600702,0.542573420663427,0.112274565526287,4733,41012,0.4737417943107221,0.1293695847027188,0.2032386763670499,3347,914,0.1236960864097063,0.6731078904991948,0.2089869383163552,2484,13517,0.1098863636363636,0.504434011476265,0.1804609498926938,1917,8800,0.0599294947121034,0.2383177570093458,0.0957746478873239,214,851,0.0,0.0,0.0,24,0,2.0971529483795166,0.4633263647556305,334641,82,1.692821286296454,2.291962334071286,2.097449779510498,0.4100466072559356,334640,82,1.718985087941511,1.1707839159062132,2.10461163520813,0.4485683143138885,334638,82,1.7295131679384568,1.1979844579473138,2.101698875427246,0.3850698471069336,334638,82,1.684799288792144,1.169168916065246,2.104158878326416,0.3797701299190521,334634,82,1.7709604740373353,1.201352542033419,7.031252166023478,0.0021846250165253,7.033436791040003,1.551388500025496,8.5848252910655,0.5097065420122817
2,1.6677884807449332,0.924257130266468,0.4490804347795279,0.2470960033429622,0.4490804347795279,0.2708449329107127,0.9420486146052166,0.2606174161649434,0.0,0.0,0.9962056018668808,0.9448449535848312,0.9698457703877952,344284,326534,0.0,0.0,0.0,345,2,0.1187762447510498,0.6092307692307692,0.1987951807228915,325,1667,0.075,0.0103567318757192,0.0182002022244691,869,120,0.1236567937598865,0.478977392774139,0.1965663747507153,4733,18333,0.272608125819135,0.1242904093217807,0.1707367124974348,3347,1526,0.4646233171011171,0.6529790660225443,0.5429288702928871,2484,3491,0.3404255319148936,0.7678664580073031,0.4717192757570902,1917,4324,0.0704747774480712,0.4439252336448598,0.1216389244558258,214,1348,0.0091896407685881,0.4583333333333333,0.018018018018018,24,1197,1.8350207805633545,0.8488947749137878,334641,82,1.4829200666421147,1.1701324169989675,1.8334500789642336,0.8264045119285583,334640,82,1.6608257054666795,1.2090714590158314,1.8338065147399905,0.8420352935791016,334638,82,1.5821187148228906,1.1365992079954594,1.849792003631592,0.8244879245758057,334638,82,1.5285131058646584,1.1635410420130938,1.833714246749878,0.8404375910758972,334634,82,1.5689869571583437,1.1482742499792948,5.827618376002647,0.0012021251022815,5.8288205011049286,1.4494173750281334,7.278237876133062,0.0173416649922728
3,1.5342985932491626,0.9486475782474576,0.4653832609959757,0.292940453083944,0.4653832609959757,0.3306607498318475,0.9575164298262286,0.2944710767615787,0.0291828793774319,0.0172612197928653,0.998396393534019,0.967480336001673,0.9826952664598536,344284,333623,0.1589147286821705,0.2376811594202898,0.1904761904761904,345,516,0.115727002967359,0.48,0.1864913329348475,325,1348,0.0943396226415094,0.0172612197928653,0.0291828793774319,869,159,0.2489935235427971,0.6010986689203465,0.3521257503558389,4733,11426,0.2568002339865458,0.2623244696743352,0.2595329589122081,3347,3419,0.4675738274464389,0.6501610305958132,0.5439541933310879,2484,3454,0.3446130878327942,0.7224830464267084,0.466644204851752,1917,4019,0.2091254752851711,0.2570093457943925,0.230607966457023,214,263,0.0349206349206349,0.4583333333333333,0.0648967551622418,24,315,1.6401656866073608,0.893076479434967,334641,82,1.4231213861655372,1.158646999974735,1.6489664316177368,0.8957087993621826,334640,82,1.6530497442794163,1.160808667074889,1.6519384384155271,0.9033492803573608,334638,82,1.409061842000524,1.1547155410517007,1.674237847328186,0.9049659371376038,334638,82,1.3266445765529955,1.237299625063315,1.6609458923339844,0.8965975046157837,334634,82,1.3610288394995709,1.1433379580266774,5.854808791191317,0.0011965000303462,5.856005291221663,1.4805461250944063,7.33655141631607,0.0164295417489483
4,1.4437675975283089,0.9630085178305472,0.4886936922012392,0.2977995709700993,0.4886936922012392,0.3231986013397997,0.9679464466615498,0.3282273450027945,0.0321285140562249,0.0184119677790563,0.9998197910758178,0.983011118727562,0.9913442104338148,344284,338496,0.1450617283950617,0.6811594202898551,0.2391857506361323,345,1620,0.075,0.0646153846153846,0.0694214876033057,325,280,0.1259842519685039,0.0184119677790563,0.0321285140562249,869,127,0.4953531598513011,0.6756813860130995,0.5716328536955939,4733,6456,0.2474164133738602,0.2432028682402151,0.2452915473858671,3347,3290,0.4661870503597122,0.6521739130434783,0.5437153884880014,2484,3475,0.3304597701149425,0.4199269692227438,0.3698598667585573,1917,2436,0.0654761904761904,0.5654205607476636,0.1173617846750727,214,1848,0.0272373540856031,0.5833333333333334,0.0520446096654275,24,514,1.5200505256652832,0.9242262840270996,334641,82,1.2078101752778216,1.1730177499121055,1.5425386428833008,0.8893497586250305,334640,82,1.5027427848370376,1.1398359169252217,1.5330716371536257,0.925405979156494,334638,82,1.2490691582257964,1.1480505840154365,1.5203207731246948,0.9275366067886353,334638,82,1.1664747150276775,1.1392276249825954,1.526980996131897,0.9226916432380676,334634,82,1.1887564940675064,1.15776824997738,5.757900125812739,0.0011870419839397,5.759087167796679,1.4531622499926016,7.21224941778928,0.0172074572183191
5,1.370496190527497,0.9649050878279252,0.5157547742021851,0.3316922961071192,0.5157547742021851,0.3555244499596832,0.9694752343778292,0.344888942363296,0.0193548387096774,0.0195627157652474,0.9998936964975949,0.9835397520651556,0.991649302937167,344284,338653,0.1412037037037037,0.7072463768115942,0.2354076218041485,345,1728,0.0724907063197026,0.12,0.0903823870220162,325,538,0.2048192771084337,0.0195627157652474,0.0357142857142857,869,83,0.5161395500489078,0.6689203465032749,0.5826815128370295,4733,6134,0.2927470875610672,0.2327457424559307,0.2593209054593874,3347,2661,0.4655765920826162,0.6533816425120773,0.5437185929648242,2484,3486,0.4196620583717358,0.7125717266562337,0.5282289249806651,1917,3255,0.1945606694560669,0.4345794392523364,0.26878612716763,214,478,0.009829619921363,0.625,0.0193548387096774,24,1526,1.4346503019332886,0.9372850060462952,334641,82,1.017427256290454,1.1888775000115857,1.4404772520065308,0.9366662502288818,334640,82,1.2751224080251669,1.1395399590255693,1.433909893035889,0.9393463730812072,334638,82,1.0825556568153951,1.1874889170285314,1.4819566011428833,0.9377865195274352,334638,82,1.1356830903403363,1.2429662080248818,1.4712567329406738,0.935646116733551,334634,82,1.2406945658885111,1.1981140830321235,5.956986667122692,0.0013030830305069,5.958289750153199,1.481848124996759,7.440137875149958,0.0163418328156694
6,1.3410439950872532,0.9634073553447016,0.5067216610865342,0.3171196527041899,0.5067216610865342,0.3417294474894871,0.9695607529155648,0.3635253088531622,0.0268096514745308,0.0461538461538461,0.999905533939884,0.98382149620662,0.9917983104695256,344284,338746,0.1439220183486238,0.7275362318840579,0.2403063666826232,345,1744,0.087719298245614,0.0461538461538461,0.0604838709677419,325,171,0.0903857225100748,0.1806674338319908,0.1204911742133538,869,1737,0.6179525222551929,0.5279949292203676,0.5694428620257491,4733,4044,0.326984126984127,0.3692859276964446,0.3468500070155745,3347,3780,0.4676860934795153,0.6525764895330113,0.5448739495798319,2484,3466,0.3421841541755888,0.4167970787689097,0.3758231420507996,1917,2335,0.0807584269662921,0.5373831775700935,0.1404151404151404,214,1424,0.0136986301369863,0.625,0.0268096514745308,24,1095,1.401673436164856,0.9433273077011108,334641,82,1.0431761258657513,1.191434875014238,1.3788341283798218,0.9408618211746216,334640,82,1.041519500642054,1.1775918749626726,1.3952209949493408,0.9436376094818116,334638,82,0.9990799201313024,1.2150115419644862,1.4155471324920654,0.943574845790863,334638,82,1.2120437149270196,1.1959317920263857,1.418411135673523,0.9436249732971193,334634,82,1.2935946673199814,1.1726084590191022,5.952578542986885,0.0011987499892711,5.953777292976156,1.4745044589508325,7.428281751926988,0.0175928740063682
7,1.31310473977182,0.9664279219728792,0.5361565152181218,0.3320256239636593,0.5361565152181218,0.3746770003288777,0.9710789867334348,0.3881305518329866,0.0372670807453416,0.0598388952819332,0.99991439013302,0.983830209942954,0.9918070948567412,344284,338746,0.1485676215856096,0.6463768115942029,0.2416034669555796,345,1501,0.0946196660482374,0.1569230769230769,0.1180555555555555,325,539,0.0884353741496598,0.0598388952819332,0.0713795470144131,869,588,0.5716908389939416,0.6579336572998098,0.6117878192534381,4733,5447,0.3283783783783783,0.3630116522258739,0.3448275862068966,3347,3700,0.4675287356321839,0.6549919484702094,0.54560697518444,2484,3480,0.4554715741045021,0.7230046948356808,0.5588709677419355,1917,3043,0.1464435146443514,0.4906542056074766,0.225563909774436,214,717,0.0192061459667093,0.625,0.0372670807453416,24,781,1.350408673286438,0.9462199807167052,334641,82,0.9624958007468544,1.1425597500056028,1.3401862382888794,0.9444836378097534,334640,82,1.162192748188502,1.1667774169472978,1.3645470142364502,0.9476479291915894,334638,82,0.9517464346648872,1.1384189579403028,1.3709726333618164,0.9471668004989624,334638,82,0.9545349561419046,1.1702374999877063,1.3772958517074585,0.9471840858459472,334634,82,0.9547515412673816,1.1917947919573637,5.809788416838273,0.0012819999828934,5.811070416821167,1.5234997080406174,7.334570124861784,0.0196213742019608
8,1.2863906769561393,0.9653457614449632,0.5197209193642907,0.3343674420653402,0.5197209193642907,0.3479468226247015,0.9704125418208626,0.4041038995319068,0.0298804780876494,0.0207134637514384,0.9999143936710356,0.9838708740458458,0.9918277592658744,344284,338760,0.1484141232794733,0.7188405797101449,0.246031746031746,345,1671,0.1044776119402985,0.0861538461538461,0.0944350758853288,325,268,0.2142857142857142,0.0207134637514384,0.0377754459601259,869,84,0.5715587967183227,0.6623705894781322,0.6136230182031709,4733,5485,0.3309608540925267,0.4167911562593367,0.3689500132240148,3347,4215,0.4666283084004603,0.6529790660225443,0.5442953020134228,2484,3476,0.4138830897703549,0.4136671883150756,0.4137751108792069,1917,1916,0.0782454060462359,0.616822429906542,0.1388742766964755,214,1687,0.0153061224489795,0.625,0.0298804780876494,24,980,1.3304299116134644,0.9505260586738586,334641,82,0.9261805321181428,1.145264666993171,1.3220833539962769,0.9473822712898254,334640,82,1.3650665855443949,1.1734367499593643,1.315789818763733,0.9486579298973083,334638,82,0.9491826372380608,1.1923995829420164,1.3991388082504272,0.949700891971588,334638,82,1.2439291001705526,1.172339665936306,1.3946079015731812,0.9484780430793762,334634,82,1.0213577023750455,1.1915096249431372,5.874950290773995,0.0012357919476926,5.876186082721688,1.4642229579621926,7.34040904068388,0.0169867092045024
9,1.2567785882201028,0.9647488997104942,0.5097486448455035,0.3211106821687153,0.5097486448455035,0.3438564246400565,0.9703161035147314,0.3905242609866112,0.0318133616118769,0.0632911392405063,0.9999143888693722,0.9838156870490642,0.9917997145053256,344284,338741,0.1419753086419753,0.0666666666666666,0.0907297830374753,345,162,0.1165745856353591,0.6492307692307693,0.1976580796252927,325,1810,0.0901639344262295,0.0632911392405063,0.0743745774171737,869,610,0.6046231155778894,0.6355377139235158,0.6196950968273589,4733,4975,0.3365979381443299,0.3902001792650134,0.3614224436142244,3347,3880,0.4682379994251222,0.6557971014492754,0.5463692772094584,2484,3479,0.3612588652482269,0.4251434533124674,0.3906062784567457,1917,2256,0.075438596491228,0.602803738317757,0.1340956340956341,214,1710,0.0163220892274211,0.625,0.0318133616118769,24,919,1.3028908967971802,0.9517005085945128,334641,82,0.8145856880919616,1.1835880419239402,1.2851576805114746,0.9518288373947144,334640,82,0.8532091399025239,1.15413250005804,1.31599760055542,0.9523365497589112,334638,82,0.9854478317629388,1.1844164159847423,1.344024896621704,0.9382287859916688,334638,82,1.285023396337052,1.1588288750499487,1.3818323612213137,0.9384103417396544,334634,82,1.8889220264630568,1.1626304580131546,5.843596291029826,0.0020243750186637,5.8456206660484895,1.4898798340000212,7.335500500048511,0.0196257919305935
10,1.2439832161375648,0.9653875975478464,0.5236447699291502,0.3352915985677849,0.5236447699291502,0.3568856149453815,0.9707934975742062,0.4220872762604016,0.0276100086281276,0.0322209436133486,0.9999143931656228,0.98386506488829,0.99182480725929,344284,338758,0.1308810949529512,0.4434782608695652,0.202113606340819,345,1169,0.1183496199782844,0.3353846153846154,0.174959871589085,325,921,0.1590909090909091,0.0322209436133486,0.0535885167464114,869,176,0.5832705350414469,0.6541305725755335,0.6166716462503735,4733,5308,0.351045924501082,0.4362115327158649,0.3890221156408207,3347,4159,0.4674351585014409,0.6529790660225443,0.5448438024857238,2484,3470,0.4506880733944954,0.4100156494522691,0.4293908768096148,1917,1744,0.0781433607520564,0.6214953271028038,0.138830897703549,214,1702,0.0140969162995594,0.6666666666666666,0.0276100086281276,24,1135,1.3030695915222168,0.9524176716804504,334641,82,1.0539806402962335,1.1891185420099646,1.3128784894943235,0.9518916010856628,334640,82,1.3531939905693682,1.1636364589212462,1.2861034870147705,0.9542461037635804,334638,82,0.9187448079646114,1.1585449170088395,1.3197338581085205,0.954240083694458,334638,82,1.083444646440789,1.198505875072442,1.3457447290420532,0.9533161520957948,334634,82,1.2136444221521925,1.1687654169509187,5.878571209963411,0.0011972499778494,5.8797684599412605,1.493239542003721,7.373008001944981,0.0185343730263412
11,1.226420570885336,0.9666538369284492,0.5472395876818335,0.3487330129942475,0.5472395876818335,0.3746822089002515,0.9716096866945754,0.4127643853104206,0.0284629981024667,0.0241657077100115,0.9999143951872383,0.9838883015185138,0.9918366151819048,344284,338766,0.0955414012738853,0.2608695652173913,0.1398601398601398,345,942,0.1140250855188141,0.6153846153846154,0.1924001924001924,325,1754,0.2079207920792079,0.0241657077100115,0.0432989690721649,869,101,0.608405738533037,0.6361715613775618,0.6219789299731461,4733,4949,0.3654051172707889,0.4096205557215416,0.3862515847302437,3347,3752,0.4679083094555873,0.6574074074074074,0.5467023769668564,2484,3490,0.4723822433073534,0.7271778821074596,0.5727198027937551,1917,2951,0.1412639405204461,0.5327102803738317,0.2233104799216454,214,807,0.0145631067961165,0.625,0.0284629981024667,24,1030,1.2711230516433716,0.952847957611084,334641,82,0.9663195142591516,1.164578166906722,1.2832714319229126,0.9511504769325256,334640,82,1.1815969992103437,1.1980056659085676,1.2616413831710815,0.9550768136978148,334638,82,0.9912828094047916,1.1677615829976276,1.292985439300537,0.9559613466262816,334638,82,0.7999995160846439,1.1781590409809723,1.326702117919922,0.950737237930298,334634,82,1.2013355007994575,1.1964263329282403,5.90493078972213,0.0015940419398248,5.9065248316619545,1.501797000062652,7.4083218317246065,0.0168850432382896
12,1.2237893004260725,0.9650501196512542,0.5375298406920944,0.3385427697542608,0.5375298406920944,0.3502194596410618,0.9708648853841324,0.431664878470745,0.0355450236966824,0.0253164556962025,0.9999143954399335,0.9838912060972916,0.9918380911527837,344284,338767,0.0876979293544458,0.208695652173913,0.1234991423670669,345,821,0.1156100159829515,0.6676923076923077,0.1970935513169845,325,1877,0.1506849315068493,0.0253164556962025,0.0433497536945812,869,146,0.6183702499491973,0.6429326008873865,0.6304122643463849,4733,4921,0.3649096002037179,0.4281446071108455,0.3940060489414352,3347,3927,0.4683251374023719,0.6517713365539453,0.5450260898838579,2484,3457,0.4920863309352518,0.3568075117370892,0.4136679770184457,1917,1390,0.0695364238410596,0.7850467289719626,0.1277566539923954,214,2416,0.0182926829268292,0.625,0.0355450236966824,24,820,1.2618770599365234,0.9553013443946838,334641,82,0.9205536284043594,1.1651192500721663,1.232728123664856,0.955692708492279,334640,82,0.9397690956906444,1.1712272909935564,1.2376357316970823,0.9568608403205872,334638,82,0.8612379623763589,1.2238474159967154,1.280428171157837,0.9566516876220704,334638,82,1.0923627330036776,1.1771229170262814,1.3050923347473145,0.956116259098053,334634,82,1.0851882435508782,1.1977598749799654,5.935076749068685,0.002533333026804,5.937610082095489,1.476594959036447,7.414205041131936,0.0170910839224234
13,1.1985455098727005,0.9674487228832328,0.5617062972963484,0.3542727904692883,0.5617062972963484,0.3847576907715596,0.9723444356269862,0.4350710643628786,0.03125,0.0172612197928653,0.999914396956074,0.9839086335699596,0.9918469468873022,344284,338773,0.1027164685908319,0.3507246376811594,0.1588969139855548,345,1178,0.1202908129543952,0.56,0.1980413492927094,325,1513,0.1648351648351648,0.0172612197928653,0.03125,869,91,0.6396069215979492,0.6325797591379675,0.6360739324410453,4733,4681,0.3680855907124971,0.4831192112339408,0.4178294573643411,3347,4393,0.4675846242111302,0.6561996779388084,0.5460636515912898,2484,3486,0.532120311919792,0.7475221700573813,0.6216919739696313,1917,2693,0.1288936627282492,0.5607476635514018,0.2096069868995633,214,931,0.0186799501867995,0.625,0.0362756952841596,24,803,1.2504849433898926,0.9552087187767028,334641,82,0.8599626216632598,1.1948327500140294,1.198477029800415,0.9569358229637146,334640,82,0.7735968426999371,1.1709487079642713,1.2384580373764038,0.9577842354774476,334638,82,0.9365105711368372,1.208955290960148,1.2763959169387815,0.956645667552948,334638,82,0.7946281241095112,1.177390250028111,1.2945401668548584,0.9574191570281982,334634,82,0.9582979510741824,1.1759047500090674,5.928031748975627,0.0012905419571325,5.92932229093276,1.5040344999870283,7.433356790919788,0.0213938340311869
14,1.1866146554005343,0.9659537794735344,0.5355768812845701,0.3385596487465525,0.5355768812845701,0.357044861498737,0.971538342756029,0.4381396964348938,0.0308641975308641,0.0276179516685845,0.99991440175683,0.9839638205667414,0.9918749890202554,344284,338792,0.0818291215403128,0.1971014492753623,0.1156462585034013,345,831,0.1147028154327424,0.676923076923077,0.1961658493089612,325,1918,0.1751824817518248,0.0276179516685845,0.0477137176938369,869,137,0.6465155331654072,0.6507500528206211,0.6486258818574286,4733,4764,0.3998470948012232,0.4687780101583507,0.4315774996561683,3347,3924,0.4698725376593279,0.6529790660225443,0.5464959568733153,2484,3452,0.4013409961685824,0.4371413667188315,0.4184769038701623,1917,2088,0.0805687203791469,0.6355140186915887,0.1430073606729758,214,1688,0.0158227848101265,0.625,0.0308641975308641,24,948,1.2249730825424194,0.9552894234657288,334641,82,0.9160456390689562,1.198315875022672,1.2167342901229858,0.9558600187301636,334640,82,1.2072798320970135,1.1803100829711184,1.1967244148254397,0.9590064287185668,334638,82,0.8320085508144804,1.175746834021993,1.2565644979476929,0.9591408967971802,334638,82,0.8299895956710426,1.195665292092599,1.2871580123901367,0.9574191570281982,334634,82,0.9094448491681658,1.173131583025679,5.9231696671340615,0.0012145829387009,5.924384250072762,1.503411874989979,7.427796125062741,0.0230400419095531
15,1.1884271279246512,0.9680902097941106,0.562347674957847,0.3563353666510245,0.562347674957847,0.3920971502612203,0.972769871957426,0.4278796713610865,0.0330396475770925,0.0207134637514384,0.9999143949345416,0.9838853969397358,0.991835139206704,344284,338765,0.1149068322981366,0.5362318840579711,0.1892583120204603,345,1610,0.1145648312611012,0.3969230769230769,0.1778084079944865,325,1126,0.1417322834645669,0.0207134637514384,0.036144578313253,869,127,0.6346693386773548,0.6691316289879569,0.6514450272549624,4733,4990,0.4175375987764466,0.4893934867045115,0.4506189821182944,3347,3923,0.4698725376593279,0.6529790660225443,0.5464959568733153,2484,3452,0.4878847413228552,0.7772561293688054,0.5994769664051499,1917,3054,0.1653027823240589,0.4719626168224299,0.2448484848484848,214,611,0.0169683257918552,0.625,0.0330396475770925,24,884,1.1967651844024658,0.9591143727302552,334641,82,0.822289015455394,1.1768534170696512,1.2007510662078855,0.9581669569015504,334640,82,0.9766199716703596,1.1954985840711745,1.1843481063842771,0.9594247937202454,334638,82,0.8668343607888316,1.1772579998942092,1.2334967851638794,0.9576138854026794,334638,82,1.1066412922604372,1.178634540992789,1.2632153034210205,0.9588714838027954,334634,82,1.023213364494997,1.1931253749644384,5.921369916992262,0.0011935420334339,5.922563459025696,1.4987472499487922,7.421310708974488,0.019429458072409
16,1.1671951072205626,0.9672116516335604,0.5529302306791182,0.3521045863515033,0.5529302306791182,0.3799555604212832,0.97238236566104,0.4344826211951247,0.0221606648199446,0.0207134637514384,0.999917353176442,0.9839638205667414,0.9918764410935842,344284,338791,0.0808344198174706,0.1797101449275362,0.1115107913669064,345,767,0.1097440944881889,0.6861538461538461,0.1892235893084429,325,2032,0.1487603305785124,0.0207134637514384,0.0363636363636363,869,121,0.6465571042230082,0.6566659623917177,0.6515723270440251,4733,4807,0.398153329602686,0.4251568568867642,0.4112122525646582,3347,3574,0.4704347826086956,0.6533816425120773,0.5470171890798786,2484,3450,0.4993074792243767,0.7522170057381325,0.6002081165452654,1917,2888,0.1560693641618497,0.5046728971962616,0.23841059602649,214,692,0.0112676056338028,0.6666666666666666,0.0221606648199446,24,1420,1.2040209770202637,0.9499553442001344,334641,82,0.8801916363209816,1.1760707499925047,1.2013647556304932,0.9595266580581664,334640,82,1.0266830069764268,1.1746427500620484,1.1864515542984009,0.9606918692588806,334638,82,0.8299874239341882,1.209300374961458,1.2506036758422852,0.9594606757164,334638,82,1.3395224949308,1.1804857909446582,1.245036244392395,0.9584501385688782,334634,82,1.2869874367527974,1.1974235411034897,5.937923207064159,0.0019122919766232,5.9398354990407825,1.483193332911469,7.4230288319522515,0.0173177509568631
17,1.1553820736498783,0.9687623765137696,0.5754127827961952,0.3671106763134337,0.5754127827961952,0.3974044166021215,0.9734363823351831,0.4455919067829311,0.0285171102661596,0.0230149597238204,0.9999085111218012,0.9840945266117508,0.9919384942389584,344284,338839,0.1250522793810121,0.8666666666666667,0.2185672514619883,345,2391,0.0917030567685589,0.1292307692307692,0.10727969348659,325,458,0.1626016260162601,0.0230149597238204,0.0403225806451612,869,123,0.6534859521331946,0.6634270019015424,0.6584189557559237,4733,4805,0.4580921218223005,0.5437705407827905,0.4972677595628415,3347,3973,0.4697889563457647,0.6541867954911433,0.546861854282349,2484,3459,0.5041265474552957,0.764736567553469,0.6076683937823835,1917,2908,0.1917562724014337,0.5,0.2772020725388601,214,558,0.0145914396887159,0.625,0.0285171102661596,24,1028,1.205873727798462,0.9605368375778198,334641,82,0.9755675589894258,1.2556986670242622,1.196985960006714,0.9608893394470216,334640,82,0.9401668650985748,1.154663374996744,1.1838710308074951,0.9606350660324096,334638,82,0.7734800892059271,1.209084125002846,1.2063522338867188,0.960584282875061,334638,82,0.8500594536415612,1.1633399169659242,1.23399555683136,0.9591374397277832,334634,82,0.9136067017163516,1.1658267909660935,5.94861287495587,0.0020311659900471,5.950644040945917,1.4940881659276783,7.444732206873596,0.0178712920751422
18,1.1537365179529375,0.9678001461474528,0.5783677002058047,0.3545300050276319,0.5783677002058047,0.3897992665060373,0.9729752228994584,0.4561963548136226,0.0274599542334096,0.0322209436133486,0.9999055581953352,0.9840741945603048,0.9919267124079768,344284,338833,0.124439004487964,0.8840579710144928,0.2181688125894134,345,2451,0.1026252983293556,0.1323076923076923,0.1155913978494623,325,419,0.0528301886792452,0.0322209436133486,0.0400285918513223,869,530,0.6466916354556804,0.6566659623917177,0.6516406331900618,4733,4806,0.4913221836541496,0.4651927098894532,0.4779005524861878,3347,3169,0.4700086931324254,0.6529790660225443,0.5465880370682392,2484,3451,0.473313192346425,0.7355242566510172,0.5759803921568627,1917,2979,0.1701782820097244,0.4906542056074766,0.2527075812274368,214,617,0.0139860139860139,0.75,0.0274599542334096,24,1287,1.179065227508545,0.9611225128173828,334641,82,0.8619275856167394,1.197262707981281,1.1828621625900269,0.957904040813446,334640,82,1.1189842787934468,1.2000562500907108,1.1591001749038696,0.9615106582641602,334638,82,0.7646041695312452,1.1874133750097826,1.2229392528533936,0.9609488248825072,334638,82,1.1189373387829846,1.2307837079279125,1.2141683101654053,0.9609991908073424,334634,82,0.8923347139159846,1.2144469580380246,6.0299629990477115,0.0010897079482674,6.031052706995979,1.5766057079890743,7.607658414985053,0.0165719590149819
19,1.1457496008553978,0.9681710929263516,0.5776162795279021,0.3577427136087757,0.5776162795279021,0.3907005485635669,0.9730538837226724,0.4465859001742471,0.0429184549356223,0.0414269275028768,0.999911471520388,0.9841990914477584,0.991993067489512,344284,338874,0.0805687203791469,0.1971014492753623,0.1143818334735071,345,844,0.1099273607748184,0.6984615384615385,0.1899581589958159,325,2065,0.1578947368421052,0.0414269275028768,0.0656335460346399,869,228,0.6584063234351635,0.6511726177899853,0.6547694922455917,4733,4681,0.4133682830930537,0.4711682103376158,0.4403797821837475,3347,3815,0.4704519119351101,0.6537842190016103,0.5471698113207547,2484,3452,0.5278745644599303,0.7902973395931142,0.6329642782536035,1917,2870,0.1368015414258188,0.6635514018691588,0.2268370607028754,214,1038,0.0222222222222222,0.625,0.0429184549356223,24,675,1.1775351762771606,0.9601752161979676,334641,82,0.8995029100631403,1.1831735000014303,1.1469489336013794,0.962293803691864,334640,82,0.8092913996302225,1.212108249892481,1.1749227046966553,0.962254762649536,334638,82,0.9013364865167398,1.2026421669870615,1.1960445642471311,0.9625505805015564,334638,82,0.9740494079672066,1.1879924590466544,1.2130308151245115,0.9616835117340088,334634,82,0.981838916795766,1.2064601660240442,5.992376541951671,0.0019092910224571,5.994285832974128,1.5094571250956506,7.503742958069779,0.0188799160532653
20,1.1311778404343564,0.9695488952479764,0.5965481566636013,0.3679155393218155,0.5965481566636013,0.4061062611257801,0.974353683773192,0.4721813249963718,0.0400471142520612,0.0609896432681242,0.9999085764168444,0.9847974346760232,0.992295478989998,344284,339081,0.1277139208173691,0.8695652173913043,0.22271714922049,345,2349,0.1009852216748768,0.1261538461538461,0.1121751025991792,325,406,0.0764790764790764,0.0609896432681242,0.0678617157490397,869,693,0.6762967826657912,0.6528628776674413,0.6643732530638572,4733,4569,0.5021881838074398,0.5485509411413206,0.5243467085534771,3347,3656,0.4715281812899477,0.6533816425120773,0.5477556530543368,2484,3442,0.5456211066324661,0.7767344809598331,0.6409814894532931,1917,2729,0.1578282828282828,0.5841121495327103,0.2485089463220676,214,792,0.0206060606060606,0.7083333333333334,0.0400471142520612,24,825,1.1613255739212036,0.9620100259780884,334641,82,0.8017174915938295,1.1725246660644189,1.1321690082550049,0.9613853693008424,334640,82,0.9463756083002696,1.1762668340234086,1.149684190750122,0.9630406498908995,334638,82,0.7273552321519798,1.2051915830234066,1.1884127855300903,0.9620455503463744,334638,82,1.1039106522814528,1.1833340419689191,1.2018153667449951,0.9620809555053712,334634,82,0.946801129977315,1.1949753749649972,5.9322925000451505,0.001145333983004,5.933437834028155,1.4860816249856723,7.419519459013827,0.0169445408973842
21,1.113029117031762,0.966823970413508,0.5645639980564309,0.3373473160046282,0.5645639980564309,0.3635288425684082,0.972311032347674,0.4546332199395729,0.0331491712707182,0.0241657077100115,0.9999085586183504,0.9846057324766764,0.9921981445897038,344284,339015,0.122622420072845,0.8782608695652174,0.2151988636363636,345,2471,0.0863636363636363,0.1169230769230769,0.0993464052287581,325,440,0.0527638190954773,0.0241657077100115,0.0331491712707182,869,398,0.6792079207920793,0.6522290302133953,0.6654451390385859,4733,4545,0.4351054351054351,0.4377054078279055,0.4364015490020852,3347,3367,0.4734118999712561,0.6630434782608695,0.5524065067918833,2484,3479,0.4196148678907299,0.4887845592070944,0.4515662650602409,1917,2233,0.084090909090909,0.6915887850467289,0.1499493414387031,214,1760,0.0203836930455635,0.7083333333333334,0.0396270396270396,24,834,1.145891785621643,0.960339605808258,334641,82,0.8526692917064121,1.2110510830534622,1.1204311847686768,0.9634472727775574,334640,82,0.7164623298510704,1.1803612080402672,1.1494804620742798,0.9622427821159364,334638,82,0.9108187015460468,1.2100721249589697,1.1790086030960083,0.9616660475730896,334638,82,0.8562634588595841,1.1878853340167552,1.205792784690857,0.9622781872749328,334634,82,1.1154611070192488,1.176090458058752,5.965460208128206,0.0023184589808806,5.967778667109087,1.5668344169389457,7.534613084048033,0.0185004168888553
22,1.1171311550216416,0.9697134505859843,0.5897638675223748,0.3659789590417143,0.5897638675223748,0.4051228350915095,0.9744184262177278,0.4650897844890594,0.0432276657060518,0.0379746835443038,0.9999115070351908,0.9845941141615644,0.992193697003047,344284,339010,0.1252039151712887,0.8898550724637682,0.2195209152663568,345,2452,0.0959232613908872,0.123076923076923,0.1078167115902965,325,417,0.0575916230366492,0.0379746835443038,0.0457697642163661,869,573,0.6786254592608602,0.6634270019015424,0.6709401709401709,4733,4627,0.4920552227142485,0.5643860173289513,0.525744503200668,3347,3839,0.4720622119815668,0.6598228663446055,0.5503693754197448,2484,3472,0.5683856502242153,0.7934272300469484,0.6623122142390594,1917,2676,0.1476426799007444,0.5560747663551402,0.2333333333333333,214,806,0.0223880597014925,0.625,0.0432276657060518,24,670,1.121500849723816,0.9627421498298644,334641,82,0.7667689382161424,1.200679416069761,1.1587847471237185,0.961720049381256,334640,82,1.3550602944375687,1.2071269169682637,1.140959858894348,0.963219940662384,334638,82,0.811760162090185,1.1910474590258673,1.169261455535889,0.9632946848869324,334638,82,0.9271913930889882,1.2236315000336615,1.1892348527908323,0.9632793068885804,334634,82,0.8748131383784497,1.2103109580930322,6.032796250190586,0.0011639581061899,6.033960208296776,1.544139957986772,7.578100166283548,0.0174589167581871
23,1.106595211077945,0.9697106615124588,0.5935983608728786,0.3688717478800948,0.5935983608728786,0.4087455174860012,0.9744753314164531,0.4630538721227738,0.0539629005059021,0.0448791714614499,0.9999144754692052,0.9848119575699132,0.9923057561957832,344284,339084,0.1099444101297097,0.5159420289855072,0.1812627291242362,345,1619,0.1116352201257861,0.4369230769230769,0.1778334376956793,325,1272,0.0919811320754716,0.0448791714614499,0.0603248259860788,869,424,0.6875413450937156,0.6587787872385379,0.6728528269313768,4733,4535,0.4617479574152018,0.5572154167911563,0.5050094773896561,3347,4039,0.4746303276311974,0.6590177133655395,0.5518287544244058,2484,3449,0.5900670082774931,0.7809076682316118,0.6722047597665021,1917,2537,0.1331360946745562,0.6308411214953271,0.2198697068403908,214,1014,0.0281195079086115,0.6666666666666666,0.0539629005059021,24,569,1.1659247875213623,0.9621325731277466,334641,82,1.028081993552171,1.1867532499600202,1.111424207687378,0.9633038640022278,334640,82,0.980298033727982,1.2019526669755578,1.145711898803711,0.9630496501922609,334638,82,0.881870431412853,1.222072000033222,1.1822316646575928,0.9628673195838928,334638,82,1.1278981823670329,1.2031662079971284,1.1824606657028198,0.9634346961975098,334634,82,0.9850705967724274,1.2379138340475038,6.051857959013432,0.0023658750578761,6.054223834071308,1.520129083073698,7.574352917145006,0.0175094159785658
24,1.098682934556017,0.9687010168962076,0.5936545857779645,0.365363845869585,0.5936545857779645,0.3975654455116179,0.9736191781189364,0.4669203228479273,0.0403768506056527,0.0402761795166858,0.9999144143878268,0.9841090495056408,0.9919487766532088,344284,338842,0.1219415943172849,0.8956521739130435,0.2146578673150399,345,2534,0.0836653386454183,0.1292307692307692,0.1015719467956469,325,502,0.1388888888888889,0.0402761795166858,0.0624442462087421,869,252,0.6471204188481675,0.6528628776674413,0.6499789650820362,4733,4775,0.4616617686347849,0.5162832387212429,0.4874471086036671,3347,3743,0.4757337983144434,0.6590177133655395,0.5525738396624472,2484,3441,0.5823710546574288,0.7892540427751695,0.6702104097452934,1917,2598,0.1214788732394366,0.6448598130841121,0.2044444444444444,214,1136,0.0208623087621696,0.625,0.0403768506056527,24,719,1.140907883644104,0.9635998010635376,334641,82,0.9256329867895288,1.177470250055194,1.1154348850250244,0.963405430316925,334640,82,1.0092841066485465,1.187677541049197,1.1291625499725342,0.9637488722801208,334638,82,0.777573018328551,1.2046332919271665,1.1373234987258911,0.9550797939300536,334638,82,1.207864590599873,1.191414957982488,1.168073654174805,0.9637843370437622,334634,82,0.8370949792781174,1.2171824999386445,5.97837854095269,0.0023289170349016,5.980707457987592,1.4946322089526802,7.475339666940272,0.0178137921029701
25,1.0884855636204924,0.9691918938367052,0.5792127568315671,0.3604429636940383,0.5792127568315671,0.4019696804944647,0.974053283787551,0.4829468051984819,0.0436219431592861,0.0379746835443038,0.9999144186815164,0.9841584273448664,0.9919738619879,344284,338859,0.0741190765492102,0.1768115942028985,0.1044520547945205,345,823,0.1109065807639208,0.7415384615384616,0.1929543634907926,325,2173,0.0512422360248447,0.0379746835443038,0.0436219431592861,869,644,0.6478786636605862,0.6678639340798648,0.657719517270079,4733,4879,0.5124035281146637,0.5554227666567075,0.5330465949820788,3347,3628,0.4729190421892816,0.6678743961352657,0.5537383177570093,2484,3508,0.5598086124401914,0.7934272300469484,0.6564523090202848,1917,2717,0.146279949558638,0.5420560747663551,0.2303872889771598,214,793,0.0289575289575289,0.625,0.055350553505535,24,518,1.1299192905426023,0.9627660512924194,334641,82,0.9358042384013862,1.2145139580825344,1.0986042022705078,0.9639971256256104,334640,82,0.8342488935011859,1.188807125086896,1.1100680828094482,0.9643375873565674,334638,82,0.7948077540819611,1.206246958929114,1.1434088945388794,0.9641373753547668,334638,82,0.8019250139000312,1.1880830420413986,1.1732171773910522,0.9637753367424012,334634,82,1.037305389979388,1.185504209017381,5.983155293157324,0.0011307499371469,5.984286043094471,1.544789250008762,7.529075293103233,0.0213102488778531
26,1.0747330475558805,0.9692644097483698,0.5868226035463942,0.3661567698675135,0.5868226035463942,0.4025544617759305,0.9744119261716566,0.4801575489489652,0.0419753086419753,0.0575373993095512,0.9999144797567686,0.984861335409139,0.9923308237669834,344284,339101,0.0833333333333333,0.2260869565217391,0.1217798594847775,345,936,0.1050141911069063,0.683076923076923,0.1820418204182042,325,2114,0.0650195058517555,0.0575373993095512,0.061050061050061,869,769,0.6858592543569381,0.6568772448763998,0.6710554716166631,4733,4533,0.507250755287009,0.5016432626232447,0.5044314255670722,3347,3310,0.4772661453808283,0.6634460547504025,0.5551625400033687,2484,3453,0.5735849056603773,0.792905581637976,0.6656448434420845,1917,2650,0.1426966292134831,0.5934579439252337,0.2300724637681159,214,890,0.0216284987277353,0.7083333333333334,0.0419753086419753,24,786,1.1153631210327148,0.9647712111473083,334641,82,0.8392515320639444,1.2006617499282584,1.0915809869766235,0.9642959833145142,334640,82,0.9057673013905816,1.1835142080672083,1.1068588495254517,0.9642090797424316,334638,82,0.7304017489956206,1.2228397920262069,1.136632800102234,0.9645168781280518,334638,82,0.8386995699866665,1.201264000032097,1.1634900569915771,0.9643222093582152,334634,82,1.0466705594587489,1.1821224170271307,5.990402167080902,0.0012505420017987,5.9916527090827,1.5353857920272276,7.527038501109928,0.0186446239240467
27,1.084298728452124,0.9692867223365742,0.5866260276093367,0.36757985426309,0.5866260276093367,0.4085515202855343,0.9742899647745018,0.4556226934726622,0.052863436123348,0.048331415420023,0.9999144196917338,0.9841700456599785,0.9919797642381508,344284,338863,0.0789766407119021,0.2057971014492753,0.1141479099678456,345,899,0.106467223933128,0.7446153846153846,0.1862971516551193,325,2273,0.0583333333333333,0.048331415420023,0.052863436123348,869,720,0.6506323864814431,0.6630044369321784,0.6567601506906655,4733,4823,0.49921875,0.5727517179563788,0.5334631974398218,3347,3840,0.4785923753665689,0.6570048309178744,0.5537835086528673,2484,3410,0.6208026208026208,0.7908189880020866,0.695572378986006,1917,2442,0.1494532199270959,0.5747663551401869,0.2372227579556412,214,823,0.0334075723830735,0.625,0.0634249471458773,24,449,1.1159213781356812,0.9648578763008118,334641,82,0.8041498771845123,1.1916579589014873,1.0961934328079224,0.9644095301628112,334640,82,1.4179237984774706,1.1993098749080673,1.109689712524414,0.9650487899780272,334638,82,0.9067504373063222,1.1715753329917789,1.1333528757095337,0.9639072418212892,334638,82,0.8811236638455293,1.1832128750393167,1.180559158325195,0.9639845490455629,334634,82,1.006569124128835,1.2061172500252724,5.9518732918659225,0.0013380839955061,5.953211375861429,1.5192926669260487,7.472504042787477,0.0169313331134617
28,1.065155018127887,0.9698780059239922,0.5971452197802274,0.3706037822320596,0.5971452197802274,0.4099569485999595,0.97473237504596,0.4808812909567111,0.0610211706102117,0.0563866513233601,0.9999144787479688,0.984849717094027,0.9923249256271393,344284,339097,0.1230407523510971,0.910144927536232,0.2167759751467035,345,2552,0.0752532561505065,0.16,0.1023622047244094,325,691,0.0664857530529172,0.0563866513233601,0.0610211706102117,869,737,0.6925653047555258,0.6553982674836256,0.673469387755102,4733,4479,0.502985884907709,0.5536301165222587,0.5270942966861044,3347,3684,0.4771147161066049,0.6630434782608695,0.5549191374663073,2484,3452,0.5923616523772408,0.792905581637976,0.6781173321436538,1917,2566,0.1399082568807339,0.5700934579439252,0.2246777163904235,214,872,0.0364077669902912,0.625,0.0688073394495412,24,412,1.1043285131454468,0.9647712111473083,334641,82,0.830067392728651,1.1857129579875618,1.0724302530288696,0.964606761932373,334640,82,0.8602386707970872,1.186053250101395,1.1009891033172607,0.964606523513794,334638,82,0.6934458573732707,1.2018504999578,1.1275854110717771,0.964651346206665,334638,82,0.7323950292117807,1.1815285000484437,1.1420307159423828,0.9641788005828856,334634,82,0.8392710965099307,1.187134041916579,5.942279250011779,0.0011475840583443,5.943426834070124,1.475470625096932,7.418897459167056,0.0160946249961853
29,1.0637612267102956,0.9698222244534812,0.6070263916257175,0.3745006820959264,0.6070263916257175,0.4106275636116166,0.9748832740654584,0.4906056246255147,0.0497925311203319,0.0667433831990794,0.9999144787479688,0.984849717094027,0.9923249256271393,344284,339097,0.1244131455399061,0.9217391304347826,0.2192347466390899,345,2556,0.0705329153605015,0.1384615384615384,0.0934579439252336,325,638,0.0732323232323232,0.0667433831990794,0.069837447320891,869,792,0.6883700044903458,0.6477920980350729,0.6674648960487646,4733,4454,0.5204941044357103,0.5539288915446668,0.5366912722535823,3347,3562,0.4778481012658228,0.6686795491143317,0.5573825503355705,2484,3476,0.6258250825082509,0.7913406364110589,0.6989173001612532,1917,2424,0.1386255924170616,0.5467289719626168,0.22117202268431,214,844,0.0257510729613733,0.75,0.0497925311203319,24,699,1.091062307357788,0.9654046893119812,334641,82,0.8903701339391579,1.2250326669309288,1.070462346076965,0.9652910828590392,334640,82,0.8222412014571068,1.2227365410653874,1.07496440410614,0.9643435478210448,334638,82,0.630822338114667,1.2480686659691855,1.1224623918533323,0.9656703472137452,334638,82,0.7615815548037694,1.2688164169667289,1.161163330078125,0.9643162488937378,334634,82,1.1202288063162844,1.2734546250430867,6.238108915975317,0.0023807500256225,6.24048966600094,1.5855297920061275,7.826019458007067,0.0164477500366047
30,1.057253169017251,0.9699282092474522,0.6056053926661678,0.3727563440198526,0.6056053926661678,0.4115317045912816,0.9748185985655562,0.4860810791311579,0.0599647266313932,0.0632911392405063,0.9999144812699235,0.9848787628818068,0.9923396708472896,344284,339107,0.1246580695584212,0.9246376811594202,0.2196969696969697,345,2559,0.0726978998384491,0.1384615384615384,0.0953389830508474,325,619,0.0696202531645569,0.0632911392405063,0.0663050030138637,869,790,0.6907378335949764,0.6507500528206211,0.6701479547432551,4733,4459,0.507799892415277,0.5640872423065432,0.5344656758669497,3347,3718,0.4811764705882353,0.6586151368760065,0.5560842963970088,2484,3400,0.5986608901142182,0.792905581637976,0.6822262118491921,1917,2539,0.1509900990099009,0.5700934579439252,0.2387475538160469,214,808,0.0313075506445672,0.7083333333333334,0.0599647266313932,24,543,1.0759246349334717,0.9654316306114196,334641,82,0.7983976717953687,1.2086152919800952,1.068427562713623,0.9649145603179932,334640,82,0.9935200373507448,1.208919040975161,1.077214002609253,0.9647858142852784,334638,82,0.6917654656076216,1.1964087079977617,1.0966905355453491,0.9654940366744996,334638,82,1.0148397056355474,1.2474224159959704,1.151942014694214,0.9649946093559264,334634,82,1.0905195139934114,1.2202958340058103,6.0816612909547985,0.0012424580054357,6.082903748960234,1.5346274169860408,7.617531165946275,0.0185336670838296
31,1.0547156209350346,0.9699839907179632,0.5924285248131571,0.3748885549618,0.5924285248131571,0.4139877353309494,0.974808695602196,0.4922984378414391,0.0833333333333333,0.0678941311852704,0.9999174282436692,0.984858430830361,0.9923308013222454,344284,339099,0.0807174887892376,0.208695652173913,0.116410670978173,345,892,0.1029728565273589,0.7353846153846154,0.1806500377928949,325,2321,0.1078610603290676,0.0678941311852704,0.0833333333333333,869,547,0.6981469077919178,0.6606803296006761,0.6788970907511941,4733,4479,0.4619093539054966,0.5724529429339708,0.5112741827885257,3347,4148,0.4831261101243339,0.6570048309178744,0.5568065506653019,2484,3378,0.6233552631578947,0.7908189880020866,0.6971717636238216,1917,2432,0.1389759665621734,0.6214953271028038,0.2271562766865926,214,957,0.0519031141868512,0.625,0.0958466453674121,24,289,1.0663591623306274,0.9649953246116638,334641,82,0.8188396160877462,1.1927226249827072,1.046657681465149,0.9654613733291626,334640,82,0.8759497486378158,1.2217059578979388,1.0808873176574707,0.965520977973938,334638,82,0.849616774576126,1.1956738329026848,1.1063578128814695,0.9647141098976136,334638,82,0.8697588500620185,1.2049503750167787,1.132478952407837,0.9655802845954896,334634,82,0.8379497999022955,1.2309519581031054,6.046004748903215,0.0015743750846013,6.047579123987816,1.570672000059858,7.618251124047674,0.0158071680925786
32,1.039102244289531,0.9701513351294968,0.6029057942706066,0.376917938682293,0.6029057942706066,0.4148070151343301,0.9751300627914592,0.5001469951345688,0.071599045346062,0.0759493670886076,0.999914485304742,0.9849252361422548,0.9923632623019664,344284,339123,0.1243115656963021,0.9159420289855073,0.2189123657776238,345,2542,0.063953488372093,0.1353846153846153,0.0868706811451135,325,688,0.0729281767955801,0.0759493670886076,0.0744081172491544,869,905,0.6896627244853263,0.6653285442636805,0.6772771265727497,4733,4566,0.5210952780106175,0.5572154167911563,0.5385503898354028,3347,3579,0.4826470588235294,0.6606280193236715,0.5577838205302516,2484,3400,0.641860465116279,0.7918622848200313,0.7090144792153199,1917,2365,0.1348314606741573,0.616822429906542,0.2212908633696563,214,979,0.0379746835443038,0.625,0.071599045346062,24,395,1.080366134643555,0.9653568863868712,334641,82,0.8786962009143017,1.1984159579733389,1.0488181114196775,0.9654285311698914,334640,82,0.8501127986391954,1.1917426659492776,1.0672028064727783,0.9655807018280028,334638,82,0.682725495128622,1.2198466249974445,1.1110740900039673,0.966163456439972,334638,82,0.898239912782212,1.1970473340479657,1.12330162525177,0.9659180045127868,334634,82,0.992428973148604,1.213269834057428,6.020322417025454,0.0025016670115292,6.0228240840369835,1.4928183750016617,7.515642459038645,0.0216968739405274
33,1.0405807553266602,0.9697803883505977,0.617196822651936,0.3769133993227084,0.617196822651936,0.4126591001250531,0.9749593489718889,0.4764300146431464,0.0568011958146487,0.0805523590333717,0.999914482026481,0.9848874766181408,0.9923440943291864,344284,339110,0.1243222308288148,0.9304347826086956,0.2193372053296891,345,2582,0.0622222222222222,0.1292307692307692,0.084,325,675,0.0762527233115468,0.0805523590333717,0.0783435926133184,869,918,0.6897341888175985,0.6359602788928798,0.6617566230625481,4733,4364,0.5340136054421769,0.5628921422169106,0.5480727272727273,3347,3528,0.4819846426461902,0.6570048309178744,0.5560477001703578,2484,3386,0.6314475873544093,0.7918622848200313,0.7026151353853275,1917,2404,0.1397849462365591,0.6074766355140186,0.2272727272727272,214,930,0.0294573643410852,0.7916666666666666,0.0568011958146487,24,645,1.057004451751709,0.9667524099349976,334641,82,0.9283848968883824,1.2086437499383464,1.056025147438049,0.9653120040893556,334640,82,1.5565690488704826,1.1937693330692127,1.0625922679901123,0.966208279132843,334638,82,0.8557703788617979,1.2191172919701785,1.0765751600265503,0.9661933183670044,334638,82,0.7792419395408233,1.201421624980867,1.117674708366394,0.96578049659729,334634,82,1.1111244539213685,1.2038802910828963,6.026832291041501,0.0011429169680923,6.027975208009593,1.5215020840987563,7.549477292108349,0.0186011259211227
34,1.0362991309159928,0.9700341940414232,0.5989792552728375,0.3814689614477723,0.5989792552728375,0.4178525612805576,0.9752881403973336,0.4909009759781202,0.0697167755991285,0.1001150747986191,0.9999174304351416,0.9848845720393627,0.9923440719235812,344284,339108,0.0815154994259471,0.2057971014492753,0.1167763157894736,345,871,0.1001221001221001,0.7569230769230769,0.1768511861969806,325,2457,0.0884146341463414,0.1001150747986191,0.0939017808958445,869,984,0.718070009460738,0.6414536234946123,0.6776029460997657,4733,4228,0.5126093669583119,0.5951598446369883,0.550808793031937,3347,3886,0.4873020615476546,0.6566022544283414,0.5594237695078031,2484,3347,0.6472602739726028,0.7887323943661971,0.7110275099929462,1917,2336,0.1426966292134831,0.5934579439252337,0.2300724637681159,214,890,0.0367816091954023,0.6666666666666666,0.0697167755991285,24,435,1.0685279369354248,0.9646725654602052,334641,82,0.8567150282826795,1.204921542084776,1.0376652479171753,0.9652820825576782,334640,82,0.7464855291084678,1.2326601659879088,1.0559433698654177,0.9661962985992432,334638,82,0.8501765943322779,1.2155827500391752,1.1071382761001587,0.9653804898262024,334638,82,1.12281124172318,1.256082791951485,1.1055318117141724,0.9653083682060242,334634,82,1.0342573428514017,1.206132624996826,6.115379875060171,0.0012218329356983,6.116601707995869,1.5576278329826891,7.674229540978558,0.0234050418948754
35,1.0310984951294924,0.9702071166000078,0.6094343829196899,0.3810889837380293,0.6094343829196899,0.4161220379904836,0.9753293456819946,0.4994351512161549,0.063943161634103,0.0598388952819332,0.9999144873220084,0.9849484727724784,0.9923750576150656,344284,339131,0.0814901047729918,0.2028985507246377,0.1162790697674418,345,859,0.097712291585886,0.7753846153846153,0.1735537190082644,325,2579,0.0772659732540861,0.0598388952819332,0.0674448767833981,869,673,0.6726114649681528,0.6693429114726389,0.6709732076670549,4733,4710,0.5535506402793946,0.568270092620257,0.5608137992038921,3347,3436,0.4844117647058824,0.6630434782608695,0.5598232494901427,2484,3400,0.6684326710816777,0.7897756911841419,0.7240554758488761,1917,2265,0.1421052631578947,0.6308411214953271,0.2319587628865979,214,950,0.0333951762523191,0.75,0.063943161634103,24,539,1.0743221044540403,0.9666239619255066,334641,82,0.9840181443371054,1.1852035420015454,1.043265461921692,0.9668300151824952,334640,82,0.9376498493126652,1.246558207902126,1.051289200782776,0.9660588502883912,334638,82,0.6744583212405578,1.2492804169887677,1.0562496185302734,0.9664682149887084,334638,82,0.6156560077488863,1.2199282080400735,1.0987322330474854,0.9657177925109864,334634,82,0.8404413759740568,1.233218958019279,6.134189332951792,0.0023511659819632,6.136540498933755,1.5336267919046804,7.670167290838435,0.0196530009852722
36,1.0210594325509392,0.9702740543646212,0.6230175252595418,0.3855632282270335,0.6230175252595418,0.4215398546286435,0.9754467847659414,0.4930358820160878,0.0637450199203187,0.096662830840046,0.9999144898434574,0.9849775185602584,0.9923898013681092,344284,339141,0.1288121990369181,0.9304347826086956,0.226295382446246,345,2492,0.0627705627705627,0.1784615384615384,0.0928742994395516,325,924,0.0987074030552291,0.096662830840046,0.0976744186046511,869,851,0.6997716894977168,0.6475808155503908,0.6726654230220565,4733,4380,0.5469550369948777,0.5742455930684195,0.560268182480688,3347,3514,0.4859840660961935,0.6630434782608695,0.5608717861399626,2484,3389,0.6621325142606407,0.7871674491392802,0.719256434699714,1917,2279,0.1371115173674588,0.7009345794392523,0.2293577981651376,214,1094,0.0334728033472803,0.6666666666666666,0.0637450199203187,24,478,1.0585932731628418,0.966127872467041,334641,82,0.7699806552651167,1.2221360000548884,1.071299433708191,0.966979444026947,334640,82,1.121039272938623,1.1802050000987947,1.048980951309204,0.9663277864456176,334638,82,0.7692823331194915,1.2161039580823854,1.0888439416885376,0.9663785696029664,334638,82,0.8797696635028288,1.2119122919393703,1.0941945314407349,0.9657565951347352,334634,82,0.8968652386790422,1.251709459000267,6.082066709175706,0.0011855829507112,6.083252292126417,1.5355695829493925,7.61882187507581,0.0160563328536227
37,1.018241910790975,0.9701290225412922,0.6126921268083209,0.3804003680205781,0.6126921268083209,0.416427009982523,0.9752669682508858,0.496861253064597,0.0633484162895927,0.0563866513233601,0.9999174355481248,0.9849455681937006,0.9923750353007624,344284,339129,0.0882956878850102,0.2492753623188406,0.1304018195602729,345,974,0.0984540276647681,0.7446153846153846,0.1739130434782608,325,2458,0.0722713864306784,0.0563866513233601,0.0633484162895927,869,678,0.6821451929365598,0.6611028945700401,0.6714592274678112,4733,4587,0.542319749216301,0.5685688676426651,0.5551341890315052,3347,3509,0.485605170387779,0.6654589371980676,0.5614809782608695,2484,3404,0.6605424321959755,0.7876890975482524,0.7185343802046158,1917,2286,0.138235294117647,0.6588785046728972,0.2285251215559157,214,1020,0.0362173038229376,0.75,0.0690978886756238,24,497,1.079561471939087,0.9663370847702026,334641,82,0.9913179410295152,1.224390292074531,1.024405598640442,0.9668151140213012,334640,82,0.7362104351562974,1.2248272500000894,1.0384248495101929,0.9666654467582704,334638,82,0.6650293179006762,1.2327987500466406,1.072344183921814,0.966862678527832,334638,82,0.9054204220665748,1.2698436670470985,1.100539207458496,0.965161919593811,334634,82,0.8480009529545891,1.2278255840064958,6.179685543174855,0.0011357920011505,6.180821335176006,1.5221228749724105,7.702944210148416,0.0195449568564072
38,1.024219055583764,0.9702238510411612,0.6194223189206889,0.3868552797672751,0.6194223189206889,0.422911016707087,0.97549223107029,0.4979156465006837,0.0617886178861788,0.0874568469505178,0.999917439443306,0.9849920414541484,0.9923986251680862,344284,339145,0.1159654800431499,0.6231884057971014,0.1955434288312869,345,1854,0.0795930580490724,0.4092307692307692,0.1332665330661322,325,1671,0.1,0.0874568469505178,0.0933087783916513,869,760,0.687639946260636,0.648848510458483,0.6676812697032286,4733,4466,0.5581594741354673,0.5835076187630714,0.5705521472392638,3347,3499,0.4873323397913562,0.6582125603864735,0.5600274019523891,2484,3355,0.6644736842105263,0.7902973395931142,0.7219442458899213,1917,2280,0.1433224755700325,0.616822429906542,0.2325991189427312,214,921,0.0321489001692047,0.7916666666666666,0.0617886178861788,24,591,1.0550326108932495,0.9670572280883788,334641,82,0.8624463575205353,1.2316107499646023,1.025945782661438,0.966590940952301,334640,82,0.905484771224212,1.213056416017935,1.044903039932251,0.9662142395973206,334638,82,0.6301465601385059,1.2224636250175536,1.0655499696731567,0.96672523021698,334638,82,0.9951783940310128,1.2471754580037668,1.0905678272247314,0.9658044576644896,334634,82,0.8575131654475945,1.2320882090134546,6.146394458017312,0.0013178749941289,6.147712333011441,1.5332152089104056,7.680927541921847,0.0186973749659955
39,1.0362606823237952,0.9708569707314624,0.6195478399287107,0.3886702633144712,0.6195478399287107,0.4178670622144879,0.9760162718524776,0.4705475335008904,0.0521262002743484,0.0782508630609896,0.9999145802650956,0.9860202623415552,0.9929188164683584,344284,339500,0.1236559139784946,0.9333333333333332,0.2183791115632417,345,2604,0.0520291363163371,0.1538461538461538,0.077760497667185,325,961,0.0857503152585119,0.0782508630609896,0.0818291215403128,869,793,0.6865203761755486,0.6477920980350729,0.666594195021198,4733,4466,0.5566882916280507,0.5383925903794443,0.5473876063183475,3347,3237,0.5447342357213601,0.6642512077294686,0.5985851623435516,2484,3029,0.6835214446952596,0.7897756911841419,0.7328170377541142,1917,2215,0.126937984496124,0.6121495327102804,0.2102728731942215,214,1032,0.026950354609929,0.7916666666666666,0.0521262002743484,24,705,1.0594998598098757,0.965957522392273,334641,82,0.8870287002427633,1.2062545410590246,1.02186381816864,0.9671437740325928,334640,82,1.2130796321269492,1.2507750829681754,1.0442179441452026,0.9669702649116516,334638,82,1.158637559574352,1.2211110829375684,1.0572431087493896,0.966874659061432,334638,82,0.7476553712576104,1.2117398330010474,1.0811383724212646,0.9661421179771424,334634,82,0.9059289866487348,1.222029917058535,6.111910457024351,0.0023194579407572,6.114229914965108,1.531179124955088,7.645409039920196,0.0175117088947445
40,1.0170056818505786,0.9700983427325112,0.6230677835106372,0.3899577260132268,0.6230677835106372,0.425438841743226,0.975561139674646,0.4982037189434608,0.0525587828492392,0.1196777905638665,0.9999174411473322,0.9850123735055942,0.9924089453877174,344284,339152,0.1165489404641776,0.6695652173913044,0.1985388912763214,345,1982,0.0825815405968077,0.3661538461538461,0.1347678369195923,325,1441,0.0983916745506149,0.1196777905638665,0.1079958463136033,869,1057,0.7084417119886498,0.6330023241073315,0.6686007587592055,4733,4229,0.5647127103888566,0.5814161936062145,0.5729427351685559,3347,3446,0.4874520224387363,0.6646537842190016,0.5624254811786749,2484,3387,0.659020732245258,0.7793427230046949,0.7141491395793499,1917,2267,0.155328798185941,0.6401869158878505,0.25,214,882,0.0271816881258941,0.7916666666666666,0.0525587828492392,24,699,1.0486431121826172,0.9662862420082092,334641,82,0.8067207457553336,1.1913493749452757,1.0349135398864746,0.9665820002555848,334640,82,1.2107539288715632,1.2278535419609398,1.036586880683899,0.9667640924453736,334638,82,0.893094416409037,1.2496639160672205,1.0643424987792969,0.966462254524231,334638,82,1.6478517901265692,1.216146875056438,1.0823605060577393,0.9669190645217896,334634,82,0.9888018400306074,1.2654043330112472,6.150418041041121,0.0011321669444441,6.151550207985565,1.512231083936058,7.663781291921623,0.0176837509498
41,1.0203333086713342,0.9707314624228124,0.6114007929206464,0.3888480451013291,0.6114007929206464,0.419585449546204,0.9759852872934404,0.4758220403137204,0.0649819494584837,0.1047180667433832,0.9999175080356012,0.9858111326695402,0.9928142153629238,344284,339427,0.086060606060606,0.2057971014492753,0.1213675213675213,345,825,0.099445324881141,0.7723076923076924,0.1762021762021762,325,2524,0.0974304068522484,0.1047180667433832,0.100942872989462,869,934,0.704014939309057,0.6372279738009718,0.6689586336919152,4733,4284,0.5386121992165641,0.5751419181356439,0.5562779945094639,3347,3574,0.5407456285054437,0.6598228663446055,0.5943789664551224,2484,3031,0.6721898790864308,0.7829942618675013,0.7233734939759037,1917,2233,0.1161016949152542,0.6401869158878505,0.1965566714490674,214,1180,0.0339622641509433,0.75,0.0649819494584837,24,530,1.0495662689208984,0.9676220417022704,334641,82,0.9185029349955574,1.2034647500840947,1.0308119058609009,0.9670900106430054,334640,82,0.975641134493402,1.2199175000423566,1.033802151679993,0.9670150876045228,334638,82,0.8105902923020569,1.1787864579819145,1.074232578277588,0.967125654220581,334638,82,0.9775684825764944,1.1489031659439206,1.1015417575836182,0.9671133160591124,334634,82,1.1286022577624597,1.1872580830240622,5.938329957076348,0.0012011249782517,5.9395310820546,1.4532136669149622,7.392744748969562,0.4209304589312523
42,1.0088540353679174,0.9704162971144246,0.6161987153524294,0.3890603409518463,0.6161987153524294,0.4227394348124896,0.9756862677144532,0.50085965387124,0.0728744939271255,0.1035673187571921,0.9999174450419852,0.985058846766042,0.992432533667324,344284,339168,0.0788608981380065,0.208695652173913,0.1144674085850556,345,913,0.0931700074239049,0.7723076923076924,0.1662802252401457,325,2694,0.1204819277108433,0.1035673187571921,0.1113861386138613,869,747,0.6964963177862085,0.6594126346925839,0.6774473627089213,4733,4481,0.563953488372093,0.5796235434717658,0.5716811551495506,3347,3440,0.4851688693098385,0.6650563607085346,0.5610460179996604,2484,3405,0.6711051930758988,0.7887323943661971,0.7251798561151079,1917,2253,0.1431513903192585,0.6495327102803738,0.2345991561181434,214,971,0.0382978723404255,0.75,0.0728744939271255,24,470,1.037540078163147,0.9673799872398376,334641,82,0.8861452382195834,1.1797720830654723,1.018664836883545,0.9676189422607422,334640,82,0.78522940699342,1.1568292080191895,1.0255167484283447,0.967298984527588,334638,82,0.7759146184006572,1.1761042079888284,1.0607887506484983,0.9678338766098022,334638,82,0.9641705825884848,1.1657573329284787,1.073751449584961,0.9666471481323242,334634,82,1.018875969869331,1.1800572080537677,5.858520040055737,0.0012987919617444,5.859818832017481,1.5485143749974668,7.408333207014948,0.0157445018412545
43,1.0068878213111705,0.9711079873487624,0.615207873260612,0.3921897969322363,0.615207873260612,0.4243535493430704,0.9762226662595428,0.4953907043190445,0.0777537796976241,0.097813578826237,0.9999175073064958,0.9858024189332064,0.9928097959947814,344284,339424,0.079175704989154,0.2115942028985507,0.1152328334648776,345,922,0.0935849056603773,0.7630769230769231,0.1667226890756302,325,2650,0.1133333333333333,0.097813578826237,0.1050030883261272,869,750,0.7013936486177748,0.648637227973801,0.6739846322722283,4733,4377,0.5514786418400877,0.6017328951299671,0.5755107872553222,3347,3652,0.5372445616348055,0.6561996779388084,0.5907937658571947,2484,3034,0.6720071206052515,0.7876890975482524,0.7252641690682037,1917,2247,0.1327602674307545,0.6495327102803738,0.2204599524187153,214,1047,0.041002277904328,0.75,0.0777537796976241,24,439,1.029726266860962,0.9673829674720764,334641,82,0.7592993101395338,1.1596326659200713,0.99576073884964,0.96788489818573,334640,82,0.8227320291797063,1.1403783750720322,1.0284758806228638,0.9671107530593872,334638,82,0.7258328862140738,1.1574385409476236,1.0705946683883667,0.9672691226005554,334638,82,0.9588068471954322,1.181158250081353,1.0702577829360962,0.9670177102088928,334634,82,0.9050962674430386,1.1803562080021948,5.818964040023275,0.001187833957374,5.820151873980649,1.4751349169528112,7.29528679093346,0.0162955430569127
44,1.0046027625058285,0.9708569707314624,0.6235905757442278,0.391783939889835,0.6235905757442278,0.4281194018469416,0.9759531838217504,0.4997872905746866,0.0766823161189358,0.1012658227848101,0.9999174455287908,0.985064655923598,0.99243548212462,344284,339170,0.1247104247104247,0.936231884057971,0.2201022146507666,345,2590,0.0514165792235047,0.1507692307692307,0.0766823161189358,325,953,0.1043890865954922,0.1012658227848101,0.102803738317757,869,843,0.699733688415446,0.6661736742024086,0.6825414005844789,4733,4506,0.566211318650683,0.6068120705109052,0.5858090568214595,3347,3587,0.4879786286731968,0.6618357487922706,0.5617631983598155,2484,3369,0.6944059177068885,0.7835159102764736,0.7362745098039216,1917,2163,0.1418786692759295,0.677570093457944,0.2346278317152103,214,1022,0.0471976401179941,0.6666666666666666,0.0881542699724518,24,339,1.0373492240905762,0.967320203781128,334641,82,0.8641907603983009,1.1582636670209467,1.003063440322876,0.9677862524986268,334640,82,0.7088307668779001,1.1823496660217645,1.0224783420562744,0.9671406149864196,334638,82,0.6960325537699641,1.1574114590184763,1.0416017770767212,0.967606782913208,334638,82,0.7538219985277832,1.1885107500711456,1.0727801322937012,0.9665006995201112,334634,82,0.9119860876700996,1.1768500410253182,5.863385583157651,0.0012963750632479,5.864681958220899,1.4893015420529991,7.353983500273898,0.0180006667505949
45,0.9966159433642788,0.9717968885095748,0.6231016790799129,0.4009136438139299,0.6231016790799129,0.4359367459781641,0.9768093388969356,0.5047889018564644,0.0708661417322834,0.1369390103567318,0.9999175573418132,0.9864007621614712,0.9931131691996362,344284,339630,0.1056051990251827,0.3768115942028985,0.1649746192893401,345,1231,0.100140383715489,0.6584615384615384,0.173842404549147,325,2137,0.1020583190394511,0.1369390103567318,0.1169533169533169,869,1166,0.7054028877503493,0.6399746461018382,0.6710978176581367,4733,4294,0.5686659192825112,0.606214520466089,0.5868402024584237,3347,3568,0.5647543799381656,0.6618357487922706,0.6094531974050046,2484,2911,0.6715555555555556,0.7882107459572248,0.7252219822414206,1917,2250,0.1538461538461538,0.6261682242990654,0.2470046082949308,214,871,0.0371900826446281,0.75,0.0708661417322834,24,484,1.0217132568359375,0.9681838154792786,334641,82,0.8239808782409687,1.156097582890652,0.992493212223053,0.967621922492981,334640,82,0.8399682134342793,1.1566002080217004,1.028991460800171,0.9672631025314332,334638,82,0.8042704429655573,1.1745607500197366,1.0557702779769895,0.967777132987976,334638,82,0.901226643384991,1.1553655409952626,1.0701121091842651,0.9670326113700868,334634,82,1.033215038761793,1.2176072919974104,5.860231373924762,0.0016760420985519,5.861907416023314,1.481848957948387,7.343756373971701,0.0201382919913157
46,1.0026219442959756,0.972273820082445,0.6202320370304333,0.3985905031612582,0.6202320370304333,0.4286332788808951,0.9770752551809272,0.5001307025292802,0.072072072072072,0.0747986191024165,0.9999175699624944,0.9865518002579264,0.99318971995684,344284,339682,0.1276510604241696,0.9246376811594202,0.2243319268635724,345,2499,0.050709939148073,0.1538461538461538,0.07627765064836,325,986,0.0964391691394658,0.0747986191024165,0.0842514581983149,869,674,0.6910247970155804,0.6653285442636805,0.6779332615715824,4733,4557,0.5614035087719298,0.6118912458918434,0.5855611150822015,3347,3648,0.6233471854930109,0.6642512077294686,0.6431494835314754,2484,2647,0.6791347453808022,0.7861241523213354,0.7287234042553191,1917,2219,0.1181818181818181,0.6682242990654206,0.2008426966292134,214,1210,0.0380952380952381,0.6666666666666666,0.072072072072072,24,420,1.0160211324691772,0.9679776430130004,334641,82,0.7684577166675085,1.190082332934253,1.0076487064361572,0.9670601487159728,334640,82,1.3692849444717168,1.1603855420835316,1.0193418264389038,0.9677382707595824,334638,82,0.6970850300507779,1.193762458045967,1.045262575149536,0.9676217436790466,334638,82,0.8550637390896654,1.1807295420439914,1.102462649345398,0.9674509763717652,334634,82,1.0953082520171953,1.1677136670332402,5.892673542140983,0.0012892079539597,5.893962750094943,1.523290874902159,7.417253624997102,0.0196079578017815
47,0.9906903515900288,0.9718805607153416,0.6267414918730971,0.4076995412296038,0.6267414918730971,0.4342698609061878,0.9772364483010308,0.510479553502982,0.0742268041237113,0.1093210586881473,0.999917554914316,0.9863717163736916,0.9930984465656,344284,339620,0.1063515509601181,0.417391304347826,0.1695114773396115,345,1354,0.0913682277318641,0.6123076923076923,0.1590091889732321,325,2178,0.1105937136204889,0.1093210586881473,0.1099537037037037,869,859,0.7021709633649932,0.6560321149376717,0.6783178590933916,4733,4422,0.5688333806414987,0.5987451449058858,0.5834061135371179,3347,3523,0.6710150835711374,0.6626409017713365,0.6668017014381203,2484,2453,0.6882406563354604,0.7876890975482524,0.7346144490391632,1917,2194,0.0994587280108254,0.6869158878504673,0.1737588652482269,214,1478,0.0390455531453362,0.75,0.0742268041237113,24,461,1.0353846549987793,0.9622789621353148,334641,82,1.1548195486512045,1.266361250076443,0.985925316810608,0.968446671962738,334640,82,0.9195703385409072,1.1606834169942886,1.010932445526123,0.9678279161453248,334638,82,0.7256399977813496,1.161638249992393,1.0484259128570557,0.9677143692970276,334638,82,1.0437341044623247,1.176136999973096,1.0479575395584106,0.9675824642181396,334634,82,1.0960158671626536,1.1496729579521343,5.914492874988355,0.0021383330458775,5.916631208034232,1.4968322910135612,7.4134634990477934,0.0169839999871328
48,0.9918674040411132,0.9717606305537426,0.6184838800382129,0.3973944015640694,0.6184838800382129,0.4343648682370135,0.9766086385578148,0.5087491049981846,0.0733197556008146,0.1047180667433832,0.9999175158119242,0.9859040791904358,0.9928613528767388,344284,339459,0.0814901047729918,0.2028985507246377,0.1162790697674418,345,859,0.0985473105614448,0.7723076923076924,0.1747910863509749,325,2547,0.0971184631803628,0.1047180667433832,0.1007751937984496,869,937,0.683889252234576,0.6627931544474963,0.6731759656652361,4733,4587,0.5800877674163467,0.6319091723931879,0.6048906048906049,3347,3646,0.5418848167539267,0.6666666666666666,0.5978339350180505,2484,3056,0.6654960491659351,0.7908189880020866,0.7227651966626937,1917,2278,0.1869688385269121,0.616822429906542,0.2869565217391304,214,706,0.038543897216274,0.75,0.0733197556008146,24,467,1.0224604606628418,0.9680433869361876,334641,82,0.8337112368306575,1.2041066670790317,0.9964832663536072,0.9679745435714722,334640,82,0.8703258869664962,1.2068780830595642,1.0104777812957764,0.9678547978401184,334638,82,0.7265674362732751,1.1718146249186248,1.0396728515625,0.9681446552276612,334638,82,0.7466444782451727,1.229641666985117,1.059168815612793,0.9676840901374816,334634,82,0.9299124585289196,1.165810375008732,5.978251417051069,0.0011826250702142,5.979434042121284,1.5036862919805571,7.483120334101841,0.0202708329306915
49,0.9965387394428212,0.9715458718922748,0.6182167976091345,0.4067749454585195,0.6182167976091345,0.4283401808749926,0.977100732720338,0.4847161321201293,0.0711111111111111,0.0943613348676639,0.9999175269878204,0.9860376898142232,0.9929291053234258,344284,339505,0.0783460282916213,0.208695652173913,0.1139240506329113,345,919,0.0910740203193033,0.7723076923076924,0.1629341123012009,325,2756,0.1295418641390205,0.0943613348676639,0.1091877496671105,869,633,0.7114186851211073,0.6515951827593492,0.6801940891045435,4733,4335,0.5676892766676048,0.6026292201971916,0.5846376811594203,3347,3553,0.6878088962108732,0.6723027375201288,0.6799674267100977,2484,2428,0.6736420302760463,0.7892540427751695,0.7268796540956042,1917,2246,0.0907524411257897,0.7383177570093458,0.1616368286445012,214,1741,0.0375586854460093,0.6666666666666666,0.0711111111111111,24,426,1.0165008306503296,0.9691131711006165,334641,82,0.7656004725999029,1.1644905830034986,1.011959433555603,0.9665490984916688,334640,82,1.7469644099944046,1.1973682920215651,1.011754274368286,0.968201458454132,334638,82,0.7137275004590067,1.1810713750310242,1.030743956565857,0.9689306020736694,334638,82,0.7865003552944352,1.2458513339515775,1.043518304824829,0.9674330949783324,334634,82,0.9202988063938232,1.2388915829360485,6.027673166943714,0.0012887089978903,6.028961875941604,1.4742950829677284,7.503256958909333,0.0150892500532791
50,0.9925193490078744,0.9720506942004004,0.6222622604250024,0.4007958477620869,0.6222622604250024,0.4309325776536895,0.9770651709299544,0.505358586068889,0.068230277185501,0.1104718066743383,0.9999175597691674,0.9864298079492512,0.9931278914031384,344284,339640,0.1264367816091954,0.9246376811594202,0.2224546722454672,345,2523,0.0453720508166969,0.1538461538461538,0.0700770847932726,325,1102,0.1136094674556213,0.1104718066743383,0.1120186697782963,869,845,0.7116069309280798,0.6334248890766956,0.6702436843281914,4733,4213,0.5727323008849557,0.6187630714072303,0.5948585379865001,3347,3616,0.6290936785986291,0.6650563607085346,0.6465753424657534,2484,2626,0.6496894409937888,0.8184663536776213,0.724376731301939,1917,2415,0.1235452103849597,0.6448598130841121,0.2073628850488354,214,1117,0.0359550561797752,0.6666666666666666,0.068230277185501,24,445,1.0072129964828491,0.9681479334831238,334641,82,0.8104444014594201,1.199950375012122,1.0040911436080933,0.9680044054985046,334640,82,1.134344317379879,1.1825792921008542,1.0051672458648682,0.96811181306839,334638,82,0.753747547510512,1.2409976670751348,1.0071390867233276,0.9689216613769532,334638,82,0.8442341209113854,1.1732657089596614,1.0322141647338867,0.9676691293716432,334634,82,0.9454114501076596,1.1740599590120837,5.970853002159856,0.0023400409845635,5.97319304314442,1.5000725840218363,7.473265627166256,0.0170630398206412
51,0.9725519652553068,0.9716407003921438,0.6276631503042125,0.4022532726269711,0.6276631503042125,0.4331418275906769,0.976889356252612,0.521684376912223,0.0986301369863013,0.1070195627157652,0.9999175092507484,0.9858256555634302,0.9928215808903113,344284,339432,0.0839954597048808,0.2144927536231884,0.1207177814029363,345,881,0.0923770184003004,0.7569230769230769,0.1646586345381526,325,2663,0.1132764920828258,0.1070195627157652,0.1100591715976331,869,821,0.7075969703924719,0.6513839002746672,0.6783278327832784,4733,4357,0.5730429988974641,0.6211532715864954,0.5961290322580645,3347,3628,0.5963532356095816,0.6714975845410628,0.6316985419428138,2484,2797,0.6933689363595905,0.8127282211789254,0.7483189241114313,1917,2247,0.1098181818181818,0.705607476635514,0.1900566393958464,214,1375,0.0527859237536656,0.75,0.0986301369863013,24,341,1.014875054359436,0.9686111211776732,334641,82,0.842528822248486,1.1937622089171782,0.9768470525741576,0.9685512781143188,334640,82,0.6941527391207415,1.172508875024505,0.9989078044891356,0.9685750007629396,334638,82,0.706092672691454,1.173267374979332,1.0119249820709229,0.9683568477630616,334638,82,0.6573056122809102,1.191531583899632,1.0460591316223145,0.968437135219574,334634,82,0.9091059708519126,1.1734049579827115,5.904475000803359,0.0026770419208332,5.907152042724192,1.5368302499409765,7.443982292665169,0.0221610411535948
52,0.9876854554825282,0.9726336105672416,0.6340858521173399,0.4093232566935302,0.6340858521173399,0.4381453511214443,0.9775978114465056,0.5072254891235497,0.0785340314136125,0.1277330264672037,0.9999175922819286,0.9868190215055012,0.9933251274014776,344284,339774,0.1236127057022579,0.936231884057971,0.2183908045977011,345,2613,0.0548112058465286,0.1384615384615384,0.0785340314136125,325,821,0.1047169811320754,0.1277330264672037,0.1150855365474339,869,1060,0.7156519710753441,0.648214663004437,0.6802660753880266,4733,4287,0.561968085106383,0.6313116223483717,0.5946250175882932,3347,3760,0.6393633540372671,0.6630434782608695,0.6509881422924901,2484,2576,0.7246653919694073,0.7908189880020866,0.7562983287602894,1917,2092,0.1220136518771331,0.6682242990654206,0.2063492063492063,214,1172,0.0465116279069767,0.75,0.0875912408759124,24,387,1.0193278789520264,0.9682824015617372,334641,82,1.0648109506112675,1.2004337080288678,0.9895610809326172,0.96895170211792,334640,82,0.9139958823770707,1.2050470830872655,0.99753338098526,0.9687035083770752,334638,82,0.7371514805400494,1.1547769999597222,1.0457693338394165,0.968625783920288,334638,82,0.935603603525084,1.176087542087771,1.0580285787582395,0.9686523079872132,334634,82,1.0513686903199253,1.150291083031334,5.8866364161949605,0.0012245419202372,5.887860958115198,1.4883063329616562,7.376167291076854,0.0155880418606102
53,0.9685736277575856,0.9723240234059052,0.6433765118875661,0.4108720201346408,0.6433765118875661,0.4382908079646143,0.9775115549369164,0.5215619401707177,0.0827586206896551,0.1323360184119678,0.9999175711758176,0.9865663231518164,0.9931970799931576,344284,339687,0.1272944932162809,0.9246376811594202,0.2237811294282707,345,2506,0.0581005586592178,0.16,0.0852459016393442,325,895,0.1104707012487992,0.1323360184119678,0.1204188481675392,869,1041,0.7134030418250951,0.6342700190154236,0.671513253551057,4733,4208,0.5767852219465123,0.625037346877801,0.599942644106682,3347,3627,0.6724908573750508,0.6662640901771336,0.6693629929221436,2484,2461,0.6993670886075949,0.8069900886802295,0.7493339791717123,1917,2212,0.107095046854083,0.7476635514018691,0.1873536299765808,214,1494,0.0437956204379562,0.75,0.0827586206896551,24,411,1.0085424184799194,0.9691011905670166,334641,82,0.7808296017244757,1.1632099580019712,0.9820208549499512,0.9680522084236144,334640,82,0.8078732694283408,1.234139374922961,1.005076885223389,0.9672392010688782,334638,82,0.8080389285712261,1.1734000419965014,1.020755648612976,0.9685510993003844,334638,82,0.7386675570926363,1.1541126249358058,1.048883080482483,0.9682638049125672,334634,82,0.8302941177350612,1.2233553749974817,5.948217374854721,0.0012361670378595,5.949453541892581,1.5170736250001935,7.466527166892774,0.0150370001792907
54,0.9870711843473085,0.9728065331258262,0.633691114795225,0.4097626535214037,0.633691114795225,0.4403656835431991,0.9776364373462554,0.507524671686167,0.078927773641102,0.1300345224395857,0.9999176053768376,0.9869758687595124,0.9934045887223144,344284,339828,0.1261867088607595,0.9246376811594202,0.222067525234946,345,2528,0.0520628683693516,0.163076923076923,0.078927773641102,325,1018,0.1161356628982528,0.1300345224395857,0.1226927252985884,869,973,0.710349617967122,0.648214663004437,0.6778612461334512,4733,4319,0.5771319934818033,0.6348969226172692,0.6046379285815906,3347,3682,0.6043034281546317,0.6670692431561996,0.6341370072713356,2484,2742,0.7239382239382239,0.7824726134585289,0.7520681875156681,1917,2072,0.1446409989594172,0.6495327102803738,0.236595744680851,214,961,0.0429594272076372,0.75,0.0812641083521444,24,419,1.0031509399414062,0.9688412547111512,334641,82,0.8719720772443206,1.2756451250752434,0.9813801050186156,0.9675741195678712,334640,82,1.3013729465447503,1.2619192909915,1.0082623958587646,0.9683359265327454,334638,82,0.9421091914105586,1.304389417055063,1.0131220817565918,0.9689754247665404,334638,82,0.78580020686303,1.289928040932864,1.078650712966919,0.9694023728370668,334634,82,1.565303175675297,1.249832957983017,6.381714832037687,0.0011325830128043,6.382847415050492,1.6388999168993903,8.021747331949882,0.0171773339388892
55,0.9695567153346928,0.972870681816914,0.6269489325091566,0.4093540193297454,0.6269489325091566,0.4414787103439548,0.977603215725202,0.5198786344021402,0.0918367346938775,0.1035673187571921,0.9999176014972984,0.9869293954990648,0.9933810459350736,344284,339812,0.079455164585698,0.2028985507246377,0.1141924959216965,345,881,0.0895417978314095,0.7876923076923077,0.1608040201005025,325,2859,0.1260504201680672,0.1035673187571921,0.1137081490840176,869,714,0.7123643227937706,0.637861821255018,0.6730576301415673,4733,4238,0.5837523154273617,0.6590976994323274,0.6191411731686781,3347,3779,0.5986370157819225,0.6719001610305958,0.6331562974203339,2484,2788,0.6831293706293706,0.8153364632237872,0.7434007134363853,1917,2288,0.1717791411042944,0.6542056074766355,0.272108843537415,214,815,0.0489130434782608,0.75,0.0918367346938775,24,368,0.9938617944717408,0.9691848754882812,334641,82,0.7770073236209016,1.305825209012255,0.9601141810417176,0.9690981507301332,334640,82,0.7852872463746666,1.2898613339057192,1.003722071647644,0.9698210954666138,334638,82,0.8322193423976116,1.281070000026375,1.0238358974456787,0.9688469171524048,334638,82,0.816558654476618,1.312146042007953,1.0469298362731934,0.9678723812103271,334634,82,0.9011958787083334,1.272594540962018,6.46149712591432,0.00145133305341,6.46294845896773,1.6629068329930303,8.125855291960761,0.0161524571012705
56,0.9655995317499692,0.9729180960668484,0.6449018210919844,0.422170303978972,0.6449018210919844,0.4454102802236419,0.9781590955631384,0.5209501187285366,0.0685543964232488,0.1415384615384615,0.999917598102402,0.986888731396173,0.9933604450928396,344284,339798,0.1253374469726186,0.9420289855072465,0.2212389380530973,345,2593,0.0452310717797443,0.1415384615384615,0.0685543964232488,325,1017,0.124,0.142692750287687,0.1326912787586945,869,1000,0.7120343839541547,0.6300443693217832,0.6685349176101334,4733,4188,0.5877053524112348,0.662682999701225,0.6229462154191827,3347,3774,0.7328615656789031,0.6670692431561996,0.6984193888303477,2484,2261,0.7382324687800192,0.801773604590506,0.7686921730432608,1917,2082,0.1046590141796083,0.7242990654205608,0.1828908554572271,214,1481,0.0517241379310344,0.75,0.0967741935483871,24,348,1.0078243017196655,0.9695703983306884,334641,82,0.8937121427799785,1.2870119999861345,0.979756474494934,0.969283401966095,334640,82,0.9497747259235648,1.3347717500291765,0.9990178346633912,0.9694924354553224,334638,82,0.8577384348068868,1.277510958025232,1.0082387924194336,0.969862937927246,334638,82,0.7982788446873945,1.3193710839841517,1.0509707927703855,0.9686373472213744,334634,82,1.0357942998955694,1.2601999590406194,6.478865751065314,0.0012529169907793,6.480118668056093,1.5292387909721583,8.009357459028251,0.0175132489530369
57,0.9552285039645876,0.9725415711408985,0.6432589296875882,0.4130993366973472,0.6432589296875882,0.4387562877880638,0.9776696345422186,0.5199600179148085,0.071334214002642,0.1254315304948216,0.9999175973748878,0.986880017659839,0.9933560305169432,344284,339795,0.1257861635220125,0.927536231884058,0.2215299411561093,345,2544,0.0454163162321278,0.1661538461538461,0.071334214002642,325,1189,0.1406451612903226,0.1254315304948216,0.132603406326034,869,775,0.7150537634408602,0.6182125501795901,0.6631161473087819,4733,4092,0.5968526466380544,0.6232446967433523,0.6097632271265712,3347,3495,0.6500777604976672,0.6731078904991948,0.6613924050632911,2484,2572,0.7026548672566372,0.828377673448096,0.7603543212832177,1917,2260,0.114766081871345,0.7336448598130841,0.1984829329962073,214,1368,0.0398230088495575,0.75,0.0756302521008403,24,452,0.989548683166504,0.9699499011039734,334641,82,0.90241824440954,1.231230332981795,0.970955491065979,0.9688949584960938,334640,82,0.7186758454455651,1.1984636249253526,0.9907678365707396,0.969426691532135,334638,82,0.9135346875909688,1.2236384589923546,1.019111156463623,0.9692862033843994,334638,82,0.8669618451783037,1.1840012079337612,1.046022653579712,0.9684939384460448,334634,82,0.9908483483329508,1.2169260419905186,6.054259666823782,0.0023098749807104,6.0565695418044925,1.5025442090118304,7.559113750816323,0.0182804161449894
58,0.9649833069095478,0.9735400594630476,0.6459350936794903,0.4339424674852964,0.6459350936794903,0.4470293531984666,0.9788782800896388,0.5180758092570319,0.0655737704918032,0.1277330264672037,0.999917664252465,0.987681681402563,0.993762009483382,344284,340071,0.1282051282051282,0.927536231884058,0.2252727912706793,345,2496,0.0421422300263388,0.1476923076923077,0.0655737704918032,325,1139,0.13875,0.1277330264672037,0.1330137807070102,869,800,0.7200670498084292,0.6353264314388337,0.675047704568414,4733,4176,0.5967054813973303,0.6277263220794742,0.6118229470005824,3347,3521,0.8753943217665615,0.6702898550724637,0.759233926128591,2484,1902,0.7014660151043981,0.8236828377673449,0.7576775431861804,1917,2251,0.0908584169453734,0.7616822429906542,0.1623505976095617,214,1794,0.0459183673469387,0.75,0.0865384615384615,24,392,0.9826506972312928,0.9698423147201538,334641,82,0.6969022413152334,1.2722485410049558,0.985395610332489,0.96854829788208,334640,82,1.4082047997159166,1.198648834018968,0.9743982553482056,0.9694535732269288,334638,82,0.7269355701536098,1.2352565838955345,1.0129146575927734,0.9695730805397034,334638,82,0.7413421179530281,1.188793333945796,1.0308129787445068,0.9703466892242432,334634,82,1.0379822804642438,1.18965549999848,6.084602792863734,0.0011733749415725,6.085776167805307,1.524535958073102,7.610312125878408,0.0197341240709647
59,0.965492166442962,0.973612575374712,0.6315563216876189,0.4203637255911305,0.6315563216876189,0.4421852045470051,0.9785231600434946,0.5130583558952706,0.0687285223367697,0.0851553509781357,0.9999176293733656,0.9872634220585332,0.9935502352344524,344284,339927,0.1250485436893204,0.9333333333333332,0.2205479452054794,345,2575,0.0442477876106194,0.1538461538461538,0.0687285223367697,325,1130,0.1300527240773286,0.0851553509781357,0.1029207232267037,869,569,0.7172112287160608,0.658567504753856,0.686639497742042,4733,4346,0.5929461681251658,0.6680609501045712,0.6282663669570104,3347,3771,0.7398589065255732,0.6755233494363929,0.7062289562289562,2484,2268,0.7068254695373339,0.8049034950443401,0.7526829268292683,1917,2183,0.1036931818181818,0.6822429906542056,0.1800246609124537,214,1408,0.0438356164383561,0.6666666666666666,0.0822622107969151,24,365,0.9942700266838074,0.9701351523399352,334641,82,0.8407776535989095,1.223886250052601,0.9498306512832642,0.970496654510498,334640,82,0.710010158408064,1.2016587919788435,0.9732781052589417,0.9700482487678528,334638,82,0.6825965648341034,1.1893013749504462,1.0186854600906372,0.9699018001556396,334638,82,0.8809953383626378,1.2057966670254243,1.0389240980148315,0.9696205258369446,334634,82,1.119704195536444,1.1934923339867964,6.014135417994112,0.0012235000031068,6.015358917997219,1.5575114169623705,7.572870334959589,0.0186889569740742
60,0.9580279997588084,0.9739444751242532,0.629629625899496,0.4277329696877395,0.629629625899496,0.4508037308087371,0.978887978992102,0.524458736666108,0.0963855421686747,0.1311852704257767,0.999920615786286,0.9878211011839064,0.9938340332143972,344284,340118,0.0887174541947926,0.2666666666666666,0.1331403762662807,345,1037,0.0869565217391304,0.7446153846153846,0.1557271557271557,325,2783,0.1446700507614213,0.1311852704257767,0.1375980687990344,869,788,0.7151781582600648,0.6530741601521234,0.6827167310877968,4733,4322,0.6175972927241963,0.6543172990737974,0.6354272450311911,3347,3546,0.7342163355408389,0.6694847020933977,0.7003579700989682,2484,2265,0.710091743119266,0.8075117370892019,0.7556748840615084,1917,2180,0.1280334728033473,0.7149532710280374,0.2171753016323633,214,1195,0.0519480519480519,0.6666666666666666,0.0963855421686747,24,308,0.9802173972129822,0.970687985420227,334641,82,0.8656841514655448,1.2290049160365015,0.9488269090652466,0.970027506351471,334640,82,0.8031296258028519,1.2260667090304196,0.9899045825004578,0.9699077606201172,334638,82,0.8094226208634275,1.213232500012964,1.003435492515564,0.9698330760002136,334638,82,0.6894800375759453,1.2215648329583928,1.0315173864364624,0.9698715806007384,334634,82,0.8989665804643208,1.2016719999955967,6.091540958033875,0.0013379999436438,6.092878957977518,1.5306498750578612,7.62352883303538,0.0195429170271381
61,0.958237855712566,0.9749569088140302,0.6397379946796342,0.4348906411523944,0.6397379946796342,0.4516355280530384,0.9795570994421472,0.5078331246936606,0.0662151993980436,0.1047180667433832,0.9999177399642756,0.9885908145600724,0.9942220170944166,344284,340384,0.1256320497860754,0.936231884057971,0.2215363511659808,345,2571,0.0438247011952191,0.1353846153846153,0.0662151993980436,325,1004,0.1332357247437774,0.1047180667433832,0.1172680412371134,869,683,0.7127322156773901,0.6646946968096344,0.6878758062752816,4733,4414,0.5833117387924333,0.6725425754406932,0.6247571468220927,3347,3859,0.8571428571428571,0.6763285024154589,0.7560756075607561,2484,1960,0.725,0.7866458007303078,0.7545659244433325,1917,2080,0.1220735785953177,0.6822429906542056,0.2070921985815602,214,1196,0.0460358056265984,0.75,0.0867469879518072,24,391,0.9995965361595154,0.9699140191078186,334641,82,1.1461206459593851,1.2376407498959452,0.946296215057373,0.9697704911231996,334640,82,0.7257187240168711,1.2302743749460203,0.9806410074234008,0.9694057703018188,334638,82,0.7488417698868672,1.2216444170335308,0.9903473258018494,0.969964563846588,334638,82,0.8451076541661133,1.252845040988177,1.027430295944214,0.9695069789886476,334634,82,1.075490131115065,1.3132640830008313,6.255668665864505,0.0011788749834522,6.256847540847957,1.5181052079424262,7.774952748790383,0.3233488760888576
62,0.9752268175305862,0.9761506322829684,0.6401989051318235,0.4498482659992484,0.6401989051318235,0.4598909631982416,0.9805025902351044,0.5120527693062651,0.0806794055201698,0.098964326812428,0.9999207960292408,0.9900692451580672,0.9949706352820298,344284,340892,0.1222780569514237,0.8463768115942029,0.2136845956824002,345,2388,0.0561633843909555,0.2369230769230769,0.0908018867924528,325,1371,0.1398373983739837,0.098964326812428,0.1159029649595687,869,615,0.700068166325835,0.6509613353053032,0.6746222903437705,4733,4401,0.6177474402730375,0.6489393486704511,0.632959347224246,3347,3516,0.9761211415259172,0.6747181964573269,0.7979052606522257,2484,1717,0.6942257217847769,0.8278560250391236,0.755174875089222,1917,2286,0.1496149614961496,0.6355140186915887,0.2422083704363312,214,909,0.0425055928411633,0.7916666666666666,0.0806794055201698,24,447,1.0128626823425293,0.9701441526412964,334641,82,1.0373767672639953,1.1707407500362024,0.9618951082229614,0.970063328742981,334640,82,0.9022800759302252,1.1459795420523733,0.9869691729545592,0.9695132970809937,334638,82,0.8676566953443668,1.1655504580121487,1.0056246519088743,0.970619022846222,334638,82,0.8336578637731906,1.144317042082548,1.028394341468811,0.9692798852920532,334634,82,1.1655467101295216,1.1645183749496937,5.791106167132966,0.0012522090692073,5.7923583762021735,1.4800870409235358,7.272445417125709,0.0149805408436805
63,0.9533195490050852,0.973146800095944,0.6448982637187737,0.4261803126499126,0.6448982637187737,0.4483839354184303,0.9784520451171762,0.5242268520603368,0.0708215297450425,0.1538461538461538,0.9999205473405428,0.9869700596019564,0.9934030980443176,344284,339825,0.1245181187355435,0.936231884057971,0.2198026539639333,345,2594,0.045998160073597,0.1538461538461538,0.0708215297450425,325,1087,0.1318897637795275,0.1542002301495972,0.1421750663129973,869,1016,0.7089323591798256,0.6355377139235158,0.6702317290552585,4733,4243,0.6294564582115721,0.6435613982671049,0.6364307874132072,3347,3422,0.781630740393627,0.6714975845410628,0.7223906453009961,2484,2134,0.6853836262323189,0.8341158059467919,0.7524705882352941,1917,2333,0.1049935979513444,0.7663551401869159,0.1846846846846846,214,1562,0.0490797546012269,0.6666666666666666,0.0914285714285714,24,326,0.9935081601142884,0.9694628119468688,334641,82,0.8998362948519849,1.2151641249656675,0.9450287222862244,0.9699497818946838,334640,82,0.8469189829012846,1.1349502500379458,0.9703031778335572,0.9698210954666138,334638,82,0.6730398242075226,1.1759071670239791,0.9743608236312866,0.9699615836143494,334638,82,0.7644322106044711,1.1989179169759154,1.01481032371521,0.9700060486793518,334634,82,0.8743226467548126,1.1709238750627264,5.8958633340662345,0.0015139159513637,5.897377250017598,1.4975511250086129,7.394928375026211,0.017466373858042
64,0.9513487105191092,0.9734675435513832,0.6422932659547338,0.4342852064349768,0.6422932659547338,0.4493887388434618,0.9788419059693152,0.5179469485642769,0.067024128686327,0.1196777905638665,0.9999205716487856,0.9872721357948672,0.9935561002202532,344284,339929,0.1271219897354915,0.9333333333333332,0.2237665045170257,345,2533,0.0428449014567266,0.1538461538461538,0.067024128686327,325,1167,0.1364829396325459,0.1196777905638665,0.1275291232372777,869,762,0.7190339550454328,0.6353264314388337,0.6745933819405496,4733,4182,0.5954035275253875,0.6656707499253063,0.6285794893496968,3347,3742,0.8191699604743083,0.6674718196457327,0.735581188997338,2484,2024,0.7647914645974782,0.8226395409494001,0.7926614727318422,1917,2062,0.0919732441471571,0.7710280373831776,0.1643426294820717,214,1794,0.0461095100864553,0.6666666666666666,0.0862533692722372,24,347,0.9891599416732788,0.9707298278808594,334641,82,0.927070885617783,1.1771792919607833,0.9609617590904236,0.970266580581665,334640,82,1.0030206975158658,1.2342685830080882,0.9786959886550904,0.9696926474571228,334638,82,0.8330631310756402,1.1712018749676645,0.9909258484840392,0.9703231453895568,334638,82,0.7024383711480828,1.175194332958199,1.013784408569336,0.96953684091568,334634,82,0.8779445503459787,1.1727637910516933,5.930607873946428,0.0021829169709235,5.932790790917352,1.5255552089074629,7.4583459998248145,0.0162060010479763
65,0.9462712759368423,0.9739946784477131,0.6538672870243855,0.4211719942472157,0.6538672870243855,0.4503959949314365,0.9785628070116664,0.5167120214107225,0.0682148040638606,0.1208285385500575,0.9999206064491089,0.9877049180327868,0.9937752242234372,344284,340078,0.1254355400696864,0.9391304347826088,0.221311475409836,345,2583,0.0446343779677113,0.1446153846153846,0.0682148040638606,325,1053,0.1428571428571428,0.1208285385500575,0.1309226932668329,869,735,0.7245609814770267,0.6363828438622439,0.677615298087739,4733,4157,0.5962666666666666,0.6680609501045712,0.6301254051007468,3347,3750,0.6627218934911243,0.6763285024154589,0.6694560669456067,2484,2535,0.7119101123595506,0.8262910798122066,0.7648478995654273,1917,2225,0.1557935735150925,0.7476635514018691,0.257856567284448,214,1027,0.0476190476190476,0.7916666666666666,0.0898345153664302,24,399,0.9824517369270324,0.9696361422538756,334641,82,0.7692489583162626,1.1853657079627735,0.9469823241233826,0.9703890681266784,334640,82,0.791224961337811,1.20035145804286,0.9738779067993164,0.970137894153595,334638,82,0.7335360705203423,1.2953947079367936,0.9923067092895508,0.9704875349998474,334638,82,0.8767762757186671,1.21319587493781,1.022167682647705,0.9701464772224426,334634,82,1.0377625076383763,1.2113277079770342,6.1056354568572715,0.0013800840824842,6.107015540939756,1.5164059170056134,7.623421457945369,0.0154845431679859
66,0.9394488478180898,0.9738552247714354,0.648568380145815,0.4227540967437989,0.648568380145815,0.4494480524903254,0.9785612014967756,0.5173808860326101,0.0683870967741935,0.1288837744533947,0.9999206225543662,0.987905333968468,0.9938766654344996,344284,340147,0.1276512175962293,0.9420289855072465,0.2248356969906606,345,2546,0.0432653061224489,0.163076923076923,0.0683870967741935,325,1225,0.1405269761606022,0.1288837744533947,0.134453781512605,869,797,0.7189655172413794,0.616733572786816,0.6639372227908563,4733,4060,0.6055875102711585,0.6605915745443681,0.6318948270934552,3347,3651,0.6837782340862423,0.6702898550724637,0.6769668631835739,2484,2435,0.7122980251346499,0.8278560250391236,0.7657418576598312,1917,2228,0.1520692974013474,0.7383177570093458,0.25219473264166,214,1039,0.0434782608695652,0.75,0.0821917808219178,24,414,0.9794415831565856,0.9706133008003236,334641,82,0.8775961250730059,1.2443461250513792,0.9493270516395568,0.970520555973053,334640,82,0.9887017180300374,1.2078497089678422,0.9646136164665222,0.970320165157318,334638,82,0.6799431856363484,1.223246708046645,0.9767841696739196,0.9705502390861512,334638,82,0.8645885240235499,1.219113750034012,1.0082238912582395,0.9692769050598145,334634,82,0.91834112677684,1.2089089580113068,6.103465250111185,0.0014007500139996,6.104866000125185,1.564199332962744,7.669065333087929,0.0159643338993191
67,0.9444779687124536,0.97445487557943,0.6403305452604533,0.4291549474763112,0.6403305452604533,0.4533234864863376,0.9790524778938456,0.5206620991479014,0.0966921119592875,0.1231300345224395,0.9999206657029018,0.9884426810423952,0.994148544585578,344284,340332,0.079685746352413,0.2057971014492753,0.1148867313915857,345,891,0.0886818495514147,0.7907692307692308,0.1594787465094632,325,2898,0.1502808988764045,0.1231300345224395,0.1353573687539531,869,712,0.7258536585365853,0.6287766744136911,0.6738367485565493,4733,4100,0.5879568761504076,0.6680609501045712,0.6254545454545455,3347,3803,0.7317073170731707,0.6763285024154589,0.702928870292887,2484,2296,0.7118415128320577,0.8247261345852895,0.764137264378927,1917,2221,0.1641304347826087,0.705607476635514,0.2663139329805996,214,920,0.051490514905149,0.7916666666666666,0.0966921119592875,24,369,0.9672473073005676,0.9713245034217834,334641,82,0.800587709883375,1.2508502920391038,0.9414336681365968,0.969970703125,334640,82,0.8797660434203782,1.211318708024919,0.9675164222717284,0.9704576134681702,334638,82,0.891475467954869,1.2201769590610638,0.9816772937774658,0.970723569393158,334638,82,0.7832896670547098,1.286428207997233,1.009921312332153,0.9700927138328552,334634,82,1.1166326342849062,1.2626609170110896,6.231435084133409,0.0013912919675931,6.232826376101002,1.551662000012584,7.784488376113586,0.0167664159089326
68,0.9472730575933218,0.9745971183292332,0.6455865195774464,0.4344014902180809,0.6455865195774464,0.4525266746114641,0.9793012867544384,0.524439685054489,0.0690131124913733,0.1208285385500575,0.9999206740939218,0.9885472458784028,0.994201433721073,344284,340368,0.1236253318164581,0.944927536231884,0.2186452045606975,345,2637,0.0444839857651245,0.1538461538461538,0.0690131124913733,325,1124,0.1409395973154362,0.1208285385500575,0.1301115241635687,869,745,0.7187576424553681,0.6209592224804563,0.6662888233960553,4733,4089,0.5882198952879581,0.6713474753510607,0.6270406027626622,3347,3820,0.8449494949494949,0.6735104669887279,0.7495519713261649,2484,1980,0.7046263345195729,0.8262910798122066,0.76062424969988,1917,2248,0.1324561403508772,0.705607476635514,0.2230428360413589,214,1140,0.0460358056265984,0.75,0.0867469879518072,24,391,1.0057003498077393,0.971019685268402,334641,82,1.4373331484935998,1.1904052919708192,0.9592347741127014,0.9706789255142212,334640,82,1.1031868319799631,1.238749291980639,0.9465156197547911,0.9708371162414552,334638,82,0.7036631578154122,1.181098707951605,0.9954620003700256,0.9689784049987792,334638,82,0.7802575032029939,1.2047882499173284,0.9946683049201964,0.9699671864509584,334634,82,0.8099301133121357,1.1771970839472488,5.992238625767641,0.0012925829505547,5.993531208718196,1.5473592499038205,7.540890458622016,0.0209782072342932
69,0.9404403623965106,0.9739361079036766,0.6478495161685262,0.4279485366258398,0.6478495161685262,0.4472454674101482,0.9788203632367292,0.5204852340381384,0.0720058780308596,0.1047180667433832,0.999920608783609,0.9877339638205668,0.9937899271156624,344284,340088,0.1247585940517574,0.936231884057971,0.2201772324471711,345,2589,0.0472972972972973,0.1507692307692307,0.0720058780308596,325,1036,0.1428571428571428,0.1047180667433832,0.1208499335989375,869,637,0.7182213629772837,0.627931544474963,0.6700484725510089,4733,4138,0.5918367346938775,0.6758291006871826,0.6310503556981448,3347,3822,0.8071359691417551,0.6739130434782609,0.7345326897762177,2484,2074,0.6937527304499782,0.828377673448096,0.7551117451260104,1917,2289,0.1074324324324324,0.7429906542056075,0.1877213695395513,214,1480,0.0462724935732647,0.75,0.0871670702179176,24,389,0.976037859916687,0.9706401824951172,334641,82,0.8269804813352489,1.2681896669091657,0.957677125930786,0.9702366590499878,334640,82,0.739228493283569,1.286246333969757,0.9696770906448364,0.9702574014663696,334638,82,0.8353798779389457,1.2883113749558106,0.998296320438385,0.9705950617790222,334638,82,0.7481448159051106,1.2583079589530826,1.0012603998184204,0.9703795909881592,334634,82,0.8112950158469007,1.2945989590371028,6.395654293824919,0.0012173750437796,6.396871668868698,1.5829530420014637,7.979824710870162,0.0183517062105238
70,0.9371384897641476,0.975076838975629,0.6521640769631023,0.449495660338725,0.6521640769631023,0.4586156110202958,0.9800607318271866,0.5211050441881527,0.0651515151515151,0.1323076923076923,0.9999206890069088,0.9887331389201938,0.9942954451188522,344284,340432,0.1234380916319576,0.944927536231884,0.218352310783657,345,2641,0.04321608040201,0.1323076923076923,0.0651515151515151,325,995,0.1357308584686775,0.1346375143843498,0.1351819757365684,869,862,0.7161396885323266,0.6412423410099303,0.6766246795229072,4733,4238,0.6220624827204866,0.672243800418285,0.6461803561171741,3347,3617,0.9720767888307156,0.6727053140096618,0.795146324054247,2484,1719,0.722858451672011,0.8231611893583725,0.7697560975609756,1917,2183,0.1085219707057257,0.7616822429906542,0.1899766899766899,214,1502,0.0509915014164305,0.75,0.0954907161803713,24,353,0.9795112013816832,0.9701530933380128,334641,82,1.0246458076698015,1.3207834160421044,0.9481768012046814,0.9705175757408142,334640,82,1.1995942360078928,1.2524632079293951,0.960629105567932,0.9706668257713318,334638,82,0.8259586598500828,1.283939625020139,0.998846709728241,0.9704127907752992,334638,82,1.0906980436609874,1.258213167078793,1.0045528411865234,0.9701494574546814,334634,82,0.8335354744150834,1.2528623751131818,6.368261791183613,0.0014220420271158,6.369683833210729,1.6373671250184998,8.007050958229229,0.0153310009045526
71,0.9376512347904664,0.9742373278444366,0.6546913370505855,0.4335014051821101,0.6546913370505855,0.4541386519601089,0.979179022227064,0.5197599028465828,0.0720598232494901,0.1415420023014959,0.9999206262879856,0.9879518072289156,0.9939001851129452,344284,340163,0.1263366336633663,0.9246376811594202,0.2222996515679442,345,2525,0.0462478184991274,0.163076923076923,0.0720598232494901,325,1146,0.1518518518518518,0.1415420023014959,0.1465157832042882,869,810,0.7085498346717053,0.6338474540460596,0.6691201070592171,4733,4234,0.635030198446937,0.6596952494771438,0.6471277842907386,3347,3477,0.7911214953271029,0.6815619967793881,0.7322664359861591,2484,2140,0.7122366651725683,0.8288993218570684,0.766152362584378,1917,2231,0.1144038594073053,0.7757009345794392,0.1993993993993994,214,1451,0.0493150684931506,0.75,0.0925449871465295,24,365,0.9508668780326844,0.9713962078094482,334641,82,0.7498330310549279,1.3032812920864671,0.9428381323814392,0.9704488515853882,334640,82,0.8152945995148294,1.2638222500681875,0.9699146151542664,0.9706100225448608,334638,82,0.8250765630034672,1.2549062919570133,0.9897953271865844,0.970436692237854,334638,82,0.7813652253115575,1.2629387909546494,0.9860454201698304,0.9706873893737792,334634,82,0.9483096509898384,1.2975224170368165,6.382471042103134,0.0010477079777047,6.383518750080839,1.612567040952854,7.996085791033693,0.0152991249924525
72,0.9305074143377452,0.9743433126384078,0.645054666689683,0.4322492471503081,0.645054666689683,0.4514265401437707,0.9792421688079406,0.5282479326928453,0.0893300248138957,0.1265822784810126,0.999920641685453,0.9881435094282628,0.9939971921643562,344284,340229,0.0683870967741935,0.1536231884057971,0.0946428571428571,345,775,0.0905039424065821,0.8123076923076923,0.162862430598396,325,2917,0.1534170153417015,0.1265822784810126,0.1387137452711223,869,717,0.7211354961832062,0.638706951193746,0.6774229691876751,4733,4192,0.617033119955469,0.6623842246788169,0.6389048991354467,3347,3593,0.7707671357240127,0.6835748792270532,0.7245572861105185,2484,2203,0.7260650480989465,0.8268127282211789,0.7731707317073171,1917,2183,0.1277695716395864,0.8084112149532711,0.2206632653061224,214,1354,0.0474934036939313,0.75,0.0893300248138957,24,379,0.972679078578949,0.9716920256614684,334641,82,0.8136430905637624,1.242006374988705,0.9377152919769288,0.9706251621246338,334640,82,0.8718892214614622,1.2701412090100348,0.949315905570984,0.9710822105407716,334638,82,0.6778570610873439,1.2804347920464352,0.9833343029022216,0.9707534909248352,334638,82,0.7865792250901091,1.2727970419218764,1.008854627609253,0.9704184532165528,334634,82,0.9183290814271466,1.2955023339018226,6.360881751868874,0.0012795840157195,6.362161335884593,1.6244803339941427,7.986641669878736,0.0172906651860103
73,0.9454627870094388,0.9759860769449604,0.6457400539619083,0.4538921570298894,0.6457400539619083,0.4646360907611864,0.9805865295543942,0.5215974511403948,0.0850111856823266,0.1346375143843498,0.9999207976556106,0.9900895772095132,0.9949809029120688,344284,340899,0.1189155884165126,0.5594202898550724,0.1961382113821138,345,1623,0.0724774988157271,0.4707692307692308,0.125615763546798,325,2111,0.1533420707732634,0.1346375143843498,0.1433823529411764,869,763,0.7189030362389814,0.6203253750264103,0.6659861630940229,4733,4084,0.6285387474978553,0.6567074992530625,0.6423144360023378,3347,3497,0.9680547632629778,0.6831723027375202,0.8010384706160019,2484,1753,0.6923076923076923,0.8309859154929577,0.7553342816500711,1917,2301,0.1415441176470588,0.719626168224299,0.2365591397849462,214,1088,0.0449172576832151,0.7916666666666666,0.0850111856823266,24,423,0.97109192609787,0.9717488288879396,334641,82,0.8389473502863868,1.2515741660026831,0.9229788780212402,0.9711660146713256,334640,82,0.7017686278212898,1.2945464591030031,0.961823582649231,0.9707146286964417,334638,82,0.8259602241344575,1.2328979159938172,0.9788089394569396,0.9712046980857848,334638,82,0.8200449742886514,1.2005691670347003,1.0145539045333862,0.970738172531128,334634,82,1.3704040352653324,1.2174297500168905,6.197017458151095,0.0011564999585971,6.198173958109692,1.4917778329690918,7.689951791078784,0.0185736668063327
74,0.9455278768864006,0.9761562104300192,0.6417483446827903,0.4525632111012433,0.6417483446827903,0.4623131599578884,0.980634027571399,0.5321354264825955,0.0663198959687906,0.1242807825086306,0.9999207992819136,0.990109909260959,0.9949911703323164,344284,340906,0.1230128690386071,0.9420289855072465,0.2176096417810512,345,2642,0.0420445177246496,0.1569230769230769,0.0663198959687906,325,1213,0.1363636363636363,0.1242807825086306,0.1300421432871764,869,792,0.7242387332521315,0.6281428269596451,0.6727766463000678,4733,4105,0.6190211345939933,0.66507319988049,0.6412213740458015,3347,3596,0.9768115942028984,0.678341384863124,0.8006652411499169,2484,1725,0.6971027216856892,0.828377673448096,0.7570917759237187,1917,2278,0.1666666666666666,0.6542056074766355,0.2656546489563567,214,840,0.0404494382022471,0.75,0.0767590618336887,24,445,0.9564850330352784,0.9712139368057252,334641,82,0.8527891131277361,1.226755750016309,0.93937748670578,0.9715395569801332,334640,82,0.8918633380935186,1.2037581249605864,0.9586784839630128,0.9709298014640808,334638,82,0.7115263468551737,1.260406041983515,0.972960650920868,0.9713361859321594,334638,82,0.8094153509014239,1.1969983750022948,1.0346022844314575,0.9705439209938048,334634,82,1.4903579000771654,1.2137943330453709,6.101712625008076,0.0012255000183358,6.102938125026412,1.5591767500154674,7.66211487504188,0.0172752089565619
75,0.9498244806231462,0.9751158860049868,0.6459536134093767,0.4475040370607382,0.6459536134093767,0.4554245051840752,0.9801107487336216,0.5081791281675593,0.0833333333333333,0.1173762945914844,0.9999236383394275,0.988889986174205,0.994376205698564,344284,340485,0.0727762803234501,0.1565217391304348,0.0993560257589696,345,742,0.0894967916244512,0.8153846153846154,0.1612903225806451,325,2961,0.1608832807570978,0.1173762945914844,0.1357285429141716,869,634,0.7133412042502951,0.638284386224382,0.673728813559322,4733,4235,0.6380437873187376,0.6704511502838363,0.6538461538461539,3347,3517,0.9130901287553648,0.6851851851851852,0.7828886844526219,2484,1864,0.7347504621072088,0.8294209702660407,0.7792207792207793,1917,2164,0.1087533156498673,0.7663551401869159,0.1904761904761904,214,1508,0.0439814814814814,0.7916666666666666,0.0833333333333333,24,432,0.969074547290802,0.9713484048843384,334641,82,0.879104218837036,1.2816470409743488,0.9320890307426452,0.971426010131836,334640,82,0.8559248408043716,1.287192584015429,0.957224667072296,0.9707953333854676,334638,82,0.9689564408022936,1.2769994999980554,1.0082709789276123,0.9684136509895324,334638,82,2.055264893487486,1.2783092920435593,1.0004271268844604,0.9713687300682068,334634,82,0.9916423245285596,1.2460990420076996,6.370247459039092,0.0011024579871445,6.371349917026237,1.5864664589753374,7.957816376001574,0.0165528319776058
76,0.9297054978148892,0.9748676584612124,0.6471062603641814,0.4552683175508581,0.6471062603641814,0.4569968216575288,0.9801655975053972,0.5264426237904979,0.0893300248138957,0.1185270425776754,0.9999206929672284,0.9887825167594196,0.9943204139423688,344284,340449,0.0748387096774193,0.1681159420289855,0.1035714285714285,345,775,0.0890756302521008,0.8153846153846154,0.1606060606060606,325,2975,0.1629746835443038,0.1185270425776754,0.1372418387741505,869,632,0.721042471042471,0.6313120642298753,0.673200405542413,4733,4144,0.629524886877828,0.66507319988049,0.64681098358274,3347,3536,0.9734870317002882,0.6799516908212561,0.8006636643754445,2484,1735,0.7572861920688008,0.8268127282211789,0.7905236907730673,1917,2093,0.0970394736842105,0.8271028037383178,0.1736997055937193,214,1824,0.0474934036939313,0.75,0.0893300248138957,24,379,0.9453072547912598,0.9715874791145324,334641,82,0.69265710699836,1.203581708017737,0.9261776208877563,0.9714767932891846,334640,82,0.739847433117296,1.2432546670315787,0.9637778997421264,0.9710672497749328,334638,82,0.8534751123163693,1.2103695829864591,0.9731479287147522,0.9711778163909912,334638,82,0.9602930416707224,1.2084726250031963,1.003092646598816,0.9705559015274048,334634,82,1.0454596357872257,1.2225351249799132,6.088213708018884,0.0024201250635087,6.090633833082393,1.5263945409096775,7.6170283739920706,0.018781500053592
77,0.9276663754058084,0.97390263902137,0.6575528566491279,0.4242887476066081,0.6575528566491279,0.4548846671609095,0.9785973137861228,0.5271037952606014,0.0736579275905118,0.1311852704257767,0.9999205774898956,0.9873447502643168,0.9935928726554212,344284,339954,0.1271769947347104,0.910144927536232,0.2231698649609097,345,2469,0.0462020360219263,0.1815384615384615,0.0736579275905118,325,1277,0.1589958158995816,0.1311852704257767,0.1437578814627995,869,717,0.7286093034466137,0.638706951193746,0.6807025444719658,4733,4149,0.6253094910591471,0.6791156259336719,0.6511028358636494,3347,3635,0.6266519823788547,0.6871980676328503,0.6555299539170507,2484,2724,0.7227044312471448,0.8252477829942618,0.7705796395518753,1917,2189,0.1548387096774193,0.7850467289719626,0.2586605080831409,214,1085,0.0524781341107871,0.75,0.0980926430517711,24,343,0.9407815337181092,0.9714410305023192,334641,82,0.8225292242856018,1.1888389579253271,0.9283400177955629,0.9718114733695984,334640,82,0.7647648696204467,1.184073333046399,0.969813108444214,0.9712256193161012,334638,82,0.8395428164120833,1.2098255830351263,0.9839971661567688,0.9647709131240844,334638,82,1.45631221541657,1.1892389999702573,0.9951284527778624,0.9719634056091307,334634,82,0.8943160918306727,1.2159292919095606,5.98790616588667,0.0012199999764561,5.9891261658631265,1.495823958073743,7.484950123936869,0.0178214181214571
78,0.9244179905219028,0.9744018831824444,0.6458100029832161,0.4380362440097388,0.6458100029832161,0.454701400018125,0.9794437617763432,0.5270233757098134,0.081081081081081,0.1311852704257767,0.999920656377464,0.9883264978912758,0.9940897723554434,344284,340292,0.0770142180094786,0.1884057971014492,0.1093355761143818,345,844,0.0847170450694679,0.7692307692307693,0.1526251526251526,325,2951,0.1469072164948453,0.1311852704257767,0.1386018237082067,869,776,0.7171814671814671,0.627931544474963,0.6695955840937253,4733,4144,0.6253157451585742,0.6656707499253063,0.6448625180897251,3347,3563,0.7653153153153153,0.6839774557165862,0.7223639455782312,2484,2220,0.7875,0.8215962441314554,0.804186877712535,1917,2000,0.1336336336336336,0.8317757009345794,0.2302716688227684,214,1332,0.0428571428571428,0.75,0.081081081081081,24,420,0.955300509929657,0.9712408185005188,334641,82,0.8871543706400885,1.205917292041704,0.9118331670761108,0.9707954525947572,334640,82,0.6800564469895439,1.193069291068241,0.956420361995697,0.9706787467002868,334638,82,0.6948820413943263,1.2217123749433083,0.9803093075752258,0.9706159830093384,334638,82,0.8963343700885912,1.1998869999079034,1.0029667615890503,0.970014989376068,334634,82,0.9617162438126796,1.194427875103429,6.015013833064586,0.0024756250204518,6.017489458085038,1.5214545410126448,7.538943999097683,0.019550583907403
79,0.9398615651495912,0.9762845078121948,0.647656379871955,0.4559683339360768,0.647656379871955,0.4640855407910476,0.9807892744883048,0.5238337245307753,0.0673539518900343,0.1346375143843498,0.9999207964939248,0.9900750543156231,0.99497356891202,344284,340894,0.1260210035005834,0.9391304347826088,0.2222222222222222,345,2571,0.043362831858407,0.1507692307692307,0.0673539518900343,325,1130,0.1587516960651289,0.1346375143843498,0.1457036114570361,869,737,0.7064910630291628,0.6346925839847877,0.6686700055648302,4733,4252,0.6255271296035986,0.6647744248580819,0.6445538818076477,3347,3557,0.9691604797258708,0.6831723027375202,0.8014167650531286,2484,1751,0.754394299287411,0.828377673448096,0.7896568871208354,1917,2105,0.1294219154443485,0.7009345794392523,0.2184996358339402,214,1159,0.0466321243523316,0.75,0.0878048780487804,24,386,0.975579798221588,0.971031665802002,334641,82,1.8028514296527576,1.2127769170328977,0.9245641827583312,0.9705055952072144,334640,82,0.9503607265361104,1.196198165998794,0.9553653001785278,0.9702095985412598,334638,82,0.95772934800959,1.2092798749217764,0.953334629535675,0.9710851907730104,334638,82,0.6993225694213523,1.2320477499160916,0.9793821573257446,0.9710310101509094,334634,82,0.9500246169091257,1.2002644169842824,6.050567124853842,0.0012349580647423,6.051802082918584,1.5401274169562384,7.591929499874823,0.0184626672416925
80,0.9239530955869932,0.9750573154609502,0.6569981375069902,0.4384457411169457,0.6569981375069902,0.4601368772235824,0.979672995353454,0.5176242553091124,0.0713324360699865,0.14614499424626,0.9999206915695138,0.9887650892867516,0.9943116015579933,344284,340443,0.1258278145695364,0.936231884057971,0.2218406593406593,345,2567,0.0456503014642549,0.163076923076923,0.0713324360699865,325,1161,0.1546894031668696,0.14614499424626,0.1502958579881657,869,821,0.7155652384410555,0.6245510247200508,0.6669675090252708,4733,4131,0.6301369863013698,0.6734389005079175,0.6510687463893703,3347,3577,0.7678733031674209,0.6831723027375202,0.7230507030251385,2484,2210,0.7502360717658169,0.8288993218570684,0.7876084262701363,1917,2118,0.1515981735159817,0.7757009345794392,0.2536287242169595,214,1095,0.0429594272076372,0.75,0.0812641083521444,24,419,0.9423947930336,0.9718832969665528,334641,82,0.8675821477325713,1.2053451659157872,0.9192011952400208,0.9715186357498168,334640,82,0.7952818235734841,1.266343665891327,0.951287806034088,0.9714378118515016,334638,82,1.1189447038707618,1.2189384999219328,0.9682215452194214,0.9718740582466124,334638,82,0.811980355993836,1.2081431249389425,0.9713253974914552,0.9712880253791808,334634,82,0.7987647212854659,1.2343048750190064,6.133075331686996,0.0022859999444335,6.1353613316314295,1.5299802500521764,7.665341581683606,0.0176537513034418
81,0.9212158574978163,0.9758717249304126,0.6537849573004187,0.4522604838468133,0.6537849573004187,0.46176558946204604,0.9805837740715049,0.5382007992958171,0.06318504190844616,0.1323360184119678,0.9999207776698659,0.9898397834346063,0.9948547431969488,344284,340813,0.12371134020618557,0.9391304347826087,0.21862348178137653,345,2619,0.0399673735725938,0.15076923076923077,0.06318504190844616,325,1226,0.15498652291105122,0.1323360184119678,0.14276846679081315,869,742,0.72875,0.6158884428480879,0.6675827321653498,4733,4000,0.6395617070357554,0.662682999701225,0.6509170946441672,3347,3468,0.9030558482613277,0.6900161030595813,0.7822911912368782,2484,1898,0.7562022900763359,0.8268127282211789,0.7899327186643409,1917,2096,0.1384742951907131,0.780373831775701,0.2352112676056338,214,1206,0.0379746835443038,0.75,0.07228915662650602,24,474,0.9470626711845398,0.9712288975715637,334641,82,0.8469577726078251,1.264957582927309,0.919916033744812,0.9714857935905457,334640,82,0.773947199290447,1.2354780830210075,0.9554256200790405,0.970538318157196,334638,82,0.8160786266875817,1.1862770420266315,0.9744142889976501,0.9713571071624756,334638,82,0.8780448155716705,1.1632990828948095,0.998883068561554,0.9715390801429749,334634,82,1.1264621137661173,1.2176885830704123,6.06770037394017,0.001044499920681119,6.068744873860851,1.4513302079867572,7.520075081847608,0.4466257510939613
82,0.9270084149879646,0.9753278555929291,0.657090527981652,0.4551647533564056,0.657090527981652,0.4584931093655366,0.9804879407146881,0.5260509762867304,0.06231454005934718,0.11622554660529344,0.999920716488034,0.989075879215996,0.9944687325687684,344284,340550,0.12433052792654935,0.9420289855072463,0.21966880702940184,345,2614,0.04105571847507331,0.12923076923076923,0.06231454005934718,325,1023,0.14225352112676057,0.11622554660529344,0.1279290690310323,869,710,0.7201228153046765,0.6442002957954786,0.680049068807851,4733,4234,0.657298277425204,0.6498356737376755,0.6535456730769231,3347,3309,0.96875,0.6863929146537843,0.8034872761545712,2484,1760,0.7604216578821275,0.8278560250391236,0.7927072927072927,1917,2087,0.09299781181619256,0.794392523364486,0.1665034280117532,214,1828,0.04449648711943794,0.7916666666666666,0.08425720620842572,24,427,0.9551215767860413,0.9722598195075989,334641,82,0.986384125691906,1.1865697500761598,0.9258866906166077,0.9708074331283569,334640,82,1.3511604495942624,1.169311041943729,0.9421817064285278,0.9709596633911133,334638,82,0.7986937056173732,1.201085500069894,0.9692150354385376,0.9713302254676819,334638,82,0.7954068405563487,1.1524242090526968,0.9935576319694519,0.9703705906867981,334634,82,0.9093568232513385,1.159312375006266,5.868702876148745,0.001485791988670826,5.870188668137416,1.4934112499468029,7.363599918084219,0.019858706858940423
83,0.9210051918149577,0.9756402318277915,0.6563650351102576,0.45795485304621997,0.6563650351102576,0.4638292348326972,0.9806649002960497,0.527825608796824,0.06646153846153846,0.14844649021864212,0.9999236932468524,0.9896016079748114,0.9947358740113341,344284,340730,0.12728719172633254,0.927536231884058,0.22385449457852397,345,2514,0.04153846153846154,0.16615384615384615,0.06646153846153846,325,1300,0.1353620146904512,0.14844649021864212,0.141602634467618,869,953,0.7386537480877103,0.6120853581238115,0.6694396302715193,4733,3922,0.639377342173537,0.662682999701225,0.6508215962441315,3347,3469,0.9737891737891737,0.6880032206119162,0.8063222458126916,2484,1755,0.7585877862595419,0.8294209702660407,0.7924246199850485,1917,2096,0.1223750905141202,0.7897196261682243,0.21191222570532917,214,1381,0.04265402843601896,0.75,0.08071748878923767,24,422,0.9442505836486816,0.9715456366539001,334641,82,0.7569356055928753,1.1902880830457434,0.9137442708015442,0.9712168574333191,334640,82,0.7692021839391356,1.1693507910240442,0.9404335618019104,0.9713660478591919,334638,82,0.8424877940246696,1.1667019160231575,0.9707819819450378,0.9720055460929871,334638,82,0.862014146305269,1.1911971250083297,0.9763882756233215,0.9716585874557495,334634,82,0.8755444000334804,1.170782000059262,5.888319915160537,0.00119795894715935,5.889517874107696,1.5488340839510784,7.4383519580587745,0.018879001843743026
84,0.9254554539383566,0.9759777097243838,0.6581839627242407,0.4586947349292285,0.6581839627242407,0.46472982182894224,0.9807748300262095,0.5324132791016807,0.0678818353236958,0.13578826237054084,0.9999237037710879,0.9897381231773769,0.9948048421965343,344284,340777,0.12692156089869924,0.9333333333333333,0.22345593337959752,345,2537,0.04265402843601896,0.16615384615384615,0.0678818353236958,325,1266,0.16098226466575716,0.13578826237054084,0.14731585518102372,869,733,0.7425515660809778,0.6160997253327699,0.6734411085450347,4733,3927,0.6171875,0.6844935763370182,0.6491004391556878,3347,3712,0.9732346241457859,0.6880032206119162,0.8061320754716981,2484,1756,0.7566666666666667,0.8288993218570684,0.7911376649240727,1917,2100,0.1238390092879257,0.7476635514018691,0.21248339973439576,214,1292,0.042986425339366516,0.7916666666666666,0.0815450643776824,24,442,0.9414331316947937,0.9721164107322693,334641,82,0.8510026700440768,1.1705781660275534,0.9210831522941589,0.9713602662086487,334640,82,0.8944041131075101,1.1880983340088278,0.9452751278877258,0.9714168906211853,334638,82,0.8138107550556376,1.1425122920190915,0.9644955992698669,0.9717007875442505,334638,82,1.0127775441436029,1.1668058339273557,0.9823245406150818,0.9718856811523438,334634,82,0.9621157336741242,1.1760284580523148,5.844023084035143,0.002196792047470808,5.846219876082614,1.5097516670357436,7.355971543118358,0.016053791041485965
85,0.9133268053191814,0.9757462166217625,0.65732522018231,0.45328514452282603,0.65732522018231,0.46279275639765177,0.9805451968817618,0.5431204618000984,0.06795469686875416,0.14154200230149597,0.9999236885435958,0.9895406118204738,0.994705055380128,344284,340709,0.12485549132947976,0.9391304347826087,0.22040816326530613,345,2595,0.04336734693877551,0.15692307692307692,0.06795469686875416,325,1176,0.15375,0.14154200230149597,0.14739364889155182,869,800,0.7277018633540373,0.6188463976336361,0.6688741721854304,4733,4025,0.6506550218340611,0.6677621750821632,0.6590976113240932,3347,3435,0.9539656128674432,0.6924315619967794,0.8024259388850011,2484,1803,0.7082593250444049,0.8320292123109024,0.7651715039577837,1917,2252,0.12262773722627737,0.7850467289719626,0.21212121212121213,214,1370,0.04774535809018567,0.75,0.08977556109725686,24,377,0.9449462294578552,0.9725138545036316,334641,82,0.7859597839055487,1.2349147499771789,0.9232105016708374,0.9722716808319092,334640,82,0.7366964850595853,1.1867670411011204,0.9349477887153625,0.9717844128608704,334638,82,0.7408136049576565,1.2387802919838578,0.9572187662124634,0.9720743298530579,334638,82,0.7673172263167345,1.212353041046299,0.9723876118659973,0.9719962477684021,334634,82,0.7847157649525436,1.2264929170487449,6.099308041157201,0.0010279170237481594,6.100335958180949,1.4791299169883132,7.579465875169262,0.016532250912860036
86,0.9265179212778499,0.976039069341946,0.6538568263756326,0.4504944312676953,0.6538568263756326,0.46618916539201427,0.9805473861560938,0.5419655124319526,0.06973684210526315,0.16307692307692306,0.9999237064576615,0.9897729781227127,0.9948224495783661,344284,340789,0.1271585557299843,0.9391304347826087,0.22398893881783616,345,2548,0.04435146443514645,0.16307692307692306,0.06973684210526315,325,1195,0.16017797552836485,0.16570771001150747,0.16289592760180996,869,899,0.7206964198136341,0.6209592224804563,0.6671206446487346,4733,4078,0.6451426924185645,0.6686585001493875,0.6566901408450704,3347,3469,0.9039370078740158,0.6932367149758454,0.784688995215311,2484,1905,0.7050772626931567,0.8330725091288471,0.7637494021999044,1917,2265,0.15208747514910537,0.7149532710280374,0.25081967213114753,214,1006,0.04639175257731959,0.75,0.08737864077669903,24,388,0.9454926252365112,0.9724720120429993,334641,82,0.9027333652139613,1.2361902089323848,0.9162777662277222,0.9718204736709595,334640,82,0.8281749123250827,1.171076541999355,0.9328026175498962,0.9718053340911865,334638,82,0.8788055015146702,1.1755705409450457,0.9645669460296631,0.9718441963195801,334638,82,0.8981308070878681,1.201396125019528,1.0008583068847656,0.9721486568450928,334634,82,1.6424640904814394,1.1758634169818833,5.960096833878197,0.0012089170049875975,5.961305750883184,1.5138062910409644,7.475112041924149,0.018780541140586138
87,0.9061720741803787,0.9760697491507271,0.6507301886205829,0.4604113362654053,0.6507301886205829,0.4667079580574797,0.9808932792819313,0.5396943387506211,0.07183364839319471,0.14499424626006904,0.9999207930086629,0.9900314856339534,0.9949515662696322,344284,340879,0.09090909090909091,0.2811594202898551,0.13739376770538245,345,1067,0.08526551982049364,0.7015384615384616,0.15205068356118706,325,2674,0.16195372750642673,0.14499424626006904,0.15300546448087432,869,778,0.7182785060598565,0.6135643355165856,0.6618049225159526,4733,4043,0.6415415131765373,0.6764266507319988,0.6585223967422921,3347,3529,0.9560867148415787,0.6924315619967794,0.803175344384777,2484,1799,0.7744618395303327,0.8257694314032342,0.7992931078010603,1917,2044,0.1380718954248366,0.7897196261682243,0.23504867872044508,214,1224,0.03762376237623762,0.7916666666666666,0.07183364839319471,24,505,0.9339744448661804,0.9723076224327087,334641,82,0.8934978499601555,1.184920624946244,0.9204639792442322,0.9719429612159729,334640,82,0.8450692772922301,1.2154550000559539,0.9333341121673584,0.9716947674751282,334638,82,0.72126908923477,1.1944376250030473,0.9685478210449219,0.9717904329299927,334638,82,0.7547513132772702,1.200651542050764,0.9742401838302612,0.9711983799934387,334634,82,0.8329696599020288,1.189248666050844,5.984713458106853,0.0018972910474985838,5.986610749154352,1.5127570410259068,7.4993677901802585,0.018153250915929675
88,0.9181976591925355,0.975517512592667,0.6508859739369595,0.45825670103836347,0.6508859739369595,0.463989785574684,0.9806268484026351,0.5320220395606345,0.10187667560321716,0.14614499424626007,0.999920729988726,0.9892443447851192,0.9945538858681369,344284,340608,0.08095238095238096,0.19710144927536233,0.11476793248945148,345,840,0.0867595818815331,0.7661538461538462,0.15586854460093896,325,2870,0.16536458333333334,0.14614499424626007,0.15516188149053145,869,768,0.7278761061946902,0.6256074371434608,0.6728780820361323,4733,4068,0.6437464629315224,0.6797131759784882,0.6612410986775178,3347,3534,0.9594669627984453,0.6956521739130435,0.806534422403734,2484,1801,0.7593301435406699,0.8278560250391236,0.7921138008485151,1917,2090,0.1047087980173482,0.7897196261682243,0.18490153172866522,214,1614,0.054441260744985676,0.7916666666666666,0.10187667560321716,24,349,0.9236646294593811,0.9719460606575012,334641,82,0.7751792438222812,1.1994288340210915,0.9195166826248169,0.9722388386726379,334640,82,0.8846282208875695,1.213302416028455,0.9357261657714844,0.9717575311660767,334638,82,0.8334785145242143,1.1889566250611097,0.9641546010971069,0.9717336297035217,334638,82,0.7889013569945585,1.1769305829657242,0.9906838536262512,0.970621645450592,334634,82,1.1214542942063812,1.1973129590041935,5.975931417080574,0.001955333980731666,5.977886751061305,1.5056585839483887,7.483545335009694,0.0179567908635363
89,0.9073620956583824,0.9755983957249081,0.6593963408637642,0.4472310931737985,0.6593963408637642,0.4634837044803041,0.9803093831063787,0.5471230432669636,0.0647829083390765,0.14461538461538462,0.9999236724137425,0.9893314821484588,0.9945993771544456,344284,340637,0.12317728319263238,0.9304347826086956,0.21755337173839376,345,2606,0.041740674955595025,0.14461538461538462,0.0647829083390765,325,1126,0.1589627959413754,0.1622554660529344,0.16059225512528474,869,887,0.7304413239719157,0.6154658778787239,0.6680426556587548,4733,3988,0.6484149855907781,0.672243800418285,0.660114419832771,3347,3470,0.8329321136254213,0.6964573268921095,0.7586055689541767,2484,2077,0.7528409090909091,0.8294209702660407,0.7892777364110201,1917,2112,0.1402936378466558,0.8037383177570093,0.2388888888888889,214,1226,0.043583535108958835,0.75,0.08237986270022883,24,413,0.9392474293708801,0.9727140665054321,334641,82,0.8621742929194224,1.213670999975875,0.9157602190971375,0.9717696905136108,334640,82,0.7814262672595286,1.1926755420863628,0.9401890635490417,0.972588300704956,334638,82,0.7920632091845659,1.2176331670489162,0.9587308764457703,0.9721012115478516,334638,82,0.8516160324478114,1.1838199590565637,0.9872487187385559,0.9716944694519043,334634,82,0.9367110372266372,1.183933708933182,5.9917333771009,0.0011926250299438834,5.992926002130844,1.5390908339759335,7.532016836106777,0.01915503980126232
90,0.9051687505098945,0.976315187620976,0.6512982509319339,0.46134637737729206,0.6512982509319339,0.46650452439017603,0.9810830063875365,0.5314251487881163,0.0945273631840796,0.14614499424626007,0.9999237326418426,0.9901128138397369,0.9949940892307243,344284,340906,0.08031088082901554,0.17971014492753623,0.11101163831692032,345,772,0.08861622358554874,0.8,0.1595581466707579,325,2934,0.16075949367088607,0.14614499424626007,0.15310427968655818,869,790,0.7396984924623116,0.6220156349038665,0.6757718351887984,4733,3980,0.6341192787794729,0.6829997012249776,0.6576524741081703,3347,3605,0.9727582292849035,0.6900161030595813,0.8073480923221856,2484,1762,0.7608799617407939,0.8299426186750131,0.7939121756487026,1917,2091,0.12613293051359517,0.780373831775701,0.21716514954486346,214,1324,0.05026455026455026,0.7916666666666666,0.0945273631840796,24,378,0.9306035041809082,0.9724122285842896,334641,82,0.7544660380031539,1.213638750021346,0.9190176129341125,0.9723045825958252,334640,82,1.2815263841860087,1.1884344579884782,0.9378147721290588,0.971638023853302,334638,82,0.818781818798085,1.1833198750391603,0.9498199224472046,0.9720145463943481,334638,82,0.7513163653364797,1.2118775830604136,0.9739636182785034,0.9720410704612732,334634,82,0.9156814595524226,1.1861585000297055,5.9834291661391035,0.0011575419921427965,5.984586708131246,1.5195225409697741,7.50410924910102,0.018174500786699355
91,0.9190678242914277,0.9763904926061661,0.6551073897580978,0.46349251877930664,0.6551073897580978,0.46647569507249786,0.9812839128979004,0.5368039196871374,0.09026128266033254,0.14154200230149597,0.9999237420369088,0.9902348061484123,0.9950556891680482,344284,340948,0.07692307692307693,0.1826086956521739,0.10824742268041238,345,819,0.08819492107069321,0.7907692307692308,0.1586909539981476,325,2914,0.15413533834586465,0.14154200230149597,0.14757048590281943,869,798,0.7392928286852589,0.627297697020917,0.6787061378443251,4733,4016,0.6707757065544198,0.6665670749925307,0.6686647684699536,3347,3326,0.9750566893424036,0.6924315619967794,0.8097928436911488,2484,1764,0.7604961832061069,0.8315075639019301,0.7944181410416148,1917,2096,0.12226775956284153,0.8364485981308412,0.2133492252681764,214,1464,0.04785894206549118,0.7916666666666666,0.09026128266033254,24,397,0.9319313168525696,0.9729291796684265,334641,82,0.892641691742266,1.186423874925822,0.9103451371192932,0.9718413949012756,334640,82,0.8479861671354537,1.204958040965721,0.9369825720787048,0.9717007875442505,334638,82,0.9391952928388492,1.189589999965392,0.9428380131721497,0.9723462462425232,334638,82,0.8896536307439801,1.1968052081065252,0.9712708592414856,0.97217857837677,334634,82,0.972483556063581,1.2151117919711396,5.9928889159346,0.0025499589974060655,5.995438874932006,1.4944993339013308,7.489938208833337,0.01915620907675475
92,0.9072499104595281,0.9768283771496784,0.6602221284948343,0.4626517313490196,0.6602221284948343,0.46871912084721296,0.9814284024209481,0.5393151904927437,0.06809078771695594,0.13118527042577677,0.9999208262223551,0.9904468403992053,0.9951612856154769,344284,341022,0.12319939347990902,0.9420289855072463,0.2179014415018438,345,2638,0.043478260869565216,0.15692307692307692,0.06809078771695594,325,1173,0.1546811397557666,0.13118527042577677,0.14196762141967623,869,737,0.755640050697085,0.6298330868371012,0.6870246600599217,4733,3945,0.6461713635069741,0.6782193008664475,0.6618075801749271,3347,3513,0.96207473508087,0.6944444444444444,0.806640168342296,2484,1793,0.7624521072796935,0.8304642670839854,0.7950062421972535,1917,2088,0.1312803889789303,0.7570093457943925,0.22375690607734808,214,1234,0.047619047619047616,0.7916666666666666,0.08983451536643026,24,399,0.9333200454711914,0.9728186130523682,334641,82,0.733925793134827,1.2273657079786062,0.9092302918434143,0.9723703265190125,334640,82,0.763770866868432,1.1835931249661371,0.9289181232452393,0.9724597930908203,334638,82,0.6967538777538779,1.227129791979678,0.9702891111373901,0.9724986553192139,334638,82,0.9197160034632754,1.1922384159406647,0.9809963703155518,0.9726626873016357,334634,82,1.5437482490039753,1.1970620419597253,6.027389082824811,0.0022248750319704413,6.029613957856782,1.5277721249731258,7.5573860828299075,0.01872966717928648
93,0.9130544005196276,0.9760418584154715,0.6627930698101061,0.4535897338156788,0.6627930698101061,0.4672787903877607,0.980729793545482,0.5392717384120859,0.0759651307596513,0.16455696202531644,0.9999237048905165,0.9897526460712668,0.9948121786805942,344284,340782,0.12600644122383253,0.9072463768115943,0.22127960410038883,345,2484,0.047619047619047616,0.18769230769230769,0.0759651307596513,325,1281,0.161217587373168,0.16455696202531644,0.16287015945330297,869,887,0.7445666070058808,0.6152545953940418,0.6737621471540953,4733,3911,0.6520869068038879,0.681505826112937,0.6664718772826881,3347,3498,0.8700305810397554,0.6871980676328503,0.7678812415654521,2484,1962,0.7509416195856874,0.8320292123109024,0.78940856223707,1917,2124,0.1375,0.7710280373831776,0.2333804809052334,214,1200,0.04600484261501211,0.7916666666666666,0.08695652173913043,24,413,0.9258941411972046,0.9730069041252136,334641,82,0.9274530886566724,1.2142985829850659,0.9189068078994751,0.9728633761405945,334640,82,0.8033014353060552,1.1809913750039414,0.9326831698417664,0.9721938371658325,334638,82,0.7305338835977764,1.1894287499599159,0.9509208798408508,0.9729319214820862,334638,82,0.8757683007765796,1.2196649169782177,0.978944718837738,0.9722592234611511,334634,82,0.895954371736048,1.2218575830338523,6.026241207960993,0.0020157500403001904,6.028256958001293,1.5355307499412447,7.563787707942538,0.020556709030643106
94,0.9094720831632449,0.9760362802684205,0.6588134810832453,0.45188058110634577,0.6588134810832453,0.4650351975592413,0.9807356934715185,0.5435478340473966,0.07197943444730077,0.14154200230149597,0.9999207672081886,0.989709077389597,0.994788716768946,344284,340768,0.12389038981088382,0.9304347826086956,0.2186648501362398,345,2591,0.045491470349309504,0.1723076923076923,0.07197943444730077,325,1231,0.148014440433213,0.14154200230149597,0.14470588235294118,869,831,0.7442910915934755,0.6266638495668709,0.6804312915806378,4733,3985,0.6628521126760564,0.6749327756199581,0.6688378978534419,3347,3408,0.8645357686453576,0.6859903381642513,0.764983164983165,2484,1971,0.7476547842401501,0.8315075639019301,0.7873549024450481,1917,2132,0.13658536585365855,0.7850467289719626,0.23268698060941828,214,1230,0.04556962025316456,0.75,0.08591885441527446,24,395,0.9157894849777222,0.9728813767433167,334641,82,0.7818179739218512,1.200295792077668,0.9190619587898254,0.9708731770515442,334640,82,1.7264238346092289,1.2341881250031292,0.9572806358337402,0.9720743298530579,334638,82,0.9214999887251127,1.2067316670436412,0.957831621170044,0.9722625613212585,334638,82,0.7890775050315798,1.2109687499469146,0.9643291234970093,0.9716735482215881,334634,82,0.815767693991705,1.2320744580356404,6.0842587921069935,0.001448208000510931,6.085707000107504,1.502932041999884,7.588639042107388,0.019831832847557962
95,0.9035254770977892,0.9756988023718282,0.6582073609351987,0.4506947214734468,0.6582073609351987,0.4666648478775962,0.9804972475017872,0.5399112478611399,0.08783382789317508,0.17376294591484465,0.999923685183772,0.989497043138804,0.9946830409151827,344284,340694,0.12063892391761244,0.8318840579710145,0.21071953010279001,345,2379,0.054411764705882354,0.2276923076923077,0.08783382789317508,325,1360,0.14891518737672585,0.17376294591484465,0.16038236856080723,869,1014,0.7544137022397892,0.6049017536446228,0.6714352720450282,4733,3795,0.646045197740113,0.6832984762473857,0.6641498475388413,3347,3540,0.8348712967459933,0.6920289855072463,0.7567686550737398,2484,2059,0.761244019138756,0.8299426186750131,0.794110306962815,1917,2090,0.13757039420756234,0.7990654205607477,0.23472889498970487,214,1243,0.04891304347826087,0.75,0.09183673469387756,24,368,0.922834038734436,0.9725347757339478,334641,82,0.7974275347312221,1.2258412500377744,0.9089487791061401,0.9721372127532959,334640,82,0.8233912943536023,1.2030295829754323,0.925876259803772,0.9725583791732788,334638,82,0.7193089635847018,1.2395524170715362,0.9441640377044678,0.9720922112464905,334638,82,0.7324830115750286,1.2425111250486225,1.0293405055999756,0.9709922075271606,334634,82,1.9504729643605017,1.185050875064917,6.095985250198282,0.0020879999501630664,6.098073250148445,1.5532750830752775,7.651348333223723,0.01730770873837173
96,0.9056370734926446,0.9765215790618672,0.6643826077584832,0.4649744507445847,0.6643826077584832,0.4711352068428126,0.9813021797501724,0.5169007658712697,0.07731305449936629,0.1668584579976985,0.9999208150768094,0.990307420617862,0.9950909000697548,344284,340974,0.12697768762677486,0.9072463768115943,0.22277580071174377,345,2465,0.04868316041500399,0.18769230769230769,0.07731305449936629,325,1253,0.14050387596899225,0.1668584579976985,0.15255128879537086,869,1032,0.7436942675159236,0.616733572786816,0.6742896742896742,4733,3925,0.6603387850467289,0.6755303256647744,0.6678481760448973,3347,3424,0.977560414269275,0.6839774557165862,0.8048318332543818,2484,1738,0.7703488372093024,0.8294209702660407,0.79879427279578,1917,2064,0.13843648208469056,0.794392523364486,0.23578363384188628,214,1228,0.04328018223234624,0.7916666666666666,0.08207343412526998,24,439,0.9355559349060059,0.9722867012023926,334641,82,0.9198394207754218,1.2252813749946654,0.9084334373474121,0.9721611142158508,334640,82,1.0255233305252593,1.2216682910220698,0.9306884407997131,0.9721758961677551,334638,82,0.7286568996380217,1.2523630830692127,0.9680531024932861,0.9705891013145447,334638,82,1.1854043779242471,1.277243582997471,0.9593143463134766,0.9714822769165039,334634,82,1.0160427334816167,1.2031682500382885,6.1797245821217075,0.001183166983537376,6.180907749105245,1.5403132080100477,7.7212209571152925,0.017099458840675652
97,0.9057655944991526,0.9765829386794295,0.6461348418888615,0.4632198845886012,0.6461348418888615,0.46817696590164665,0.9814013720821331,0.5443302106212203,0.0959725792630677,0.15880322209436135,0.9999208301689836,0.990496218238431,0.9951862114652507,344284,341039,0.0681265206812652,0.16231884057971013,0.0959725792630677,345,822,0.08662714097496706,0.8092307692307692,0.15650104135673906,325,3036,0.1440501043841336,0.15880322209436135,0.1510673234811166,869,958,0.7615424973767051,0.6133530530319037,0.6794616734932709,4733,3812,0.6555426581543818,0.6749327756199581,0.6650964227881643,3347,3446,0.9671675013912076,0.6996779388083736,0.8119598224713852,2484,1797,0.7576045627376425,0.8315075639019301,0.7928376025864213,1917,2104,0.13959390862944163,0.7710280373831776,0.23638968481375358,214,1182,0.05202312138728324,0.75,0.0972972972972973,24,346,0.929489016532898,0.9722239375114441,334641,82,0.884342970866768,1.2099792079534382,0.9056515693664551,0.9714319705963135,334640,82,0.8236925393955774,1.212135500041768,0.9238460659980774,0.9721221327781677,334638,82,0.6798750676422097,1.2042029169388115,0.9473611116409302,0.9725583791732788,334638,82,0.854163017085854,1.1956346250372007,0.9633651375770569,0.9725132584571838,334634,82,0.9514753569357194,1.2234363340539858,6.045388584025204,0.0012729999143630266,6.046661583939567,1.5054785839747638,7.552140167914331,0.021707623964175582
98,0.9051994580309212,0.9767196032821818,0.6601924355200033,0.4656784194207071,0.6601924355200033,0.4695336840070777,0.9815243287070794,0.540442883036093,0.06153846153846154,0.13538461538461538,0.9999208350436873,0.9905572143927688,0.9952170005136107,344284,341060,0.1250480954213159,0.9420289855072463,0.22078804347826086,345,2599,0.039819004524886875,0.13538461538461538,0.06153846153846154,325,1105,0.14051973051010588,0.16800920598388952,0.1530398322851153,869,1039,0.76561254318363,0.6087048383688992,0.678201506591337,4733,3763,0.6625586854460094,0.6746340005975501,0.6685418208734271,3347,3408,0.97576099210823,0.6968599033816425,0.8130577736026303,2484,1774,0.7736585365853659,0.8273343766301513,0.7995966725485253,1917,2050,0.1348402182385035,0.8084112149532711,0.23112892451569805,214,1283,0.039045553145336226,0.75,0.07422680412371134,24,461,0.9400874972343445,0.9730337858200073,334641,82,0.8849660767919784,1.223810291965492,0.9003401398658752,0.972663164138794,334640,82,0.8813534885369383,1.2026320419972762,0.9203886389732361,0.9718412160873413,334638,82,0.6883548326706251,1.234746125061065,0.962356448173523,0.9720175266265869,334638,82,1.042165943343977,1.2077369160251692,0.9602441191673279,0.9722562432289124,334634,82,0.9975687998334997,1.2045014590257779,6.07342683407478,0.0012294999323785305,6.074656334007159,1.5588269169675186,7.6334832509746775,0.020467332913540304
99,0.8991391108558957,0.9765801496059039,0.6574626570374564,0.4647699362443182,0.6574626570374564,0.4711316839337708,0.9814478000383569,0.5334194166358026,0.08470588235294117,0.14614499424626007,0.9999208057864573,0.9901912374667425,0.9950322379155246,344284,340934,0.12349117920148561,0.7710144927536232,0.21288515406162464,345,2154,0.05512820512820513,0.26461538461538464,0.09124668435013263,325,1560,0.1519138755980861,0.14614499424626007,0.14897360703812318,869,836,0.7546930492135971,0.6285653919290091,0.6858789625360231,4733,3942,0.6641086186540732,0.672243800418285,0.6681514476614699,3347,3388,0.9537540805223068,0.7057165861513688,0.8111985192040722,2484,1838,0.7791952894995093,0.828377673448096,0.8030341340075854,1917,2038,0.1206064782908339,0.8177570093457944,0.21021021021021022,214,1451,0.04488778054862843,0.75,0.08470588235294117,24,401,0.9244039058685303,0.9729441404342651,334641,82,0.8024303586862529,1.234343666001223,0.8931763768196106,0.9722985625267029,334640,82,0.7097314646740179,1.2262959158979356,0.9325986504554749,0.9720593690872192,334638,82,0.9091595809856196,1.218964459025301,0.9473485946655273,0.9721938371658325,334638,82,0.7993780299068981,1.2452856249874458,0.9699426889419556,0.9723369479179382,334634,82,0.9716484004883017,1.2560529169859365,6.180942582897842,0.0015150000108405948,6.1824575829086825,1.5353848749073222,7.717842457816005,0.01882416708394885
100,0.8962665852229207,0.9765494697971228,0.6600564611755335,0.4652114674125489,0.6600564611755335,0.4694525394350032,0.9814217401700643,0.5408030850274091,0.06683804627249357,0.16,0.9999208241328044,0.9904206991902035,0.9951480890767069,344284,341013,0.12420634920634921,0.9072463768115943,0.21849912739965097,345,2520,0.04224207961007311,0.16,0.06683804627249357,325,1231,0.14092664092664092,0.16800920598388952,0.15328083989501312,869,1036,0.7483970248781739,0.6165222903021339,0.6760889712696941,4733,3899,0.674468085106383,0.6629817747236331,0.6686756064486967,3347,3290,0.9751271905031091,0.6944444444444444,0.8111920996943334,2484,1769,0.7743664717348928,0.8288993218570684,0.800705467372134,1917,2052,0.1280674846625767,0.780373831775701,0.22002635046113306,214,1304,0.04439252336448598,0.7916666666666666,0.084070796460177,24,428,0.9329395294189453,0.9722837209701538,334641,82,1.6600480753352593,1.215497083030641,0.8908510804176331,0.972477912902832,334640,82,0.7415473156489462,1.2443381249904633,0.917914628982544,0.9723103642463684,334638,82,0.8878271181571191,1.220612125005573,0.9506953954696655,0.9724926352500916,334638,82,0.804770010696713,1.2167399580357596,0.9562703371047974,0.9720680117607117,334634,82,0.8755811050616951,1.2374614169821143,6.134648708044551,0.0011209170334041119,6.135769625077955,1.5035151249030605,7.639284749981016,0.020223291940055788
