round,val_loss,accuracy,balanced_accuracy,macro_precision,macro_recall,macro_f1,weighted_f1,macro_pr_auc,worst_class_f1,worst_class_recall,precision_c0,recall_c0,f1_c0,support_c0,predicted_count_c0,precision_c1,recall_c1,f1_c1,support_c1,predicted_count_c1,precision_c2,recall_c2,f1_c2,support_c2,predicted_count_c2,precision_c3,recall_c3,f1_c3,support_c3,predicted_count_c3,precision_c4,recall_c4,f1_c4,support_c4,predicted_count_c4,precision_c5,recall_c5,f1_c5,support_c5,predicted_count_c5,precision_c6,recall_c6,f1_c6,support_c6,predicted_count_c6,train_loss_client_0,train_accuracy_client_0,train_samples_client_0,train_batches_client_0,update_l2_client_0,train_seconds_client_0,train_loss_client_1,train_accuracy_client_1,train_samples_client_1,train_batches_client_1,update_l2_client_1,train_seconds_client_1,train_loss_client_2,train_accuracy_client_2,train_samples_client_2,train_batches_client_2,update_l2_client_2,train_seconds_client_2,train_loss_client_3,train_accuracy_client_3,train_samples_client_3,train_batches_client_3,update_l2_client_3,train_seconds_client_3,train_loss_client_4,train_accuracy_client_4,train_samples_client_4,train_batches_client_4,update_l2_client_4,train_seconds_client_4,round_train_seconds,aggregation_seconds,fl_round_seconds,validation_seconds,round_total_seconds,round_orchestration_seconds
1,2.0112028453203217,0.8858508299885539,0.1453958815711956,0.2691551690188823,0.1453958815711956,0.1391868714657362,0.8335044259574859,0.7106396750074762,0.0,0.0,0.8857025624425213,1.0,0.9393873456854028,2495335,2817351,0.0,0.0,0.0,6186,0,0.0,0.0,0.0,18137,0,0.9983836206896552,0.0177711709983696,0.0349207545747507,208540,3712,0.0,0.0,0.0,72600,0,0.0,0.0,0.0,19740,0,0.0,0.0,0.0,525,0,0.0124596962705254,0.9992110133171082,4339576,1060,2.514296885980752,2.643217322416604,0.5277405381202698,0.4524255096912384,2634290,644,5.232929468541959,1.318000984378159,0.1055941805243492,0.9399933218955994,2710099,662,4.348627211667576,1.3299444345757363,0.6526647210121155,0.1958781480789184,1787642,437,4.636876544661624,0.8883567927405238,0.5294668078422546,0.1907985955476761,1783404,436,4.5410190229505725,0.8959378143772483,7.075457348488271,0.0172794358804821,7.092736784368753,3.857637452892959,10.950374237261713,2.5567890340462327
2,1.4149915415763117,0.9819046933726756,0.6640038758292742,0.6543753056713707,0.6640038758292742,0.6488582133945403,0.977813331296515,0.7100541139461084,0.0,0.0,0.9859705066197142,0.9977349734604772,0.9918178551538468,2495335,2525109,0.9697447210841474,0.9948270287746525,0.982125758059368,6186,6346,0.652571346313024,0.9997794563599272,0.7896960195104956,18137,27787,0.9732211242084026,0.999280713532176,0.9860787765222494,208540,214124,0.9991194414743064,0.656404958677686,0.7922890845158234,72600,47697,0.0,0.0,0.0,19740,0,0.0,0.0,0.0,525,0,0.001210524700582,0.9999995827674866,4339576,1060,0.8061262666030116,2.15897217579186,0.4059248864650726,0.5660470128059387,2634290,644,3.0356402575834154,1.374291017651558,0.0328235626220703,0.9823962450027466,2710099,662,1.905640884896529,1.3659167541190982,0.4875591993331909,0.3175138235092163,1787642,437,2.6290609164036534,0.8764295307919383,0.373651772737503,0.2637394368648529,1783404,436,2.489091126049254,0.8812102377414703,6.656819716095924,0.0269604576751589,6.683780173771083,3.905844342894852,10.589624516665936,0.0221587419509887
3,1.282136192403218,0.9771600279752704,0.6726094320814174,0.61216918306771,0.6726094320814174,0.6262652003972298,0.973643316122169,0.741461784042855,0.0,0.0,0.9877239840448956,0.9905688013833814,0.9891443472672388,2495335,2502522,0.685376990756209,0.9948270287746525,0.811605670952852,6186,8979,0.6464653666535952,0.9998345922699454,0.7852255997228718,18137,28051,0.9089989227286804,0.9994149803395032,0.9520651039346952,208540,229283,0.9989267095982828,0.7179063360881542,0.8354170673847535,72600,52176,0.0,0.0,0.0,19740,0,0.0576923076923076,0.0057142857142857,0.0103986135181975,525,52,0.0009371637715958,0.9999449253082277,4339576,1060,0.703065990250024,2.2851669508963823,0.3781903982162475,0.5652498602867126,2634290,644,2.26689945787859,1.334040891379118,0.0200751665979623,0.9879664778709412,2710099,662,1.1713753560967302,1.35077487770468,0.4572680592536926,0.3295531272888183,1787642,437,2.089521348898126,0.9547777157276868,0.3359635472297668,0.3023874461650848,1783404,436,1.7101037435849042,0.880052418448031,6.804812854155898,0.0477866698056459,6.852599523961544,3.7963636443018913,10.648963168263435,0.0199247514829039
4,1.2281739861565883,0.9777130110174782,0.6793589108510368,0.6365786953521095,0.6793589108510368,0.635017451717108,0.97428362330234,0.74350872687752,0.0,0.0,0.9882900601050008,0.9905824268084246,0.9894349156942778,2495335,2501123,0.6842339337336002,0.9948270287746525,0.8108036890645586,6186,8994,0.6487085926879874,0.9998345922699454,0.7868781323902714,18137,27954,0.9092324737411452,0.9995540423899492,0.9522563020219464,208540,229256,0.9989191405303666,0.7383333333333333,0.8490824561820356,72600,53661,0.0,0.0,0.0,19740,0,0.2266666666666666,0.0323809523809523,0.0566666666666666,525,75,0.0009374307701364,0.9998847842216492,4339576,1060,0.7069185770471049,2.375472235493362,0.3644495606422424,0.57085782289505,2634290,644,1.7654921831965626,1.3720020093023777,0.0159602910280227,0.9901084899902344,2710099,662,0.9618226036896956,1.3408575654029846,0.4290249943733215,0.3435799777507782,1787642,437,1.4978723778735146,0.9273714888840914,0.3208197355270386,0.3146992921829223,1783404,436,1.3812042760616887,0.934422072954476,6.950125372037292,0.0251621790230274,6.975287551060319,3.904055284336209,10.879342835396528,0.0232477914541959
5,1.2527534906931397,0.9777569660798076,0.6793800109539178,0.6381866177695757,0.6793800109539178,0.6352445861955409,0.9743248845919106,0.742615986835668,0.0,0.0,0.9882937641505324,0.9906289135526892,0.9894599611012844,2495335,2501231,0.6856060606060606,0.9948270287746525,0.8117662577496373,6186,8976,0.648778219026153,0.9998345922699454,0.7869293525429613,18137,27951,0.90959788798464,0.999558837633068,0.9524588478541484,208540,229165,0.998919281508534,0.7384297520661157,0.8491462603351602,72600,53668,0.0,0.0,0.0,19740,0,0.2361111111111111,0.0323809523809523,0.0569514237855946,525,72,0.0009356228401884,0.99986732006073,4339576,1060,0.7095535216482927,2.2177253672853112,0.3518875539302826,0.5590652823448181,2634290,644,1.4310941056343651,1.3056925246492028,0.0137729067355394,0.9914512634277344,2710099,662,0.8748033828985388,1.3414718443527818,0.4191723763942718,0.347991943359375,1787642,437,1.264447221618462,0.9638548782095312,0.3123230040073395,0.3199751675128937,1783404,436,1.2313238726126725,0.8597264755517244,6.688471090048552,0.0728276185691356,6.761298708617687,3.879460483789444,10.640759192407131,0.025708308443427
6,1.2310717871997314,0.977854447064812,0.6797975559845716,0.6331925737719961,0.6797975559845716,0.635920057223022,0.97441991200118,0.7398578250339067,0.0,0.0,0.9882995859318372,0.9906537599160032,0.9894752726546416,2495335,2501279,0.6855296869778322,0.9948270287746525,0.8117127217569082,6186,8977,0.654491644710723,0.9998345922699454,0.7911177035162725,18137,27707,0.9097384063473776,0.9995780186055432,0.9525445879810088,208540,229134,0.998886393585627,0.7413085399449035,0.8510345590967671,72600,53879,0.0,0.0,0.0,19740,0,0.1954022988505747,0.0323809523809523,0.0555555555555555,525,87,0.000922261562664,0.999849796295166,4339576,1060,0.6867968610317249,2.2855713590979576,0.3464767932891845,0.5599949359893799,2634290,644,1.3048033844855342,1.26177239138633,0.0120901055634021,0.9926095008850098,2710099,662,0.8125533103074235,1.3004089193418622,0.4151419401168823,0.3517494201660156,1787642,437,1.3184547856032518,0.8873354326933622,0.3040251731872558,0.3248164653778076,1783404,436,1.2477826897002535,0.8740274533629417,6.609115555882454,0.0527552375569939,6.661870793439448,3.8943879529833794,10.556258746422827,0.0317394332960248
7,1.2109439415458676,0.9795888996452756,0.680061028669819,0.6235441757905978,0.680061028669819,0.6372410130366404,0.9760990671886548,0.7402742957289608,0.0,0.0,0.9883232136380268,0.9926142181310325,0.9904640684082228,2495335,2506169,0.6908825510891534,0.9946653734238604,0.8153988868274582,6186,8906,0.6546097754674752,0.9998345922699454,0.7912039965967844,18137,27702,0.9295677922263248,0.9995684281193056,0.9632980886539244,208540,224244,0.9990162595589872,0.7413636363636363,0.8511179986716847,72600,53876,0.0,0.0,0.0,19740,0,0.1024096385542168,0.0323809523809523,0.0492040520984081,525,166,0.0009315604111179,0.9998456239700316,4339576,1060,0.6872385110918411,2.2944379933178425,0.34097620844841,0.5591427087783813,2634290,644,1.2895105883608091,1.2865606704726815,0.0112748779356479,0.9933301210403442,2710099,662,0.786537950385167,1.28432338219136,0.4057336747646332,0.3581410646438598,1787642,437,1.211936621183192,0.8540246104821563,0.2978079915046692,0.3315300345420837,1783404,436,1.0706079381573097,0.862015763297677,6.581362419761717,0.0752346776425838,6.656597097404301,3.857137633487582,10.513734730891883,0.0359104583039879
8,1.200829462719608,0.9796020152687124,0.6800779803502304,0.6210184844106746,0.6800779803502304,0.6369526331279245,0.9761172107349582,0.7303708974726301,0.0,0.0,0.9883257335020884,0.9926274428082804,0.990471917498862,2495335,2506196,0.6911153543749298,0.9946653734238604,0.8155610047054146,6186,8903,0.6546931407942238,0.9998897281799636,0.7912821519732967,18137,27700,0.929820413770954,0.9995636328761868,0.9634314871903902,208540,224182,0.9990163325909428,0.7414187327823691,0.8511543327008223,72600,53880,0.0,0.0,0.0,19740,0,0.0841584158415841,0.0323809523809523,0.046767537826685,525,202,0.0009045884944498,0.9998405575752258,4339576,1060,0.6761464299560664,2.031375111080706,0.336212158203125,0.5592193603515625,2634290,644,1.2900977796349746,1.2105138236656785,0.0101294657215476,0.9940316081047058,2710099,662,0.7634263791925292,1.3792696529999375,0.4004785120487213,0.3590763807296753,1787642,437,1.1656450824215632,0.9403082774952054,0.2931585907936096,0.3344272971153259,1783404,436,1.0175415758279605,0.8867868026718497,6.448253667913377,0.0636726170778274,6.511926284991205,3.9293492436409,10.441275528632104,0.0172069771215319
9,1.1934097244182416,0.9796105227001312,0.6800102452271017,0.6218505137417674,0.6800102452271017,0.6370585316822159,0.9761230319223838,0.7303900360942962,0.0,0.0,0.9883242818786966,0.9926382629987556,0.9904765751179332,2495335,2506227,0.6910112359550562,0.994180407371484,0.8153254673206947,6186,8900,0.6548586285342867,0.9998897281799636,0.7914030111280821,18137,27693,0.9298701878038989,0.9995636328761868,0.963458205264496,208540,224170,0.9989421720733428,0.7414187327823691,0.8511274153252585,72600,53884,0.0,0.0,0.0,19740,0,0.0899470899470899,0.0323809523809523,0.0476190476190476,525,189,0.0009343418641947,0.9998415112495422,4339576,1060,0.6741387725787608,2.24155062623322,0.3368133902549743,0.5548588037490845,2634290,644,1.2522331019952304,1.3446280620992184,0.0097228996455669,0.994407594203949,2710099,662,0.7584682922528305,1.2736107809469104,0.3963130712509155,0.361217737197876,1787642,437,1.125503553588915,0.8363590138033032,0.2932303249835968,0.3374058604240417,1783404,436,0.9934780699094862,0.8935225466266274,6.58967102970928,0.0582418702542781,6.647912899963558,3.981376579962671,10.629289479926229,0.0212557148188352
10,1.1917366441981303,0.9796016607924034,0.6799889436627664,0.619746678232499,0.6799889436627664,0.6367204332968432,0.9761200787868296,0.7306581900822513,0.0,0.0,0.9883245504447172,0.9926274428082804,0.9904713233979816,2495335,2506199,0.6910541694762868,0.994018752020692,0.8153009811721029,6186,8898,0.6548586285342867,0.9998897281799636,0.7914030111280821,18137,27693,0.9299371866021876,0.9995732233624244,0.9634986225895316,208540,224156,0.9988309736319608,0.7414325068870523,0.8510961254160375,72600,53891,0.0,0.0,0.0,19740,0,0.0752212389380531,0.0323809523809523,0.0452729693741677,525,226,0.0008869697921909,0.9998477101325988,4339576,1060,0.6608880631014582,2.1732189124450088,0.3302030265331268,0.5574299097061157,2634290,644,1.0736944687842165,1.2896977979689837,0.0089061707258224,0.994897961616516,2710099,662,0.7372678794894078,1.302388247102499,0.3954856991767883,0.363129198551178,1787642,437,1.1315441841717486,0.8611353738233447,0.2887444794178009,0.3410539627075195,1783404,436,0.9662250556901356,0.825090553611517,6.451530884951353,0.0326606435701251,6.484191528521478,3.9632864454761143,10.447477973997591,0.0146648790687322
11,1.1717934483915309,0.9795786198323114,0.6799915816569503,0.6177233726814293,0.6799915816569503,0.6362803274321654,0.9761063464480486,0.728983490154958,0.0,0.0,0.9883269895372254,0.9925997912103988,0.9904587822191048,2495335,2506123,0.6909765142150803,0.994018752020692,0.8152469340404375,6186,8899,0.6546695065160103,0.9998897281799636,0.7912648893930799,18137,27701,0.9298877186408468,0.9995780186055432,0.9634742979693052,208540,224169,0.9988310387056072,0.7414738292011019,0.8511233734406375,72600,53894,0.0,0.0,0.0,19740,0,0.0613718411552346,0.0323809523809523,0.0423940149625935,525,277,0.0009171413257718,0.9998440146446228,4339576,1060,0.6584488193661947,2.226014729589224,0.3281337320804596,0.5554616451263428,2634290,644,1.1593807137739245,1.2091278852894902,0.0086396886035799,0.9951935410499572,2710099,662,0.7179600166600627,1.2260995507240295,0.3882734179496765,0.3678930401802063,1787642,437,1.0303612698724895,0.8497912026941776,0.2863036394119262,0.3444603681564331,1783404,436,1.0668741603975396,0.7972169574350119,6.308250325731933,0.0938064027577638,6.402056728489697,3.91936903167516,10.321425760164855,0.012504369020462
12,1.17330553970661,0.9796105227001312,0.6800113630555854,0.6198484896031096,0.6800113630555854,0.6367559228156805,0.976128898993714,0.7296697539684399,0.0,0.0,0.9883309159901764,0.9926322517818248,0.9904769140642964,2495335,2506195,0.6909765142150803,0.994018752020692,0.8152469340404375,6186,8899,0.6549532305247571,0.9998897281799636,0.7914720900798673,18137,27689,0.9299547188329504,0.9995876090917808,0.9635147159084344,208540,224155,0.998831190515946,0.7415702479338843,0.8511869471387578,72600,53901,0.0,0.0,0.0,19740,0,0.0758928571428571,0.0323809523809523,0.0453938584779706,525,224,0.0009169909753836,0.999833643436432,4339576,1060,0.6690987209197595,2.255295515060425,0.3264569640159607,0.5579735040664673,2634290,644,1.044723124185532,1.2909388775005937,0.0084313787519931,0.9953905940055848,2710099,662,0.7047272899727116,1.2806458454579115,0.3863967061042785,0.3694117963314056,1787642,437,1.0220438034363826,0.8318458879366517,0.283441960811615,0.3461851477622986,1783404,436,0.9824795066166448,0.8321443274617195,6.490870453417301,0.0587465921416878,6.549617045558989,4.020896096713841,10.57051314227283,0.0242969896644353
13,1.1730228146687978,0.9796473882362784,0.6800210273647502,0.6228455816582449,0.6800210273647502,0.6373260829624258,0.9761576617761368,0.7314085114143866,0.0,0.0,0.9883352831052924,0.9926687198312052,0.9904972617822536,2495335,2506276,0.6921864444944832,0.9938570966698996,0.8160339792938678,6186,8882,0.6549768852932678,0.9998897281799636,0.7914893617021277,18137,27688,0.9300833467187808,0.9995876090917808,0.9635837509013924,208540,224124,0.9988314940183622,0.741763085399449,0.8513140734300281,72600,53915,0.0,0.0,0.0,19740,0,0.095505617977528,0.0323809523809523,0.0483641536273115,525,178,0.0009158453322015,0.9998311400413512,4339576,1060,0.6631628558613077,2.1942076859995723,0.3236892819404602,0.5529804825782776,2634290,644,0.9837451317055064,1.2884943187236786,0.0078793950378894,0.9956536889076232,2710099,662,0.6925076327108772,1.2816455932334063,0.3861313164234161,0.3734981715679168,1787642,437,1.040896560541132,0.8658772399649024,0.2832627594470978,0.3489915728569031,1783404,436,0.9783603436502476,0.8957322742789984,6.525957112200558,0.1218847185373306,6.647841830737889,3.887397328391671,10.53523915912956,0.0129576902836561
14,1.159282034675507,0.9796590859544788,0.6800484912408153,0.6234015631610841,0.6800484912408153,0.6374528100018726,0.9761670391160376,0.731124265480893,0.0,0.0,0.9883366057495842,0.9926807422650666,0.990503910918783,2495335,2506303,0.6922210964764156,0.994018752020692,0.8161125489415356,6186,8883,0.6554740304333683,0.9998897281799636,0.7918522399790411,18137,27667,0.9300919584335388,0.9995924043348998,0.9635906005366764,208540,224123,0.9988500417323564,0.7417768595041322,0.8513298818321938,72600,53915,0.0,0.0,0.0,19740,0,0.0988372093023255,0.0323809523809523,0.048780487804878,525,172,0.0008758037583902,0.9998486042022704,4339576,1060,0.6457558972503263,2.1222552862018347,0.3229319751262665,0.5597189664840698,2634290,644,0.9539564414238424,1.282588213682175,0.0077577196061611,0.9959296584129332,2710099,662,0.6928554006228168,1.3013325184583664,0.383846640586853,0.3764540255069732,1787642,437,0.9708569767413469,0.8839344643056393,0.2811521887779236,0.3519252836704254,1783404,436,0.8893861797580754,0.8207335481420159,6.410844030790031,0.0758221074938774,6.486666138283908,3.867823984473944,10.354490122757852,0.015207796357572
15,1.1736824126160614,0.9821687782229608,0.6939055055605868,0.6315040577485898,0.6939055055605868,0.6469176834678569,0.9789660558089024,0.7324918869246536,0.0,0.0,0.9911211174644432,0.9926963714290866,0.9919081190300956,2495335,2499301,0.6922210964764156,0.994018752020692,0.8161125489415356,6186,8883,0.6549295774647887,0.9998897281799636,0.7914548192113819,18137,27690,0.9300878085345612,0.9995924043348998,0.9635883734260304,208540,224124,0.9990156511467664,0.8387603305785124,0.9119008041691,72600,60954,0.0,0.0,0.0,19740,0,0.1531531531531531,0.0323809523809523,0.0534591194968553,525,111,0.0008631158270873,0.9998569488525392,4339576,1060,0.6374443686453536,2.1311329174786806,0.3187351822853088,0.5564751625061035,2634290,644,0.9074801264148664,1.2141395593062043,0.0074460417963564,0.9961555004119872,2710099,662,0.695359590427908,1.2942675547674298,0.3786655366420746,0.3763169646263122,1787642,437,0.9396561600992788,0.9031528793275356,0.27887624502182,0.3514638245105743,1783404,436,0.8241027873619109,0.8772585708647966,6.419951481744647,0.0906964046880602,6.510647886432707,3.87255993951112,10.383207825943828,0.0140638295561075
16,1.137708986935037,0.9821733864149792,0.6940489079881013,0.6217926901123213,0.6940489079881013,0.6461165648565534,0.978985910094165,0.7342407916733771,0.0,0.0,0.9911502477226404,0.992671925813568,0.9919105031713878,2495335,2499166,0.6921431787483115,0.994018752020692,0.8160583941605839,6186,8884,0.6555451127819549,0.9998897281799636,0.7919041068972293,18137,27664,0.930099946457255,0.9995876090917808,0.9635926593630102,208540,224120,0.999033230648227,0.839793388429752,0.9125183344807974,72600,61028,0.0,0.0,0.0,19740,0,0.0845771144278607,0.0323809523809523,0.046831955922865,525,201,0.000883460859768,0.9998382329940796,4339576,1060,0.6380933575217741,2.166348689235747,0.3198144733905792,0.5524353981018066,2634290,644,1.0066010157616117,1.2252302505075932,0.0069932863116264,0.9963020086288452,2710099,662,0.6513711728670397,1.2777188578620553,0.3790923655033111,0.3794781267642975,1787642,437,1.036515259696999,0.8419710900634527,0.2769829034805298,0.356938749551773,1783404,436,0.8522941140788699,0.8811665270477533,6.392435414716601,0.0691480822861194,6.461583497002721,3.874608108773828,10.336191605776548,0.0462577622383832
17,1.1616978739546415,0.982219468335163,0.6940770923585753,0.6321636874319985,0.6940770923585753,0.6470913602615587,0.9790183611623628,0.7314434136811182,0.0,0.0,0.9911640714652684,0.9927103976019253,0.991936631893521,2495335,2499228,0.6922643846413692,0.9938570966698996,0.8160881396429283,6186,8881,0.6550715214564369,0.9998897281799636,0.7915584557299055,18137,27684,0.930188561382843,0.9996739234679198,0.963680320252948,208540,224118,0.9990498656706638,0.8400275482093664,0.912663494058843,72600,61044,0.0,0.0,0.0,19740,0,0.1574074074074074,0.0323809523809523,0.0537124802527646,525,108,0.0008625545888207,0.99985533952713,4339576,1060,0.631010735293764,2.183945875614881,0.3166753649711609,0.5571858286857605,2634290,644,0.9760894235110832,1.2914088862016797,0.0068571288138628,0.9963982701301576,2710099,662,0.6601245795996384,1.2895848471671345,0.3767427802085876,0.3829290270805359,1787642,437,0.8812838726792106,0.8691867962479591,0.2781921923160553,0.3567794859409332,1783404,436,0.8359784964063214,0.9020979600027204,6.536224365234375,0.0549771338701248,6.5912014991045,3.953568482771516,10.544769981876016,0.0263731181621551
18,1.1600692532425056,0.9821716140334334,0.694108215627022,0.6212512778454115,0.694108215627022,0.646055784891134,0.9789878631456452,0.7393915536528972,0.0,0.0,0.99116793213489,0.9926534914149804,0.9919101555539092,2495335,2499075,0.6926109484118045,0.994018752020692,0.8163834306956984,6186,8878,0.6550353995087415,0.9998345922699454,0.7915148076209598,18137,27684,0.9300076287178848,0.9996355615229692,0.9635653916287068,208540,224153,0.9989846551921786,0.8402341597796144,0.9127582053373036,72600,61063,0.0,0.0,0.0,19740,0,0.0809523809523809,0.0323809523809523,0.0462585034013605,525,210,0.0008532942738384,0.9998576045036316,4339576,1060,0.6212707228413653,2.200621030293405,0.3189216554164886,0.5532553195953369,2634290,644,1.0023781934876057,1.2936584632843733,0.0065473769791424,0.9965248703956604,2710099,662,0.6416602565098923,1.384834117256105,0.3766977488994598,0.3828126788139343,1787642,437,0.9180573040271892,0.8671372896060348,0.2779124975204468,0.3589881956577301,1783404,436,0.9307075197134824,0.9034032691270112,6.649654169566929,0.0603283895179629,6.709982559084892,4.004065511748195,10.714048070833089,0.0212958045303821
19,1.155280902168878,0.9822446361531096,0.6941298887568573,0.6327176248567641,0.6941298887568573,0.6472404527671195,0.9790420740899568,0.7405008707373119,0.0,0.0,0.991179258513546,0.992723622279173,0.991950839293487,2495335,2499223,0.6925763208291089,0.9938570966698996,0.8163048529509394,6186,8877,0.6556511678357075,0.9998345922699454,0.7919641882301561,18137,27658,0.9302053727987007,0.9997410568715834,0.9637205346350212,208540,224129,0.99903389552972,0.8403719008264463,0.9128600284282188,72600,61070,0.0,0.0,0.0,19740,0,0.160377358490566,0.0323809523809523,0.0538827258320126,525,106,0.0008720128098502,0.999846339225769,4339576,1060,0.625767614183915,2.2103555826470256,0.3165164291858673,0.5564744472503662,2634290,644,0.9020301797291538,1.3137414371594789,0.006778035312891,0.9966089725494384,2710099,662,0.6570259219468408,1.4004231160506606,0.3709566593170166,0.3807104825973511,1787642,437,0.7699091840716097,0.8968623755499721,0.2753126919269562,0.3603434562683105,1783404,436,0.7979777649528397,0.8908277489244938,6.712210260331631,0.0432927245274186,6.755502984859049,4.046497415751219,10.802000400610268,0.0261714775115251
20,1.1441719413225666,0.9822577517765466,0.6941615128923759,0.6297690211414431,0.6941615128923759,0.647103137969926,0.9790573159553884,0.7403314286080064,0.0,0.0,0.9911978636072994,0.9927196148012192,0.9919581555795064,2495335,2499166,0.6928885382621436,0.9938570966698996,0.8165216813865462,6186,8873,0.6556985825860573,0.9998345922699454,0.7919987771056711,18137,27656,0.9302200057097996,0.9999664332981684,0.9638330914502816,208540,224176,0.99903389552972,0.8403719008264463,0.9128600284282188,72600,61070,0.0,0.0,0.0,19740,0,0.1393442622950819,0.0323809523809523,0.0525502318392581,525,122,0.0008375341421924,0.9998583197593688,4339576,1060,0.6158136233291023,2.191543878056109,0.3165331780910492,0.5529660582542419,2634290,644,0.9335069905353518,1.2426353069022298,0.0062351394444704,0.996840000152588,2710099,662,0.6389201608333144,1.3296876242384317,0.370293378829956,0.3806411027908325,1787642,437,0.9170237059452696,0.7970674363896251,0.2733907997608185,0.3633584976196289,1783404,436,0.8137658576214051,0.883293085731566,6.444227331317961,0.0634535271674394,6.507680858485401,3.87496788892895,10.38264874741435,0.0185965653508901
21,1.1665254081406118,0.9822531435845282,0.6941607686464701,0.6297726242466058,0.6941607686464701,0.6471070258129324,0.9790526851107472,0.7400327353331585,0.0,0.0,0.9911990076626052,0.9927144050798792,0.9919561276087524,2495335,2499150,0.6928885382621436,0.9938570966698996,0.8165216813865462,6186,8873,0.6557934326630985,0.9998345922699454,0.7920679639214658,18137,27652,0.9301328742133036,0.9999664332981684,0.9637863182487284,208540,224197,0.9990502546300086,0.8403719008264463,0.912866857685776,72600,61069,0.0,0.0,0.0,19740,0,0.1393442622950819,0.0323809523809523,0.0525502318392581,525,122,0.0008178404532372,0.999862015247345,4339576,1060,0.6142589352268456,2.2178416959941387,0.3153041899204254,0.5578858256340027,2634290,644,1.0307589437844038,1.2898508487269282,0.0061765392310917,0.9969130158424376,2710099,662,0.6507268681206537,1.3452973626554012,0.3700725436210632,0.3823679685592651,1787642,437,0.8182141569500775,0.8714835261926055,0.2734194099903106,0.3649257123470306,1783404,436,0.8241175986657839,0.8736721826717257,6.598145616240799,0.0793799133971333,6.677525529637933,3.90542771294713,10.582953242585065,0.0277304463088512
22,1.1360094988876286,0.9826136459908906,0.6959670803693635,0.62947905525967,0.6959670803693635,0.6484466341911069,0.9794331596682864,0.7427815798127932,0.0,0.0,0.9915449244931016,0.9927552813550083,0.9921497337854216,2495335,2498381,0.6933573925792264,0.9938570966698996,0.8168471401049625,6186,8867,0.6582453083596501,0.9998345922699454,0.7938536969750033,18137,27549,0.9303154541763884,0.9999664332981684,0.9638843244517477,208540,224153,0.9990320394927888,0.8529752066115702,0.9202443047568096,72600,61986,0.0,0.0,0.0,19740,0,0.1338582677165354,0.0323809523809523,0.0521472392638036,525,127,0.000832732883282,0.9998624324798584,4339576,1060,0.6032096502276978,2.211298561654985,0.3126638233661651,0.5599459409713745,2634290,644,0.8510343555431527,1.2517325291410089,0.0060298265889286,0.9970160126686096,2710099,662,0.6220174919336873,1.2963336920365691,0.3722968399524688,0.3855179250240326,1787642,437,0.8836790717161299,0.9074533255770802,0.2721458077430725,0.3658111095428467,1783404,436,0.7845919473731022,0.877784620039165,6.544602728448808,0.0276542771607637,6.572257005609572,4.024342834949493,10.596599840559064,0.019561743363738
23,1.1425448522327508,0.9826040751305448,0.6959661624129133,0.6307056004921501,0.6959661624129133,0.6484976548891422,0.979423459540073,0.7433535535192581,0.0,0.0,0.9915452266133836,0.9927440604167376,0.9921442813696574,2495335,2498352,0.6933573925792264,0.9938570966698996,0.8168471401049625,6186,8867,0.6579109676014948,0.9998345922699454,0.7936105032822757,18137,27563,0.9302203169816708,0.9999712285412872,0.9638354860104872,208540,224177,0.999048156812132,0.8529752066115702,0.9202511424007132,72600,61985,0.0,0.0,0.0,19740,0,0.1428571428571428,0.0323809523809523,0.0527950310559006,525,119,0.0008242581388913,0.9998605847358704,4339576,1060,0.6009430211451338,2.150333823636174,0.3134759068489074,0.5490564703941345,2634290,644,0.8042369134797153,1.2545916670933366,0.0058777639642357,0.9970514178276062,2710099,662,0.6384991250321074,1.322859650477767,0.3694630265235901,0.3853948414325714,1787642,437,0.8590528109070162,0.8401832124218345,0.2726218700408935,0.3657342791557312,1783404,436,0.8159474604953622,0.97488032002002,6.542848673649132,0.0115806609392166,6.554429334588349,3.954074803739786,10.508504138328137,0.0256986953318119
24,1.1133246536014982,0.9826033661779264,0.6962476519051725,0.6303607016196237,0.6962476519051725,0.6488180122976305,0.9794248521445263,0.7425870556270058,0.0,0.0,0.9915475808317368,0.9927408544343744,0.9921438588389748,2495335,2498338,0.6932792061344158,0.9938570966698996,0.8167928789690447,6186,8868,0.6577916424840394,0.9998345922699454,0.7935236844984137,18137,27568,0.93024936432172,0.9999712285412872,0.9638510780892514,208540,224170,0.9990321175654532,0.8530440771349862,0.9202844172344362,72600,61991,0.0,0.0,0.0,19740,0,0.140625,0.0342857142857142,0.0551301684532924,525,128,0.0008142131264321,0.9998612999916076,4339576,1060,0.5974665668798477,2.1728406539186835,0.3129721283912658,0.550369918346405,2634290,644,0.9584964326128212,1.2757226284593344,0.0057276864536106,0.9972041845321656,2710099,662,0.5983458077180346,1.319525963626802,0.3715290427207947,0.3832059502601623,1787642,437,0.989314402461369,0.787985535338521,0.2738030254840851,0.3689489066600799,1783404,436,0.8295808873582785,0.9057344077154994,6.46180918905884,0.1191292311996221,6.580938420258462,3.89408777281642,10.475026193074882,0.0189030524343252
25,1.135360095469301,0.9826065564647084,0.6959767433435318,0.6312359617001227,0.6959767433435318,0.6485410411997117,0.9794255543905772,0.7434056880877906,0.0,0.0,0.9915472143992752,0.992744461164533,0.9921454765951304,2495335,2498348,0.6933573925792264,0.9938570966698996,0.8168471401049625,6186,8867,0.6579348378201872,0.9998345922699454,0.7936278693188035,18137,27562,0.9302123293781782,0.999976023784406,0.9638334257718616,208540,224180,0.9990482335860624,0.8530440771349862,0.9202912549223567,72600,61990,0.0,0.0,0.0,19740,0,0.146551724137931,0.0323809523809523,0.0530421216848674,525,116,0.0008357529295608,0.9998612999916076,4339576,1060,0.6029292984458575,2.149845673702657,0.3122251033782959,0.5554977059364319,2634290,644,0.7669243734254655,1.252850167453289,0.0057667372748255,0.9971860647201538,2710099,662,0.6226718182544013,1.271044323220849,0.370690643787384,0.3879048526287079,1787642,437,0.9313887527064918,0.9277779785916208,0.2701054215431213,0.3681179285049438,1783404,436,0.8074892385532632,0.806899769231677,6.408417912200093,0.0593612818047404,6.467779194004834,3.970178248360753,10.437957442365589,0.0151913566514849
26,1.1183195657977052,0.9826143549435088,0.6962608895227416,0.6328908681311892,0.6962608895227416,0.649043945195202,0.9794328971705948,0.7418778961147581,0.0,0.0,0.9915512373346612,0.9927508731292592,0.9921506926042052,2495335,2498354,0.6934355966614031,0.9938570966698996,0.8169014084507042,6186,8866,0.6581019778624569,0.9998345922699454,0.7937494528582684,18137,27555,0.9302203169816708,0.9999712285412872,0.9638354860104872,208540,224177,0.9990322112360276,0.8531267217630853,0.9203325482737356,72600,61997,0.0,0.0,0.0,19740,0,0.1578947368421052,0.0342857142857142,0.056338028169014,525,114,0.0008073112694546,0.9998695850372314,4339576,1060,0.5909294732978181,2.165958669036627,0.3106857538223266,0.5533574819564819,2634290,644,0.7351876564733387,1.2354172319173813,0.0056191477924585,0.9973130226135254,2710099,662,0.6054608979023641,1.2779141869395971,0.3685835003852844,0.3882035911083221,1787642,437,0.7872702227751873,0.8479290641844273,0.2716269493103027,0.3684179186820984,1783404,436,0.8848539307296758,0.8044953411445022,6.331714493222535,0.0697117522358894,6.401426245458424,3.864241416566074,10.265667662024498,0.0163321187719702
27,1.1137477745646376,0.982535661202887,0.696387150997427,0.632278107687604,0.696387150997427,0.6494596675179176,0.979351974494487,0.739684829781477,0.0,0.0,0.9914721856451594,0.9927416559299652,0.992106514693529,2495335,2498530,0.6934010152284263,0.9936954413191076,0.8168228024715966,6186,8865,0.6579825834542816,0.9998345922699454,0.7936626036720135,18137,27560,0.9301995699922384,0.9999712285412872,0.9638243491202204,208540,224182,0.9990452456469674,0.8503719008264463,0.9187327003779876,72600,61796,0.0,0.0,0.0,19740,0,0.1538461538461538,0.0380952380952381,0.0610687022900763,525,130,0.0008065026486292,0.9998647570610046,4339576,1060,0.5968405772782259,2.238378219306469,0.3108834624290466,0.5523586869239807,2634290,644,0.9083044708270528,1.2899468671530483,0.0052786208689212,0.9973573088645936,2710099,662,0.5955745726379443,1.3334262426942587,0.3693736791610718,0.3870691359043121,1787642,437,0.8767155833196482,0.870305267162621,0.2703970074653625,0.3687593936920166,1783404,436,0.7673865366146553,0.8858547443524003,6.6179113406687975,0.0699279317632317,6.687839272432029,3.8647205363959074,10.552559808827937,0.0206546997651457
28,1.1144670289842018,0.982607619893636,0.696807725925541,0.6325962889134651,0.696807725925541,0.6497032097519421,0.9794301074199844,0.7416223962704657,0.0,0.0,0.9915551284242498,0.9927416559299652,0.992148037429891,2495335,2498321,0.6934355966614031,0.9938570966698996,0.8169014084507042,6186,8866,0.6576485094654384,0.9998345922699454,0.7934195270285052,18137,27574,0.9302203169816708,0.9999712285412872,0.9638354860104872,208540,224177,0.9990644708614932,0.8531542699724518,0.9203622666181268,72600,61997,0.0,0.0,0.0,19740,0,0.15625,0.0380952380952381,0.0612557427258805,525,128,0.0008040277753025,0.9998686909675598,4339576,1060,0.5986745992454424,2.119973006658256,0.3096879422664642,0.5528597831726074,2634290,644,0.8067155926137612,1.2519283285364509,0.005386191420257,0.9973798394203186,2710099,662,0.6060492543749331,1.323688430711627,0.3651548326015472,0.3881795406341553,1787642,437,0.7501126300413286,0.8516892222687602,0.2684260010719299,0.3705845475196838,1783404,436,0.7621538399043511,0.8746403930708766,6.421919381245971,0.0533206965774297,6.4752400778234005,3.906988042406738,10.382228120230138,0.0174718853086233
29,1.08314475170761,0.9826062019883994,0.6965335348533931,0.6314795081849338,0.6965335348533931,0.6492640901987483,0.9794284578230228,0.7448322592791898,0.0,0.0,0.9915543278866088,0.9927408544343744,0.9921472364135616,2495335,2498321,0.6934355966614031,0.9938570966698996,0.8169014084507042,6186,8866,0.6576485094654384,0.9998345922699454,0.7934195270285052,18137,27574,0.9302161675097468,0.9999712285412872,0.9638332586118442,208540,224178,0.99906445577134,0.8531404958677686,0.920354245297037,72600,61996,0.0,0.0,0.0,19740,0,0.1484375,0.0361904761904761,0.0581929555895865,525,128,0.0007977263303473,0.9998631477355956,4339576,1060,0.585162841202064,2.1636362113058567,0.3087857365608215,0.5552980303764343,2634290,644,0.7747487707421428,1.2732027005404234,0.0053671388886868,0.9974406957626344,2710099,662,0.6133100429232965,1.2855660011991858,0.366198182106018,0.3926574885845184,1787642,437,0.763415108988966,0.8640524111688137,0.26999032497406,0.3699290752410888,1783404,436,0.7402719903940534,0.9203487951308488,6.5068061193451285,0.0439695129171013,6.55077563226223,3.962052245624363,10.512827877886592,0.0228923028334975
30,1.095753220928147,0.9825693364522522,0.6962836672881021,0.634330851301122,0.6962836672881021,0.649341516429127,0.979384798780018,0.7441155500850799,0.0,0.0,0.991500035421522,0.9927500716336684,0.9921246597792148,2495335,2498481,0.6934355966614031,0.9938570966698996,0.8169014084507042,6186,8866,0.6579348378201872,0.9998345922699454,0.7936278693188035,18137,27562,0.9302413760800812,0.999976023784406,0.9638490177091976,208540,224173,0.999062520204306,0.8513774104683196,0.9193265312193236,72600,61868,0.0,0.0,0.0,19740,0,0.168141592920354,0.0361904761904761,0.0595611285266457,525,113,0.0007989114965312,0.9998728036880492,4339576,1060,0.5972966482832539,2.1681354083120823,0.3073818683624267,0.5533456802368164,2634290,644,0.7071618969089514,1.3096714410930872,0.0049079204909503,0.9976181983947754,2710099,662,0.6004036675257646,1.3264560969546435,0.366445779800415,0.3903589248657226,1787642,437,0.7597578211949906,0.8803075980395079,0.2688149809837341,0.371762067079544,1783404,436,0.8102907373563727,0.8626388227567077,6.547209367156029,0.060765360482037,6.607974727638066,3.9591534482315183,10.567128175869584,0.0195382926613092
31,1.0877650124609708,0.9825448775869238,0.6960051998707968,0.6351779313900554,0.6960051998707968,0.6492436176071886,0.9793577214366808,0.7441059026098781,0.0,0.0,0.9914714875768442,0.992752876868236,0.992111768469301,2495335,2498560,0.6932279909706546,0.9928871645651473,0.8164296158447428,6186,8860,0.6579348378201872,0.9998345922699454,0.7936278693188035,18137,27562,0.9302378488330596,0.9999856142706436,0.9638515793268564,208540,224176,0.9990614279241374,0.8503856749311295,0.9187475817732672,72600,61796,0.0,0.0,0.0,19740,0,0.1743119266055046,0.0361904761904761,0.0599369085173501,525,109,0.0007658472168259,0.9998721480369568,4339576,1060,0.578885822251045,2.139126512221992,0.3102790415287018,0.559541642665863,2634290,644,0.9268606099255527,1.2277630995959044,0.005006325431168,0.9975857138633728,2710099,662,0.6047372617779803,1.262632760219276,0.3649431467056274,0.3897150754928589,1787642,437,0.7581135333790852,0.8276124317198992,0.2678069472312927,0.3709675371646881,1783404,436,0.7143981051285867,0.8811890371143818,6.338323840871453,0.0572112621739506,6.395535103045404,3.867998154833913,10.263533257879317,0.0161335263401269
32,1.0798383696374187,0.9825402693949054,0.6962976602354615,0.6200242914542972,0.6962976602354615,0.6460064828670378,0.9819159283954744,0.7416911704111594,0.0,0.0,0.9914734307154208,0.9927480678946916,0.9921103399001736,2495335,2498543,0.6932626114434037,0.9930488199159392,0.8165082740745664,6186,8861,0.6577677826544307,0.9998345922699454,0.7935063230210475,18137,27569,0.997288391734138,0.9999712285412872,0.998628008265472,208540,209101,0.9990614279241374,0.8503856749311295,0.9187475817732672,72600,61796,0.0,0.0,0.0,19740,0,0.0013163957085499,0.0380952380952381,0.0025448530347372,525,15193,0.0007749187643639,0.9998709559440612,4339576,1060,0.582859433364313,2.140567121095956,0.3072861135005951,0.5532788634300232,2634290,644,0.7574815328484467,1.3185167042538524,0.0049978359602391,0.9976506233215332,2710099,662,0.5996624337944718,1.290716417133808,0.3638098835945129,0.3896322846412658,1787642,437,0.860857430017159,0.8777053412050009,0.2671354413032532,0.3736438751220703,1783404,436,0.774687078510653,0.8263545436784625,6.453860127367079,0.0520304962992668,6.505890623666346,3.9439795007929206,10.449870124459268,0.0155558343976736
33,1.0895795083156057,0.9826898583973488,0.6969980187479751,0.6205260105329182,0.6969980187479751,0.6467750408857162,0.9820673564220688,0.7371244883981296,0.0,0.0,0.9915779976840594,0.9927709105190284,0.9921740955353094,2495335,2498337,0.6934627977870611,0.9928871645651473,0.8165924350196104,6186,8857,0.6608359753653292,0.9998345922699454,0.7957347843257712,18137,27441,0.997421953097722,0.9999712285412872,0.9986949639977682,208540,209073,0.9990669540877064,0.855426997245179,0.9216841542868168,72600,62162,0.0,0.0,0.0,19740,0,0.0013163957085499,0.0380952380952381,0.0025448530347372,525,15193,0.0007528408896178,0.9998695850372314,4339576,1060,0.5791577131829416,2.1221131961792707,0.3072267472743988,0.5532443523406982,2634290,644,0.7173475959100007,1.2859508404508233,0.0049191731959581,0.9976543188095092,2710099,662,0.6057826820336438,1.3731290847063065,0.3626841902732849,0.3908758163452148,1787642,437,0.7380860978378966,0.8805294660851359,0.2686456441879272,0.3725616633892059,1783404,436,0.8179340099218866,0.872407142072916,6.5341297294944525,0.0682881856337189,6.602417915128171,3.901732467114925,10.504150382243097,0.0239208098500967
34,1.0478263253847209,0.9821475096444142,0.6969110545148868,0.633631021019965,0.6969110545148868,0.6497467570000994,0.978982990926388,0.7449176404638579,0.0,0.0,0.9915752162768344,0.9921573656442922,0.9918662055413164,2495335,2496800,0.6934627977870611,0.9928871645651473,0.8165924350196104,6186,8857,0.660571178784788,0.9998345922699454,0.7955427844436158,18137,27452,0.924058261289565,0.999976023784406,0.9605193764350676,208540,225673,0.99908302633484,0.855426997245179,0.9216909936851166,72600,62161,0.0,0.0,0.0,19740,0,0.1666666666666666,0.0380952380952381,0.0620155038759689,525,120,0.0007595207425765,0.9998825192451476,4339576,1060,0.5652315689530019,2.158438850194216,0.3076914250850677,0.5566558837890625,2634290,644,0.8142888626195595,1.2601058091968298,0.0047509623691439,0.9977436065673828,2710099,662,0.6090625428398048,1.301409604027867,0.3629976212978363,0.3884871900081634,1787642,437,0.7785837386988305,0.8459057742729783,0.266459971666336,0.3744457066059112,1783404,436,0.7699270217032544,0.8440868761390448,6.409946913830936,0.1360123883932829,6.545959302224219,3.8469613417983055,10.392920644022524,0.03003257419914
35,1.0453092639773152,0.982630660853728,0.6963506837998311,0.6350447348753214,0.6963506837998311,0.6497088046268178,0.9794527762465316,0.7451213587854458,0.0,0.0,0.9915734463491672,0.9927488693902824,0.9921608097359276,2495335,2498293,0.6927690392667195,0.9896540575493048,0.815016973973241,6186,8837,0.6577677826544307,0.9998345922699454,0.7935063230210475,18137,27569,0.9302081799974128,0.999976023784406,0.963831198393422,208540,224181,0.9990816523812592,0.8541460055096419,0.9209463272640864,72600,62068,0.0,0.0,0.0,19740,0,0.1739130434782608,0.0380952380952381,0.0625,525,115,0.0007720005814917,0.9998818039894104,4339576,1060,0.5815330199440399,2.086246188730001,0.3078833222389221,0.5533597469329834,2634290,644,0.9179382570254608,1.2959493789821863,0.0046996329911053,0.9978270530700684,2710099,662,0.5985599515487142,1.3600638071075082,0.3621860146522522,0.3893246054649353,1787642,437,0.7273554467829011,0.836385902017355,0.267441064119339,0.3728717565536499,1783404,436,0.7292118408338856,0.8849290423095226,6.4635743191465735,0.0157256666570901,6.479299985803664,3.9605948887765408,10.439894874580204,0.0278008468449115
36,1.0415036428961406,0.982674261439748,0.6969961275468789,0.634885110575916,0.6969961275468789,0.650269736031853,0.9794924426510828,0.7453804363835209,0.0,0.0,0.9915814181179634,0.992752876868236,0.9921668017056972,2495335,2498283,0.6935411020776875,0.9928871645651473,0.8166467225103045,6186,8856,0.6603065943269125,0.9998345922699454,0.7953508771929825,18137,27463,0.9302081799974128,0.999976023784406,0.963831198393422,208540,224181,0.9990669540877064,0.855426997245179,0.9216841542868168,72600,62162,0.0,0.0,0.0,19740,0,0.1694915254237288,0.0380952380952381,0.062208398133748,525,118,0.0007614204077981,0.999876081943512,4339576,1060,0.5829870537396025,2.100013648159802,0.3071364164352417,0.559687077999115,2634290,644,0.7600771117157072,1.3144178641960025,0.0045608417131006,0.9978270530700684,2710099,662,0.6050355940404804,1.272617437876761,0.3618492484092712,0.3905412852764129,1787642,437,0.8541924504048685,0.9001179300248623,0.2664068937301636,0.3733506202697754,1783404,436,0.726545941256444,0.8950940640643239,6.482260944321752,0.0970542207360267,6.579315165057778,3.8635696172714233,10.442884782329202,0.0295538660138845
37,1.0482759863996225,0.982644130953474,0.6969300241543726,0.638345928878652,0.6969300241543726,0.6501830221260381,0.979464019849312,0.7482513110789503,0.0,0.0,0.991582215298353,0.9927532776160316,0.992167400903994,2495335,2498282,0.6937140277621036,0.9936954413191076,0.8170399415165813,6186,8861,0.6577439245556764,0.9998345922699454,0.7934889623033671,18137,27570,0.9302212507806228,0.9999856142706436,0.9638426696246996,208540,224180,0.9990816523812592,0.8541460055096419,0.9209463272640864,72600,62068,0.0,0.0,0.0,19740,0,0.196078431372549,0.0380952380952381,0.0637958532695374,525,102,0.0007734727696515,0.9998709559440612,4339576,1060,0.5801500595329107,2.1271423548460007,0.3062620162963867,0.5521305799484253,2634290,644,0.7355109136479475,1.2464768085628748,0.0047351852990686,0.9978203773498536,2710099,662,0.5998462409516504,1.2726405188441277,0.3607319295406341,0.3922021389007568,1787642,437,0.6619212908841174,0.8335680542513728,0.2670640647411346,0.3722499012947082,1783404,436,0.7515485353198512,0.8293427079916,6.309170444495976,0.0784983271732926,6.387668771669269,3.848827219568193,10.236495991237462,0.027193708345294
38,1.047056520893877,0.9821226963027766,0.6966345509446435,0.6386827112589428,0.6966345509446435,0.6497155386590603,0.9789574708635772,0.7460104348180392,0.0,0.0,0.991572093187185,0.9921637776090184,0.991867847157913,2495335,2496824,0.6932896520560325,0.9920788878111866,0.8161989626280091,6186,8852,0.6587235279160158,0.9998345922699454,0.7942013752025577,18137,27529,0.9240302726845738,0.9999856142706436,0.9605086798918524,208540,225682,0.9990818003157318,0.8542837465564739,0.9210264482692052,72600,62078,0.0,0.0,0.0,19740,0,0.2040816326530612,0.0380952380952381,0.0642054574638844,525,98,0.000752153340727,0.9998793005943298,4339576,1060,0.5707511766088867,2.10808362159878,0.3085143566131592,0.5540608763694763,2634290,644,0.9215599083273824,1.3251150362193584,0.0044083250686526,0.9978665113449096,2710099,662,0.5692351149328456,1.296028229407966,0.3598606288433075,0.3887338936328888,1787642,437,0.7202289327762808,0.9020670698955656,0.266467809677124,0.3735737800598144,1783404,436,0.7185133973483533,0.8590743029490113,6.490368260070682,0.0147158382460474,6.505084098316729,4.005823492072523,10.510907590389252,0.0199565310031175
39,1.0074559974807744,0.9821925281356708,0.6956065075991508,0.6388893571696477,0.6956065075991508,0.6506206969665519,0.9790167146709582,0.7459238268866787,0.0,0.0,0.9915543868810862,0.9922303017430524,0.9918922291632573,2495335,2497036,0.7046902142443544,0.9836728095699968,0.8211321773159705,6186,8635,0.6605230567494719,0.9998345922699454,0.7955078853282446,18137,27454,0.924067123670089,0.9999856142706436,0.9605285885037989,208540,225673,0.99908302633484,0.855426997245179,0.9216909936851166,72600,62161,0.0,0.0,0.0,19740,0,0.1923076923076923,0.0380952380952381,0.0635930047694753,525,104,0.0007300303550437,0.9998822808265686,4339576,1060,0.5604878088771027,2.2158702928572893,0.3059508204460144,0.5521719455718994,2634290,644,0.7980701673500332,1.2768888035789132,0.0044603780843317,0.997926652431488,2710099,662,0.5716740918529125,1.3465980682522058,0.3616805970668793,0.3912970423698425,1787642,437,0.837385859480116,0.8551488071680069,0.2659184336662292,0.3748314976692199,1783404,436,0.8002305911310891,0.8608286324888468,6.555334604345262,0.1035210564732551,6.658855660818517,3.891087175346911,10.549942836165428,0.0182810761034488
40,1.0221273943946385,0.9826692987714204,0.6964513206277481,0.6223211847133988,0.6964513206277481,0.6477347075795213,0.9820301979987144,0.7459057818433884,0.0,0.0,0.9914995219481624,0.9928298204449504,0.992164225279124,2495335,2498683,0.7063903281519862,0.9917555771096024,0.8250958240871494,6186,8685,0.6606915145553248,0.9998345922699454,0.7956300456300456,18137,27447,0.997269353635442,0.9999856142706436,0.9986256368999732,208540,209108,0.9990800516462234,0.8526584022038568,0.9200802615933412,72600,61960,0.0,0.0,0.0,19740,0,0.0013175230566534,0.0380952380952381,0.0025469595670168,525,15180,0.0007598784286528,0.9998783469200134,4339576,1060,0.576216785248528,2.185838546603918,0.3071381151676178,0.5606129169464111,2634290,644,0.7613110258042578,1.187156867235899,0.0042501017451286,0.9980000853538512,2710099,662,0.5859414136279059,1.271097588352859,0.3616047203540802,0.3940358459949493,1787642,437,0.7348463265627108,0.8660179078578949,0.2659310698509216,0.3753961324691772,1783404,436,0.7186943037802621,0.8327445350587368,6.342855445109308,0.0252234190702438,6.368078864179552,3.986609337851405,10.354688202030957,0.0133806522935628
41,1.0257954309822643,0.9835583253546624,0.6954430842450326,0.6641935967727614,0.6954430842450326,0.6715925616980123,0.9828442764600948,0.7459861974713325,0.0,0.0,0.9914860170543522,0.9938549333055482,0.9926690618800824,2495335,2501297,0.9991789819376026,0.9836728095699968,0.991365265558814,6186,6090,0.6609804993621287,0.9998345922699454,0.7958395506012463,18137,27435,0.9973122779162024,0.9999856142706435,0.9986471569944377,208540,209099,0.9990800516462234,0.8526584022038568,0.9200802615933412,72600,61960,0.0,0.0,0.0,19740,0,0.0013173494928204453,0.0380952380952381,0.002546635258165149,525,15182,0.0007517517660744488,0.9998793005943298,4339576,1060,0.5724123833315691,2.337873981334269,0.30688437819480896,0.5553872585296631,2634290,644,0.7417306755231049,1.2685953993350267,0.004214304033666849,0.9980078339576721,2710099,662,0.5772977422451587,1.3193050203844905,0.35944733023643494,0.39110907912254333,1787642,437,0.7371308889241336,0.8885308057069778,0.2652820348739624,0.3759075105190277,1783404,436,0.7397785906688296,0.933165761642158,6.747470968402922,0.07164269126951694,6.819113659672439,5.012698265723884,11.831811925396323,2.443406777456403
42,1.0379690981551346,0.9835590343072806,0.6954431987444026,0.6641865642768136,0.6954431987444026,0.6715886036192804,0.9828439915302901,0.7461916301749475,0.0,0.0,0.9914860238620014,0.993855734801139,0.9926694650838945,2495335,2501299,0.9991789819376026,0.9836728095699968,0.991365265558814,6186,6090,0.6609564076395976,0.9998345922699454,0.7958220876396112,18137,27436,0.9973027388678198,0.9999856142706435,0.9986423746710692,208540,209101,0.9990639273091138,0.8526584022038568,0.9200734239489897,72600,61961,0.0,0.0,0.0,19740,0,0.0013178703215603585,0.0380952380952381,0.0025476084325839117,525,15176,0.0007181882974691689,0.9998878240585327,4339576,1060,0.5565374483723984,2.288959047757089,0.30521389842033386,0.5582680702209473,2634290,644,0.6575813717346692,1.3173995725810528,0.004219186957925558,0.9980332851409912,2710099,662,0.5814731409443761,1.3858036259189248,0.35990846157073975,0.3928297758102417,1787642,437,0.7801561536001952,0.9119619429111481,0.26683780550956726,0.37602582573890686,1783404,436,0.7450864614923496,0.9059419585391879,6.810066147707403,0.030967899598181248,6.841034047305584,5.086563494987786,11.92759754229337,0.013676626607775688
43,1.0229091080450998,0.9826540562901289,0.695297040298457,0.6390800107379616,0.695297040298457,0.6509253073013761,0.979454132098651,0.7465212145103858,0.0,0.0,0.9914773250262332,0.992832625679518,0.9921545125119116,2495335,2498746,0.7048534692459169,0.9836728095699968,0.821242998852824,6186,8633,0.6610286880764044,0.9998345922699454,0.7958744788237876,18137,27433,0.9302046533204867,0.9999856142706435,0.9638337600872612,208540,224184,0.9990800516462234,0.8526584022038568,0.9200802615933412,72600,61960,0.0,0.0,0.0,19740,0,0.18691588785046728,0.0380952380952381,0.06329113924050633,525,107,0.0007248451584018767,0.9998908042907715,4339576,1060,0.5569006530020673,2.3261836618185043,0.3050534427165985,0.5619707703590393,2634290,644,0.7693144588517962,1.3252154644578695,0.003943681716918945,0.998211145401001,2710099,662,0.5518215328320417,1.3341672467067838,0.3592168390750885,0.39572465419769287,1787642,437,0.7065381927829709,0.908412235789001,0.2662155330181122,0.3755094110965729,1783404,436,0.7609879897867124,0.9464289890602231,6.840407597832382,0.011435149237513542,6.851842747069895,6.2665289686992764,13.118371715769172,0.01377380732446909
44,1.0188786522674762,0.983632765379575,0.69583911306953,0.664220839145511,0.69583911306953,0.6718351980216822,0.9829237119516524,0.7472167621364597,0.0,0.0,0.9915657279482468,0.9938585400357066,0.992710810096789,2495335,2501105,0.9991789819376026,0.9836728095699968,0.991365265558814,6186,6090,0.6609804993621287,0.9998345922699454,0.7958395506012463,18137,27435,0.9973075083692013,0.9999856142706435,0.9986447658270281,208540,209100,0.9991955465456769,0.855426997245179,0.9217388723154786,72600,62154,0.0,0.0,0.0,19740,0,0.0013176098557217209,0.0380952380952381,0.0025471217524197657,525,15179,0.0007326632039621472,0.9998866319656372,4339576,1060,0.5567806619874541,2.2195808133110404,0.3044940233230591,0.553545355796814,2634290,644,0.7697117446759549,1.2784907296299934,0.004000053741037846,0.9981797933578491,2710099,662,0.563936947260604,1.412191491574049,0.3603362739086151,0.3938003480434418,1787642,437,0.7151745255001882,0.8904587728902698,0.2658066153526306,0.37672731280326843,1783404,436,0.7738022359679608,0.9052693592384458,6.705991166643798,0.03543972596526146,6.74143089260906,5.291751437820494,12.033182330429554,0.01330149732530117
45,1.0142134571538988,0.9835643514519172,0.6954440574896786,0.6822005693411036,0.6954440574896786,0.6753800755476552,0.9802887467107664,0.7473731803905237,0.0,0.0,0.9914860749190225,0.9938617460180698,0.9926724891021963,2495335,2501314,0.9991789819376026,0.9836728095699968,0.991365265558814,6186,6090,0.6611250865871887,0.9998345922699454,0.7959443444673661,18137,27429,0.930246148081401,0.9999856142706435,0.9638560342397057,208540,224174,0.9991929365809565,0.8526584022038568,0.9201281279495812,72600,61953,0.0,0.0,0.0,19740,0,0.1941747572815534,0.0380952380952381,0.06369426751592357,525,103,0.0007177506340667605,0.9998891949653625,4339576,1060,0.5500304203788325,2.217231595888734,0.30556273460388184,0.5561301112174988,2634290,644,0.725924382465363,1.3334379373118281,0.0042846011929214,0.9980915784835815,2710099,662,0.5604450842848933,1.399220914579928,0.3578581213951111,0.3937220275402069,1787642,437,0.7065851944338208,0.8914593318477273,0.2649649679660797,0.37748202681541443,1783404,436,0.7442956591478389,0.8496886715292931,6.69103845115751,0.05582072678953409,6.746859177947044,5.25281005539,11.999669233337045,0.015500614419579506
46,0.9793581106212824,0.9830301556540921,0.6953577822143006,0.6632040473256735,0.6953577822143006,0.6710563624984772,0.9823155016601238,0.7473610473059897,0.0,0.0,0.9914809423287477,0.9932578190904228,0.9923685853174945,2495335,2499807,0.9991789819376026,0.9836728095699968,0.991365265558814,6186,6090,0.6611250865871887,0.9998345922699454,0.7959443444673661,18137,27429,0.9902135822752353,0.9999856142706435,0.9950756075564611,208540,210598,0.99911230188192,0.8526584022038568,0.920093937186938,72600,61958,0.0,0.0,0.0,19740,0,0.0013174362690204862,0.0380952380952381,0.0025467974022666496,525,15181,0.0007079932256601751,0.9998873472213745,4339576,1060,0.5488490413773047,2.258975916542113,0.3060510754585266,0.5604842305183411,2634290,644,0.8749388182167274,1.2878607409074903,0.0036427066661417484,0.9982465505599976,2710099,662,0.5365065523124894,1.3735910579562187,0.3586462140083313,0.39595064520835876,1787642,437,0.7550036363275302,0.9459223793819547,0.26421236991882324,0.37709736824035645,1783404,436,0.6899257652739774,0.8541414272040129,6.720491521991789,0.08463871758431196,6.805130239576101,5.286219633184373,12.091349872760475,0.011259271763265133
47,0.9550004311918211,0.9830386630855107,0.6957507745283051,0.663215265912907,0.6957507745283051,0.6712585197719501,0.9823239794668285,0.7490297985771336,0.0,0.0,0.9914877088019547,0.9932606243249904,0.9923733747176251,2495335,2499797,0.9991812673980678,0.9864209505334627,0.9927601073781827,6186,6107,0.6610768838175787,0.9998345922699454,0.7959094101123596,18137,27431,0.9902182842110762,0.9999856142706435,0.9950779816623204,208540,210597,0.9992251941050185,0.8526584022038568,0.9201418049661466,72600,61951,0.0,0.0,0.0,19740,0,0.0013175230566534915,0.0380952380952381,0.0025469595670168737,525,15180,0.0007153444457799196,0.9998896718025208,4339576,1060,0.5561791368315312,2.1946435095742345,0.3026241958141327,0.5634235739707947,2634290,644,0.6773992408612304,1.3207731889560819,0.004073531366884708,0.9982022643089294,2710099,662,0.5896794006504542,1.3712858110666275,0.3595428764820099,0.39767247438430786,1787642,437,0.7636228442611049,0.8588856942951679,0.26358747482299805,0.3782384693622589,1783404,436,0.7191443080849227,0.8533201990649104,6.598908402957022,0.08752401545643806,6.68643241841346,5.406933566555381,12.093365984968841,0.011834905482828617
48,0.9815876894427724,0.9830503608037112,0.6965819731547523,0.6797959540282978,0.6965819731547523,0.6753960113015977,0.9797937856673699,0.7482918455950377,0.0,0.0,0.9915019773914114,0.9932594220816042,0.9923799216551124,2495335,2499758,0.9991860654403386,0.9922405431619786,0.9957011923108119,6186,6143,0.6611009843237331,0.9998345922699454,0.7959268769065332,18137,27430,0.9240712184054735,0.9999856142706435,0.9605308006227373,208540,225672,0.9992251941050185,0.8526584022038568,0.9201418049661466,72600,61951,0.0,0.0,0.0,19740,0,0.1834862385321101,0.0380952380952381,0.06309148264984227,525,109,0.000707316561602056,0.9998937845230103,4339576,1060,0.5581209788833045,2.154272997751832,0.3060518205165863,0.5546842217445374,2634290,644,0.7808853869163167,1.2735124649479985,0.003933018539100885,0.9983059763908386,2710099,662,0.5784019337733485,1.2937907949090004,0.3584553003311157,0.39453092217445374,1787642,437,0.6537286005805201,0.8910740530118346,0.2636032998561859,0.376741886138916,1783404,436,0.7162493074685888,0.8815178405493498,6.494168151170015,0.061785630881786346,6.555953782051802,5.458007052540779,12.01396083459258,0.017889682203531265
49,0.9922457264057758,0.9830393720381289,0.6957508890276755,0.6632169102774225,0.6957508890276755,0.6712613445282425,0.9823240335381388,0.7481176210090786,0.0,0.0,0.9914877156123353,0.9932614258205812,0.9923737781609062,2495335,2499799,0.9991812673980678,0.9864209505334627,0.9927601073781827,6186,6107,0.6611250865871887,0.9998345922699454,0.7959443444673661,18137,27429,0.9902135822752353,0.9999856142706435,0.9950756075564611,208540,210598,0.9991929365809565,0.8526584022038568,0.9201281279495812,72600,61953,0.0,0.0,0.0,19740,0,0.0013177834881728933,0.0380952380952381,0.0025474461851993377,525,15177,0.0006919034640304744,0.9998884797096252,4339576,1060,0.555322022246389,2.197837434709072,0.30475538969039917,0.5561836361885071,2634290,644,0.7316636407758557,1.3317245049402118,0.0036186992656439543,0.9983181357383728,2710099,662,0.5550741574053671,1.278859724290669,0.3593573570251465,0.39489227533340454,1787642,437,0.7900446922823103,0.8320061815902591,0.2650407552719116,0.3782300353050232,1783404,436,0.7991529459539121,0.8936262335628271,6.534054079093039,0.052062942646443844,6.586117021739483,3.93277791980654,10.518894941546023,0.020846018567681313
50,0.974103645678129,0.9830563869009661,0.697470010158889,0.6632559058908954,0.697470010158889,0.6717785264433412,0.9823425410435918,0.7483862620573998,0.0,0.0,0.9915079236177173,0.9932590213338088,0.9923827000064264,2495335,2499742,0.9991863303498779,0.9925638538635629,0.9958640823939664,6186,6145,0.6611250865871887,0.9998345922699454,0.7959443444673661,18137,27429,0.9902323902865229,0.9999856142706435,0.9950851040478701,208540,210594,0.999225356658705,0.8528374655647383,0.9202461282363782,72600,61964,0.0,0.0,0.0,19740,0,0.0015142537362565014,0.04380952380952381,0.0029273259513809343,525,15189,0.0006960821920074522,0.9998931288719177,4339576,1060,0.5426927594506005,2.33530193567276,0.30329614877700806,0.5508896112442017,2634290,644,0.643782905147353,1.3429681127890944,0.0036713324952870607,0.9983314275741577,2710099,662,0.5652068817939968,1.3741693841293454,0.3583752512931824,0.39756226539611816,1787642,437,0.7011156627442323,0.8605208452790976,0.2631946802139282,0.3796873688697815,1783404,436,0.7609844397434844,0.9150708643719554,6.828031142242253,0.11081196554005146,6.938843107782304,3.9388739550486207,10.877717062830925,0.013682995922863483
51,0.9752592238032933,0.9830510697563294,0.6969853876046229,0.6632544057719836,0.6969853876046229,0.6715335508236554,0.9823361652402597,0.7482881704217866,0.0,0.0,0.9914996145643857,0.9932614258205812,0.9923797382396843,2495335,2499769,0.9991835401698237,0.9891690914969286,0.9941510966693745,6186,6124,0.6611250865871887,0.9998345922699454,0.7959443444673661,18137,27429,0.9902323902865229,0.9999856142706435,0.9950851040478701,208540,210594,0.999225356658705,0.8528374655647383,0.9202461282363782,72600,61964,0.0,0.0,0.0,19740,0,0.0015148521372587763,0.04380952380952381,0.0029284441049146934,525,15183,0.0006913090473972261,0.9998940229415894,4339576,1060,0.5453458505200477,2.292434185743332,0.3034278452396393,0.5539644360542297,2634290,644,0.7156225857735602,1.31970186624676,0.003533722832798958,0.9983930587768555,2710099,662,0.5425939327540098,1.322699012234807,0.3583119511604309,0.39515966176986694,1787642,437,0.7657068723334486,0.8605980649590492,0.2643526792526245,0.37779828906059265,1783404,436,0.7373705228250337,0.9525003591552377,6.747933488339186,0.07156748231500387,6.81950097065419,3.939236734993756,10.758737705647945,0.017510960809886456
52,0.9748660914081753,0.9830535510904932,0.696469106404998,0.6632269909549586,0.696469106404998,0.671630767784283,0.9823396429699872,0.7483328962663853,0.0,0.0,0.991503570748505,0.993260223577195,0.9923811197834034,2495335,2499756,0.9991852696757373,0.991270611057226,0.9952122048202549,6186,6137,0.6611250865871887,0.9998345922699454,0.7959443444673661,18137,27429,0.9902323902865229,0.9999856142706435,0.9950851040478701,208540,210594,0.999225356658705,0.8528374655647383,0.9202461282363782,72600,61964,0.0,0.0,0.0,19740,0,0.0013172627280511099,0.0380952380952381,0.002546473134708429,525,15183,0.0006966620567254722,0.9998908042907715,4339576,1060,0.546029441320356,2.1426257556304336,0.3030685484409332,0.5625736117362976,2634290,644,0.6656563998257508,1.3038691701367497,0.003881901502609253,0.9983713030815125,2710099,662,0.5602794303701861,1.359084247611463,0.35799092054367065,0.3952329456806183,1787642,437,0.7993213225803639,0.9435908477753401,0.26267316937446594,0.3778739869594574,1783404,436,0.6720726705186624,0.8864404307678342,6.635610451921821,0.08795845881104469,6.723568910732865,3.9112449204549193,10.634813831187785,0.011057920753955841
53,0.9688790279534178,0.9883962180213629,0.6970325008240127,0.6924967497820695,0.6970325008240127,0.680732890892567,0.9850299324046079,0.7495192949885973,0.0,0.0,0.9915494100253931,0.9993055040705957,0.995412348715787,2495335,2514854,0.9991835401698237,0.9891690914969286,0.9941510966693745,6186,6124,0.6611009843237331,0.9998345922699454,0.7959268769065332,18137,27430,0.9902323902865229,0.9999856142706435,0.9950851040478701,208540,210594,0.999225356658705,0.8528374655647383,0.9202461282363782,72600,61964,0.0,0.0,0.0,19740,0,0.20618556701030927,0.0380952380952381,0.06430868167202572,525,97,0.000698911608196795,0.9998898506164551,4339576,1060,0.544999930130638,2.1367111103609204,0.30395427346229553,0.564076840877533,2634290,644,0.6571306416189154,1.2608886510133743,0.0037735053338110447,0.9983668327331543,2710099,662,0.5581085654712646,1.3417256837710738,0.3578244745731354,0.398536741733551,1787642,437,0.6510786782314106,0.8540523406118155,0.2651898264884949,0.37656301259994507,1783404,436,0.7417248249970393,0.8933270247653127,6.486704810522497,0.07526697032153606,6.561971780844033,3.870782319456339,10.432754100300372,0.019350762479007244
54,0.9750638347161337,0.9830567413772752,0.6966078398833035,0.6632153465116997,0.6966078398833035,0.6716926007818254,0.9823419688874856,0.7495376196344037,0.0,0.0,0.9915071507150716,0.9932614258205812,0.9923835129932724,2495335,2499750,0.9991860654403386,0.9922405431619786,0.9957011923108119,6186,6143,0.6610527850685332,0.9998345922699454,0.7958919440847945,18137,27432,0.9902182842110762,0.9999856142706435,0.9950779816623204,208540,210597,0.999225356658705,0.8528374655647383,0.9202461282363782,72600,61964,0.0,0.0,0.0,19740,0,0.0013177834881728933,0.0380952380952381,0.0025474461851993377,525,15177,0.0006936651770956814,0.9998958706855774,4339576,1060,0.5402194660823009,2.1643034359440207,0.30423206090927124,0.5590155124664307,2634290,644,0.8090122494392032,1.1861251592636108,0.003634474240243435,0.9984070658683777,2710099,662,0.5536970781428505,1.3000241927802563,0.3568646013736725,0.3948749303817749,1787642,437,0.6742609876224551,0.8522755028679967,0.26319846510887146,0.37906384468078613,1783404,436,0.7342685339483268,0.8785559581592679,6.3812842490151525,0.00985086988657713,6.39113511890173,3.9568873178213835,10.348022436723113,0.021214522421360016
55,0.9720440900626973,0.9883990538318357,0.69733243165563,0.6910520039932015,0.69733243165563,0.6808105099881343,0.9850335622741572,0.74839488925962,0.0,0.0,0.9915557017106106,0.9993035003316189,0.9954145250219154,2495335,2514833,0.9991852696757373,0.991270611057226,0.9952122048202549,6186,6137,0.6611009843237331,0.9998345922699454,0.7959268769065332,18137,27430,0.9902182842110762,0.9999856142706435,0.9950779816623204,208540,210597,0.999225356658705,0.8528374655647383,0.9202461282363782,72600,61964,0.0,0.0,0.0,19740,0,0.19607843137254902,0.0380952380952381,0.06379585326953748,525,102,0.0006994542782194912,0.9998903274536133,4339576,1060,0.5439513003261145,2.289207777939737,0.3020659387111664,0.560128927230835,2634290,644,0.6519593381099965,1.2288573700934649,0.003457402577623725,0.9984089136123657,2710099,662,0.529310417837821,1.29755287617445,0.3581914007663727,0.3940201699733734,1787642,437,0.754062315248798,0.9236465962603688,0.26400846242904663,0.3781532347202301,1783404,436,0.7392794774079542,0.8919715853407979,6.631236205808818,0.07339598052203655,6.704632186330855,3.9098884323611856,10.61452061869204,0.014672706834971905
56,0.9677395183630956,0.9884018896423086,0.697425035140537,0.6895305721078943,0.697425035140537,0.680795888758022,0.9850367003092569,0.7483589478972419,0.0,0.0,0.991557292273483,0.9993051033228003,0.9954161217747588,2495335,2514833,0.9991858003582479,0.9919172324603944,0.9955382493712988,6186,6141,0.661342086068563,0.9998345922699454,0.7961015870228505,18137,27420,0.9902182842110762,0.9999856142706435,0.9950779816623204,208540,210597,0.999225356658705,0.8528374655647383,0.9202461282363782,72600,61964,0.0,0.0,0.0,19740,0,0.18518518518518517,0.0380952380952381,0.0631911532385466,525,108,0.0006834653904661536,0.999893307685852,4339576,1060,0.5407070857812271,2.3263450441882014,0.3023607134819031,0.5583845973014832,2634290,644,0.69801452533208,1.2866923762485385,0.0033962803427129984,0.9984421133995056,2710099,662,0.5464318902789238,1.3886673310771585,0.35907241702079773,0.39706552028656006,1787642,437,0.833192566130952,0.847822287119925,0.26405009627342224,0.37956568598747253,1783404,436,0.7445065319625451,0.9437078768387437,6.793234915472567,0.05306364968419075,6.846298565156758,3.959068475291133,10.80536704044789,0.019940701313316822
57,0.9578512043914515,0.9830539055668023,0.696607381885823,0.6632221042788912,0.696607381885823,0.671697129025895,0.9823407657294531,0.7481293736438387,0.0,0.0,0.9915071235351488,0.9932582198382182,0.99238189921797,2495335,2499742,0.9991860654403386,0.9922405431619786,0.9957011923108119,6186,6143,0.6611009843237331,0.9998345922699454,0.7959268769065332,18137,27430,0.9902182842110762,0.9999856142706435,0.9950779816623204,208540,210597,0.999225356658705,0.8528374655647383,0.9202461282363782,72600,61964,0.0,0.0,0.0,19740,0,0.001316915783235662,0.0380952380952381,0.0025458248472505093,525,15187,0.0006897636922076344,0.9998958706855774,4339576,1060,0.5443354505338979,2.2902779979631305,0.3036734163761139,0.5608930587768555,2634290,644,0.6658855035646541,1.3636940037831664,0.003504344495013356,0.9984295964241028,2710099,662,0.5427533745703883,1.313028521835804,0.356422483921051,0.3946892321109772,1787642,437,0.7197754951985739,0.8379998859018087,0.2636319398880005,0.37821435928344727,1783404,436,0.750348923898117,0.8705028248950839,6.6755032343789935,0.031219080090522766,6.706722314469516,3.959648155607283,10.6663704700768,0.011660869233310223
58,0.9821923337375356,0.988400117260763,0.6974708216358252,0.690252134064746,0.6974708216358252,0.6808370511680423,0.9850351003460712,0.7494747333093175,0.0,0.0,0.9915580573431779,0.9993022980882327,0.9954151155681885,2495335,2514824,0.9991860654403386,0.9922405431619786,0.9957011923108119,6186,6143,0.6611009843237331,0.9998345922699454,0.7959268769065332,18137,27430,0.9902182842110762,0.9999856142706435,0.9950779816623204,208540,210597,0.999225356658705,0.8528374655647383,0.9202461282363782,72600,61964,0.0,0.0,0.0,19740,0,0.19047619047619047,0.0380952380952381,0.06349206349206349,525,105,0.000688189291395247,0.9998924136161804,4339576,1060,0.5463175314340956,2.1983558535575867,0.3018743693828583,0.5640498995780945,2634290,644,0.6490361831617747,1.279247053898871,0.0034557280596345663,0.9985114932060242,2710099,662,0.5569086652942917,1.3082098457962275,0.35717102885246277,0.39573976397514343,1787642,437,0.692635367728623,0.8755835108458996,0.2634403109550476,0.37990885972976685,1783404,436,0.6717227736311757,0.9021516861394048,6.563547950237989,0.04364981967955828,6.607197769917548,3.9646259704604745,10.571823740378022,0.01719637308269739
59,0.969052739931902,0.9883937366871991,0.696640481754654,0.6911830387685072,0.696640481754654,0.6805343384683843,0.9850275170198307,0.7869370118580107,0.0,0.0,0.9915427409885398,0.9993095115485496,0.9954109762932376,2495335,2514881,0.9998361461576274,0.9864209505334627,0.993083245178615,6186,6103,0.661366205915606,0.9998345922699454,0.7961190622530512,18137,27419,0.9902323902865229,0.9999856142706435,0.9950851040478701,208540,210594,0.999225356658705,0.8528374655647383,0.9202461282363782,72600,61964,0.0,0.0,0.0,19740,0,0.19607843137254902,0.0380952380952381,0.06379585326953748,525,102,0.000662724080029875,0.9998958706855774,4339576,1060,0.5325645038832064,2.1519963769242167,0.30158257484436035,0.5574743151664734,2634290,644,0.6287999197453022,1.294059389270842,0.003299078205600381,0.9984613060951233,2710099,662,0.5152040665791922,1.399137700907886,0.3564729690551758,0.3989585340023041,1787642,437,0.7186323850677305,0.8774618590250611,0.2645201086997986,0.38036641478538513,1783404,436,0.730542618731784,0.8782149292528629,6.600870255380869,0.0741657204926014,6.67503597587347,3.8636359246447682,10.538671900518239,0.02582335378974676
60,0.9531966411813574,0.9830556779483478,0.6974238229158055,0.6632523257823385,0.6974238229158055,0.6717527309164109,0.9823417201274501,0.7498884946901742,0.0,0.0,0.9915071303301458,0.9932590213338088,0.9923823026622802,2495335,2499744,0.9991860654403386,0.9922405431619786,0.9957011923108119,6186,6143,0.6611009843237331,0.9998345922699454,0.7959268769065332,18137,27430,0.9902323902865229,0.9999856142706435,0.9950851040478701,208540,210594,0.999225356658705,0.8528374655647383,0.9202461282363782,72600,61964,0.0,0.0,0.0,19740,0,0.0015143534369238872,0.04380952380952381,0.002927512251002355,525,15188,0.0006743698613718152,0.9998986124992371,4339576,1060,0.5284426575252659,2.194132287055254,0.30206775665283203,0.5609944462776184,2634290,644,0.7767652157063103,1.204604442231357,0.0032205870375037193,0.9985480308532715,2710099,662,0.5333427741501447,1.377928201109171,0.3570181429386139,0.39504274725914,1787642,437,0.7677103970881423,0.8849663017317653,0.26224154233932495,0.3813728988170624,1783404,436,0.7310293272727207,0.8963200207799673,6.557951252907515,0.050455923192203045,6.608407176099718,3.8796747708693147,10.488081946969032,0.014791208319365978
61,0.9571352775989039,0.983049651851093,0.6966527676333157,0.66320149579476,0.6966527676333157,0.671704897376749,0.9823383023949286,0.7874100648818017,0.0,0.0,0.9915078692624711,0.9932526093690827,0.992379472442879,2495335,2499726,0.9991863303498779,0.9925638538635629,0.9958640823939664,6186,6145,0.6609564076395976,0.9998345922699454,0.7958220876396112,18137,27436,0.9902182842110762,0.9999856142706435,0.9950779816623204,208540,210597,0.999225356658705,0.8528374655647383,0.9202461282363782,72600,61964,0.0,0.0,0.0,19740,0,0.0013162224415926291,0.0380952380952381,0.002544529262086514,525,15195,0.0006981345359236002,0.9998953938484192,4339576,1060,0.5444055103106663,2.4130127020180225,0.3045821785926819,0.5597686767578125,2634290,644,1.0427633904417675,1.2382025513797998,0.0032688090577721596,0.998540997505188,2710099,662,0.5342006343626001,1.3473672093823552,0.35647764801979065,0.39658668637275696,1787642,437,0.6830427029849971,0.8420721516013145,0.2618373930454254,0.38024529814720154,1783404,436,0.7060123093867944,0.9147943742573261,6.755448988638818,0.030774670653045177,6.786223659291863,4.036867822520435,10.823091481812298,0.01161929965019226
62,0.9386131008269645,0.9883990538318357,0.6974936862586266,0.6874888999400418,0.6974936862586266,0.6806990286970255,0.9850354229497377,0.787776223597817,0.0,0.0,0.9915584382017155,0.9993006950970511,0.9954145122086068,2495335,2514819,0.9991861979166666,0.9924021985127708,0.9957826439578265,6186,6144,0.6612938516519583,0.9998345922699454,0.7960666388638907,18137,27422,0.9902182842110762,0.9999856142706435,0.9950779816623204,208540,210597,0.999225356658705,0.8528374655647383,0.9202461282363782,72600,61964,0.0,0.0,0.0,19740,0,0.17094017094017094,0.0380952380952381,0.06230529595015576,525,117,0.0006818798719905317,0.9998908042907715,4339576,1060,0.5379312830856241,2.208302424289286,0.301924467086792,0.5571478605270386,2634290,644,0.6480781125851731,1.2559107653796673,0.003503507236018777,0.9985314011573792,2710099,662,0.5565271194913485,1.3182604275643826,0.35531678795814514,0.39574816823005676,1787642,437,0.6739669656765738,0.9502215106040239,0.26277679204940796,0.38033613562583923,1783404,436,0.7285511047196852,0.8404003037139773,6.573095431551337,0.13555582333356142,6.708651254884899,3.8775383420288563,10.586189596913755,0.026552774012088776
63,0.9146404952103451,0.9830553234720387,0.6977418900036861,0.6632646347623732,0.6977418900036861,0.6717961714910127,0.9823418510921795,0.7499735630148398,0.0,0.0,0.9915083066738621,0.9932574183426274,0.9923820917896679,2495335,2499737,0.9991863303498779,0.9925638538635629,0.9958640823939664,6186,6145,0.6611250865871887,0.9998345922699454,0.7959443444673661,18137,27429,0.9902276882167192,0.9999856142706435,0.9950827299080248,208540,210595,0.999225356658705,0.8528374655647383,0.9202461282363782,72600,61964,0.0,0.0,0.0,19740,0,0.0015796748502599882,0.045714285714285714,0.0030538236416846926,525,15193,0.0006610839045606554,0.9998988509178162,4339576,1060,0.5370282476017709,2.1804308304563165,0.3029995262622833,0.552800178527832,2634290,644,0.7999341464621924,1.271911220625043,0.0034124685917049646,0.9985188841819763,2710099,662,0.5490373139814343,1.3065301161259413,0.35569843649864197,0.4000711739063263,1787642,437,0.6729495052674165,0.9518276788294315,0.2620311379432678,0.3808402121067047,1783404,436,0.7172298718461235,0.8862950606271625,6.596994906663895,0.09233127441257238,6.689326181076467,3.8729731561616063,10.562299337238073,0.013004139065742493
64,0.9388643379338106,0.988400117260763,0.698605100754948,0.6926035622383351,0.698605100754948,0.6824910232875775,0.9850376792566086,0.7890537589188655,0.0,0.0,0.9915592200619131,0.9992998936014603,0.9954145085476482,2495335,2514815,0.9991863303498779,0.9925638538635629,0.9958640823939664,6186,6145,0.6611250865871887,0.9998345922699454,0.7959443444673661,18137,27429,0.9902323902865229,0.9999856142706435,0.9950851040478701,208540,210594,0.999225356658705,0.8528374655647383,0.9202461282363782,72600,61964,0.0,0.0,0.0,19740,0,0.20689655172413793,0.045714285714285714,0.0748829953198128,525,116,0.0007028690306469798,0.9998931288719177,4339576,1060,0.5538018535051823,2.1794383209198713,0.30241554975509644,0.5613957047462463,2634290,644,0.7472412437413781,1.275668416172266,0.003248083870857954,0.9985886216163635,2710099,662,0.5555898511234203,1.314517599530518,0.35534074902534485,0.3975158631801605,1787642,437,0.7715978080315574,0.9656831668689847,0.26315221190452576,0.37890124320983887,1783404,436,0.7488223941267285,0.8957881713286042,6.631095674820244,0.05977174360305071,6.690867418423295,3.8704590192064643,10.56132643762976,0.020797512494027615
65,0.9243910004484568,0.9830521331852567,0.6977413747565206,0.6632439305254473,0.6977413747565206,0.6717808583303435,0.9823395713681442,0.7920148318926895,0.0,0.0,0.9915082761004397,0.9932538116124688,0.9923802762848036,2495335,2499728,0.9991863303498779,0.9925638538635629,0.9958640823939664,6186,6145,0.6609804993621287,0.9998345922699454,0.7958395506012463,18137,27435,0.9902276882167192,0.9999856142706435,0.9950827299080248,208540,210595,0.999225356658705,0.8528374655647383,0.9202461282363782,72600,61964,0.0,0.0,0.0,19740,0,0.0015793629902605948,0.045714285714285714,0.003053240887984225,525,15196,0.0006653316086158156,0.9998940229415894,4339576,1060,0.5341550413370336,2.2494481345638633,0.3012487590312958,0.558509886264801,2634290,644,0.7571977934711337,1.290799972601235,0.003425003495067358,0.9985446929931641,2710099,662,0.5838282557470369,1.3908859677612782,0.3544900417327881,0.39687198400497437,1787642,437,0.6653457902638792,0.9164227321743965,0.26320648193359375,0.38131964206695557,1783404,436,0.7407478970707572,0.9679705835878849,6.815527390688658,0.054810517467558384,6.870337908156216,3.9178472254425287,10.788185133598745,0.017656046897172928
66,0.9417248041128155,0.9884061433580179,0.6986060739995938,0.6943328362816218,0.6986060739995938,0.6826562244024744,0.9850423208639288,0.788083143504538,0.0,0.0,0.9915592771206984,0.9993067063139819,0.995417917207151,2495335,2514832,0.9998371600716496,0.9925638538635629,0.996187231280928,6186,6141,0.6612938516519583,0.9998345922699454,0.7960666388638907,18137,27422,0.9902323902865229,0.9999856142706435,0.9950851040478701,208540,210594,0.999225356658705,0.8528374655647383,0.9202461282363782,72600,61964,0.0,0.0,0.0,19740,0,0.21818181818181817,0.045714285714285714,0.07559055118110236,525,110,0.0006627122056670487,0.999893307685852,4339576,1060,0.5464854820177537,2.31487675383687,0.30128854513168335,0.5552365183830261,2634290,644,0.6339141960224295,1.2748167179524899,0.0031407263595610857,0.9985665082931519,2710099,662,0.5320160587297903,1.3664128817617893,0.3544251024723053,0.40049126744270325,1787642,437,0.6274672514049148,0.9174311524257064,0.2618313133716583,0.38069668412208557,1783404,436,0.7227247196057068,0.8989607496187091,6.772498255595565,0.059773655608296394,6.832271911203861,3.8678574012592435,10.700129312463105,0.025493853725492954
67,0.9116624514301737,0.9830535510904932,0.6977416037552608,0.6632515031414394,0.6977416037552608,0.671786330256167,0.9823406851907566,0.7986235390893098,0.0,0.0,0.9915082896886547,0.9932554146036504,0.9923810831766621,2495335,2499732,0.9991863303498779,0.9925638538635629,0.9958640823939664,6186,6145,0.6610286880764044,0.9998345922699454,0.7958744788237876,18137,27433,0.9902323902865229,0.9999856142706435,0.9950851040478701,208540,210594,0.999225356658705,0.8528374655647383,0.9202461282363782,72600,61964,0.0,0.0,0.0,19740,0,0.0015794669299111549,0.045714285714285714,0.0030534351145038168,525,15195,0.0006451868684962392,0.999903678894043,4339576,1060,0.5270583495299439,2.1999502712860703,0.301169216632843,0.5531137585639954,2634290,644,0.8046336069161192,1.2299756091088057,0.003158309729769826,0.9986251592636108,2710099,662,0.5365748836798171,1.340619295835495,0.3543332517147064,0.39424169063568115,1787642,437,0.7560589050149714,0.9446172565221786,0.26220259070396423,0.3807544410228729,1783404,436,0.7816054087101962,0.8616466438397765,6.576809076592326,0.10795473959296942,6.684763816185296,3.885325445793569,10.570089261978865,0.015963025391101837
68,0.9294318138261292,0.9884008262133813,0.6986052152543181,0.6932013053796438,0.6986052152543181,0.6825607461212282,0.985038337012982,0.7881675563146836,0.0,0.0,0.9915592267747514,0.9993006950970511,0.9954149095676139,2495335,2514817,0.9998371600716496,0.9925638538635629,0.996187231280928,6186,6141,0.6610286880764044,0.9998345922699454,0.7958744788237876,18137,27433,0.9902323902865229,0.9999856142706435,0.9950851040478701,208540,210594,0.999225356658705,0.8528374655647383,0.9202461282363782,72600,61964,0.0,0.0,0.0,19740,0,0.21052631578947367,0.045714285714285714,0.07511737089201878,525,114,0.0006690841400995851,0.9998963475227356,4339576,1060,0.5450098898523053,2.246095019392669,0.3012253940105438,0.5580000877380371,2634290,644,0.607860324916093,1.2474412331357598,0.0033233053982257843,0.998600423336029,2710099,662,0.5667564982216869,1.330731195397675,0.3554733991622925,0.3962169289588928,1787642,437,0.6830555634814267,0.8894744785502553,0.26162049174308777,0.3800428807735443,1783404,436,0.7391065243680007,0.8618012638762593,6.575543190352619,0.1060216510668397,6.681564841419458,3.8888533720746636,10.570418213494122,0.012844996526837349
69,0.9099525094277225,0.9884008262133813,0.6986052152543181,0.690592569349084,0.6986052152543181,0.682406595120405,0.9850393358625995,0.7897973824686969,0.0,0.0,0.9915592267747514,0.9993006950970511,0.9954149095676139,2495335,2514817,0.9998371600716496,0.9925638538635629,0.996187231280928,6186,6141,0.6612938516519583,0.9998345922699454,0.7960666388638907,18137,27422,0.9902323902865229,0.9999856142706435,0.9950851040478701,208540,210594,0.999225356658705,0.8528374655647383,0.9202461282363782,72600,61964,0.0,0.0,0.0,19740,0,0.192,0.045714285714285714,0.07384615384615385,525,125,0.000651021720841527,0.999900221824646,4339576,1060,0.533229418296676,2.2561073191463947,0.3022211194038391,0.5528958439826965,2634290,644,0.8893976698216749,1.1972018703818321,0.003118447959423065,0.9986469149589539,2710099,662,0.5299430403155063,1.27469667699188,0.3535783290863037,0.4011910855770111,1787642,437,0.7429494165588595,0.8916391665115952,0.2620362341403961,0.37979504466056824,1783404,436,0.7405982651744099,0.9003650676459074,6.520010100677609,0.05430385936051607,6.5743139600381255,3.8932569567114115,10.467570916749537,0.018553392961621284
70,0.9315429837202651,0.9884061433580179,0.6977899192180369,0.6922866062262353,0.6977899192180369,0.6814092190123447,0.9850405921580567,0.7898155203039033,0.0,0.0,0.9915581043391264,0.9993079085573681,0.9954179226944858,2495335,2514838,0.9998371600716496,0.9925638538635629,0.996187231280928,6186,6141,0.6612697370820114,0.9998345922699454,0.7960491659350307,18137,27423,0.9902323902865229,0.9999856142706435,0.9950851040478701,208540,210594,0.999225356658705,0.8528374655647383,0.9202461282363782,72600,61964,0.0,0.0,0.0,19740,0,0.20388349514563106,0.04,0.06687898089171974,525,103,0.0006728395237587392,0.9998884797096252,4339576,1060,0.5471704334300201,2.177138173021376,0.3005516231060028,0.5637139678001404,2634290,644,0.6223986943912719,1.21870849840343,0.0032405336387455463,0.9985623955726624,2710099,662,0.5465785018939173,1.2552801258862019,0.3535798192024231,0.39840418100357056,1787642,437,0.6659784897466426,0.87605763040483,0.26189693808555603,0.38044098019599915,1783404,436,0.7148678204256913,0.8833201630041003,6.410504590719938,0.04926574416458607,6.459770334884524,3.9310059314593673,10.390776266343892,0.020214013755321503
71,0.9213132049625552,0.9884061433580179,0.6986060739995938,0.6964269970660898,0.6986060739995938,0.6827591208941145,0.985041691418821,0.7878485205572695,0.0,0.0,0.9915592771206984,0.9993067063139819,0.995417917207151,2495335,2514832,0.9998371600716496,0.9925638538635629,0.996187231280928,6186,6141,0.6611250865871887,0.9998345922699454,0.7959443444673661,18137,27429,0.9902323902865229,0.9999856142706435,0.9950851040478701,208540,210594,0.999225356658705,0.8528374655647383,0.9202461282363782,72600,61964,0.0,0.0,0.0,19740,0,0.23300970873786409,0.045714285714285714,0.07643312101910828,525,103,0.0006430980283766985,0.9998995661735535,4339576,1060,0.5312773343813192,2.2064036363735795,0.30177444219589233,0.5530533790588379,2634290,644,0.609402172234749,1.296672847121954,0.0031414504628628492,0.9986605644226074,2710099,662,0.5305134101173786,1.3041383801028132,0.35650768876075745,0.39507073163986206,1787642,437,0.7141499999570978,0.9808760322630405,0.2617715001106262,0.37928029894828796,1783404,436,0.7165309012366965,0.9576521841809154,6.745743080042303,0.0752155389636755,6.820958619005978,5.020059674046934,11.841018293052912,0.01815367303788662
72,0.9232406790068048,0.9884043709764724,0.6986057877511687,0.693959057928866,0.6986057877511687,0.6825929380454218,0.9850407033597173,0.750280984195223,0.0,0.0,0.9915592603387827,0.9993047025750049,0.9954169146626396,2495335,2514827,0.9991863303498779,0.9925638538635629,0.9958640823939664,6186,6145,0.6612938516519583,0.9998345922699454,0.7960666388638907,18137,27422,0.9902323902865229,0.9999856142706435,0.9950851040478701,208540,210594,0.999225356658705,0.8528374655647383,0.9202461282363782,72600,61964,0.0,0.0,0.0,19740,0,0.21621621621621623,0.045714285714285714,0.07547169811320754,525,111,0.0006509160157293081,0.999896764755249,4339576,1060,0.531444735195515,2.321228139102459,0.3007061779499054,0.5596286058425903,2634290,644,0.6859242634728954,1.226336482912302,0.003032650798559189,0.998710036277771,2710099,662,0.5273359841198778,1.355608302168548,0.35490989685058594,0.39470264315605164,1787642,437,0.7167130243879584,0.8752917526289821,0.2616279125213623,0.3808671236038208,1783404,436,0.7429625119434778,0.9808761831372976,6.759340859949589,0.06872780621051788,6.828068666160107,4.0150996232405305,10.843168289400637,0.029231988824903965
73,0.915925422303345,0.988403307547545,0.6986056160021133,0.6950896399389224,0.6986056160021133,0.6826436199098802,0.9850394739329733,0.789369828935789,0.0,0.0,0.9915592502696013,0.9993035003316189,0.9954163131349724,2495335,2514824,0.9991863303498779,0.9925638538635629,0.9958640823939664,6186,6145,0.6611250865871887,0.9998345922699454,0.7959443444673661,18137,27429,0.9902323902865229,0.9999856142706435,0.9950851040478701,208540,210594,0.999225356658705,0.8528374655647383,0.9202461282363782,72600,61964,0.0,0.0,0.0,19740,0,0.22429906542056074,0.045714285714285714,0.0759493670886076,525,107,0.0006531212711706758,0.9998972415924072,4339576,1060,0.5318522077299842,2.1486346404999495,0.3008386492729187,0.557124674320221,2634290,644,0.6318219165263371,1.2895255126059055,0.0030824739951640368,0.9987561702728271,2710099,662,0.54705545351781,1.3196376245468855,0.354746550321579,0.39837339520454407,1787642,437,0.7125021784157244,0.8900765962898731,0.26236116886138916,0.38020268082618713,1783404,436,0.843626108720945,0.8811938548460603,6.529068228788674,0.03432931751012802,6.563397546298802,4.018853801302612,10.582251347601414,0.010176703333854675
74,0.913348029659621,0.9884018896423086,0.6986053870033732,0.6942123023778065,0.6986053870033732,0.6825897505518305,0.9850385854235635,0.7895727332009478,0.0,0.0,0.9915592368439888,0.9993018973404373,0.995415511096962,2495335,2514820,0.9991863303498779,0.9925638538635629,0.9958640823939664,6186,6145,0.6611009843237331,0.9998345922699454,0.7959268769065332,18137,27430,0.9902323902865229,0.9999856142706435,0.9950851040478701,208540,210594,0.999225356658705,0.8528374655647383,0.9202461282363782,72600,61964,0.0,0.0,0.0,19740,0,0.21818181818181817,0.045714285714285714,0.07559055118110236,525,110,0.000658857636153698,0.9998935461044312,4339576,1060,0.5403643806535655,2.2406658241525292,0.301332026720047,0.5592026710510254,2634290,644,0.7613028240501465,1.2955507775768638,0.0029954335186630487,0.9987339973449707,2710099,662,0.5316488545027497,1.3589316587895155,0.3539651930332184,0.39982670545578003,1787642,437,0.6855380592295595,0.8687114669010043,0.2599833607673645,0.3828622102737427,1783404,436,0.6739872720307241,0.9296533707529306,6.6935130981728435,0.048234554938971996,6.7417476531118155,3.9926993949338794,10.734447048045695,0.02271271776407957
75,0.9396757158792917,0.9884082702158725,0.6986064174977041,0.6988507412285028,0.6986064174977041,0.6828798781028531,0.9850428035978676,0.7880910910712938,0.0,0.0,0.9915592972589089,0.9993091108007542,0.9954191202579232,2495335,2514838,0.9998371600716496,0.9925638538635629,0.996187231280928,6186,6141,0.6611009843237331,0.9998345922699454,0.7959268769065332,18137,27430,0.9902323902865229,0.9999856142706435,0.9950851040478701,208540,210594,0.999225356658705,0.8528374655647383,0.9202461282363782,72600,61964,0.0,0.0,0.0,19740,0,0.25,0.045714285714285714,0.07729468599033816,525,96,0.0006292513571679592,0.9999035000801086,4339576,1060,0.5402028654970961,2.257558627985418,0.3004862368106842,0.5588340759277344,2634290,644,0.5753856371985816,1.1907595163211226,0.0030882738064974546,0.9986443519592285,2710099,662,0.5386721616208958,1.3018039427697659,0.35409197211265564,0.3984880745410919,1787642,437,0.773015187244358,0.8630806235596538,0.2610292136669159,0.38127925992012024,1783404,436,0.7275773015949993,0.870948345400393,6.484151056036353,0.08295822329819202,6.567109279334545,3.836449161171913,10.403558440506458,0.016119923442602158
76,0.9149987847438135,0.9884072067869452,0.6986043352690937,0.6955061891876749,0.6986043352690937,0.682721461521174,0.9850428003947563,0.7903431372623837,0.0,0.0,0.9915588962624615,0.9993083093051635,0.9954185205617692,2495335,2514837,0.9998371600716496,0.9925638538635629,0.996187231280928,6186,6141,0.6612697370820114,0.9998345922699454,0.7960491659350307,18137,27423,0.990237092400982,0.9999856142706435,0.9950874781990442,208540,210593,0.9992253441569969,0.8528236914600551,0.9202381040850753,72600,61963,0.0,0.0,0.0,19740,0,0.22641509433962265,0.045714285714285714,0.07606973058637084,525,106,0.0006381836719810963,0.9999011754989624,4339576,1060,0.5205878666764502,2.1868105456233025,0.30018776655197144,0.5591593980789185,2634290,644,0.651680395640095,1.3106530737131834,0.002897083992138505,0.9987358450889587,2710099,662,0.5079433527038012,1.3986290115863085,0.3544296622276306,0.39989998936653137,1787642,437,0.6968549972160406,0.9047121740877628,0.2603923976421356,0.38185569643974304,1783404,436,0.7397587797128399,0.8911818359047174,6.691986640915275,0.034966847859323025,6.726953488774598,3.9396616239100695,10.666615112684667,0.012600677087903023
77,0.917768999476095,0.9884072067869452,0.698606245748649,0.6952067301827446,0.698606245748649,0.6827075697500817,0.9850429197114554,0.7900686419229712,0.0,0.0,0.9915592871898157,0.9993079085573681,0.9954185187328973,2495335,2514835,0.9998371600716496,0.9925638538635629,0.996187231280928,6186,6141,0.6612938516519583,0.9998345922699454,0.7960666388638907,18137,27422,0.9902323902865229,0.9999856142706435,0.9950851040478701,208540,210594,0.999225356658705,0.8528374655647383,0.9202461282363782,72600,61964,0.0,0.0,0.0,19740,0,0.22429906542056074,0.045714285714285714,0.0759493670886076,525,107,0.000617299578152597,0.9999053478240967,4339576,1060,0.5275903147439196,2.194555636495352,0.3006949722766876,0.558533787727356,2634290,644,0.6293193085600793,1.3845814149826765,0.0029320111498236656,0.9987568855285645,2710099,662,0.5202693746460979,1.394803344272077,0.3531266450881958,0.40106409788131714,1787642,437,0.7283945446413632,0.9555880660191178,0.26016563177108765,0.3816941976547241,1783404,436,0.6722606277224671,0.8862593611702323,6.8157878229394555,0.08143548388034105,6.897223306819797,3.9107123417779803,10.807935648597777,0.02123776078224182
78,0.9165997003705839,0.9884050799290905,0.6986059022505388,0.6940479178995511,0.6986059022505388,0.6826363241648934,0.9850414788346867,0.8045087476054495,0.0,0.0,0.991559267051557,0.9993055040705957,0.9954173156806843,2495335,2514829,0.9998371600716496,0.9925638538635629,0.996187231280928,6186,6141,0.6612697370820114,0.9998345922699454,0.7960491659350307,18137,27423,0.9902276882167192,0.9999856142706435,0.9950827299080248,208540,210595,0.999225356658705,0.8528374655647383,0.9202461282363782,72600,61964,0.0,0.0,0.0,19740,0,0.21621621621621623,0.045714285714285714,0.07547169811320754,525,111,0.0006209014100022614,0.999900221824646,4339576,1060,0.5241310687561436,2.1941736871376634,0.29929429292678833,0.5568749308586121,2634290,644,0.7728776410638593,1.2891531139612198,0.002785313641652465,0.9988059401512146,2710099,662,0.5234921966361136,1.3792022690176964,0.35286039113998413,0.3961844742298126,1787642,437,0.6859094850819374,0.9485426731407642,0.2618752717971802,0.38023799657821655,1783404,436,0.6963577159752738,0.887168419547379,6.698240162804723,0.06510344799607992,6.763343610800803,3.948095046915114,10.711438657715917,0.01145451981574297
79,0.9490414871919446,0.988410042597418,0.6977905489645725,0.6954200611879998,0.6977905489645725,0.681565695630457,0.9850428575268027,0.801910331992848,0.0,0.0,0.9915593241097069,0.9993123167831173,0.9954207243211373,2495335,2514846,0.9998371600716496,0.9925638538635629,0.996187231280928,6186,6141,0.6612938516519583,0.9998345922699454,0.7960666388638907,18137,27422,0.9902182842110762,0.9999856142706435,0.9950779816623204,208540,210597,0.999225356658705,0.8528374655647383,0.9202461282363782,72600,61964,0.0,0.0,0.0,19740,0,0.22580645161290322,0.04,0.06796116504854369,525,93,0.000626496272161603,0.9999046325683594,4339576,1060,0.526841242105837,2.197136885486543,0.2997657060623169,0.5521730780601501,2634290,644,0.6804694536492337,1.3574180901050568,0.002814600942656398,0.9987727403640747,2710099,662,0.5218923725999195,1.3957537235692143,0.35283973813056946,0.399321585893631,1787642,437,0.650072681622889,0.8770750993862748,0.2609472870826721,0.38197624683380127,1783404,436,0.6740260728388259,0.9965184982866049,6.823902296833694,0.08673582877963781,6.910638125613332,3.925603676587343,10.836241802200675,0.009847510606050491
80,0.9010650995304805,0.9887212727968145,0.7003324595396949,0.6985564496689171,0.7003324595396949,0.6839019398926298,0.9853787728926764,0.8316266612184832,0.0,0.0,0.9919052238951426,0.9993115152875265,0.9955945958139477,2495335,2513967,0.9998371600716496,0.9925638538635629,0.996187231280928,6186,6141,0.6612456242707118,0.9998345922699454,0.7960316937731832,18137,27424,0.9902323902865229,0.9999856142706435,0.9950851040478701,208540,210594,0.9992520687460217,0.8649173553719008,0.9272445363260484,72600,62840,0.0,0.0,0.0,19740,0,0.24742268041237114,0.045714285714285714,0.07717041800643087,525,97,0.0006096370634622872,0.9999014139175415,4339576,1060,0.5099400988155895,2.2109113419428468,0.29924049973487854,0.5558689832687378,2634290,644,0.7481763951071803,1.2607518695294857,0.0028851216193288565,0.9988122582435608,2710099,662,0.5065205808931708,1.271627290174365,0.35275039076805115,0.3984036147594452,1787642,437,0.7079390301672294,0.8609616253525019,0.26113805174827576,0.3824668824672699,1783404,436,0.7046190250510779,0.881992194801569,6.486244321800768,0.06136246211826801,6.547606783919036,3.8781321216374636,10.4257389055565,0.013725587166845798
81,0.8962249576383794,0.9887187914626507,0.7003320587918995,0.698897086504051,0.7003320587918995,0.6838995277122252,0.9853766560495986,0.8326722542720502,0.0,0.0,0.9919052013556302,0.9993087100529588,0.9955931922555968,2495335,2513960,0.9998371600716496,0.9925638538635629,0.996187231280928,6186,6141,0.6610527850685332,0.9998345922699454,0.7958919440847945,18137,27432,0.9902323902865229,0.9999856142706435,0.9950851040478701,208540,210594,0.9992520687460217,0.8649173553719008,0.9272445363260484,72600,62840,0.0,0.0,0.0,19740,0,0.25,0.045714285714285714,0.07729468599033816,525,96,0.0006365058361552656,0.9999030232429504,4339576,1060,0.5314893008262773,2.2512117633596063,0.3009292185306549,0.5586887001991272,2634290,644,0.7506678083573183,1.2402125494554639,0.002969795372337103,0.9988081455230713,2710099,662,0.5442492262682433,1.402046898379922,0.3516005277633667,0.39747893810272217,1787642,437,0.6271025659292009,0.8565489184111357,0.26001474261283875,0.3829990029335022,1783404,436,0.6954221468233115,0.8708764649927616,6.620896594598889,0.04607517644762993,6.666971771046519,3.9654978699982166,10.632469641044736,0.01658305712044239
82,0.899390876660391,0.9887173735574144,0.7003318297931592,0.6974685132355114,0.7003318297931592,0.6838287437085906,0.9853758545586666,0.8342825155920203,0.0,0.0,0.9919051884758524,0.9993071070617773,0.9955923902204923,2495335,2513956,0.9998371600716496,0.9925638538635629,0.996187231280928,6186,6141,0.6610527850685332,0.9998345922699454,0.7958919440847945,18137,27432,0.9902323902865229,0.9999856142706435,0.9950851040478701,208540,210594,0.9992520687460217,0.8649173553719008,0.9272445363260484,72600,62840,0.0,0.0,0.0,19740,0,0.24,0.045714285714285714,0.0768,525,100,0.0006319352542050183,0.9999085664749146,4339576,1060,0.5334857623440439,2.1502069775015116,0.30110448598861694,0.5617665648460388,2634290,644,0.7475075343016051,1.2593522006645799,0.002748887985944748,0.998881995677948,2710099,662,0.5122514956350889,1.329441687092185,0.3525669574737549,0.4012962579727173,1787642,437,0.6691634010607485,0.7779899220913649,0.2601984143257141,0.3840554356575012,1783404,436,0.7768103459367137,0.9045759234577417,6.421566710807383,0.06019227392971516,6.481758984737098,3.8496323078870773,10.331391292624176,0.020787502638995647
83,0.926067657809075,0.988716310128487,0.7003316580441041,0.6940972041623006,0.7003316580441041,0.6836573467221205,0.98537603761957,0.8200051712479707,0.0,0.0,0.9919051788159922,0.9993059048183911,0.9955917886933233,2495335,2513953,0.9998371600716496,0.9925638538635629,0.996187231280928,6186,6141,0.6612215132178669,0.9998345922699454,0.7960142223782977,18137,27425,0.9902323902865229,0.9999856142706435,0.9950851040478701,208540,210594,0.9992679705278569,0.8649173553719008,0.9272513825412179,72600,62839,0.0,0.0,0.0,19740,0,0.21621621621621623,0.045714285714285714,0.07547169811320754,525,111,0.00062417087610811,0.9999000430107117,4339576,1060,0.5386542609213965,2.1296445075422525,0.299485981464386,0.5599797368049622,2634290,644,0.7053683082048133,1.3560070805251598,0.002946899039670825,0.9988136887550354,2710099,662,0.5306734061620741,1.3309931252151728,0.3523862063884735,0.4011949896812439,1787642,437,0.7299029838621676,0.8873204905539751,0.26083773374557495,0.3829468786716461,1783404,436,0.7713528780595875,0.945329356007278,6.649294559843838,0.057410537265241146,6.706705097109079,4.408017486333847,11.114722583442926,0.01625247485935688
84,0.9322583639537138,0.9887170190811052,0.7003317725434742,0.6949529342571693,0.7003317725434742,0.6837075239472737,0.9853762827131894,0.8187687751970946,0.0,0.0,0.9919051852559015,0.9993067063139819,0.995592189711516,2495335,2513955,0.9998371600716496,0.9925638538635629,0.996187231280928,6186,6141,0.6612215132178669,0.9998345922699454,0.7960142223782977,18137,27425,0.9902323902865229,0.9999856142706435,0.9950851040478701,208540,210594,0.9992520687460217,0.8649173553719008,0.9272445363260484,72600,62840,0.0,0.0,0.0,19740,0,0.2222222222222222,0.045714285714285714,0.07582938388625593,525,108,0.0006186673417687416,0.9999062418937683,4339576,1060,0.5156400526623913,2.2550400206819177,0.29989925026893616,0.559515118598938,2634290,644,0.597827466892275,1.2791212042793632,0.002901419997215271,0.998809278011322,2710099,662,0.5396712002645898,1.2918043015524745,0.35307177901268005,0.39772114157676697,1787642,437,0.7169941431271893,0.8972693514078856,0.2608387768268585,0.38157421350479126,1783404,436,0.7228941284264028,0.8755631605163217,6.5987980384379625,0.060679372400045395,6.659477410838008,4.558199405670166,11.217676816508174,0.02473559509962797
85,0.9118819721808414,0.988785433008763,0.7007268281233257,0.6946492496703078,0.7007268281233257,0.6839055423517569,0.9854503028843992,0.8195088036162811,0.0,0.0,0.9919844725759882,0.9993035003316189,0.9956305358208422,2495335,2513746,0.9998371600716496,0.9925638538635629,0.996187231280928,6186,6141,0.6610527850685332,0.9998345922699454,0.7958919440847945,18137,27432,0.9902323902865229,0.9999856142706435,0.9950851040478701,208540,210594,0.9992544534509288,0.8676859504132232,0.9288342020480533,72600,63041,0.0,0.0,0.0,19740,0,0.22018348623853212,0.045714285714285714,0.07570977917981073,525,109,0.0006167823448777199,0.9999014139175415,4339576,1060,0.5167324782744728,2.41625848878175,0.29986026883125305,0.556098222732544,2634290,644,0.6788680327032829,1.3640159023925662,0.002758628688752651,0.9988365769386292,2710099,662,0.5088988186212693,1.3615329256281257,0.3521145284175873,0.3956659138202667,1787642,437,0.6798624397278542,0.9672468835487962,0.259467214345932,0.3848247230052948,1783404,436,0.6774035702511068,0.9052101438865066,7.014264344237745,0.07415527105331421,7.088419615291059,4.633032056502998,11.721451671794057,0.015889429487287998
86,0.9360039609685286,0.9887212727968145,0.7003324595396949,0.6985552769159157,0.7003324595396949,0.6839004220098132,0.985378836753899,0.8168582114712282,0.0,0.0,0.9919052238951426,0.9993115152875265,0.9955945958139477,2495335,2513967,0.9998371600716496,0.9925638538635629,0.996187231280928,6186,6141,0.6612215132178669,0.9998345922699454,0.7960142223782977,18137,27425,0.9902323902865229,0.9999856142706435,0.9950851040478701,208540,210594,0.9992679705278569,0.8649173553719008,0.9272513825412179,72600,62839,0.0,0.0,0.0,19740,0,0.24742268041237114,0.045714285714285714,0.07717041800643087,525,97,0.0006369665497913957,0.9998988509178162,4339576,1060,0.5293553188563598,2.311914186924696,0.29994651675224304,0.5632481575012207,2634290,644,0.6276344844593755,1.3425440043210983,0.002772330306470394,0.998908519744873,2710099,662,0.5265493252542911,1.3777845613658428,0.3527708351612091,0.40089181065559387,1787642,437,0.7253147384696532,0.8933297134935856,0.2604724168777466,0.38356253504753113,1783404,436,0.6901853056732825,0.9122206252068281,6.837793091312051,0.09330424293875694,6.931097334250808,4.440289427526295,11.371386761777103,0.012247070670127869
87,0.9120895453262771,0.9887180825100326,0.7003319442925294,0.6955541890513236,0.7003319442925294,0.6837429231532699,0.9853770357016336,0.8020864490965597,0.0,0.0,0.9919051949157464,0.9993079085573681,0.9955927912382047,2495335,2513958,0.9998371600716496,0.9925638538635629,0.996187231280928,6186,6141,0.6612215132178669,0.9998345922699454,0.7960142223782977,18137,27425,0.9902323902865229,0.9999856142706435,0.9950851040478701,208540,210594,0.9992679705278569,0.8649173553719008,0.9272513825412179,72600,62839,0.0,0.0,0.0,19740,0,0.22641509433962265,0.045714285714285714,0.07606973058637084,525,106,0.0006119378958828747,0.9999035000801086,4339576,1060,0.5171765139099385,2.2767829401418567,0.3006944954395294,0.5577776432037354,2634290,644,0.7897030575020421,1.316954198293388,0.002726343460381031,0.998881995677948,2710099,662,0.508793107591463,1.4019539672881365,0.3508826196193695,0.3971388041973114,1787642,437,0.6557026319520111,0.8809887962415814,0.2604888081550598,0.38330796360969543,1783404,436,0.6893342458665633,0.958804533816874,6.8354844357818365,0.09425114281475544,6.929735578596592,4.550180823542178,11.47991640213877,0.010731679387390614
88,0.8736959449300397,0.9887180825100326,0.7003319442925294,0.6955541890513236,0.7003319442925294,0.6837429231532699,0.9853770357016336,0.8220709995352337,0.0,0.0,0.9919051949157464,0.9993079085573681,0.9955927912382047,2495335,2513958,0.9998371600716496,0.9925638538635629,0.996187231280928,6186,6141,0.6612215132178669,0.9998345922699454,0.7960142223782977,18137,27425,0.9902323902865229,0.9999856142706435,0.9950851040478701,208540,210594,0.9992679705278569,0.8649173553719008,0.9272513825412179,72600,62839,0.0,0.0,0.0,19740,0,0.22641509433962265,0.045714285714285714,0.07606973058637084,525,106,0.0006020208238624036,0.9999115467071533,4339576,1060,0.5157930419116202,2.165813564322889,0.2997429072856903,0.554872453212738,2634290,644,0.7441805405812357,1.3356877407059073,0.0029166233725845814,0.9989280700683594,2710099,662,0.547316676834766,1.4692872446030378,0.3523527979850769,0.4016072750091553,1787642,437,0.72292839222804,0.9152836846187711,0.26023805141448975,0.38251566886901855,1783404,436,0.727892383126726,0.9754081284627318,6.861480362713337,0.04106529150158167,6.902545654214919,4.787172842770815,11.689718496985734,0.0296549703925848
89,0.8986147089600262,0.9887928770112543,0.7007280303667117,0.6989351296688916,0.7007280303667117,0.6841510057203856,0.9854552847159666,0.8183391828768304,0.0,0.0,0.991984539537674,0.9993119160353219,0.9956347465074579,2495335,2513767,0.9998371600716496,0.9925638538635629,0.996187231280928,6186,6141,0.6612215132178669,0.9998345922699454,0.7960142223782977,18137,27425,0.9902323902865229,0.9999856142706435,0.9950851040478701,208540,210594,0.999270304568528,0.8676859504132232,0.9288410498378059,72600,63040,0.0,0.0,0.0,19740,0,0.25,0.045714285714285714,0.07729468599033816,525,96,0.0006112767150625587,0.9999048709869385,4339576,1060,0.5366622544123468,2.3214560579508543,0.29911118745803833,0.5563863515853882,2634290,644,0.6794848746371964,1.3016456020995975,0.0028185774572193623,0.9988864064216614,2710099,662,0.5289175495024675,1.3203340647742152,0.3523985743522644,0.396842896938324,1787642,437,0.6965625808890336,0.9506304617971182,0.2606348693370819,0.38430047035217285,1783404,436,0.6735338428827982,0.8905241675674915,6.784590354189277,0.09098378662019968,6.875574140809476,4.668202091939747,11.543776232749224,0.011039447970688343
90,0.9097604387397532,0.9887166646047961,0.7003317152937891,0.6943791776560959,0.7003317152937891,0.6836758722587988,0.9853761732346888,0.8213730761986868,0.0,0.0,0.9919051820359481,0.9993063055661865,0.9955919892024596,2495335,2513954,0.9998371600716496,0.9925638538635629,0.996187231280928,6186,6141,0.6612456242707118,0.9998345922699454,0.7960316937731832,18137,27424,0.9902323902865229,0.9999856142706435,0.9950851040478701,208540,210594,0.9992520687460217,0.8649173553719008,0.9272445363260484,72600,62840,0.0,0.0,0.0,19740,0,0.21818181818181817,0.045714285714285714,0.07559055118110236,525,110,0.0006042724126018584,0.9999051094055176,4339576,1060,0.5154176027616616,2.3501802403479815,0.29873475432395935,0.5569698214530945,2634290,644,0.6425590682609905,1.3471766002476215,0.0026804052758961916,0.9989041090011597,2710099,662,0.5161457430502322,1.3604831080883741,0.35160908102989197,0.3960910737514496,1787642,437,0.7575404462918239,0.9615414813160896,0.26000502705574036,0.3829238712787628,1783404,436,0.7049232016170118,0.9253366747871041,6.944718104787171,0.047073046676814556,6.991791151463985,4.0937050096690655,11.085496161133051,0.014166965149343014
91,0.8959500795240964,0.9887170190811052,0.7003317725434742,0.6946639579426187,0.7003317725434742,0.6836914155913771,0.985376436641957,0.8185077263602464,0.0,0.0,0.9919051852559015,0.9993067063139819,0.995592189711516,2495335,2513955,0.9998371600716496,0.9925638538635629,0.996187231280928,6186,6141,0.6612215132178669,0.9998345922699454,0.7960142223782977,18137,27425,0.9902323902865229,0.9999856142706435,0.9950851040478701,208540,210594,0.9992679705278569,0.8649173553719008,0.9272513825412179,72600,62839,0.0,0.0,0.0,19740,0,0.22018348623853212,0.045714285714285714,0.07570977917981073,525,109,0.0006131111294962466,0.9999027848243713,4339576,1060,0.5176109087655849,2.2561528887599707,0.2986602783203125,0.5596574544906616,2634290,644,0.6548626165492735,1.2982362862676382,0.0025381615851074457,0.9989233016967773,2710099,662,0.5030555863802874,1.389276759698987,0.35270926356315613,0.4057675004005432,1787642,437,0.6310003067122975,0.9132777955383062,0.25963306427001953,0.3830926716327667,1783404,436,0.7674299878547212,0.9118746370077133,6.768818367272615,0.10185267496854067,6.870671042241156,3.968641166575253,10.839312208816409,0.016117404215037823
92,0.885702097698778,0.9887187914626507,0.7003320587918995,0.696176209461251,0.7003320587918995,0.6837775340324688,0.985377435429389,0.8190861328652612,0.0,0.0,0.9919052013556302,0.9993087100529588,0.9955931922555968,2495335,2513960,0.9998371600716496,0.9925638538635629,0.996187231280928,6186,6141,0.6612215132178669,0.9998345922699454,0.7960142223782977,18137,27425,0.9902323902865229,0.9999856142706435,0.9950851040478701,208540,210594,0.9992679705278569,0.8649173553719008,0.9272513825412179,72600,62839,0.0,0.0,0.0,19740,0,0.23076923076923078,0.045714285714285714,0.07631160572337042,525,104,0.0006114728166721761,0.9999025464057922,4339576,1060,0.5202598133060428,2.2550136195495725,0.29891231656074524,0.5563871264457703,2634290,644,0.6301094224184248,1.4036498265340924,0.0026188066694885492,0.998957633972168,2710099,662,0.511465788380527,1.416440305300057,0.35294535756111145,0.3977273106575012,1787642,437,0.7978707294309668,0.9351856047287583,0.26091012358665466,0.3828745484352112,1783404,436,0.6719807299741655,0.9002443281933665,6.910533684305847,0.08059107512235641,6.991124759428203,3.926289886236191,10.917414645664394,0.016187544912099838
93,0.8586457033412249,0.9887836606272175,0.7007265418749002,0.6917683336862898,0.7007265418749002,0.6837275092066053,0.9854497854810768,0.8355693310685449,0.0,0.0,0.9919844566325647,0.9993014965926419,0.9956295332712061,2495335,2513741,0.9996743731683491,0.9925638538635629,0.9961064243997404,6186,6142,0.6612215132178669,0.9998345922699454,0.7960142223782977,18137,27425,0.9902276882167192,0.9999856142706435,0.9950827299080248,208540,210595,0.999270304568528,0.8676859504132232,0.9288410498378059,72600,63040,0.0,0.0,0.0,19740,0,0.2,0.045714285714285714,0.07441860465116279,525,120,0.0006048472132533789,0.999903678894043,4339576,1060,0.5165151600883794,2.3033202551305294,0.29983794689178467,0.5598586201667786,2634290,644,0.9786912975498875,1.3580200197175145,0.0027393370401114225,0.9989384412765503,2710099,662,0.5187456990133364,1.2918168818578124,0.3508060574531555,0.39999622106552124,1787642,437,0.8496110313223993,0.843280310742557,0.2609786093235016,0.38404029607772827,1783404,436,0.7809309671595454,0.9251390937715769,6.72157656121999,0.024608037434518337,6.746184598654509,4.0530888782814145,10.799273476935923,0.011467020027339458
94,0.8857992283437374,0.988792168058636,0.7007279158673416,0.697853549406241,0.7007279158673416,0.684098200587194,0.9854550363488922,0.8344240043244764,0.0,0.0,0.9919845331604187,0.9993111145397311,0.995634345491206,2495335,2513765,0.9998371600716496,0.9925638538635629,0.996187231280928,6186,6141,0.6612215132178669,0.9998345922699454,0.7960142223782977,18137,27425,0.990237092400982,0.9999856142706435,0.9950874781990442,208540,210593,0.999270304568528,0.8676859504132232,0.9288410498378059,72600,63040,0.0,0.0,0.0,19740,0,0.24242424242424243,0.045714285714285714,0.07692307692307693,525,99,0.0006370916962623596,0.9999032616615295,4339576,1060,0.5410998744470664,2.183131097815931,0.29861241579055786,0.5558139085769653,2634290,644,0.6289627763567126,1.3217154741287231,0.0030619609169662,0.9989421367645264,2710099,662,0.599038029720906,1.357560770586133,0.35255858302116394,0.40117430686950684,1787642,437,0.7659968390391003,0.9146096035838127,0.26005059480667114,0.383066862821579,1783404,436,0.725798895224102,0.922217576764524,6.699234522879124,0.08399593085050583,6.7832304537296295,3.953811810351908,10.737042264081538,0.027582794427871704
95,0.9212920228105047,0.9887191459389599,0.7003321160415846,0.6961768816518792,0.7003321160415846,0.6837779018410044,0.9853777882898368,0.8182576779101117,0.0,0.0,0.9919052045755682,0.9993091108007542,0.9955933927641728,2495335,2513961,0.9998371600716496,0.9925638538635629,0.996187231280928,6186,6141,0.6612215132178669,0.9998345922699454,0.7960142223782977,18137,27425,0.990237092400982,0.9999856142706435,0.9950874781990442,208540,210593,0.9992679705278569,0.8649173553719008,0.9272513825412179,72600,62839,0.0,0.0,0.0,19740,0,0.23076923076923078,0.045714285714285714,0.07631160572337042,525,104,0.0006196044269017875,0.9999027848243713,4339576,1060,0.5232578641455404,2.1720920177176595,0.29885372519493103,0.5570855736732483,2634290,644,0.6311480360726689,1.3136367108672857,0.002849628683179617,0.9988871216773987,2710099,662,0.5417430223332529,1.3355605602264404,0.3511119484901428,0.3986184298992157,1787642,437,0.6509854057162299,0.9420053288340569,0.26049497723579407,0.38292500376701355,1783404,436,0.7051214261971291,0.8654713407158852,6.628765958361328,0.07676804717630148,6.705534005537629,3.894982285797596,10.600516291335225,0.01758335344493389
96,0.91095216752231,0.9887180825100326,0.7003319442925294,0.6955541890513236,0.7003319442925294,0.6837429231532699,0.9853770357016336,0.821518086629624,0.0,0.0,0.9919051949157464,0.9993079085573681,0.9955927912382047,2495335,2513958,0.9998371600716496,0.9925638538635629,0.996187231280928,6186,6141,0.6612215132178669,0.9998345922699454,0.7960142223782977,18137,27425,0.9902323902865229,0.9999856142706435,0.9950851040478701,208540,210594,0.9992679705278569,0.8649173553719008,0.9272513825412179,72600,62839,0.0,0.0,0.0,19740,0,0.22641509433962265,0.045714285714285714,0.07606973058637084,525,106,0.0006110838148742914,0.9999035000801086,4339576,1060,0.513966985064204,2.223364439792931,0.2986331880092621,0.5583193302154541,2634290,644,0.6832765125813307,1.2818210516124964,0.002602384425699711,0.9989365935325623,2710099,662,0.5216566323245541,1.3131012916564941,0.351360946893692,0.4014047682285309,1787642,437,0.6358605128584613,0.8777246894314885,0.25965556502342224,0.38610151410102844,1783404,436,0.7414354595569498,0.8794525284320116,6.575464000925422,0.09409458190202713,6.669558582827449,3.895818054676056,10.565376637503505,0.01090401690453291
97,0.9185965309712308,0.9887212727968145,0.7003324595396949,0.6981952741853101,0.7003324595396949,0.6838830655957281,0.9853789892050263,0.8178805546836715,0.0,0.0,0.9919052238951426,0.9993115152875265,0.9955945958139477,2495335,2513967,0.9998371600716496,0.9925638538635629,0.996187231280928,6186,6141,0.6612215132178669,0.9998345922699454,0.7960142223782977,18137,27425,0.990237092400982,0.9999856142706435,0.9950874781990442,208540,210593,0.9992679705278569,0.8649173553719008,0.9272513825412179,72600,62839,0.0,0.0,0.0,19740,0,0.24489795918367346,0.045714285714285714,0.07704654895666131,525,98,0.0006024418398737907,0.9999085664749146,4339576,1060,0.5188678556409384,2.237624385394156,0.29972919821739197,0.5622661113739014,2634290,644,0.5960537207075809,1.2637848472222686,0.0025996435433626175,0.9989554286003113,2710099,662,0.5085938149058832,1.2112926170229912,0.3513256013393402,0.40232497453689575,1787642,437,0.6586076087189263,0.8839566623792052,0.2603590190410614,0.38404420018196106,1783404,436,0.6955924153793497,0.8489875653758645,6.4456460773944855,0.1201096074655652,6.565755684860051,3.872015228495002,10.437770913355052,0.01511386875063181
98,0.8839440277088974,0.9887152466995597,0.700339305603938,0.6930246570331036,0.700339305603938,0.6835936500416304,0.9853755860933623,0.8002025866258932,0.0,0.0,0.9919055604968758,0.9993043018272095,0.9955911854051768,2495335,2513948,0.9998371600716496,0.9925638538635629,0.996187231280928,6186,6141,0.661233865674907,0.9998897281799636,0.7960406470162193,18137,27426,0.9902323902865229,0.9999856142706435,0.9950851040478701,208540,210594,0.9992679705278569,0.8649173553719008,0.9272513825412179,72600,62839,0.0,0.0,0.0,19740,0,0.20869565217391303,0.045714285714285714,0.075,525,115,0.0005951627972535789,0.9999129176139832,4339576,1060,0.5112587821647435,2.1052540596574545,0.2991793155670166,0.5611352920532227,2634290,644,0.6558591716270745,1.2707393309101462,0.002515127882361412,0.9990247488021851,2710099,662,0.4967050667202831,1.2871794858947396,0.3514512777328491,0.3992611765861511,1787642,437,0.7770873682110805,0.8634908217936754,0.2603682279586792,0.38438287377357483,1783404,436,0.7458072238247744,0.8400495648384094,6.366713263094425,0.04007371235638857,6.406786975450814,3.957063388079405,10.363850363530219,0.015206826850771904
99,0.8788160586246164,0.988725880988833,0.7003410230944896,0.6985651646263343,0.7003410230944896,0.6839086391583631,0.9853834168125949,0.8364564119153565,0.0,0.0,0.9919056570900779,0.9993163242610712,0.9955972006540618,2495335,2513978,0.9998371600716496,0.9925638538635629,0.996187231280928,6186,6141,0.661233865674907,0.9998897281799636,0.7960406470162193,18137,27426,0.9902888186074783,0.9999856142706435,0.9951135946096841,208540,210582,0.9992679705278569,0.8649173553719008,0.9272513825412179,72600,62839,0.0,0.0,0.0,19740,0,0.24742268041237114,0.045714285714285714,0.07717041800643087,525,97,0.0006080992752686143,0.9999053478240967,4339576,1060,0.5231120773579225,2.1603440986946225,0.29993313550949097,0.5567094087600708,2634290,644,0.8700864387199617,1.317108167335391,0.0024849646724760532,0.9990442991256714,2710099,662,0.510328247732681,1.3361411495134234,0.35120463371276855,0.4024944603443146,1787642,437,0.6264418600003553,0.8540614014491439,0.260257363319397,0.38485726714134216,1783404,436,0.778919895434255,0.9190458804368973,6.586700697429478,0.01829227339476347,6.604992970824242,3.944175490178168,10.54916846100241,0.01281734835356474
100,0.8961514849682446,0.9887184369863417,0.7003398208511034,0.6952543919387193,0.7003398208511034,0.6837298708733464,0.9853775344938086,0.819572749930239,0.0,0.0,0.9919055894750786,0.9993079085573681,0.9955929899874074,2495335,2513957,0.9998371600716496,0.9925638538635629,0.996187231280928,6186,6141,0.661233865674907,0.9998897281799636,0.7960406470162193,18137,27426,0.990237092400982,0.9999856142706435,0.9950874781990442,208540,210593,0.9992679705278569,0.8649173553719008,0.9272513825412179,72600,62839,0.0,0.0,0.0,19740,0,0.22429906542056074,0.045714285714285714,0.0759493670886076,525,107,0.0006009768112562597,0.9999115467071533,4339576,1060,0.5229205845848163,2.066244786605239,0.29904550313949585,0.5593465566635132,2634290,644,0.6736516756905935,1.3141376404091716,0.0026118147652596235,0.9990491271018982,2710099,662,0.531720505304323,1.3144528297707438,0.34991323947906494,0.40007340908050537,1787642,437,0.6267073224086146,0.9159497730433941,0.2598959803581238,0.38418495655059814,1783404,436,0.6990442261318576,0.836679557338357,6.447464587166905,0.06206692196428776,6.509531509131193,3.867495250888169,10.377026760019362,0.012748879380524158
