round,val_loss,accuracy,balanced_accuracy,macro_precision,macro_recall,macro_f1,weighted_f1,macro_pr_auc,worst_class_f1,worst_class_recall,precision_c0,recall_c0,f1_c0,support_c0,predicted_count_c0,precision_c1,recall_c1,f1_c1,support_c1,predicted_count_c1,precision_c2,recall_c2,f1_c2,support_c2,predicted_count_c2,precision_c3,recall_c3,f1_c3,support_c3,predicted_count_c3,precision_c4,recall_c4,f1_c4,support_c4,predicted_count_c4,precision_c5,recall_c5,f1_c5,support_c5,predicted_count_c5,precision_c6,recall_c6,f1_c6,support_c6,predicted_count_c6,train_loss_client_0,train_accuracy_client_0,train_samples_client_0,train_batches_client_0,update_l2_client_0,train_seconds_client_0,train_loss_client_1,train_accuracy_client_1,train_samples_client_1,train_batches_client_1,update_l2_client_1,train_seconds_client_1,train_loss_client_2,train_accuracy_client_2,train_samples_client_2,train_batches_client_2,update_l2_client_2,train_seconds_client_2,train_loss_client_3,train_accuracy_client_3,train_samples_client_3,train_batches_client_3,update_l2_client_3,train_seconds_client_3,train_loss_client_4,train_accuracy_client_4,train_samples_client_4,train_batches_client_4,update_l2_client_4,train_seconds_client_4,round_train_seconds,aggregation_seconds,fl_round_seconds,validation_seconds,round_total_seconds,round_orchestration_seconds
1,2.4998636635695544,0.9529294453899116,0.5299939124998921,0.5155522260517922,0.5299939124998921,0.5162618593052002,0.936610705486822,0.7091912177422574,0.0,0.0,0.9530372317407646,0.9999715469065276,0.975940431300476,2495335,2618223,1.0,0.906886517943744,0.9511698880976602,6186,5610,0.6589525416269346,0.9906268952969068,0.7914454991960883,18137,27266,0.996875808994846,0.8124724273520667,0.8952771965421765,208540,169964,0.0,0.0,0.0,72600,0,0.0,0.0,0.0,19740,0,0.0,0.0,0.0,525,0,0.5418497323989868,0.1500323265790939,1996483,488,4.7678795125012,1.36798650957644,0.0171186979860067,0.9988998770713806,3135001,766,2.462319346399639,1.5521339708939197,0.5035501718521118,0.1863792985677719,2457612,601,4.900655809983562,1.142951589077711,0.1025341525673866,0.9414439797401428,2945641,720,4.538684968792405,1.3812444182112813,0.1098610088229179,0.9416047930717468,2720274,665,4.492068015458342,1.348640470765531,6.792956958524883,0.0919786803424358,6.884935638867319,3.745119659230113,10.630055298097432,2.4953384548425674
2,2.1296406254465112,0.9556613943042036,0.5688105974484384,0.3975875632261972,0.5688105974484384,0.452808700171643,0.9424531169679116,0.7154663658623678,0.0,0.0,0.9757694164940522,0.9871400032460572,0.9814217765513328,2495335,2524413,0.5592804578904333,0.9951503394762368,0.7161053917291921,6186,11007,0.364326756941375,0.9998345922699454,0.5340519208964675,18137,49774,0.8837363112575201,0.9995492471468304,0.9380818120245088,208540,235869,0.0,0.0,0.0,72600,0,0.0,0.0,0.0,19740,0,0.0,0.0,0.0,525,0,0.4065344333648681,0.2529573142528534,1996483,488,2.836428895260071,0.9643145333975554,0.0013402607291936,0.9999907612800598,3135001,766,0.6652344453075772,1.5174213163554668,0.3859277665615082,0.2984458208084106,2457612,601,2.988405861469175,1.2191468253731728,0.0279271360486745,0.98231041431427,2945641,720,1.6811258309517594,1.4713849499821663,0.0291236825287342,0.9825028777122498,2720274,665,1.6367667931991556,1.329909248277545,6.502176873385906,0.0927140591666102,6.5948909325525165,3.6503617521375418,10.245252684690058,0.0159159814938902
3,1.9051849981067204,0.9696206713568608,0.652153469695591,0.5769917439733486,0.652153469695591,0.591270291625271,0.9657008511109624,0.7489515159001078,0.0,0.0,0.9842605024668856,0.9859065015318584,0.9850828144147874,2495335,2499508,0.5596980994816768,0.9949886841254444,0.7164057498690566,6186,10997,0.6235815968640396,0.9998897281799636,0.7681230013342086,18137,29082,0.8722258485639687,0.9995924043348998,0.9315758426213098,208540,238992,0.9991761604368704,0.5846969696969697,0.7377046331375343,72600,42484,0.0,0.0,0.0,19740,0,0.0,0.0,0.0,525,0,0.3687523603439331,0.2794804573059082,1996483,488,2.2574476108909174,0.9469589097425342,0.0011613315436989,0.9998421669006348,3135001,766,0.637024654582821,1.6142120119184256,0.3572770059108734,0.3138851821422577,2457612,601,2.151135803624705,1.160525263287127,0.0178072955459356,0.987604022026062,2945641,720,0.9734688879600428,1.5589043451473117,0.018273951485753,0.9878295063972472,2720274,665,0.9329922551013344,1.36196615640074,6.642566686496139,0.010109569877386,6.652676256373525,3.787226199172437,10.439902455545962,0.0203809486702084
4,1.629072950870298,0.976289434160102,0.671054110195111,0.5852377666474131,0.671054110195111,0.6100942803590309,0.9728974014207754,0.7841823523151439,0.0,0.0,0.9876111764943468,0.989711201101255,0.9886600736272552,2495335,2500641,0.5566003616636528,0.9951503394762368,0.7139046735474893,6186,11060,0.6448,0.9998897281799636,0.7840127966797804,18137,28125,0.9086177812841894,0.9995971995780186,0.9519386429385264,208540,229421,0.999035047089702,0.713030303030303,0.8321437757201646,72600,51816,0.0,0.0,0.0,19740,0,0.0,0.0,0.0,525,0,0.3523898422718048,0.2906095385551452,1996483,488,1.9222314162951688,0.9587114984169602,0.0010697968536987,0.9998111724853516,3135001,766,0.6024608715893093,1.570569253526628,0.341601699590683,0.3244116604328155,2457612,601,1.8903013589787363,1.2212774828076365,0.0141923204064369,0.9899080991744996,2945641,720,0.7619816260767751,1.4208156885579228,0.0141955753788352,0.9901491403579712,2720274,665,0.7284292316537726,1.277911058627069,6.449284981936216,0.0969323767349124,6.546217358671129,3.6884383959695697,10.234655754640698,0.015632314607501
5,1.5256716350923158,0.9768775103569116,0.6738752311309834,0.586038554581508,0.6738752311309834,0.612595742174226,0.973560319660273,0.7585649576643293,0.0,0.0,0.98816861602574,0.9897997663640352,0.988983518623109,2495335,2499454,0.5600545950864422,0.9949886841254444,0.7166977177456917,6186,10990,0.6457873370842533,0.9998897281799636,0.7847422055864471,18137,28082,0.9091606915441112,0.9995971995780186,0.952236515129367,208540,229284,0.9990986423300096,0.7328512396694215,0.845510238134967,72600,53253,0.0,0.0,0.0,19740,0,0.0,0.0,0.0,525,0,0.3373012840747833,0.29209765791893,1996483,488,1.5222404646390992,0.9521974744275212,0.0011479859240353,0.9997805953025818,3135001,766,0.6250808287299724,1.5604309542104602,0.333298921585083,0.3263664245605469,2457612,601,1.667423301487586,1.160732471384108,0.012032869271934,0.99143648147583,2945641,720,0.7108194662913357,1.3510771971195936,0.0122177368029952,0.991610050201416,2720274,665,0.6846869339762677,1.3546131141483784,6.3790512112900615,0.0960066067054867,6.475057817995548,3.6685612751170993,10.143619093112648,0.0163041437044739
6,1.6545821870866384,0.9776251008928196,0.6741568867940224,0.6035171869684401,0.6741568867940224,0.626033989880552,0.9741690843720128,0.7448842726879309,0.0,0.0,0.9882073425663442,0.9906040671893752,0.9894042534285478,2495335,2501387,0.6813551815766165,0.9948270287746525,0.8087790774083322,6186,9032,0.6465701654306902,0.9998897281799636,0.7853199090613836,18137,28048,0.9093312163034564,0.9996451520092068,0.9523518017688766,208540,229252,0.999156402901974,0.7341322314049586,0.8463828874967247,72600,53343,0.0,0.0,0.0,19740,0,0.0,0.0,0.0,525,1,0.3326895833015442,0.2961402535438537,1996483,488,1.421257060960468,0.9963175617158412,0.0011556872632354,0.9997837543487548,3135001,766,0.6324023809691869,1.5292994529008863,0.3266822397708893,0.330717384815216,2457612,601,1.4417841239614435,1.2691957168281078,0.0106912078335881,0.9925655722618104,2945641,720,0.6730341978340447,1.417796772904694,0.0108730234205722,0.9926908016204834,2720274,665,0.6434787085287841,1.295223510824144,6.507833015173674,0.0882426043972373,6.596075619570911,3.70745927747339,10.3035348970443,0.0137423370033502
7,1.695879079321044,0.9765598995839512,0.6749059508590568,0.6163097716138756,0.6749059508590568,0.615586699212698,0.9732546529109164,0.7459460629189648,0.0,0.0,0.9882901027948824,0.9893008353587794,0.988795210787744,2495335,2497887,0.5771358904623465,0.9948270287746525,0.730488456288207,6186,10663,0.6466393296487788,0.9998897281799636,0.7853709237365207,18137,28045,0.9029999393776684,0.9999856142706436,0.9490213389521204,208540,230938,0.9991031390134528,0.7365289256198347,0.8479543292102759,72600,53520,0.0,0.0,0.0,19740,0,0.2,0.0038095238095238,0.0074766355140186,525,10,0.325918972492218,0.3029612600803375,1996483,488,1.3400727870769022,0.9508132757619024,0.0010500322096049,0.9997777342796326,3135001,766,0.5757943031560215,1.5583750056102872,0.3213569521903991,0.3338814377784729,2457612,601,1.3683563471011138,1.1644764579832554,0.009530714713037,0.9933471083641052,2945641,720,0.5895393321025213,1.42434692569077,0.0096579529345035,0.993465006351471,2720274,665,0.5699641030281654,1.3838596642017365,6.481871329247952,0.0850691376253962,6.566940466873348,3.671115263365209,10.238055730238557,0.0132038090378046
8,1.435892698012733,0.9772851581123853,0.676326410782864,0.6193239620751588,0.676326410782864,0.6296445272198313,0.973868789080054,0.7510958014074228,0.0,0.0,0.9883281325012002,0.99001737241693,0.9891720312676742,2495335,2499600,0.6871371147833855,0.9948270287746525,0.8128384625544842,6186,8956,0.6508397932816538,0.9998897281799636,0.7884611204104258,18137,27864,0.903453743577302,0.9999856142706436,0.9492718987987128,208540,230822,0.9991259716591662,0.7400413223140496,0.8502856600250052,72600,53774,0.0,0.0,0.0,19740,0,0.1063829787234042,0.0095238095238095,0.0174825174825174,525,47,0.3255427181720733,0.3096049427986145,1996483,488,1.4438123956708704,0.9480074197053908,0.0011319710174575,0.9997403621673584,3135001,766,0.598894484069366,1.6029618317261338,0.3187448978424072,0.3382242619991302,2457612,601,1.4814653203514636,1.1487943939864635,0.0088676018640398,0.9939085841178894,2945641,720,0.5562962360760317,1.4974013846367598,0.009094038978219,0.993955373764038,2720274,665,0.5396743928412289,1.341295805759728,6.538460835814476,0.0549018755555152,6.593362711369991,3.7211152035743,10.314477914944291,0.022124158218503
9,1.4793081723447303,0.977320605743296,0.676481042539499,0.618428734933132,0.676481042539499,0.6299531038805564,0.9739037863392258,0.7439217732635139,0.0,0.0,0.9883281838654094,0.9900217806426792,0.9891742573393186,2495335,2499611,0.6870254577936579,0.9946653734238604,0.8127063796063928,6186,8956,0.6529723112375329,0.9998897281799636,0.7900239599215857,18137,27773,0.9035085438979584,0.9999856142706436,0.9493021477279968,208540,230808,0.9991274320510916,0.7412809917355372,0.8511038714574899,72600,53864,0.0,0.0,0.0,19740,0,0.0980392156862745,0.0095238095238095,0.0173611111111111,525,51,0.316451221704483,0.3126127123832702,1996483,488,1.2222140364855578,0.9716231152415276,0.0011558273108676,0.9997569918632508,3135001,766,0.6067459786253938,1.4967785654589534,0.3148069381713867,0.3391646146774292,2457612,601,1.237171379681944,1.1558636156842113,0.0085921036079525,0.9943142533302308,2945641,720,0.5954082042332992,1.5125225596129894,0.0085731912404298,0.9944700598716736,2720274,665,0.5794897645852094,1.2794009167701006,6.416188772767782,0.015312785282731,6.431501558050513,3.679127234965563,10.110628793016076,0.0131394397467374
10,1.4686069617622872,0.9772727514415666,0.6760950388800471,0.6202193016596323,0.6760950388800471,0.629393300447493,0.9738553634840168,0.745013257123352,0.0,0.0,0.9883296641838066,0.9900470277537886,0.9891876005754549,2495335,2499671,0.6884860691507217,0.9946653734238604,0.8137274350327316,6186,8937,0.6482573726541555,0.9998897281799636,0.7865631505898681,18137,27975,0.9036455737889616,0.9999856142706436,0.9493777784859542,208540,230773,0.9991800682034176,0.7385537190082645,0.8493224460055598,72600,53663,0.0,0.0,0.0,19740,0,0.1136363636363636,0.0095238095238095,0.0175746924428822,525,44,0.3150343894958496,0.3133054375648498,1996483,488,1.1953480920136337,0.9593714978545904,0.001130728283897,0.9997594952583312,3135001,766,0.5968967993298019,1.5449188388884068,0.3117133677005768,0.344429075717926,2457612,601,1.3432650460327162,1.1452914075925946,0.0080643529072403,0.9946877360343932,2945641,720,0.5703108678101999,1.4402319202199578,0.0082002328708767,0.994766354560852,2720274,665,0.5515179479837663,1.2448840597644448,6.334697724319994,0.0556838558986783,6.390381580218673,3.696001038886607,10.08638261910528,0.0120701687410473
11,1.4218052466539424,0.9790497411791228,0.6800382989863143,0.6437094019679249,0.6800382989863143,0.637537155530219,0.975567792472148,0.7484415605835312,0.0,0.0,0.9883579321943484,0.9919690141804608,0.990160180823703,2495335,2504452,0.6881780561458449,0.9946653734238604,0.8135122628412772,6186,8941,0.6538905314776087,0.9998897281799636,0.7906956464868872,18137,27734,0.9227545864049488,0.9999856142706436,0.9598190245182197,208540,225994,0.9990533642691416,0.7413774104683195,0.8511405416090136,72600,53875,0.0,0.0,0.0,19740,0,0.2537313432835821,0.0323809523809523,0.0574324324324324,525,67,0.3139980733394623,0.3156695961952209,1996483,488,1.2254343471017168,0.9459168910980223,0.0011257716687396,0.9997652769088744,3135001,766,0.590554549999024,1.5207029525190592,0.3089649677276611,0.340467095375061,2457612,601,1.6055674645839375,1.1981432754546404,0.0075586354359984,0.9950974583625792,2945641,720,0.5449282942115236,1.5096039148047566,0.0076664485968649,0.9951571226119996,2720274,665,0.5271214511121819,1.3821457866579294,6.556512820534408,0.0149741154164075,6.571486935950816,3.67649787850678,10.247984814457595,0.0217408761382102
12,1.4563082583041562,0.9791000768150162,0.6799638353519424,0.6433500125338847,0.6799638353519424,0.6376134011145506,0.9756161924152844,0.7756931033675104,0.0,0.0,0.9883589822214556,0.9920255196196102,0.9901888567573086,2495335,2504592,0.6888092304245548,0.994018752020692,0.813736518229339,6186,8927,0.6539612707799936,0.9998897281799636,0.7907473619952908,18137,27731,0.9232856940459746,0.9999856142706436,0.960106260531671,208540,225864,0.999034910265214,0.7414462809917355,0.8511792285007235,72600,53881,0.0,0.0,0.0,19740,0,0.25,0.0323809523809523,0.057335581787521,525,68,0.3117235600948334,0.3213981688022613,1996483,488,1.1367004907590068,0.9572336012497544,0.001132356817834,0.9997620582580566,3135001,766,0.5992894371414311,1.5447124782949686,0.3055801093578338,0.348281592130661,2457612,601,1.1205290026537007,1.1763298967853189,0.0073273298330605,0.9952634572982788,2945641,720,0.5573610887443572,1.416710663586855,0.0073892353102564,0.9954144358634948,2720274,665,0.5366549676438219,1.3494011089205742,6.444387748837471,0.0463202251121401,6.490707973949611,3.816093232482672,10.306801206432285,0.0139289554208517
13,1.479503058318096,0.9791319796828358,0.6799689878235975,0.6465644582512073,0.6799689878235975,0.6379456138353057,0.9756446440526042,0.7737347105082925,0.0,0.0,0.988359400514716,0.992061586921195,0.9902070332960868,2495335,2504682,0.6911318421939979,0.994018752020692,0.8153550354703971,6186,8897,0.6540792036355767,0.9998897281799636,0.7908335695440769,18137,27726,0.9234860394570776,0.9999856142706436,0.9602145710306086,208540,225815,0.9990534521158128,0.7414462809917355,0.8511859582542695,72600,53880,0.0,0.0,0.0,19740,0,0.2698412698412698,0.0323809523809523,0.0578231292517006,525,63,0.3083145320415497,0.3228261768817901,1996483,488,1.0946596582030454,0.9594946168363094,0.0011039529927074,0.9997732639312744,3135001,766,0.5765298806050217,1.4706051805987954,0.3050637245178222,0.3477147817611694,2457612,601,1.0853164105114232,1.1991670643910766,0.0068406560458242,0.995533049106598,2945641,720,0.5305659824589414,1.4466527244076133,0.006927624810487,0.9956324100494384,2720274,665,0.5128130291720152,1.2600092748180032,6.335928861051798,0.0078677423298358,6.343796603381634,3.741677563637495,10.085474167019129,0.0205484526231884
14,1.4999955413708008,0.9791426139721092,0.6799687948345936,0.659734629449961,0.6799687948345936,0.6382066446421228,0.9756523576397258,0.7451449579227623,0.0,0.0,0.9883591499867848,0.992074010102852,0.99021309591166,2495335,2504714,0.6913649651450416,0.994018752020692,0.8155172413793104,6186,8894,0.6541027953110911,0.9998897281799636,0.7908508133094937,18137,27725,0.923522847045694,0.9999856142706436,0.9602344674522156,208540,225806,0.9990905210015404,0.7414325068870523,0.8511903350016209,72600,53877,0.0,0.0,0.0,19740,0,0.3617021276595745,0.0323809523809523,0.0594405594405594,525,47,0.3103547990322113,0.3276962339878082,1996483,488,1.1811975140901498,0.9597187684848903,0.0010685736779123,0.9997789859771729,3135001,766,0.5634283788135009,1.544566829688847,0.3023798763751983,0.3503807783126831,2457612,601,1.0343437994421156,1.134181727655232,0.0065460582263767,0.9957849383354188,2945641,720,0.5069104219842246,1.4268471943214536,0.0064983270131051,0.9959268569946288,2720274,665,0.4949699879957521,1.2312274323776364,6.29654195252806,0.023104297928512,6.319646250456572,3.6899177841842175,10.009564034640787,0.0201191278174519
15,1.3983369731082094,0.9791302073012904,0.6799725225342829,0.6365673612682389,0.6799725225342829,0.6376416127936039,0.9756468604541092,0.7458315686722692,0.0,0.0,0.9883790986674652,0.9920587816866272,0.9902155217241738,2495335,2504625,0.6912095323741008,0.994018752020692,0.8154090969367458,6186,8896,0.654032025389498,0.9998897281799636,0.7907990842690504,18137,27728,0.9233715457198142,0.9999856142706436,0.9601526763248102,208540,225843,0.9989793267267936,0.7414738292011019,0.8511772053824138,72600,53886,0.0,0.0,0.0,19740,0,0.2,0.0323809523809523,0.0557377049180327,525,85,0.3040811121463775,0.3300944566726684,1996483,488,1.0510579306851973,0.916445999406278,0.0010644057765603,0.9997732639312744,3135001,766,0.5621229069222867,1.4808167712762952,0.3026244044303894,0.353843092918396,2457612,601,1.2325324012372147,1.1813025623559952,0.0063872407190501,0.995965540409088,2945641,720,0.4960070136701359,1.400259019806981,0.0063102282583713,0.9960919618606568,2720274,665,0.4807030292698743,1.2232327312231064,6.202057084068656,0.0767510943114757,6.278808178380132,3.6837311601266265,9.962539338506758,0.0131083652377128
16,1.4805592774827276,0.979132334159145,0.6799843289097256,0.6363393095856708,0.6799843289097256,0.6377076823718246,0.9756484048236964,0.7736156642508029,0.0,0.0,0.9883625248386312,0.9920587816866272,0.9902072039171184,2495335,2504667,0.6917538530768366,0.994018752020692,0.815787728026534,6186,8889,0.6541027953110911,0.9998897281799636,0.7908508133094937,18137,27725,0.9235392069157936,0.9999856142706436,0.9602433105709326,208540,225802,0.9989423683526923,0.7415564738292011,0.8512182396002973,72600,53894,0.0,0.0,0.0,19740,0,0.1976744186046511,0.0323809523809523,0.055646481178396,525,86,0.3025310337543487,0.3277513384819031,1996483,488,1.0837687692497056,1.041782648302615,0.0011104238219559,0.999786615371704,3135001,766,0.5806491045367708,1.4511837996542454,0.2983957827091217,0.3535582423210144,2457612,601,0.9834875191473932,1.1540817087516189,0.0062507791444659,0.9960752129554749,2945641,720,0.5233847481208358,1.4009790495038033,0.0061219241470098,0.9962632656097412,2720274,665,0.5079550932625448,1.2167456885799766,6.264772894792259,0.0259303646162152,6.290703259408474,3.7693006172776222,10.060003876686096,0.0210704561322927
17,1.4883476756931182,0.9791624646454192,0.679996837051177,0.6703886142183063,0.679996837051177,0.6383909732136361,0.9756711120226532,0.7755694011260996,0.0,0.0,0.9883826313591498,0.9920912422580536,0.9902334644591344,2495335,2504698,0.6917538530768366,0.994018752020692,0.815787728026534,6186,8889,0.654267984703081,0.9998897281799636,0.7909715407262021,18137,27718,0.9234574133609658,0.9999856142706436,0.9601990966060568,208540,225822,0.9989609811306752,0.7416115702479339,0.8512612947342625,72600,53897,0.0,0.0,0.0,19740,0,0.4358974358974359,0.0323809523809523,0.0602836879432624,525,39,0.3000918924808502,0.3327796757221222,1996483,488,1.1001822447140392,0.9298392673954368,0.0010889254044741,0.9997684359550476,3135001,766,0.5613623715647297,1.565618677996099,0.2975815832614898,0.3565440773963928,2457612,601,0.938910648638696,1.0914776595309377,0.0058931955136358,0.9962948560714722,2945641,720,0.4839568954539647,1.3325192844495175,0.0058919475413858,0.9963423013687134,2720274,665,0.4767578386176265,1.2443141294643283,6.16376901883632,0.0081790620461106,6.17194808088243,3.725803489796817,9.897751570679247,0.013463738374412
18,1.4655914156049648,0.979158919882328,0.6800363846249898,0.6388654414654128,0.6800363846249898,0.6378504260079669,0.9756748878308852,0.7745069849041749,0.0,0.0,0.9883907745845122,0.9920788190763964,0.9902313628791788,2495335,2504646,0.6917538530768366,0.994018752020692,0.815787728026534,6186,8889,0.654267984703081,0.9998897281799636,0.7909715407262021,18137,27718,0.9234942186676588,0.9999856142706436,0.960218992386377,208540,225813,0.9989613858080788,0.741900826446281,0.8514519673089995,72600,53918,0.0,0.0,0.0,19740,0,0.2151898734177215,0.0323809523809523,0.0562913907284768,525,79,0.300122857093811,0.3341360688209533,1996483,488,1.0389315811298545,0.977113200351596,0.001039071357809,0.9997860193252563,3135001,766,0.5407396647303453,1.3820095174014568,0.2970415353775024,0.3545742928981781,2457612,601,1.131032975078517,1.093175157904625,0.0055052302777767,0.996482253074646,2945641,720,0.4673569159779912,1.5247811879962685,0.0057817692868411,0.9965367317199708,2720274,665,0.4638394550767183,1.1882978957146406,6.1653769593685865,0.0990642933174967,6.264441252686083,3.763499623164535,10.027940875850618,0.0169898234307765
19,1.3502860257587943,0.9816976792081566,0.6942534426162404,0.6338658104741056,0.6942534426162404,0.6463610620598523,0.9785222855881828,0.745937214075525,0.0,0.0,0.9912507397829864,0.9920527704696964,0.991651592959225,2495335,2497354,0.6882695321244683,0.994018752020692,0.8133597883597884,6186,8934,0.6541027953110911,0.9998897281799636,0.7908508133094937,18137,27725,0.9235023980231256,0.9999856142706436,0.9602234137828622,208540,225811,0.9990841442472812,0.8414462809917356,0.9135145239074358,72600,61145,0.0,0.0,0.0,19740,0,0.1808510638297872,0.0323809523809523,0.0549273021001615,525,94,0.2994468808174133,0.3337008059024811,1996483,488,1.0574559500939058,0.9596036272123456,0.0010494468733668,0.9997789859771729,3135001,766,0.553458965079514,1.4609164902940392,0.2960584163665771,0.3561790883541107,2457612,601,1.2504991849657026,1.130707380361855,0.0054441280663013,0.996542990207672,2945641,720,0.473761194443132,1.3960139034315944,0.0054900734685361,0.996658444404602,2720274,665,0.4677473639098347,1.2799414359033108,6.227182837203145,0.0698895519599318,6.297072389163077,3.701167533174157,9.998239922337234,0.0212839720770716
20,1.3719812918639358,0.9816742837717556,0.6940051227539356,0.6329285707851324,0.6940051227539356,0.6465630609709067,0.9784919877006536,0.792830023231984,0.0,0.0,0.9911818993509744,0.9920776168330104,0.9916295558214874,2495335,2497590,0.6922990317496059,0.994018752020692,0.8161667109105389,6186,8882,0.6541971790339454,0.9998897281799636,0.7909197958916656,18137,27721,0.9237396623743648,0.9999856142706436,0.960351651995312,208540,225753,0.9990822229870364,0.8396831955922865,0.9124737121773429,72600,61017,0.0,0.0,0.0,19740,0,0.17,0.0323809523809523,0.0544,525,100,0.2980321049690246,0.3333371579647064,1996483,488,0.9661402854530938,1.0078274803236127,0.0011251489631831,0.9997811913490297,3135001,766,0.5868458128995007,1.5506816040724516,0.2952501773834228,0.3548294007778168,2457612,601,1.1090051775859338,1.183944889344275,0.0055252574384212,0.9966034293174744,2945641,720,0.5033325354994487,1.39267385751009,0.0053561846725642,0.9967705607414246,2720274,665,0.4853335795534607,1.1948576495051384,6.329985480755568,0.0272560128942132,6.357241493649781,3.6995051745325327,10.056746668182312,0.0200069397687912
21,1.3353711254977236,0.9817292275996672,0.6942163298973243,0.6338466075288839,0.6942163298973243,0.6468437705542692,0.978548858625416,0.794757060293998,0.0,0.0,0.9912435770282136,0.9920960512315982,0.991669630925714,2495335,2497481,0.6933137896042395,0.994018752020692,0.8168714712720027,6186,8869,0.6543735565819861,0.9998345922699454,0.7910314292569085,18137,27712,0.923637378309667,0.9999856142706436,0.9602963727038714,208540,225778,0.9991002192193176,0.841198347107438,0.913375110300166,72600,61126,0.0,0.0,0.0,19740,0,0.1752577319587628,0.0323809523809523,0.0546623794212218,525,97,0.2971013486385345,0.3370887637138366,1996483,488,0.9799894504487152,0.8881968474015594,0.0010530055733397,0.9997805953025818,3135001,766,0.5412462443158536,1.378456560894847,0.2993351221084595,0.3565172255039215,2457612,601,1.0316613471489642,1.0538413366302848,0.0052506234496831,0.9967055916786194,2945641,720,0.4910900306545644,1.419499410316348,0.0051073962822556,0.9968547224998474,2720274,665,0.46886143465004,1.1872059665620327,5.927200121805072,0.0375636639073491,5.964763785712421,3.715904730372131,9.680668516084552,0.0165017917752265
22,1.3480350039748934,0.9820145810284988,0.695844292965666,0.6330445461751177,0.695844292965666,0.6478782792416451,0.978856211809604,0.7953100932413063,0.0,0.0,0.9915567502139851,0.9920868340323042,0.9918217212966975,2495335,2496669,0.6933137896042395,0.994018752020692,0.8168714712720027,6186,8869,0.6554852701969999,0.9998345922699454,0.7918431509541068,18137,27665,0.9235269369588804,0.9999856142706436,0.9602366782166252,208540,225805,0.9991122445685507,0.852603305785124,0.920061833910549,72600,61954,0.0,0.0,0.0,19740,0,0.1683168316831683,0.0323809523809523,0.0543130990415335,525,101,0.294494479894638,0.3359973430633545,1996483,488,1.045233452547614,0.9119526538997887,0.0010171503527089,0.9997901320457458,3135001,766,0.5218312049077588,1.496045456267893,0.29304039478302,0.3594212532043457,2457612,601,0.974649533847215,1.2200477151200175,0.004951452370733,0.9968793988227844,2945641,720,0.4771158048149027,1.4979494139552116,0.0049364450387656,0.9970083832740784,2720274,665,0.4562297574104317,1.2714379746466875,6.397433213889599,0.0525024589151144,6.449935672804713,3.681532952003181,10.131468624807894,0.0160353928804397
23,1.366768653459122,0.9820393943701364,0.6958960624325048,0.634896826017763,0.6958960624325048,0.648036490200516,0.9788797292822612,0.7961393381248597,0.0,0.0,0.9915668311111236,0.9921048676830968,0.991835776430562,2495335,2496689,0.6934701702943499,0.994018752020692,0.8169800039859164,6186,8867,0.6556274630319245,0.9998345922699454,0.791946894925321,18137,27659,0.9236496512014172,0.9999856142706436,0.960303005882827,208540,225775,0.9991126026557382,0.8529476584022039,0.9202624480788236,72600,61979,0.0,0.0,0.0,19740,0,0.1808510638297872,0.0323809523809523,0.0549273021001615,525,94,0.2957293391227722,0.3404672145843506,1996483,488,0.9517603161413124,1.045795014128089,0.0010350738884881,0.9997920393943788,3135001,766,0.5302233200292933,1.4839220382273195,0.292245864868164,0.3589032888412475,2457612,601,0.9446069553857098,1.1241734568029642,0.0050297351554036,0.9968997836112976,2945641,720,0.4813887213947659,1.4069951325654984,0.0049977200105786,0.9970492124557496,2720274,665,0.4590554929228769,1.2769320290535688,6.33781767077744,0.0093648107722401,6.34718248154968,3.743950362317264,10.091132843866944,0.0163939632475376
24,1.2524252720597144,0.9820241518888448,0.6958974216551582,0.6322156184590554,0.6958974216551582,0.6477770032373505,0.9788676410690216,0.8038875662094052,0.0,0.0,0.9915674734303116,0.9920868340323042,0.9918270857417812,2495335,2496642,0.6923769845738093,0.994018752020692,0.816220880069025,6186,8881,0.6554141969061732,0.9998345922699454,0.791791289160572,18137,27668,0.9236087428305688,0.9999856142706436,0.960280895642664,208540,225785,0.9990803930109868,0.8529752066115702,0.9202648179933572,72600,61983,0.0,0.0,0.0,19740,0,0.1634615384615384,0.0323809523809523,0.054054054054054,525,104,0.2935532927513122,0.3405478596687317,1996483,488,0.9150466348666548,0.8986521763727069,0.0010146497515961,0.9997987747192384,3135001,766,0.527267180288047,1.4776322646066546,0.2922870218753814,0.3591575920581817,2457612,601,1.2218563815775247,1.109339472837746,0.0047720107249915,0.9970589876174928,2945641,720,0.4630065435317169,1.377844911068678,0.0048171994276344,0.9971204996109008,2720274,665,0.4534399758375018,1.265213350765407,6.128682175651193,0.0305626215413212,6.159244797192514,3.783620503731072,9.942865300923586,0.0140838250517845
25,1.3093445760877858,0.9820340772254996,0.6958990246463398,0.6347278263754179,0.6958990246463398,0.6479223649427643,0.978875269276697,0.7487689081356125,0.0,0.0,0.9915675680005768,0.9920980549705752,0.9918327405521428,2495335,2496670,0.6922990317496059,0.994018752020692,0.8161667109105389,6186,8882,0.6556511678357075,0.9998345922699454,0.7919641882301561,18137,27658,0.9236455602012614,0.9999856142706436,0.9603007948129934,208540,225776,0.9990803930109868,0.8529752066115702,0.9202648179933572,72600,61983,0.0,0.0,0.0,19740,0,0.1808510638297872,0.0323809523809523,0.0549273021001615,525,94,0.2921992242336273,0.3415005207061767,1996483,488,0.9005693001865994,0.8897421257570386,0.0010779430158436,0.9998003244400024,3135001,766,0.5675821348154994,1.4933727392926812,0.2906127870082855,0.3602822721004486,2457612,601,1.0890795150006436,1.1140915267169476,0.0046959198080003,0.9971384406089784,2945641,720,0.4922707150045087,1.3737246049568057,0.004740928299725,0.9972208738327026,2720274,665,0.4783440863887779,1.2486926363781097,6.119623633101583,0.0689963214099407,6.188619954511523,3.71987452544272,9.908494479954244,0.0141294561326503
26,1.3527240294358789,0.9820518010409552,0.6959018871305925,0.6458655222717671,0.6959018871305925,0.6484182712068629,0.9788875083773648,0.8103493649764459,0.0,0.0,0.9915677368707744,0.9921180923603444,0.9918428382700112,2495335,2496720,0.6934701702943499,0.994018752020692,0.8169800039859164,6186,8867,0.6556985825860573,0.9998345922699454,0.7919987771056711,18137,27656,0.9236660155644436,0.9999856142706436,0.9603118502639814,208540,225771,0.9990803930109868,0.8529752066115702,0.9202648179933572,72600,61983,0.0,0.0,0.0,19740,0,0.2575757575757575,0.0323809523809523,0.0575296108291032,525,66,0.2912915647029876,0.3428469002246856,1996483,488,0.8901212542347186,0.9139451906085014,0.0010423560161143,0.9998051524162292,3135001,766,0.5518626522790827,1.3663087924942374,0.2904419600963592,0.360363245010376,2457612,601,0.8990615903241,1.1180034130811691,0.0047538364306092,0.997212827205658,2945641,720,0.479418121248211,1.261355273425579,0.0047282301820814,0.9972447752952576,2720274,665,0.4718255607009256,1.1646473975852132,5.8242600671947,0.0330350585281848,5.857295125722885,3.784838461317122,9.642133587040007,0.0140934893861413
27,1.3528459272060809,0.9820532189461916,0.6959002056497774,0.6482417386794082,0.6959002056497774,0.6484742213128732,0.9788882682659882,0.8152685739577629,0.0,0.0,0.9915673566102168,0.9921200960993212,0.9918436493464322,2495335,2496726,0.6934701702943499,0.994018752020692,0.8169800039859164,6186,8867,0.6556985825860573,0.9998345922699454,0.7919987771056711,18137,27656,0.9236660155644436,0.9999856142706436,0.9603118502639814,208540,225771,0.9990964973136928,0.852961432506887,0.9202636330537,72600,61981,0.0,0.0,0.0,19740,0,0.2741935483870967,0.0323809523809523,0.0579216354344122,525,62,0.2936256527900696,0.3420339524745941,1996483,488,0.952753773003423,0.9246143624186516,0.0009898268617689,0.999807357788086,3135001,766,0.5144638328969395,1.624904450960457,0.2883340418338775,0.3623688519001007,2457612,601,0.8649314687600986,1.1199104022234678,0.0045698666945099,0.997283101081848,2945641,720,0.4501267089207484,1.2636934323236346,0.0044455309398472,0.9973689913749696,2720274,665,0.4350714917095958,1.2832271931692958,6.216349841095507,0.0395494922995567,6.255899333395064,3.698021735996008,9.953921069391072,0.0211593070998787
28,1.2808880155809612,0.982068106951174,0.6959045206161051,0.6477737876000231,0.6959045206161051,0.6485750112886942,0.97890042230957,0.8154289960381437,0.0,0.0,0.9915678922253828,0.9921365267589322,0.9918521279918014,2495335,2496766,0.6934701702943499,0.994018752020692,0.8169800039859164,6186,8867,0.6567910177471931,0.9998345922699454,0.7927951559665115,18137,27610,0.9236496512014172,0.9999856142706436,0.960303005882827,208540,225775,0.9990965118905488,0.8529752066115702,0.9202716559421024,72600,61982,0.0,0.0,0.0,19740,0,0.2698412698412698,0.0323809523809523,0.0578231292517006,525,63,0.2922800481319427,0.343442440032959,1996483,488,0.9487643692293478,0.8879679068922997,0.0009907711064442,0.9998051524162292,3135001,766,0.5118607629302137,1.4624298084527254,0.2895952761173248,0.3611290156841278,2457612,601,1.0176358316426903,1.0944026857614515,0.0042976504191756,0.9973767399787904,2945641,720,0.4394348266553663,1.3089698180556295,0.0044015673920512,0.9974462389945984,2720274,665,0.426118189971003,1.3184448583051562,6.072215077467263,0.0903951320797205,6.162610209546983,3.697409576736391,9.860019786283374,0.0182032445445656
29,1.2953663247315117,0.9820688159037922,0.6959046351154752,0.643924173371815,0.6959046351154752,0.648480730127968,0.978902124036792,0.815050736419812,0.0,0.0,0.9915678989798012,0.9921373282545228,0.9918525318888652,2495335,2496768,0.6934701702943499,0.994018752020692,0.8169800039859164,6186,8867,0.6567910177471931,0.9998345922699454,0.7927951559665115,18137,27610,0.9236864718336684,0.9999856142706436,0.9603229059695236,208540,225766,0.9990965118905488,0.8529752066115702,0.9202716559421024,72600,61982,0.0,0.0,0.0,19740,0,0.2428571428571428,0.0323809523809523,0.0571428571428571,525,70,0.2919628620147705,0.3430071771144867,1996483,488,0.9145315484459984,0.9227816332131624,0.0009867898188531,0.999820113182068,3135001,766,0.5279382288757316,1.42541032563895,0.287076473236084,0.3631293475627899,2457612,601,0.9093041616472828,1.1703439131379128,0.0044527379795908,0.9973896741867064,2945641,720,0.4750865210162288,1.3585837595164776,0.0043568913824856,0.9974645972251892,2720274,665,0.4554843496486069,1.206557696685195,6.083677328191698,0.0814043814316392,6.165081709623337,3.6868556067347527,9.85193731635809,0.017802202142775
30,1.3524872360286049,0.9820751964773562,0.6956431664137309,0.6636458067763625,0.6956431664137309,0.6483835894655726,0.9789040394416104,0.8151470942153223,0.0,0.0,0.9915695348164716,0.9921429387236584,0.9918561538971574,2495335,2496778,0.6934701702943499,0.994018752020692,0.8169800039859164,6186,8867,0.6568148067659096,0.9998345922699454,0.7928124863376033,18137,27609,0.9236332874182276,0.9999856142706436,0.9602941616645828,208540,225779,0.9990804671871976,0.8530440771349862,0.9203049306030257,72600,61988,0.0,0.0,0.0,19740,0,0.3809523809523809,0.0304761904761904,0.0564373897707231,525,42,0.2903138995170593,0.3434284031391144,1996483,488,0.906841412155334,0.8431228213012218,0.0009689281578175,0.9998160004615784,3135001,766,0.5076682481921205,1.3196150865405798,0.2879538238048553,0.3627057671546936,2457612,601,0.8325730373718055,1.1093836724758148,0.0041996454820036,0.9974867701530457,2945641,720,0.4457229465879669,1.37123285792768,0.0041959933005273,0.9975454807281494,2720274,665,0.4484366751291085,1.2878293991088867,5.931183837354183,0.0473968926817178,5.978580730035901,3.6461136071011424,9.624694337137043,0.0191011307761073
31,1.2922243307587582,0.9820737785721196,0.695914989008843,0.637225188076054,0.695914989008843,0.6483180223975596,0.9789084015783436,0.8174777996212628,0.0,0.0,0.991569915074344,0.9921409349846814,0.9918553428442138,2495335,2496772,0.6934701702943499,0.994018752020692,0.8169800039859164,6186,8867,0.6573386015152064,0.9998345922699454,0.7931939462864142,18137,27587,0.9236987460301288,0.9999856142706436,0.9603295395150392,208540,225763,0.999096584767774,0.8530440771349862,0.9203117685957782,72600,61987,0.0,0.0,0.0,19740,0,0.1954022988505747,0.0323809523809523,0.0555555555555555,525,87,0.290336400270462,0.3448449075222015,1996483,488,0.8808938141812669,0.9846112038940192,0.0009452592348679,0.999811828136444,3135001,766,0.4879262680487116,1.499281003139913,0.287939041852951,0.3627940416336059,2457612,601,0.9692679167668088,1.149518072605133,0.0040879570879042,0.9975318908691406,2945641,720,0.4240512126183456,1.3643401442095635,0.0041283904574811,0.9975796341896056,2720274,665,0.4172393893302015,1.2148563796654344,6.212606803514063,0.0118436673656106,6.224450470879674,3.807035960257053,10.031486431136727,0.0165819218382239
32,1.3434976208848508,0.982087248671866,0.6953111408196968,0.6624399794394281,0.6953111408196968,0.6482927599986387,0.9789142915896512,0.8155433113755656,0.0,0.0,0.9915617745865594,0.9921645791046092,0.9918630852570226,2495335,2496852,0.6931420178510903,0.9917555771096024,0.8159872314956441,6186,8851,0.6573624302182266,0.9998345922699454,0.7932112940970627,18137,27586,0.9237273870904872,0.9999856142706436,0.9603450181443072,208540,225756,0.99919322307382,0.852961432506887,0.9203046628274196,72600,61975,0.0,0.0,0.0,19740,0,0.3720930232558139,0.0304761904761904,0.056338028169014,525,43,0.2894400954246521,0.347021222114563,1996483,488,0.909031432834911,0.9931813953444362,0.0009613208821974,0.9998124837875366,3135001,766,0.5070686917594631,1.4917513998225331,0.2881982922554016,0.3627354502677917,2457612,601,0.8247906508099331,1.0804639607667923,0.0041825720109045,0.997575044631958,2945641,720,0.4483308244781374,1.361434848047793,0.0040597859770059,0.9976972937583924,2720274,665,0.4477447811213982,1.298141648992896,6.224973252974451,0.0254859961569309,6.2504592491313815,3.686300008557737,9.936759257689118,0.0231776144355535
33,1.2933299436923489,0.982093983721739,0.6953141390432682,0.6710669770452491,0.6953141390432682,0.648384169448413,0.9789199625974884,0.8143063744130259,0.0,0.0,0.9915622325400332,0.9921717925649262,0.9918669188999488,2495335,2496869,0.6931420178510903,0.9917555771096024,0.8159872314956441,6186,8851,0.6573624302182266,0.9998345922699454,0.7932112940970627,18137,27586,0.9237764901835708,0.9999856142706436,0.9603715540982398,208540,225744,0.9991932360913902,0.8529752066115702,0.9203126857686365,72600,61976,0.0,0.0,0.0,19740,0,0.4324324324324324,0.0304761904761904,0.0569395017793594,525,37,0.2901423275470733,0.3452170491218567,1996483,488,0.957439835337919,0.9519513137638568,0.0008911535260267,0.9998223781585692,3135001,766,0.4656075975587131,1.4228495666757226,0.2874381840229034,0.3636814951896667,2457612,601,0.8215141741970555,1.1776032950729132,0.0037871217355132,0.997614085674286,2945641,720,0.4158371613362549,1.395165603607893,0.0036544364411383,0.9977719187736512,2720274,665,0.4053571137829976,1.2143016997724771,6.161871478892863,0.0262256953865289,6.188097174279392,3.666682356968522,9.854779531247914,0.0134013798087835
34,1.2677602766477802,0.9820865397192476,0.6955945407915116,0.6466432876785344,0.6955945407915116,0.6484800864688467,0.978917398918442,0.8138617360207663,0.0,0.0,0.9915645240616524,0.9921609723744508,0.9918626585507588,2495335,2496836,0.6930637144148215,0.9917555771096024,0.8159329698098151,6186,8852,0.6573624302182266,0.9998345922699454,0.7932112940970627,18137,27586,0.9237805823436386,0.9999856142706436,0.960373765493929,208540,225743,0.99919330117294,0.8530440771349862,0.920352798686293,72600,61981,0.0,0.0,0.0,19740,0,0.2615384615384615,0.0323809523809523,0.0576271186440678,525,65,0.2871992588043213,0.348417192697525,1996483,488,0.8733639781269944,0.9323084643110632,0.0009198689367622,0.999824583530426,3135001,766,0.480185650659487,1.444663136266172,0.2864094078540802,0.3624131977558136,2457612,601,0.933320512749632,1.085575164295733,0.0037250821478664,0.9977308511734008,2945641,720,0.4211487737835684,1.3556004026904702,0.0036812599282711,0.997854232788086,2720274,665,0.4046174142993259,1.3383791791275144,6.156526346690953,0.036934994161129,6.193461340852082,3.746705469675362,9.940166810527444,0.0235221674665808
35,1.2201516821583551,0.982110289631958,0.6958549338667933,0.6378861228287862,0.6958549338667933,0.6483555770998305,0.9789462276443288,0.8127166022690702,0.0,0.0,0.9915958578068644,0.992156163400906,0.9918759314754572,2495335,2496745,0.6932369876933498,0.9925638538635628,0.8163265306122449,6186,8857,0.6573624302182266,0.9998345922699454,0.7932112940970627,18137,27586,0.9238133209294084,0.9999856142706436,0.960391457026078,208540,225735,0.999194263153654,0.8540633608815427,0.920946121569938,72600,62055,0.0,0.0,0.0,19740,0,0.2,0.0323809523809523,0.0557377049180327,525,85,0.288356065750122,0.3464953005313873,1996483,488,0.880396741555882,0.982486984692514,0.0009457216365262,0.999820113182068,3135001,766,0.4953016999154783,1.5843798192217946,0.2870270609855652,0.3632420599460602,2457612,601,0.929168422026252,1.1234905887395144,0.0038493212778121,0.9977715611457824,2945641,720,0.4419585942887841,1.4010777790099382,0.0038660152349621,0.9978145360946656,2720274,665,0.4213566609135123,1.1969942767173052,6.288429448381066,0.0288798511028289,6.317309299483895,3.82043363712728,10.137742936611176,0.0220881598070263
36,1.255212149932548,0.982147155168105,0.6956397554850314,0.6442313099301612,0.6956397554850314,0.6484032747317915,0.9789766778115276,0.8163199850148778,0.0,0.0,0.991595501045756,0.9921609723744508,0.991878156116082,2495335,2496758,0.6930290362670884,0.9915939217588102,0.8158542262419366,6186,8851,0.6595860764558251,0.9998345922699454,0.7948279640587332,18137,27493,0.9237887667725402,0.9999856142706436,0.96037818831586,208540,225741,0.9991955465456768,0.855426997245179,0.9217388723154786,72600,62154,0.0,0.0,0.0,19740,0,0.2424242424242424,0.0304761904761904,0.05414551607445,525,66,0.2880263924598694,0.3470492660999298,1996483,488,0.8421163868096827,0.9005313254892826,0.0009522953769192,0.9998162984848022,3135001,766,0.4911240312170062,1.4233235567808151,0.2863155901432037,0.3634275794029236,2457612,601,0.8662012988310093,1.1352442260831594,0.0037501668557524,0.9977987408638,2945641,720,0.4354908045356758,1.3369653206318617,0.0038262491580098,0.997832179069519,2720274,665,0.4216193182116148,1.2965695103630424,6.092633939348161,0.0532932179048657,6.145927157253027,3.694569520652294,9.84049667790532,0.018326480872929
37,1.2453980425524072,0.9821411290708504,0.6956387822403853,0.6368213383862237,0.6956387822403853,0.6481819128634513,0.9789734623007214,0.8145421023425647,0.0,0.0,0.9915954438205644,0.9921541596619292,0.9918747230611072,2495335,2496741,0.6931073446327684,0.9915939217588102,0.8159084862995477,6186,8850,0.6595860764558251,0.9998345922699454,0.7948279640587332,18137,27493,0.9237887667725402,0.9999856142706436,0.96037818831586,208540,225741,0.9991955465456768,0.855426997245179,0.9217388723154786,72600,62154,0.0,0.0,0.0,19740,0,0.1904761904761904,0.0304761904761904,0.0525451559934318,525,84,0.289239764213562,0.347328782081604,1996483,488,0.8777689391457997,0.9322816338390112,0.000961949059274,0.9998153448104858,3135001,766,0.4894879398575661,1.42766819242388,0.2853135764598846,0.3632050156593323,2457612,601,0.8426134481440366,1.151275871321559,0.0036453728098422,0.9978150725364684,2945641,720,0.430780310738736,1.3495058184489608,0.0036045010201632,0.997861623764038,2720274,665,0.4183534180382251,1.2506360551342368,6.111367571167648,0.0650180066004395,6.176385577768087,3.708249426446855,9.884635004214942,0.0187420919537544
38,1.171573419273636,0.9820861852429386,0.6946376444808354,0.6338486197751266,0.6946376444808354,0.6476157361376815,0.978924501450264,0.7587479260082375,0.0,0.0,0.9915766935027474,0.9921441409670444,0.9918603360751332,2495335,2496763,0.6913552198114279,0.9838344649207889,0.8120621789312162,6186,8803,0.6576008123005512,0.9998345922699454,0.7933848139478923,18137,27576,0.9237437542081576,0.9999856142706436,0.960353863299347,208540,225752,0.9991944708479,0.8542837465564739,0.9210743218658806,72600,62071,0.0,0.0,0.0,19740,0,0.173469387755102,0.0323809523809523,0.0545746388443017,525,98,0.2879593074321747,0.3475621938705444,1996483,488,0.8694735797422415,1.0217038970440626,0.0009484700276516,0.9998229742050172,3135001,766,0.4854672186688918,1.5101786330342293,0.2857929766178131,0.3634800910949707,2457612,601,0.9657959127381548,1.0978150935843587,0.0036312534939497,0.9978585243225098,2945641,720,0.4245624055487215,1.3104573069140315,0.0035261590965092,0.997909426689148,2720274,665,0.4140664250316013,1.4567711241543293,6.396926054731011,0.0391259426251053,6.436051997356117,3.830834097228944,10.26688609458506,0.0433845166116952
39,1.1783960375215805,0.982127658971104,0.6947798761252286,0.6379657747614375,0.6947798761252286,0.6481053100708271,0.9789602504466292,0.8023800345812208,0.0,0.0,0.9915764144410504,0.992158167139883,0.9918672054876732,2495335,2496799,0.6914772727272728,0.9836728095699968,0.8120912851995196,6186,8800,0.6597060535506403,0.9998345922699454,0.7949150684931506,18137,27488,0.9238051360654213,0.9999856142706436,0.960387034081934,208540,225737,0.9991955465456768,0.855426997245179,0.9217388723154786,72600,62154,0.0,0.0,0.0,19740,0,0.2,0.0323809523809523,0.0557377049180327,525,85,0.2864665389060974,0.3468484282493591,1996483,488,0.8320513600283187,0.9647375624626876,0.0009857470868155,0.9998220205307008,3135001,766,0.5113455336403455,1.4968638243153691,0.2851514220237732,0.3653611838817596,2457612,601,0.849156802042462,1.2131453910842538,0.0035810621920973,0.9979131817817688,2945641,720,0.445321150040061,1.318628299050033,0.0037119390908628,0.9979186058044434,2720274,665,0.4302652124782398,1.3386774184182286,6.332052495330572,0.0369100151583552,6.368962510488927,3.715864419005811,10.08482692949474,0.1230789506807923
40,1.2260308229030028,0.9820982374374482,0.6945974498027168,0.6383624407218912,0.6945974498027168,0.6478127376461672,0.9789334676865608,0.802762873805663,0.0,0.0,0.991576448178455,0.9921621746178368,0.991869224926204,2495335,2496809,0.6914772727272728,0.9836728095699968,0.8120912851995196,6186,8800,0.6576485094654384,0.9998345922699454,0.7934195270285052,18137,27574,0.9238051360654213,0.9999856142706436,0.960387034081934,208540,225737,0.9992104415082178,0.8541460055096419,0.9210010396554285,72600,62060,0.0,0.0,0.0,19740,0,0.2048192771084337,0.0323809523809523,0.0559210526315789,525,83,0.2867362797260284,0.3483991622924804,1996483,488,0.8715621417044173,0.9006032347679138,0.0009371151099912,0.999824285507202,3135001,766,0.4837919191927572,1.448284612968564,0.2839366197586059,0.363255888223648,2457612,601,0.7906842971299024,1.1246723467484117,0.0034400310833007,0.9979233145713806,2945641,720,0.4394715398003143,1.3585744202136991,0.00357182091102,0.9979796409606934,2720274,665,0.4198539925754596,1.289528016932309,6.1216626316308975,0.0390397822484374,6.160702413879335,3.757845818065107,9.918548231944442,0.0156291043385863
41,1.1293386939068872,0.9820620808539192,0.6903506864054395,0.6347402726875198,0.6903506864054395,0.6455466034281515,0.9788952151848271,0.8096683404663146,0.0,0.0,0.9915045238720757,0.9921565641487015,0.9918304368457814,2495335,2496976,0.6850348027842227,0.9545748464274167,0.7976496015129002,6186,8620,0.6597300542074436,0.9998345922699454,0.7949324916710503,18137,27487,0.923792859041375,0.9999856142706435,0.9603803997421019,208540,225740,0.9992116229305102,0.855426997245179,0.9217457125258807,72600,62153,0.0,0.0,0.0,19740,0,0.1839080459770115,0.030476190476190476,0.05228758169934641,525,87,0.2859993278980255,0.34788525104522705,1996483,488,0.8921605271648069,1.1474306602030993,0.0009331236942671239,0.9998229742050171,3135001,766,0.468911001748774,1.6251339465379715,0.2853844165802002,0.364587664604187,2457612,601,0.9230362142277364,1.2450048280879855,0.0037127502728253603,0.9979569315910339,2945641,720,0.4254491132884842,1.5343202529475093,0.003495763521641493,0.9980560541152954,2720274,665,0.41603262624790194,1.39175421372056,6.943643901497126,0.0943103302270174,7.037954231724143,3.7092670556157827,10.747221287339926,2.489852475002408
42,1.2147892248350507,0.9820698793327196,0.6903519458985107,0.6411322233361553,0.6903519458985107,0.6457687563801474,0.9789000860184268,0.7997975120264822,0.0,0.0,0.9915045987221456,0.9921653806002,0.9918348796043853,2495335,2496998,0.6850348027842227,0.9545748464274167,0.7976496015129002,6186,8620,0.6598020666569641,0.9998345922699454,0.7949847657876855,18137,27484,0.9238010436878151,0.9999856142706435,0.9603848226251387,208540,225738,0.9992116229305102,0.855426997245179,0.9217457125258807,72600,62153,0.0,0.0,0.0,19740,0,0.22857142857142856,0.030476190476190476,0.05378151260504202,525,70,0.28616833686828613,0.3500610888004303,1996483,488,0.8383561580040082,1.023633194155991,0.0009475648403167725,0.9998229742050171,3135001,766,0.49362062551361235,1.547920691780746,0.2832661271095276,0.36467841267585754,2457612,601,0.7644268688644988,1.2372631849721074,0.0034650692250579596,0.9980275630950928,2945641,720,0.4485940481991775,1.5427240263670683,0.003379345638677478,0.9980722665786743,2720274,665,0.4257273406112606,1.4800326600670815,6.831573757342994,0.0997496759518981,6.931323433294892,3.688099853694439,10.619423286989331,0.021290740929543972
43,1.097572075431017,0.9820656256170103,0.6906463468679992,0.6380858478135664,0.6906463468679992,0.6460883178178648,0.9788981364508282,0.8100224361505488,0.0,0.0,0.9915053452527892,0.9921597701310646,0.991832449742274,2495335,2496982,0.6849918812340524,0.9547365017782089,0.7976769313884386,6186,8622,0.6597780607604148,0.9998345922699454,0.7949673403182675,18137,27485,0.9237969513464664,0.9999856142706435,0.9603826111785281,208540,225739,0.9992116229305102,0.855426997245179,0.9217457125258807,72600,62153,0.0,0.0,0.0,19740,0,0.2073170731707317,0.03238095238095238,0.05601317957166392,525,82,0.2861635386943817,0.35065361857414246,1996483,488,0.8926461676950168,1.0100123258307576,0.0009215892641805112,0.9998226761817932,3135001,766,0.4680666507272223,1.6485623670741916,0.28616464138031006,0.36408960819244385,2457612,601,0.9661082175181982,1.2853109845891595,0.003452873323112726,0.9980013966560364,2945641,720,0.4136026246303979,1.4741088040173054,0.0033153819385915995,0.9980884194374084,2720274,665,0.39675717397030763,1.3410965260118246,6.759091007523239,0.02275846153497696,6.781849469058216,3.8084731120616198,10.590322581119835,0.02179749310016632
44,1.1382680877457154,0.982067752474865,0.6903516024004004,0.6370700002562707,0.6903516024004004,0.6456558969085536,0.9788991941655422,0.8054947812562212,0.0,0.0,0.9915045783086209,0.9921629761134276,0.9918336679468313,2495335,2496992,0.6850348027842227,0.9545748464274167,0.7976496015129002,6186,8620,0.6599461387291652,0.9998345922699454,0.7950893346486901,18137,27478,0.923792859041375,0.9999856142706435,0.9603803997421019,208540,225740,0.9992116229305102,0.855426997245179,0.9217457125258807,72600,62153,0.0,0.0,0.0,19740,0,0.2,0.030476190476190476,0.05289256198347107,525,80,0.28475528955459595,0.34901222586631775,1996483,488,0.8117134299897886,0.9972687168046832,0.0009289804147556424,0.9998347759246826,3135001,766,0.48732564303916326,1.5716657526791096,0.283213347196579,0.3651377856731415,2457612,601,0.8082433778806504,1.2019497537985444,0.0033296074252575636,0.9980557560920715,2945641,720,0.4391970643445186,1.4591799769550562,0.003361912677064538,0.9981277585029602,2720274,665,0.4276703131726364,1.4939818372949958,6.724046037532389,0.023929678834974766,6.747975716367364,3.7418974386528134,10.489873155020177,0.014617808163166046
45,1.063496098199698,0.9821818938463976,0.6947886353270422,0.6382449586048405,0.6947886353270422,0.6493212960823993,0.9790064845510531,0.7541736915447139,0.0,0.0,0.9915769305937799,0.9922194815525771,0.991898102012164,2495335,2496952,0.7046902142443544,0.9836728095699968,0.8211321773159705,6186,8635,0.6595620862733688,0.9998345922699454,0.7948105454625145,18137,27494,0.9238010436878151,0.9999856142706435,0.9603848226251387,208540,225738,0.9991955465456769,0.855426997245179,0.9217388723154786,72600,62154,0.0,0.0,0.0,19740,0,0.18888888888888888,0.03238095238095238,0.055284552845528454,525,90,0.2870607376098633,0.34821784496307373,1996483,488,1.12794664873854,1.0130613939836621,0.0009176991879940033,0.9998360872268677,3135001,766,0.4769737594864,1.649303486570716,0.28336119651794434,0.36552393436431885,2457612,601,0.9431692118335294,1.1992867356166244,0.003258510958403349,0.9980876445770264,2945641,720,0.43635983449531335,1.4567852290347219,0.0030926296021789312,0.9981774091720581,2720274,665,0.40284089671118506,1.4085942599922419,6.727031105197966,0.09561169892549515,6.822642804123461,3.729509557597339,10.5521523617208,0.017775445245206356
46,1.10603242817543,0.9821850841331796,0.6945170989803551,0.6394863291818227,0.6945170989803551,0.6489723512634166,0.9790078575499854,0.8210021504636273,0.0,0.0,0.9915765672138513,0.9922234890305309,0.9918999226408359,2495335,2496963,0.7046902142443544,0.9836728095699968,0.8211321773159705,6186,8635,0.6596100683835298,0.9998345922699454,0.79484538341844,18137,27492,0.9238010436878151,0.9999856142706435,0.9603848226251387,208540,225738,0.9991955465456769,0.855426997245179,0.9217388723154786,72600,62154,0.0,0.0,0.0,19740,0,0.19753086419753085,0.030476190476190476,0.052805280528052806,525,81,0.2845458984375,0.35003602504730225,1996483,488,0.8054894654059545,1.0084823668003082,0.0009450356592424214,0.9998379945755005,3135001,766,0.5009718094427381,1.5578853338956833,0.2835019826889038,0.3647390305995941,2457612,601,0.9941247112521853,1.2206615190953016,0.003298681229352951,0.9980842471122742,2945641,720,0.4624839926388911,1.4178016521036625,0.00338797178119421,0.9981645345687866,2720274,665,0.4381097326967849,1.3321140641346574,6.536944936029613,0.0915203932672739,6.628465329296887,3.726436320692301,10.354901649989188,0.015940356068313122
47,1.1002226230853211,0.9821854386094887,0.6947892078238925,0.6388848373731398,0.6947892078238925,0.6493668455061462,0.9790091005278703,0.7567183553096931,0.0,0.0,0.9915769643270502,0.9922234890305309,0.9919001213269163,2495335,2496962,0.7046086150995832,0.9836728095699968,0.8210767777627851,6186,8636,0.6598260743004767,0.9998345922699454,0.7950021920210434,18137,27483,0.9237887667725402,0.9999856142706435,0.96037818831586,208540,225741,0.9992116229305102,0.855426997245179,0.9217457125258807,72600,62153,0.0,0.0,0.0,19740,0,0.19318181818181818,0.03238095238095238,0.05546492659053834,525,88,0.2843415439128876,0.3501787781715393,1996483,488,0.8180198796003718,0.9786303834989667,0.000932705937884748,0.9998303651809692,3135001,766,0.47948779421695215,1.6096410499885678,0.28357213735580444,0.3650515377521515,2457612,601,0.9540486184407271,1.2371660144999623,0.0032860266510397196,0.9981130957603455,2945641,720,0.4301766450767201,1.464038671925664,0.0031646809075027704,0.9981924891471863,2720274,665,0.419168059475766,1.3619342800229788,6.65141039993614,0.09250473231077194,6.7439151322469115,3.691789989359677,10.435705121606588,0.010919089429080486
48,1.1500454820903643,0.9830337004171832,0.6905076077921758,0.6812916031427044,0.6905076077921758,0.6712689850271103,0.9797797443651048,0.7501443230218098,0.0,0.0,0.9915138393666163,0.993255013855855,0.9923836628727789,2495335,2499717,0.9991539763113367,0.9545748464274167,0.9763558201058201,6186,5910,0.6602104343393891,0.9998345922699454,0.795281115691606,18137,27467,0.9238133209294084,0.9999856142706435,0.960391457026078,208540,225735,0.9992276998326683,0.855426997245179,0.9217525528378058,72600,62152,0.0,0.0,0.0,19740,0,0.1951219512195122,0.030476190476190476,0.05271828665568369,525,82,0.2848843038082123,0.35054340958595276,1996483,488,0.9023191804245028,0.9467314891517162,0.0009368477622047067,0.9998360872268677,3135001,766,0.47851238492919745,1.6692797392606735,0.28286296129226685,0.3653188645839691,2457612,601,0.8309366451102476,1.210550687275827,0.0032429704442620277,0.9981446862220764,2945641,720,0.4223563852463853,1.4349665278568864,0.0031492586713284254,0.9982237219810486,2720274,665,0.40951983501088085,1.3656146544963121,6.627143098041415,0.05036597698926926,6.6775090750306845,3.74588602501899,10.423395100049675,0.011882301419973373
49,1.1181437447772993,0.9821932370882891,0.6950873551450364,0.6381271572298302,0.6950873551450364,0.6497783614145799,0.979017826713848,0.7536820445983744,0.0,0.0,0.9915825509139928,0.9922266950128941,0.9919045183864482,2495335,2496956,0.7046086150995832,0.9836728095699968,0.8210767777627851,6186,8636,0.6601863987185088,0.9998345922699454,0.7952636772283741,18137,27468,0.9237846745399616,0.9999856142706435,0.9603759768998025,208540,225742,0.9992278613367651,0.8556060606060606,0.9218565651318963,72600,62165,0.0,0.0,0.0,19740,0,0.1875,0.03428571428571429,0.057971014492753624,525,96,0.28439927101135254,0.34992584586143494,1996483,488,0.881848635640185,0.9848363166674972,0.0008909972966648638,0.9998431205749512,3135001,766,0.454954130190665,1.5932251028716564,0.2828293740749359,0.3655039966106415,2457612,601,0.8274912644461646,1.2330287378281355,0.0029704475309699774,0.998238742351532,2945641,720,0.4163435071461167,1.4972709333524108,0.0029167821630835533,0.9982740879058838,2720274,665,0.38931670519183337,1.42615663446486,6.73451772518456,0.061654058285057545,6.796171783469617,3.782203142531216,10.578374926000834,0.0138670913875103
50,1.1091614356874244,0.982130494781577,0.6909058387823599,0.6414497009952689,0.6909058387823599,0.6478856335463792,0.9789525514160233,0.8298296183671173,0.0,0.0,0.9914869096068297,0.9922331069776202,0.9918598679471885,2495335,2497213,0.6984859238230423,0.9545748464274167,0.8066939890710383,6186,8454,0.6600902737332557,0.9998345922699454,0.7951939310223859,18137,27472,0.9240057069937259,0.9999856142706435,0.9604954079423713,208540,225688,0.9992116229305102,0.855426997245179,0.9217457125258807,72600,62153,0.0,0.0,0.0,19740,0,0.21686746987951808,0.03428571428571429,0.05921052631578947,525,83,0.28326699137687683,0.3505699634552002,1996483,488,0.8121828343650309,0.9817653112113476,0.0009228948620148003,0.9998274445533752,3135001,766,0.4800149615613867,1.7434496562927961,0.2846291661262512,0.36324653029441833,2457612,601,0.8893398800333295,1.261896693147719,0.003077775239944458,0.9982431530952454,2945641,720,0.4141028107395904,1.5274965688586235,0.003153684549033642,0.9982420802116394,2720274,665,0.41520343162367535,1.3980754688382149,6.912683698348701,0.07421936839818954,6.9869030667468905,3.715545459650457,10.702448526397347,0.017189125530421734
51,1.1595460610379293,0.9821319126868134,0.6911781193749524,0.641653127327746,0.6911781193749524,0.6482915651321768,0.9789551142955497,0.7561199425446887,0.0,0.0,0.9915063750241774,0.9922343092210064,0.9918702085647637,2495335,2497167,0.6984033116499113,0.9545748464274167,0.8066388907861485,6186,8455,0.6602344717104784,0.9998345922699454,0.7952985549196325,18137,27466,0.9238092284792855,0.9999856142706435,0.9603892455489136,208540,225736,0.9992276998326683,0.855426997245179,0.9217525528378058,72600,62152,0.0,0.0,0.0,19740,0,0.21839080459770116,0.03619047619047619,0.06209150326797386,525,87,0.28280022740364075,0.35309740900993347,1996483,488,0.8620755846024053,1.0349621446803212,0.000916046614293009,0.9998363852500916,3135001,766,0.469794665968985,1.5913653243333101,0.2817250192165375,0.3650226294994354,2457612,601,0.7572662594504391,1.2269942536950111,0.002925779204815626,0.9982790946960449,2945641,720,0.4187087145923938,1.3818632317706943,0.0029471167363226414,0.9983538389205933,2720274,665,0.39817671299561225,1.3240182911977172,6.559203245677054,0.08636246714740992,6.645565712824464,3.836558016948402,10.482123729772866,0.017958465963602066
52,1.1224488734288924,0.9821351029735954,0.6906593676686335,0.6374550345188189,0.6906593676686335,0.6473449355843683,0.9789584965341646,0.7518010525260979,0.0,0.0,0.9915107358216594,0.9922335077254156,0.9918719901035336,2495335,2497154,0.6984859238230423,0.9545748464274167,0.8066939890710383,6186,8454,0.660258510831968,0.9998345922699454,0.7953159949125038,18137,27465,0.9238133209294084,0.9999856142706435,0.960391457026078,208540,225735,0.9992278613367651,0.8556060606060606,0.9218565651318963,72600,62165,0.0,0.0,0.0,19740,0,0.18888888888888888,0.03238095238095238,0.055284552845528454,525,90,0.2837272584438324,0.3498692512512207,1996483,488,0.8439779451100238,0.9693547300994396,0.0009163112845271826,0.9998411536216736,3135001,766,0.4685491442004616,1.691805960610509,0.28255927562713623,0.36503809690475464,2457612,601,0.8293789140207202,1.2672772286459804,0.002794868778437376,0.9983134269714355,2945641,720,0.39830222474731103,1.5651292884722352,0.002884326037019491,0.9983446598052979,2720274,665,0.3872331615556916,1.3833209406584501,6.876888148486614,0.04185451380908489,6.918742662295699,3.740602359175682,10.659345021471381,0.026074478402733803
53,1.154552394076434,0.9821414835471594,0.6906355619287442,0.650990338817772,0.6906355619287442,0.6477676749376065,0.9789589491265277,0.7521970527454442,0.0,0.0,0.9915009150211637,0.9922459309070726,0.99187328306505,2495335,2497210,0.6984859238230423,0.9545748464274167,0.8066939890710383,6186,8454,0.660571178784788,0.9998345922699454,0.7955427844436158,18137,27452,0.9238133209294084,0.9999856142706435,0.960391457026078,208540,225735,0.9992276998326683,0.855426997245179,0.9217525528378058,72600,62152,0.0,0.0,0.0,19740,0,0.2833333333333333,0.03238095238095238,0.05811965811965812,525,60,0.28322699666023254,0.35087502002716064,1996483,488,0.8502580944860078,0.9824147699400783,0.0009106751531362534,0.9998396039009094,3135001,766,0.46892321138123844,1.6173736732453108,0.2822437286376953,0.3657990097999573,2457612,601,0.7714143739401574,1.187374785542488,0.0029102261178195477,0.9983375072479248,2945641,720,0.40971673111454193,1.4347990676760674,0.0030193107668310404,0.9983409643173218,2720274,665,0.3968412308131498,1.3861005790531635,6.608062875457108,0.017665645107626915,6.625728520564735,3.7295427676290274,10.355271288193762,0.018373004160821438
54,1.0406803221594663,0.988383456874235,0.6922126110548056,0.6951657039739948,0.6922126110548056,0.678021113565168,0.985022410798175,0.7537370814497634,0.0,0.0,0.9915710220031438,0.9992966876190973,0.9954188648876512,2495335,2514777,0.9991539763113367,0.9545748464274167,0.9763558201058201,6186,5910,0.660066246860554,0.9998345922699454,0.7951764963823723,18137,27473,0.9899503451156874,0.9999856142706435,0.9949426757062363,208540,210654,0.9992278613367651,0.8556060606060606,0.9218565651318963,72600,62165,0.0,0.0,0.0,19740,0,0.2261904761904762,0.03619047619047619,0.06239737274220033,525,84,0.28360360860824585,0.35051587224006653,1996483,488,0.974144429092267,1.093286756426096,0.0008780359639786184,0.9998313188552856,3135001,766,0.4518792242310931,1.5498068509623408,0.28230559825897217,0.3648810386657715,2457612,601,0.8655284533600622,1.2049570810049772,0.0028196435887366533,0.9983283281326294,2945641,720,0.405062050296979,1.3545362753793597,0.0029179558623582125,0.9984177947044373,2720274,665,0.38335363637149866,1.330758174881339,6.533345138654113,0.10420465189963579,6.637549790553749,3.7031574798747897,10.340707270428538,0.016579946503043175
55,1.106148295324266,0.9821347484972863,0.691203413606653,0.6409651040812628,0.691203413606653,0.6482865385582607,0.9789585604386701,0.7622000526139042,0.0,0.0,0.9915115197371082,0.9922323054820295,0.9918717816621946,2495335,2497149,0.6984859238230423,0.9545748464274167,0.8066939890710383,6186,8454,0.660258510831968,0.9998345922699454,0.7953159949125038,18137,27465,0.9237887667725402,0.9999856142706435,0.96037818831586,208540,225741,0.9992278613367651,0.8556060606060606,0.9218565651318963,72600,62165,0.0,0.0,0.0,19740,0,0.21348314606741572,0.03619047619047619,0.06188925081433225,525,89,0.28439629077911377,0.34956619143486023,1996483,488,0.8275613868660662,0.9364450182765722,0.0008891316247172654,0.9998494982719421,3135001,766,0.467899628772099,1.5543618155643344,0.28063565492630005,0.365558922290802,2457612,601,0.7647011581603406,1.1615771874785423,0.002918221987783909,0.9983839988708496,2945641,720,0.4406714943905902,1.439939402975142,0.0028737548273056746,0.9984512329101562,2720274,665,0.4258040502167792,1.3314779754728079,6.423801399767399,0.04097151570022106,6.46477291546762,3.6942214779555798,10.1589943934232,0.011470761150121689
56,0.9931201650669803,0.9821081627741033,0.693759384218865,0.6463187868249627,0.693759384218865,0.6499826628454458,0.9789252984495964,0.758744399144108,0.0,0.0,0.9914781987488598,0.992235912212188,0.9918569107697287,2495335,2497242,0.7025670945157526,0.9733268671193016,0.8160748170235836,6186,8570,0.660258510831968,0.9998345922699454,0.7953159949125038,18137,27465,0.9237887667725402,0.9999856142706435,0.96037818831586,208540,225741,0.999225356658705,0.8528374655647383,0.9202461282363782,72600,61964,0.0,0.0,0.0,19740,0,0.24691358024691357,0.0380952380952381,0.066006600660066,525,81,0.28335514664649963,0.35062307119369507,1996483,488,0.827899444284853,0.9508569659665227,0.000887746864464134,0.9998338222503662,3135001,766,0.4676143068461955,1.5606065010651946,0.28120580315589905,0.3653355538845062,2457612,601,1.1183664755041205,1.236627684906125,0.002936819102615118,0.9983714818954468,2945641,720,0.40850493490832157,1.4198757205158472,0.0026372948195785284,0.998482882976532,2720274,665,0.39069678600640373,1.2640116419643164,6.431978514418006,0.03327763173729181,6.465256146155298,3.7331313556060195,10.198387501761317,0.022096541710197926
57,1.1237608331230158,0.9883221324727594,0.6917495913530853,0.7053594604306984,0.6917495913530853,0.6781244382187451,0.984950910453036,0.7593652326869087,0.0,0.0,0.9914670434882182,0.9993091108007542,0.9953726314049937,2495335,2515072,0.9991535466395801,0.9540898803750404,0.9761018771189944,6186,5907,0.6606193078324226,0.9998345922699454,0.7955776866211859,18137,27450,0.9901759683959621,0.9999856142706435,0.9950566151174054,208540,210606,0.999225356658705,0.8528374655647383,0.9202461282363782,72600,61964,0.0,0.0,0.0,19740,0,0.296875,0.03619047619047619,0.06451612903225806,525,64,0.28182733058929443,0.3523516058921814,1996483,488,0.7934879640271726,0.9719587881118059,0.0009184997761622071,0.9998488426208496,3135001,766,0.5010922160881957,1.5104236835613847,0.2808058559894562,0.36505192518234253,2457612,601,0.9205295262729004,1.1822337713092566,0.0028190864250063896,0.9984920024871826,2945641,720,0.4549157968216528,1.564197857864201,0.0028553521260619164,0.9984887838363647,2720274,665,0.44357880154524526,1.3117159511893988,6.540530052036047,0.08358514867722988,6.624115200713277,3.739493679255247,10.363608879968524,0.0225750720128417
58,1.0975752515473491,0.9883855837320896,0.6954313919087772,0.7105240375710693,0.6954313919087772,0.6794855165026225,0.9850134822893992,0.7630501777709953,0.0,0.0,0.991543125170734,0.9993083093051635,0.9954105734447963,2495335,2514877,0.9991789819376026,0.9836728095699968,0.991365265558814,6186,6090,0.660258510831968,0.9998345922699454,0.7953159949125038,18137,27465,0.9901289550651422,0.9999856142706435,0.9950328755880865,208540,210616,0.999225356658705,0.8528374655647383,0.9202461282363782,72600,61964,0.0,0.0,0.0,19740,0,0.3333333333333333,0.03238095238095238,0.059027777777777776,525,51,0.2817694842815399,0.3510983884334564,1996483,488,0.7936787169420949,1.0300892796367407,0.0008474424248561263,0.9998507499694824,3135001,766,0.44715581065342686,1.6672647008672357,0.28090763092041016,0.3654661476612091,2457612,601,0.8025608263803732,1.1903276341035962,0.0027928713243454695,0.9984251260757446,2945641,720,0.41333917313746527,1.5621127504855394,0.0026878356002271175,0.9985530972480774,2720274,665,0.4175037430527463,1.3531829975545406,6.802977362647653,0.07202389929443598,6.875001261942089,3.7815286554396152,10.656529917381704,0.026987855322659016
59,1.0338574722889353,0.9821974908039983,0.6956321453289618,0.641756976420022,0.6956321453289618,0.6507424570027662,0.9790220379308027,0.7640242464108814,0.0,0.0,0.9915833788552818,0.9922307024908479,0.9919069350613815,2495335,2496964,0.7046902142443544,0.9836728095699968,0.8211321773159705,6186,8635,0.6602344717104784,0.9998345922699454,0.7952985549196325,18137,27466,0.9237969513464664,0.9999856142706435,0.9603826111785281,208540,225739,0.9992278613367651,0.8556060606060606,0.9218565651318963,72600,62165,0.0,0.0,0.0,19740,0,0.2127659574468085,0.0380952380952381,0.06462035541195477,525,94,0.28273913264274597,0.3513883948326111,1996483,488,0.9229876286747543,0.9650155352428555,0.0008800614159554243,0.9998504519462585,3135001,766,0.46126614614763634,1.5154809085652232,0.2798213064670563,0.36577945947647095,2457612,601,0.9135167003366882,1.2353229457512498,0.0026408180128782988,0.9985266327857971,2945641,720,0.4118287092055482,1.4302718518301845,0.0026339988689869642,0.9985751509666443,2720274,665,0.39057354170892145,1.3512116381898522,6.497302879579365,0.07312468811869621,6.5704275676980615,3.864371683448553,10.434799251146615,0.016077915206551552
60,1.121172288929948,0.9821308492578861,0.6949653244036833,0.6449210786355651,0.6949653244036833,0.6502779502083479,0.9789466065587039,0.7656528518059392,0.0,0.0,0.9914984510602308,0.9922363129599834,0.9918672447840543,2495335,2497192,0.7047718322909428,0.9836728095699968,0.8211875843454791,6186,8634,0.6605952424319697,0.9998345922699454,0.7955602351496007,18137,27451,0.9237887667725402,0.9999856142706435,0.96037818831586,208540,225741,0.999225356658705,0.8528374655647383,0.9202461282363782,72600,61964,0.0,0.0,0.0,19740,0,0.2345679012345679,0.03619047619047619,0.0627062706270627,525,81,0.2804924547672272,0.3505849838256836,1996483,488,0.7846303564646083,0.9731656275689602,0.0009199814521707594,0.9998485445976257,3135001,766,0.48548319320147215,1.5309931868687272,0.2789636552333832,0.3659898340702057,2457612,601,0.7458103734636203,1.1622333284467459,0.002659064484760165,0.9985401630401611,2945641,720,0.42500752232447475,1.3896358562633395,0.0026343856006860733,0.9985651969909668,2720274,665,0.416255602997581,1.2959276447072625,6.351955643855035,0.031025603413581848,6.382981247268617,3.7343883952125907,10.117369642481208,0.030751962214708328
61,1.143389305575557,0.9883756583954346,0.6951950403306011,0.6996592512462895,0.6951950403306011,0.6794574816158944,0.9850059710882543,0.7649337930702104,0.0,0.0,0.9915490157484229,0.9993055040705957,0.9954121500382221,2495335,2514855,0.9991760052735662,0.9801163918525703,0.9895544312061367,6186,6068,0.660571178784788,0.9998345922699454,0.7955427844436158,18137,27452,0.9899503451156874,0.9999856142706435,0.9949426757062363,208540,210654,0.999225356658705,0.8528374655647383,0.9202461282363782,72600,61964,0.0,0.0,0.0,19740,0,0.2571428571428571,0.03428571428571429,0.06050420168067227,525,70,0.2812233865261078,0.3513568639755249,1996483,488,0.7828420698054707,0.9867700263857841,0.0008844455587677658,0.999843418598175,3135001,766,0.46514674562734926,1.553494118154049,0.2804371416568756,0.36615097522735596,2457612,601,0.8356289656289284,1.1984304375946522,0.002484948607161641,0.9985605478286743,2945641,720,0.3944359477766966,1.4274248136207461,0.0025585785042494535,0.9986233115196228,2720274,665,0.3857000679548744,1.292168858461082,6.458288254216313,0.06669280398637056,6.524981058202684,3.762477871030569,10.287458929233253,0.016201654449105263
62,1.1542884197526178,0.9884447812757106,0.6961343135975272,0.7061782886055112,0.6961343135975272,0.6806835715989122,0.9850814385586862,0.7639758552384058,0.0,0.0,0.9916290337717785,0.9993022980882327,0.9954508791354215,2495335,2514644,0.9991760052735662,0.9801163918525703,0.9895544312061367,6186,6068,0.6602344717104784,0.9998345922699454,0.7952985549196325,18137,27466,0.9899503451156874,0.9999856142706435,0.9949426757062363,208540,210654,0.9992278613367651,0.8556060606060606,0.9218565651318963,72600,62165,0.0,0.0,0.0,19740,0,0.30303030303030304,0.0380952380952381,0.0676818950930626,525,66,0.28025493025779724,0.35207512974739075,1996483,488,0.7696248139223115,0.9635958643630147,0.0008796982001513243,0.9998494982719421,3135001,766,0.4532731380307147,1.497916193678975,0.2792699635028839,0.36660099029541016,2457612,601,0.7735588377120943,1.1736997477710247,0.002608736278489232,0.9985395073890686,2945641,720,0.3984685583608352,1.4253167156130075,0.0025603098329156637,0.9985817670822144,2720274,665,0.39524783608733516,1.2733753742650151,6.333903895691037,0.06961868144571781,6.403522577136755,3.720432615838945,10.1239551929757,0.014872808940708637
63,1.2094557977439309,0.9880470588568919,0.6725893618248701,0.7343529866984877,0.6725893618248701,0.6674703140116114,0.9846538022477731,0.803720084110371,0.0,0.0,0.9911444417858338,0.9993263429559558,0.9952185763725715,2495335,2515934,0.9990174887011201,0.8218558034270934,0.9018181818181819,6186,5089,0.6608841430081271,0.9998345922699454,0.7957697033526417,18137,27439,0.990199476735628,0.9999856142706435,0.9950684853068538,208540,210601,0.999225356658705,0.8528374655647383,0.9202461282363782,72600,61964,0.0,0.0,0.0,19740,0,0.5,0.03428571428571429,0.06417112299465241,525,36,0.2833215296268463,0.3511865437030792,1996483,488,0.912644297845299,0.9907013233751059,0.000874948687851429,0.9998392462730408,3135001,766,0.45554236239228063,1.5879902075976133,0.28368282318115234,0.36498722434043884,2457612,601,1.074733668373755,1.198884405195713,0.002682445337995887,0.9985571503639221,2945641,720,0.38716880873058973,1.4317235499620438,0.0024703657254576683,0.9986004829406738,2720274,665,0.3626253634884811,1.2738116532564163,6.483111139386892,0.07325735781341791,6.55636849720031,3.7382158506661654,10.294584347866476,0.10574228223413229
64,1.0918483899112166,0.9883462368617787,0.6888893622905137,0.7122698969452733,0.6888893622905137,0.6767580308529393,0.9849779664520195,0.75358639838811,0.0,0.0,0.9914907237318192,0.9993123167831173,0.9953861552724308,2495335,2515020,0.998959597711115,0.9312964759133527,0.9639421065841212,6186,5767,0.660571178784788,0.9998345922699454,0.7955427844436158,18137,27452,0.9901853715978803,0.9999856142706435,0.9950613631592007,208540,210604,0.9992278613367651,0.8556060606060606,0.9218565651318963,72600,62165,0.0,0.0,0.0,19740,0,0.34545454545454546,0.03619047619047619,0.06551724137931035,525,55,0.28350815176963806,0.3526836931705475,1996483,488,0.9228793924666608,0.9622976370155811,0.0007084356620907784,0.9998491406440735,3135001,766,0.36807329857623655,1.5534932976588607,0.28121206164360046,0.3662925660610199,2457612,601,0.8680833362233451,1.2162841223180294,0.002368051325902343,0.9986050128936768,2945641,720,0.40033997383963466,1.3516387268900871,0.002448608400300145,0.9986328482627869,2720274,665,0.40388177974778705,1.385787128470838,6.469500912353396,0.0425958251580596,6.512096737511456,3.7676605945453048,10.27975733205676,0.012207279913127422
65,1.1130862299234365,0.9880357156150005,0.6723571661163816,0.7255588765916865,0.6723571661163816,0.6671961545694503,0.984643875570684,0.7526625616962119,0.0,0.0,0.9911593346884622,0.9993175265044573,0.9952217119661144,2495335,2515874,0.9990155542429612,0.8202392499191723,0.9008433200177541,6186,5079,0.6605230567494719,0.9998345922699454,0.7955078853282446,18137,27454,0.9899644435583026,0.9999856142706435,0.9949497961549747,208540,210651,0.999225356658705,0.8528374655647383,0.9202461282363782,72600,61964,0.0,0.0,0.0,19740,0,0.43902439024390244,0.03428571428571429,0.0636042402826855,525,41,0.2822379767894745,0.3516148030757904,1996483,488,0.8296805113877043,1.014673282392323,0.00085098558338359,0.9998504519462585,3135001,766,0.44726909741257287,1.5359739316627383,0.27888748049736023,0.365998774766922,2457612,601,0.7100887927901263,1.224251334555447,0.0026025716215372086,0.9985958337783813,2945641,720,0.40107471348421075,1.4324763286858797,0.0025008150842040777,0.9986229538917542,2720274,665,0.3790384735062098,1.292035018093884,6.499409895390272,0.0950449500232935,6.594454845413566,3.768541174940765,10.36299602035433,0.0169503977522254
66,1.1094673558261106,0.9883444644802332,0.6883449728543837,0.7180912593615097,0.6883449728543837,0.6759115322385663,0.9849747925409306,0.7539226596460825,0.0,0.0,0.9914899251258141,0.9993111145397311,0.9953851564180894,2495335,2515019,0.9991328477280611,0.9312964759133527,0.9640227576974565,6186,5766,0.6602344717104784,0.9998345922699454,0.7952985549196325,18137,27466,0.9901900732658129,0.9999856142706435,0.9950637371970903,208540,210603,0.9992278613367651,0.8556060606060606,0.9218565651318963,72600,62165,0.0,0.0,0.0,19740,0,0.38636363636363635,0.03238095238095238,0.05975395430579965,525,44,0.28183555603027344,0.3520415425300598,1996483,488,0.8793420084911119,1.0421535391360521,0.0008443660917691886,0.9998523592948914,3135001,766,0.44696411413648596,1.5659555867314339,0.27976763248443604,0.3650767505168915,2457612,601,0.7737857517433697,1.1601016782224178,0.0024119694717228413,0.9986668229103088,2945641,720,0.380426850076494,1.4465454071760178,0.0024036895483732224,0.9987078309059143,2720274,665,0.371812721880824,1.356753833591938,6.57151004485786,0.027485725469887257,6.598995770327747,3.732046166434884,10.331041936762631,0.012430150993168354
67,1.095277251621298,0.9883930277345809,0.6922141567963022,0.7132102680954746,0.6922141567963022,0.6785465789440728,0.9850259285164865,0.7571246279255217,0.0,0.0,0.9915474554488831,0.9993075078095727,0.9954123578724119,2495335,2514864,0.9991539763113367,0.9545748464274167,0.9763558201058201,6186,5910,0.660571178784788,0.9998345922699454,0.7955427844436158,18137,27452,0.9901195529346969,0.9999856142706435,0.9950281278181498,208540,210618,0.9992278613367651,0.8556060606060606,0.9218565651318963,72600,62165,0.0,0.0,0.0,19740,0,0.35185185185185186,0.03619047619047619,0.06563039723661486,525,54,0.28053075075149536,0.3512175977230072,1996483,488,0.8312145876668741,0.9479520190507174,0.0008620561566203833,0.9998507499694824,3135001,766,0.4609808679157718,1.5242958022281528,0.2784128189086914,0.36654362082481384,2457612,601,0.7539319308260328,1.2101012282073498,0.002517211716622114,0.9986386299133301,2945641,720,0.3890144932286816,1.4914976693689823,0.002483821939677,0.9986699819564819,2720274,665,0.3784605259191853,1.374327358789742,6.548174077644944,0.05035060830414295,6.598524685949087,3.854945403523743,10.45347008947283,0.05365790333598852
68,1.1040902343185033,0.9882487558767741,0.6828106679603902,0.7113224215058975,0.6828106679603902,0.6736890479435029,0.9848769972374607,0.7551114069896157,0.0,0.0,0.9914016328429238,0.9993119160353219,0.9953410583205936,2495335,2515245,0.9990894190493534,0.8868412544455222,0.9396249036567611,6186,5491,0.6605952424319697,0.9998345922699454,0.7955602351496007,18137,27451,0.9899597440328124,0.9999856142706435,0.9949474226607378,208540,210652,0.9992278613367651,0.8556060606060606,0.9218565651318963,72600,62165,0.0,0.0,0.0,19740,0,0.3389830508474576,0.0380952380952381,0.0684931506849315,525,59,0.2814942002296448,0.3512391448020935,1996483,488,0.9478501706316523,1.0276519916951656,0.0008510503685101867,0.9998504519462585,3135001,766,0.4574030564543405,1.6248383177444339,0.27942875027656555,0.3650348484516144,2457612,601,0.8560689454759275,1.2675049994140863,0.002448984421789646,0.9986624121665955,2945641,720,0.40667790563565104,1.5686597246676683,0.00231345952488482,0.9987431168556213,2720274,665,0.3725179231950278,1.38395285140723,6.872607884928584,0.027216747403144836,6.899824632331729,3.9436498964205384,10.843474528752267,0.017006613314151764
69,1.0000325986801213,0.9883880650662534,0.6924854068945637,0.7015151381174735,0.6924854068945637,0.6786857902541203,0.9850246888494844,0.7558191202788954,0.0,0.0,0.9915667249880706,0.9993014965926419,0.9954190855136638,2495335,2514800,0.9991539763113367,0.9545748464274167,0.9763558201058201,6186,5910,0.6604508868412426,0.9998345922699454,0.7954555423959293,18137,27457,0.9899362470746285,0.9999856142706435,0.9949355553594134,208540,210657,0.9992278613367651,0.8556060606060606,0.9218565651318963,72600,62165,0.0,0.0,0.0,19740,0,0.2702702702702703,0.0380952380952381,0.0667779632721202,525,74,0.2822019159793854,0.3517625629901886,1996483,488,1.0014300816946016,1.001048143953085,0.0008518653339706361,0.9998481869697571,3135001,766,0.46152457032486394,1.6106253890320659,0.2786850333213806,0.3666636645793915,2457612,601,0.9433054271815564,1.178593484684825,0.0024365310091525316,0.9986718893051147,2945641,720,0.3943868168518595,1.4921108800917864,0.002454604022204876,0.9986839294433594,2720274,665,0.38713804877632574,1.3220355128869414,6.604413410648704,0.10513634141534567,6.709549752064049,3.7626134399324656,10.472163191996515,0.028061934746801853
70,1.0254449824339167,0.988185659093753,0.6818954043099668,0.7213879580137119,0.6818954043099668,0.6727586248525338,0.9848048941293516,0.7526386887269172,0.0,0.0,0.9913031863404729,0.9993215339824112,0.9952962109851934,2495335,2515519,0.9990895848506919,0.8870029097963142,0.939715704743963,6186,5492,0.6608118941768093,0.9998345922699454,0.7957173259615173,18137,27442,0.9901947749783953,0.9999856142706435,0.995066111246308,208540,210602,0.999225356658705,0.8528374655647383,0.9202461282363782,72600,61964,0.0,0.0,0.0,19740,0,0.4090909090909091,0.03428571428571429,0.0632688927943761,525,44,0.28089067339897156,0.35218730568885803,1996483,488,0.8302226294229338,1.0285378908738494,0.0009014266543090343,0.9998507499694824,3135001,766,0.4901754338615528,1.5467628929764032,0.27892252802848816,0.3659800589084625,2457612,601,0.812098525999153,1.1755504654720426,0.0026309038512408733,0.9986494779586792,2945641,720,0.4341283326723862,1.4962874855846167,0.0023991859052330256,0.9987280964851379,2720274,665,0.4066785950905269,1.3494597105309367,6.596598445437849,0.08700115699321032,6.683599602431059,3.8640696238726377,10.547669226303697,0.03094223327934742
71,1.078981442380305,0.988271442360557,0.6841087536326353,0.7290866455662038,0.6841087536326353,0.6743565726938805,0.9848986864064099,0.7535035046117937,0.0,0.0,0.9914091116374174,0.9993107137919357,0.9953442311215637,2495335,2515223,0.9991005576542543,0.8978338182993857,0.9457641549595572,6186,5559,0.6603065943269125,0.9998345922699454,0.7953508771929825,18137,27463,0.9901477598617363,0.9999856142706435,0.9950423712638852,208540,210612,0.9992278613367651,0.8556060606060606,0.9218565651318963,72600,62165,0.0,0.0,0.0,19740,0,0.4634146341463415,0.03619047619047619,0.06713780918727916,525,41,0.2806266248226166,0.3528755307197571,1996483,488,0.7706009558607286,0.9730115169659257,0.0008377137128263712,0.9998577833175659,3135001,766,0.45119719774844025,1.5238593621179461,0.28053000569343567,0.3659328818321228,2457612,601,0.792561246077431,1.1433559441938996,0.0024493872188031673,0.9986763000488281,2945641,720,0.4443143481731729,1.4649153826758265,0.0023874256294220686,0.9987254738807678,2720274,665,0.40215764744403576,1.286914262920618,6.392056468874216,0.022091422230005264,6.414147891104221,3.865467133000493,10.279615024104714,0.013862336985766888
72,1.1244017770062256,0.9882016105276628,0.6833448871043368,0.7183365549918708,0.6833448871043368,0.6738322190381965,0.9848230442020988,0.7548857350761123,0.0,0.0,0.9913236545204456,0.9993187287478434,0.9953051362109206,2495335,2515460,0.9990979613927476,0.895247332686712,0.944326029499531,6186,5543,0.6607637370645678,0.9998345922699454,0.7956824115311204,18137,27444,0.9901900732658129,0.9999856142706435,0.9950637371970903,208540,210603,0.999225356658705,0.8528374655647383,0.9202461282363782,72600,61964,0.0,0.0,0.0,19740,0,0.3877551020408163,0.03619047619047619,0.06620209059233449,525,49,0.27967342734336853,0.35237565636634827,1996483,488,0.8191127748830321,0.965480144135654,0.0008007067954167724,0.9998536109924316,3135001,766,0.4431639560469848,1.4768491014838219,0.2795504331588745,0.3663157522678375,2457612,601,0.75480841082477,1.1603948697447777,0.0024356062058359385,0.9986518621444702,2945641,720,0.39939669254185867,1.3587938817217946,0.002162473276257515,0.9988214373588562,2720274,665,0.36752623563357967,1.2585565652698278,6.220074562355876,0.06803585216403008,6.288110414519906,3.7401303686201572,10.028240783140063,0.015089028514921665
73,1.0587886350482039,0.9883278040937051,0.691773543719903,0.7122643311415011,0.691773543719903,0.6782667071571901,0.9849548655704754,0.7545939978111583,0.0,0.0,0.9914864109409083,0.999315122017685,0.9953853735041284,2495335,2515038,0.9989845997630733,0.9542515357258325,0.9761058288548987,6186,5909,0.6607396611404628,0.9998345922699454,0.7956649554648765,18137,27445,0.9899597440328124,0.9999856142706435,0.9949474226607378,208540,210652,0.999225356658705,0.8528374655647383,0.9202461282363782,72600,61964,0.0,0.0,0.0,19740,0,0.34545454545454546,0.03619047619047619,0.06551724137931035,525,55,0.28206974267959595,0.35172751545906067,1996483,488,0.8876852039143492,0.9644464049488306,0.0008354424498975277,0.999849796295166,3135001,766,0.4473556283280818,1.4900887915864587,0.27840694785118103,0.36671534180641174,2457612,601,0.7912332726915936,1.2041140319779515,0.0023243012838065624,0.9987421631813049,2945641,720,0.3923425539976286,1.4179838905110955,0.002256496576592326,0.9987501502037048,2720274,665,0.3644857168254392,1.2781869694590569,6.354820088483393,0.040705456398427486,6.395525544881821,3.755919155664742,10.151444700546563,0.021172592416405678
74,1.041734827578838,0.9880222455152543,0.6716364782323648,0.7161330666994162,0.6716364782323648,0.6669790184055785,0.9846298619959608,0.7539657469887701,0.0,0.0,0.9911238934676435,0.9993191294956388,0.9952046403899345,2495335,2515968,0.9990071485305798,0.8132880698351116,0.8966316164676528,6186,5036,0.6608359753653292,0.9998345922699454,0.7957347843257712,18137,27441,0.9901900732658129,0.9999856142706435,0.9950637371970903,208540,210603,0.999225356658705,0.8528374655647383,0.9202461282363782,72600,61964,0.0,0.0,0.0,19740,0,0.37254901960784315,0.03619047619047619,0.06597222222222222,525,51,0.2801549732685089,0.35214775800704956,1996483,488,0.7746728534437245,0.9677594425156713,0.0008400114020332694,0.999854564666748,3135001,766,0.45520457620883376,1.548138651996851,0.2793397605419159,0.36642399430274963,2457612,601,0.8417497815879297,1.2299433508887887,0.0022822327446192503,0.9987703561782837,2945641,720,0.3940970048169191,1.31053074169904,0.002361954189836979,0.9987725615501404,2720274,665,0.3844104906377881,1.3064013058319688,6.36277349293232,0.038420237600803375,6.401193730533123,3.71101451292634,10.112208243459463,0.021184622310101986
75,1.0900642684664856,0.9873076212760934,0.6256742980040826,0.7047259067677955,0.6256742980040826,0.6329100049863264,0.9837508777454916,0.7526986817568876,0.0,0.0,0.9903362015350559,0.9993131182787081,0.9948044088421792,2495335,2517954,0.9983520105471325,0.48965405754930486,0.6570498915401302,6186,3034,0.6608600583090379,0.9998345922699454,0.7957522434561292,18137,27440,0.9901900732658129,0.9999856142706435,0.9950637371970903,208540,210603,0.999225356658705,0.8528374655647383,0.9202461282363782,72600,61964,0.0,0.0,0.0,19740,0,0.29411764705882354,0.0380952380952381,0.06745362563237774,525,68,0.281839519739151,0.35316401720046997,1996483,488,0.856447512092071,0.9654051139950752,0.0008144817547872663,0.9998475909233093,3135001,766,0.44365625141487663,1.5097003635019064,0.279252290725708,0.3666307032108307,2457612,601,0.8947149408537484,1.193946280516684,0.002335695084184408,0.9987303018569946,2945641,720,0.4009593465902561,1.3484339397400618,0.0022261522244662046,0.9988405704498291,2720274,665,0.3800632301506297,1.3761774376034737,6.393663135357201,0.06873287167400122,6.462396007031202,3.6958164274692535,10.158212434500456,0.015251687727868557
76,1.0418472999977595,0.9873118749918027,0.6255137303973065,0.7248068854642173,0.6255137303973065,0.6331262204758623,0.9837509915718754,0.74544728835709,0.0,0.0,0.9903335213147046,0.9993207324868204,0.9948068294132725,2495335,2517980,0.9983481995374959,0.4885224700937601,0.656029523499403,6186,3027,0.6607637370645678,0.9998345922699454,0.7956824115311204,18137,27444,0.9901947749783953,0.9999856142706435,0.995066111246308,208540,210602,0.999225356658705,0.8528374655647383,0.9202461282363782,72600,61964,0.0,0.0,0.0,19740,0,0.43478260869565216,0.0380952380952381,0.07005253940455342,525,46,0.28044241666793823,0.35397496819496155,1996483,488,0.774100768526383,0.9358078185468912,0.0008253384148702025,0.9998459815979004,3135001,766,0.44365473684051326,1.5436659846454859,0.2782755196094513,0.3663552403450012,2457612,601,0.8309517294023849,1.1440654434263706,0.0021976183634251356,0.9987679719924927,2945641,720,0.3760626551906509,1.4330526189878583,0.0022971974685788155,0.9988012313842773,2720274,665,0.36669657518320325,1.2729222746565938,6.3295141402632,0.0421535549685359,6.371667695231736,3.7312888065353036,10.10295650176704,0.017100625671446323
77,1.120580184831384,0.9869705143061321,0.6029981363903403,0.7377299396748491,0.6029981363903403,0.6105276463012296,0.9832338594713743,0.7496427534237206,0.0,0.0,0.9899502454776105,0.999325541460365,0.9946158009629257,2495335,2518967,0.9975633528265108,0.33090850307145164,0.49696528283563973,6186,2052,0.6608600583090379,0.9998345922699454,0.7957522434561292,18137,27440,0.9901947749783953,0.9999856142706435,0.995066111246308,208540,210602,0.999225356658705,0.8528374655647383,0.9202461282363782,72600,61964,0.0,0.0,0.0,19740,0,0.5263157894736842,0.0380952380952381,0.07104795737122557,525,38,0.27849245071411133,0.35534435510635376,1996483,488,0.7669084010806351,0.9534830534830689,0.0008150445646606386,0.9998552203178406,3135001,766,0.4381809276089919,1.66698136087507,0.2789510190486908,0.3669118583202362,2457612,601,0.6915950416369565,1.137959698215127,0.0023121971171349287,0.9988080263137817,2945641,720,0.41726458583831666,1.4320829585194588,0.002141563920304179,0.9988633394241333,2720274,665,0.38126650974438864,1.2762228921055794,6.466729963198304,0.01350442972034216,6.480234392918646,3.7677979059517384,10.248032298870385,0.01187900174409151
78,1.0425325325629675,0.9869627158273317,0.6030199132691257,0.7086230345911788,0.6030199132691257,0.6101362817534509,0.9832300539769162,0.7451798219515433,0.0,0.0,0.9899505467174128,0.9993163242610712,0.9946113877212233,2495335,2518943,0.997564539698003,0.3310701584222438,0.49714771210098313,6186,2053,0.6608359753653292,0.9998345922699454,0.7957347843257712,18137,27441,0.9902041785375119,0.9999856142706435,0.9950708593787279,208540,210600,0.999225356658705,0.8528374655647383,0.9202461282363782,72600,61964,0.0,0.0,0.0,19740,0,0.3225806451612903,0.0380952380952381,0.06814310051107325,525,62,0.2796629071235657,0.35423392057418823,1996483,488,0.8653261394900711,0.9761884054169059,0.0007860568584874272,0.9998593926429749,3135001,766,0.4201656759372648,1.461853095330298,0.28226664662361145,0.3650718629360199,2457612,601,1.0467940906850906,1.1545399641618133,0.0021818613167852163,0.9987971782684326,2945641,720,0.369718857532265,1.3667203653603792,0.00212563993409276,0.9988787770271301,2720274,665,0.35733095299817164,1.2627824125811458,6.222084242850542,0.013256669044494629,6.235340911895037,3.8158200653269887,10.051160977222025,0.018120313994586468
79,1.066721177856618,0.9880190552284724,0.672262007250837,0.6995415675677451,0.672262007250837,0.6672426113781725,0.9846317673609131,0.75949379241892,0.0,0.0,0.9911308891408839,0.9993083093051635,0.9952028013724299,2495335,2515923,0.9990100970104929,0.8157129000969933,0.8981044762837056,6186,5051,0.6608242539081004,0.9998897281799636,0.7957437472575691,18137,27443,0.9901901198457769,0.9999904095137624,0.9950661347889985,208540,210604,0.999225356658705,0.8528374655647383,0.9202461282363782,72600,61964,0.0,0.0,0.0,19740,0,0.2564102564102564,0.0380952380952381,0.06633499170812604,525,78,0.27938684821128845,0.3530939221382141,1996483,488,0.7530803164853034,0.9486802984029055,0.0007731595542281866,0.9998603463172913,3135001,766,0.424646862901041,1.5288199577480555,0.27785345911979675,0.3669171631336212,2457612,601,0.7871989321697249,1.1769719449803233,0.0023513571359217167,0.9987883567810059,2945641,720,0.4282185041580818,1.3490927191451192,0.002246888354420662,0.9988530278205872,2720274,665,0.4120964873420801,1.3084858041256666,6.31205072440207,0.025861739180982113,6.337912463583052,3.7821764536201954,10.120088917203248,0.013186199590563774
80,0.9496011783530004,0.9879400070115414,0.6674800838116918,0.6932868090441688,0.6674800838116918,0.6640349929196763,0.9845469676772275,0.7558338178642102,0.0,0.0,0.9910489023558532,0.9993022980882327,0.995158488030712,2495335,2516116,0.9989677952105698,0.7822502424830262,0.8774252039891206,6186,4844,0.6608001749016178,0.9998897281799636,0.7957262894627147,18137,27444,0.990199476735628,0.9999856142706435,0.9950684853068538,208540,210601,0.999225356658705,0.8528374655647383,0.9202461282363782,72600,61964,0.0,0.0,0.0,19740,0,0.2127659574468085,0.0380952380952381,0.06462035541195477,525,94,0.2802872061729431,0.3521888256072998,1996483,488,0.8611123956676913,1.0043531907722354,0.0008148006745614111,0.9998485445976257,3135001,766,0.4485896619140782,1.4833008656278253,0.2774372696876526,0.3672829568386078,2457612,601,0.942071382176206,1.154874944128096,0.0020754372235387564,0.9988738894462585,2945641,720,0.37962991590920536,1.39871989749372,0.002207117388024926,0.9988482594490051,2720274,665,0.36761234962889433,1.2966423751786351,6.337891273200512,0.037621378898620605,6.3755126520991325,3.712851162068546,10.088363814167678,0.01395890861749649
81,1.0234668506232267,0.9880527304778376,0.6743479109618608,0.7031581703842301,0.6743479109618608,0.6686079554458264,0.984667512404401,0.7597385479202396,0.0,0.0,0.9911663628580218,0.9993103130441404,0.9952216776391476,2495335,2515838,0.9990274265707061,0.8302618816682832,0.9068597157234926,6186,5141,0.6608125341592276,0.9999448640899818,0.7957527094028345,18137,27445,0.9901853715978803,0.9999856142706435,0.9950613631592007,208540,210604,0.999225356658705,0.8528374655647383,0.9202461282363782,72600,61964,0.0,0.0,0.0,19740,0,0.28169014084507044,0.0380952380952381,0.06711409395973154,525,71,0.27978286147117615,0.35354721546173096,1996483,488,0.7675979975076496,1.0018267529085279,0.0008626889903098345,0.9998580813407898,3135001,766,0.47638450487854916,1.4834520360454917,0.27792268991470337,0.3673126697540283,2457612,601,0.7300392385574733,1.2437031092122197,0.0023355712182819843,0.9988334774971008,2945641,720,0.4282657502107668,1.414195234887302,0.002192790387198329,0.998896062374115,2720274,665,0.40845338451433183,1.2838011346757412,6.426978267729282,0.02489530947059393,6.451873577199876,3.8441516906023026,10.296025267802179,0.023131691850721836
82,0.9666686337478929,0.9880867602035119,0.6723229791457385,0.6995760018143392,0.6723229791457385,0.6670054942924301,0.9847044899702945,0.755750756847583,0.0,0.0,0.9912084810710254,0.9993059048183911,0.9952407227619733,2495335,2515720,0.9990095087163233,0.8152279340446169,0.8978102189781022,6186,5048,0.6606440332216232,0.9999448640899818,0.7956305249073241,18137,27452,0.9901853715978803,0.9999856142706435,0.9950613631592007,208540,210604,0.9992278613367651,0.8556060606060606,0.9218565651318963,72600,62165,0.0,0.0,0.0,19740,0,0.25675675675675674,0.03619047619047619,0.06343906510851419,525,74,0.27975887060165405,0.35197144746780396,1996483,488,0.7686855663384301,0.9437869722023606,0.0008503636927343905,0.9998533129692078,3135001,766,0.4485954622752032,1.5775174172595143,0.278619647026062,0.3662189245223999,2457612,601,1.0075217132918177,1.159991730004549,0.002121559577062726,0.9988657236099243,2945641,720,0.38148690284206516,1.3476268807426095,0.0020925498101860285,0.9989023208618164,2720274,665,0.36861043117067965,1.2203238988295197,6.249246899038553,0.056746382266283035,6.305993281304836,3.7438441375270486,10.049837418831885,0.01844383403658867
83,1.0149223360596014,0.9880187007521632,0.6678846189412987,0.7043013791917615,0.6678846189412987,0.6646555037192264,0.9846274301538046,0.757920456142589,0.0,0.0,0.9911285431175858,0.9993103130441404,0.9952026123522805,2495335,2515934,0.9989677952105698,0.7822502424830262,0.8774252039891206,6186,4844,0.6607403089478286,0.9999448640899818,0.7957003400241307,18137,27448,0.9901900732658129,0.9999856142706435,0.9950637371970903,208540,210603,0.9992278613367651,0.8556060606060606,0.9218565651318963,72600,62165,0.0,0.0,0.0,19740,0,0.2898550724637681,0.0380952380952381,0.06734006734006734,525,69,0.27887773513793945,0.3537350296974182,1996483,488,0.813616027703313,0.9899860825389624,0.0008476797956973314,0.9998526573181152,3135001,766,0.4756593564326923,1.6145280553027987,0.2773214876651764,0.3676735758781433,2457612,601,0.7649876474278438,1.1763211665675044,0.0022865915670990944,0.9988626837730408,2945641,720,0.42056338273723703,1.4203105103224516,0.00224653840996325,0.9989192485809326,2720274,665,0.40029139364872146,1.34125323779881,6.542399052530527,0.05696931201964617,6.599368364550173,3.726788241416216,10.32615660596639,0.026990914717316628
84,1.1145097724614943,0.9870236857524982,0.6064896008618842,0.7179702604853092,0.6064896008618842,0.614005706435188,0.9833232011124708,0.8041145069775172,0.0,0.0,0.9900138677533247,0.9993207324868204,0.994645529591586,2495335,2518793,0.9977426636568849,0.3572583252505658,0.5261278419235805,6186,2215,0.6608600583090379,0.9998345922699454,0.7957522434561292,18137,27440,0.9901947749783953,0.9999856142706435,0.995066111246308,208540,210602,0.999225356658705,0.8528374655647383,0.9202461282363782,72600,61964,0.0,0.0,0.0,19740,0,0.3877551020408163,0.03619047619047619,0.06620209059233449,525,49,0.2789188623428345,0.35371699929237366,1996483,488,0.7198542510109849,0.921029451303184,0.0008152024238370359,0.9998571276664734,3135001,766,0.4529137213883859,1.500586912035942,0.27663159370422363,0.36765730381011963,2457612,601,0.6266660274351256,1.1266941679641604,0.0020547055173665285,0.9988898634910583,2945641,720,0.38831809071069373,1.3873396972194314,0.0021471299696713686,0.9989001154899597,2720274,665,0.38336138716905815,1.2430075202137232,6.178657748736441,0.06573651544749737,6.2443942641839385,3.7716592717915773,10.016053535975516,0.014493176713585854
85,1.0497447810974823,0.9873923411139701,0.630760367355707,0.7079748065171643,0.630760367355707,0.6372673159556317,0.9838648986809579,0.8037601010092726,0.0,0.0,0.9904270948723275,0.9993163242610712,0.9948518531373814,2495335,2517731,0.9984690753214942,0.5271580989330746,0.6900126957257723,6186,3266,0.6608359753653292,0.9998345922699454,0.7957347843257712,18137,27441,0.990199476735628,0.9999856142706435,0.9950684853068538,208540,210601,0.999225356658705,0.8528374655647383,0.9202461282363782,72600,61964,0.0,0.0,0.0,19740,0,0.31666666666666665,0.03619047619047619,0.06495726495726496,525,60,0.27938029170036316,0.35533034801483154,1996483,488,0.8437612580281223,1.0468263057991862,0.0007810284732840955,0.9998599886894226,3135001,766,0.41906356712557646,1.579348505474627,0.2785409390926361,0.3670514225959778,2457612,601,0.8172559087039156,1.212054055184126,0.002077732002362609,0.9988959431648254,2945641,720,0.35784069838965704,1.4192838603630662,0.0020310566760599613,0.9989379644393921,2720274,665,0.34042000950364837,1.3260507388040423,6.583563465625048,0.10074147582054138,6.684304941445589,3.8041612254455686,10.488466166891158,0.026696238666772842
86,0.9602770917699298,0.9884447812757106,0.6966573801811983,0.700459432824253,0.6966573801811983,0.6807685312010399,0.9850835996550168,0.7545815469960068,0.0,0.0,0.9916198806828169,0.999292279393348,0.9954412964370895,2495335,2514642,0.9990149400755213,0.9836728095699968,0.9912845157611795,6186,6091,0.6600429450085527,0.9999448640899818,0.7951944578418907,18137,27477,0.9901525079292728,0.9999904095137624,0.995047142802611,208540,210612,0.9992278613367651,0.8556060606060606,0.9218565651318963,72600,62165,0.0,0.0,0.0,19740,0,0.2631578947368421,0.0380952380952381,0.06655574043261231,525,76,0.27943122386932373,0.3538472354412079,1996483,488,0.935668452611745,0.9392628064379096,0.0007844690699130297,0.9998622536659241,3135001,766,0.4300951405822305,1.4583027670159936,0.2796078622341156,0.36627304553985596,2457612,601,0.9785229838260179,1.1388581786304712,0.002187443431466818,0.9988735318183899,2945641,720,0.38369989238907337,1.4092043284326792,0.0021048819180577993,0.9989526867866516,2720274,665,0.36788297257562397,1.2869295226410031,6.232557603158057,0.03605886921286583,6.268616472370923,3.8350766506046057,10.103693122975528,0.016488345339894295
87,1.1754015944515501,0.9880357156150005,0.6678991495486877,0.7325597068161269,0.6678991495486877,0.6648850395472852,0.9846393095452827,0.8031958001955793,0.0,0.0,0.9911302528490028,0.999325541460365,0.9952110259547268,2495335,2515968,0.999176276771005,0.7843517620433237,0.8788262995834089,6186,4856,0.6610045928410002,0.9998345922699454,0.7958570143292883,18137,27434,0.990199476735628,0.9999856142706435,0.9950684853068538,208540,210601,0.9992278613367651,0.8556060606060606,0.9218565651318963,72600,62165,0.0,0.0,0.0,19740,0,0.48717948717948717,0.03619047619047619,0.0673758865248227,525,39,0.28046002984046936,0.3526085615158081,1996483,488,0.9426140019856715,0.9308120626956224,0.000852129072882235,0.9998424649238586,3135001,766,0.45601511468061456,1.5867904303595424,0.2772871255874634,0.3667812645435333,2457612,601,0.7471114307039657,1.2344676461070776,0.002226209733635187,0.9989227652549744,2945641,720,0.4055895165957657,1.4760453235358,0.002189227845519781,0.9989162683486938,2720274,665,0.3988967153029418,1.3495354186743498,6.577650881372392,0.03120716381818056,6.608858045190573,3.773898650892079,10.382756696082652,0.014490047469735146
88,1.0485394088658706,0.9882877482707759,0.6848109253677832,0.7097657574334931,0.6848109253677832,0.6745217750491502,0.984916775604332,0.7557872952853036,0.0,0.0,0.9914217727779644,0.9993163242610712,0.9953533950432488,2495335,2515205,0.9991053855788156,0.902683478823149,0.9484501061571126,6186,5589,0.6608242539081004,0.9998897281799636,0.7957437472575691,18137,27443,0.9901948215362554,0.9999904095137624,0.9950685088382724,208540,210603,0.9992278613367651,0.8556060606060606,0.9218565651318963,72600,62165,0.0,0.0,0.0,19740,0,0.3275862068965517,0.03619047619047619,0.06518010291595197,525,58,0.28101983666419983,0.35463911294937134,1996483,488,0.936796752101587,0.892860365100205,0.0006984412320889533,0.9998558759689331,3135001,766,0.3637700420094431,1.5296946372836828,0.2782648205757141,0.3676088750362396,2457612,601,0.8268921701709457,1.1716072196140885,0.0019818907603621483,0.9989187121391296,2945641,720,0.38965908104119884,1.4737910041585565,0.0020340702030807734,0.9989489912986755,2720274,665,0.3594245355774279,1.2943788664415479,6.362332092598081,0.02998154517263174,6.392313637770712,3.8060069922357798,10.198320630006492,0.013334839604794979
89,1.061264482465555,0.9884153597420546,0.6939617578185354,0.702790106018109,0.6939617578185354,0.6791880500616048,0.9850515056271425,0.8361061357488705,0.0,0.0,0.9915970864385462,0.9993014965926419,0.9954343841927579,2495335,2514723,0.9989976612094889,0.9666989977368251,0.9825829773250082,6186,5986,0.6603553743081853,0.9999448640899818,0.7954211530448894,18137,27464,0.9899409941278952,0.9999904095137624,0.9949403263859236,208540,210657,0.9992278613367651,0.8556060606060606,0.9218565651318963,72600,62165,0.0,0.0,0.0,19740,0,0.27941176470588236,0.03619047619047619,0.06408094435075885,525,68,0.279667466878891,0.3535056412220001,1996483,488,0.7619024956824337,0.9444248024374247,0.0008060854161158204,0.999856173992157,3135001,766,0.42966522597972084,1.5429857857525349,0.2779114842414856,0.3675588369369507,2457612,601,0.826379161277781,1.2117532258853316,0.002094418043270707,0.9989550113677979,2945641,720,0.3696854646048598,1.5023171305656433,0.0019713991787284613,0.9989725351333618,2720274,665,0.42725505158706656,1.3742984291166067,6.575779373757541,0.06909834127873182,6.644877715036273,3.7582387840375304,10.403116499073803,0.02422329969704151
90,1.043506239791238,0.9874618184705553,0.6313555242772448,0.7071958049311092,0.6313555242772448,0.6376136887047098,0.9839420269502673,0.8039314658040148,0.0,0.0,0.9905100486394267,0.9993103130441404,0.9948907206294236,2495335,2517505,0.9984728161270617,0.5284513417394116,0.6911205073995772,6186,3274,0.6604756181943989,0.9999448640899818,0.7955083779278884,18137,27459,0.9902088803840474,0.9999856142706435,0.9950732334619303,208540,210599,0.9992278613367651,0.8556060606060606,0.9218565651318963,72600,62165,0.0,0.0,0.0,19740,0,0.3114754098360656,0.03619047619047619,0.06484641638225255,525,61,0.279018759727478,0.35339343547821045,1996483,488,0.8713474518990727,0.9870356563478708,0.0008467651205137372,0.9998472332954407,3135001,766,0.45217027750472566,1.512657011859119,0.2765673100948334,0.36728620529174805,2457612,601,0.6993225179825209,1.257815446704626,0.0019735698588192463,0.9989333152770996,2945641,720,0.36545121352786036,1.4834573464468122,0.0019801899325102568,0.9989321231842041,2720274,665,0.3501503688906384,1.3863891577348113,6.627354619093239,0.06676664389669895,6.694121262989938,3.7459966046735644,10.440117867663503,0.01753565575927496
91,0.9759970524540189,0.9873831247299334,0.6310515817289998,0.6949963487914016,0.6310515817289998,0.6371036621894175,0.9838620354899247,0.7568323093509332,0.0,0.0,0.9904328398224552,0.9992998936014603,0.9948466091230618,2495335,2517675,0.9984746796827334,0.5290979631425801,0.6916737109044802,6186,3278,0.6604515659140568,0.9999448640899818,0.7954909314209269,18137,27460,0.9901995232713839,0.9999904095137624,0.9950708828988744,208540,210602,0.999225356658705,0.8528374655647383,0.9202461282363782,72600,61964,0.0,0.0,0.0,19740,0,0.2261904761904762,0.03619047619047619,0.06239737274220033,525,84,0.27856317162513733,0.3542889952659607,1996483,488,0.8109149008309542,0.9544105138629675,0.0007911035208962858,0.999854564666748,3135001,766,0.43266109519289925,1.6100362790748477,0.27692779898643494,0.3671136796474457,2457612,601,0.86590354689521,1.2129835654050112,0.0019849189557135105,0.9989791512489319,2945641,720,0.3802087852839229,1.35446332488209,0.0020321945194154978,0.9990022778511047,2720274,665,0.36762510890247313,1.327107159420848,6.459000842645764,0.07033570110797882,6.529336543753743,3.80093648750335,10.330273031257093,0.014271986670792103
92,0.9977839560587779,0.9881328421236959,0.6764570235177015,0.7052663984790223,0.6764570235177015,0.6696029379955047,0.9847539613043033,0.8202745942661681,0.0,0.0,0.9912581421991908,0.9993075078095727,0.9952665501614171,2495335,2515598,0.9988534301547869,0.8449725185903654,0.9154917243191173,6186,5233,0.6604515659140568,0.9999448640899818,0.7954909314209269,18137,27460,0.9901995232713839,0.9999904095137624,0.9950708828988744,208540,210602,0.9992271278137378,0.854793388429752,0.9213843481359405,72600,62106,0.0,0.0,0.0,19740,0,0.296875,0.03619047619047619,0.06451612903225806,525,64,0.2773096263408661,0.35667118430137634,1996483,488,0.776421443674814,1.0108807859942317,0.0008276015869341791,0.9998583793640137,3135001,766,0.4601463809132968,1.5146909300237894,0.277227520942688,0.36717188358306885,2457612,601,0.7886373249585046,1.216981191188097,0.002019118284806609,0.9989818334579468,2945641,720,0.4051091639670691,1.3883662475273013,0.002012448152527213,0.9989817142486572,2720274,665,0.39628281132471177,1.3891243860125542,6.520043540745974,0.028438186272978783,6.548481727018952,3.7430785559117794,10.291560282930732,0.01939618308097124
93,0.9617961370634113,0.9873168376601302,0.6259037651138559,0.7148610241689592,0.6259037651138559,0.6330881092929171,0.9837612654342639,0.8125445442070579,0.0,0.0,0.9903452592482567,0.9993143205220942,0.9948095743515858,2495335,2517934,0.9983633387888707,0.49304881991593924,0.6601017205930094,6186,3055,0.6604996722266735,0.9999448640899818,0.7955258252001316,18137,27458,0.9902089268755936,0.9999904095137624,0.995075631054063,208540,210600,0.999225356658705,0.8528374655647383,0.9202461282363782,72600,61964,0.0,0.0,0.0,19740,0,0.36538461538461536,0.03619047619047619,0.0658578856152513,525,52,0.28051042556762695,0.35451892018318176,1996483,488,0.9617648572951535,0.9547262927517295,0.000804227078333497,0.9998641610145569,3135001,766,0.4388086563027449,1.4751211637631059,0.2774412930011749,0.36761337518692017,2457612,601,0.7691480617771517,1.2478449158370495,0.002065814333036542,0.9989193677902222,2945641,720,0.378757812579304,1.3742152182385325,0.0019766977056860924,0.9990100264549255,2720274,665,0.36206957789094585,1.3883262565359473,6.440233847126365,0.02028475236147642,6.460518599487841,3.783415513113141,10.243934112600982,0.01964190322905779
94,1.0755280211063059,0.9870307752786804,0.6067597845637867,0.7288042620007072,0.6067597845637867,0.6144372877895538,0.9833309090140971,0.8041182863502082,0.0,0.0,0.9900166468622074,0.9993235377213882,0.9946483217021983,2495335,2518793,0.9977538185085355,0.359036534109279,0.5280551592962435,6186,2226,0.6610293045633474,0.9999448640899818,0.7959098589076866,18137,27436,0.9901900732658129,0.9999856142706435,0.9950637371970903,208540,210603,0.999225356658705,0.8528374655647383,0.9202461282363782,72600,61964,0.0,0.0,0.0,19740,0,0.4634146341463415,0.03619047619047619,0.06713780918727916,525,41,0.2766757309436798,0.3546726703643799,1996483,488,0.7405603192576221,0.9805933209136128,0.0007848460809327662,0.9998641610145569,3135001,766,0.4369402880337213,1.5629221992567182,0.27820277214050293,0.36830711364746094,2457612,601,0.7411946623476671,1.2361711449921131,0.002058852231130004,0.998989999294281,2945641,720,0.41795066210566484,1.4164877329021692,0.0021810473408550024,0.9989824295043945,2720274,665,0.40362206813367507,1.3070272142067552,6.5032016122713685,0.014795017428696156,6.517996629700065,3.8474399084225297,10.365436538122594,0.020896093919873238
95,1.0285184346085203,0.9867436494683033,0.5884686058084053,0.7159476233074086,0.5884686058084053,0.5923817632771701,0.9828524175546582,0.7993912232965539,0.0,0.0,0.9897053739789416,0.9993163242610712,0.9944876290703188,2495335,2519567,0.9993006993006993,0.23100549628192693,0.3752626050420168,6186,1430,0.6606440332216232,0.9999448640899818,0.7956305249073241,18137,27452,0.9902088803840474,0.9999856142706435,0.9950732334619303,208540,210599,0.999225356658705,0.8528374655647383,0.9202461282363782,72600,61964,0.0,0.0,0.0,19740,0,0.37254901960784315,0.03619047619047619,0.06597222222222222,525,51,0.27921348810195923,0.3545514643192291,1996483,488,0.8242734305042552,0.9811328910291195,0.0007595033966936171,0.9998651146888733,3135001,766,0.41726958514505413,1.532230424694717,0.27708786725997925,0.3680284023284912,2457612,601,0.7570559501801183,1.2210155185312033,0.002005147747695446,0.9989645481109619,2945641,720,0.3619736616552363,1.407769750803709,0.0018693883903324604,0.9990427494049072,2720274,665,0.347762356864065,1.2415343010798097,6.383682886138558,0.03485442139208317,6.4185373075306416,3.8237442281097174,10.242281535640359,0.013666186481714249
96,1.017594795677233,0.9867755523361229,0.5901143533353583,0.7225140971191298,0.5901143533353583,0.5944996797272738,0.9829067640362925,0.8020240330336321,0.0,0.0,0.9897403636060544,0.9993191294956388,0.9945066821939771,2495335,2519485,0.9993390614672836,0.24442289039767218,0.39277828289388234,6186,1513,0.6604756181943989,0.9999448640899818,0.7955083779278884,18137,27459,0.9902136287446759,0.9999904095137624,0.99507800514865,208540,210599,0.999225356658705,0.8528374655647383,0.9202461282363782,72600,61964,0.0,0.0,0.0,19740,0,0.4186046511627907,0.03428571428571429,0.06338028169014084,525,43,0.2776890993118286,0.35602906346321106,1996483,488,0.7596486958987648,0.8757061595097184,0.0007544169784523547,0.999860942363739,3135001,766,0.432366805405804,1.463942402973771,0.27728310227394104,0.3668573498725891,2457612,601,0.8174690268908275,1.1312102042138577,0.0019093737937510014,0.9990178346633911,2945641,720,0.3820484459064921,1.3407535571604967,0.0020192586816847324,0.9990288019180298,2720274,665,0.3696780960996745,1.3843191200867295,6.195931443944573,0.03197603300213814,6.2279074769467115,3.8155772257596254,10.043484702706337,0.013275237753987312
97,1.076994272252021,0.9867603098548313,0.5894899095587707,0.7063167785733759,0.5894899095587707,0.5934592931014558,0.9828860213002881,0.8027204258214095,0.0,0.0,0.9897273350050922,0.9993127175309127,0.9944969298104804,2495335,2519502,0.9993270524899058,0.24005819592628516,0.38712200208550573,6186,1486,0.6606440332216232,0.9999448640899818,0.7956305249073241,18137,27452,0.9902089268755936,0.9999904095137624,0.995075631054063,208540,210600,0.999225356658705,0.8528374655647383,0.9202461282363782,72600,61964,0.0,0.0,0.0,19740,0,0.3050847457627119,0.03428571428571429,0.06164383561643835,525,59,0.27874958515167236,0.35577863454818726,1996483,488,0.8087091959556044,0.9986479161307216,0.0007578071090392768,0.9998612999916077,3135001,766,0.41938291910804065,1.6582377990707755,0.27684932947158813,0.36743393540382385,2457612,601,0.6559895262124101,1.1794603830203414,0.0019088768167421222,0.9990310668945312,2945641,720,0.38364590305598023,1.4901018599048257,0.001965901581570506,0.9990147948265076,2720274,665,0.3705590679877371,1.3395076086744666,6.665955566801131,0.06793096289038658,6.733886529691517,3.863005525432527,10.596892055124044,0.03404696099460125
98,0.9832165175665993,0.9881537562259333,0.6765270467991751,0.7053031346207811,0.6765270467991751,0.6696610315578335,0.9847762907856608,0.8062154465219826,0.0,0.0,0.9912806101903248,0.9993083093051635,0.9952782725901529,2495335,2515543,0.9990439770554493,0.8446492078887812,0.9153819201121234,6186,5230,0.6604996722266735,0.9999448640899818,0.7955258252001316,18137,27458,0.9901948215362554,0.9999904095137624,0.9950685088382724,208540,210603,0.9992278613367651,0.8556060606060606,0.9218565651318963,72600,62165,0.0,0.0,0.0,19740,0,0.296875,0.03619047619047619,0.06451612903225806,525,64,0.27984073758125305,0.35511747002601624,1996483,488,0.9436050720991594,0.9953417582437396,0.0007505069952458143,0.9998667240142822,3135001,766,0.4186974436313142,1.5667581669986248,0.27903029322624207,0.36699527502059937,2457612,601,0.9314931008209697,1.2077388186007738,0.0019631616305559874,0.9990426301956177,2945641,720,0.36415009673314225,1.4736901950091124,0.0019365685293450952,0.9990354180335999,2720274,665,0.3605930233676956,1.3853236781433225,6.628852616995573,0.0399470254778862,6.668799642473459,3.8224150985479355,10.491214741021395,0.03632549103349447
99,0.992400467545117,0.9870215588946436,0.6069618663353038,0.7052416900082141,0.6069618663353038,0.6144195875591754,0.9833255323484461,0.8196751395855385,0.0,0.0,0.9900161547168478,0.9993135190265034,0.9946431107132999,2495335,2518769,0.9977507872244714,0.3585515680569027,0.527530027351647,6186,2223,0.6609811210729645,0.9999448640899818,0.795874931431706,18137,27438,0.9901948215362554,0.9999904095137624,0.9950685088382724,208540,210603,0.9992414828203928,0.8528374655647383,0.9202529670117343,72600,61963,0.0,0.0,0.0,19740,0,0.29850746268656714,0.0380952380952381,0.06756756756756757,525,67,0.2786853015422821,0.3545159101486206,1996483,488,0.8753093333418567,1.035787004046142,0.0007686361786909401,0.9998606443405151,3135001,766,0.42552922466412335,1.6080625606700778,0.2767620384693146,0.3675873279571533,2457612,601,0.7596607592493515,1.2950470363721251,0.0018881034338846803,0.9990704655647278,2945641,720,0.39346286581650536,1.4783877711743116,0.0018994789570569992,0.9990640878677368,2720274,665,0.3934596151864519,1.2988723032176495,6.716156675480306,0.025718477554619312,6.7418751530349255,3.884313208051026,10.626188361085951,0.017328444868326187
100,1.0428013124500064,0.9867518024234128,0.5888435171543425,0.711242105216181,0.5888435171543425,0.5927016837397823,0.9828687594009943,0.8164456347916605,0.0,0.0,0.9897163523095938,0.9993143205220942,0.9944921791576211,2495335,2519534,0.9993141289437586,0.23553184610410605,0.38121402407116695,6186,1458,0.6605959058789247,0.9999448640899818,0.7955956219429273,18137,27454,0.9902042250511631,0.9999904095137624,0.9950732569708046,208540,210601,0.9992414828203928,0.8528374655647383,0.9202529670117343,72600,61963,0.0,0.0,0.0,19740,0,0.33962264150943394,0.03428571428571429,0.06228373702422145,525,53,0.2783072888851166,0.35447582602500916,1996483,488,0.7717324865927502,0.9181768139824271,0.0007981028757058084,0.9998599886894226,3135001,766,0.4447073484583247,1.532038695178926,0.2762600779533386,0.3683209717273712,2457612,601,0.807225362364705,1.1507857479155064,0.0020234137773513794,0.9989984631538391,2945641,720,0.38543027658988727,1.393645752221346,0.0019367358181625605,0.9990508556365967,2720274,665,0.3737933383910462,1.3148298487067223,6.309476858004928,0.05906642973423004,6.368543287739158,3.7471717335283756,10.115715021267533,0.017602644860744476
