round,val_loss,accuracy,balanced_accuracy,macro_precision,macro_recall,macro_f1,weighted_f1,macro_pr_auc,worst_class_f1,worst_class_recall,precision_c0,recall_c0,f1_c0,support_c0,predicted_count_c0,precision_c1,recall_c1,f1_c1,support_c1,predicted_count_c1,precision_c2,recall_c2,f1_c2,support_c2,predicted_count_c2,precision_c3,recall_c3,f1_c3,support_c3,predicted_count_c3,precision_c4,recall_c4,f1_c4,support_c4,predicted_count_c4,precision_c5,recall_c5,f1_c5,support_c5,predicted_count_c5,precision_c6,recall_c6,f1_c6,support_c6,predicted_count_c6,precision_c7,recall_c7,f1_c7,support_c7,predicted_count_c7,precision_c8,recall_c8,f1_c8,support_c8,predicted_count_c8,precision_c9,recall_c9,f1_c9,support_c9,predicted_count_c9,train_loss_client_0,train_accuracy_client_0,train_samples_client_0,train_batches_client_0,update_l2_client_0,train_seconds_client_0,train_loss_client_1,train_accuracy_client_1,train_samples_client_1,train_batches_client_1,update_l2_client_1,train_seconds_client_1,train_loss_client_2,train_accuracy_client_2,train_samples_client_2,train_batches_client_2,update_l2_client_2,train_seconds_client_2,train_loss_client_3,train_accuracy_client_3,train_samples_client_3,train_batches_client_3,update_l2_client_3,train_seconds_client_3,train_loss_client_4,train_accuracy_client_4,train_samples_client_4,train_batches_client_4,update_l2_client_4,train_seconds_client_4,round_train_seconds,aggregation_seconds,fl_round_seconds,validation_seconds,round_total_seconds,round_orchestration_seconds
1,1.908770328123397,0.8428747538642614,0.3604687053898264,0.2360185750753386,0.3604687053898264,0.2156942699823062,0.8941011926071443,0.2431210700848686,0.0,0.0,0.9971518018972296,0.8613063633511868,0.924264218868101,344284,297381,0.1454849498327759,0.2521739130434782,0.1845174973488865,345,598,0.1209213051823416,0.3876923076923076,0.1843452816386247,325,1042,0.25,0.0057537399309551,0.0112485939257592,869,20,0.0712221941709444,0.5364462286076485,0.1257490961319399,4733,35649,0.3544093178036606,0.0636390797729309,0.10790273556231,3347,601,0.3102869921729407,0.6702898550724637,0.4242038216560509,2484,5366,0.0584364624207666,0.5049556598852374,0.1047505681203333,1917,16565,0.0522727272727272,0.322429906542056,0.089960886571056,214,1320,0.0,0.0,0.0,24,0,2.1207077503204346,0.4178388118743896,334641,82,1.7377482767834864,2.246544499997981,2.1009843349456787,0.4572017788887024,334640,82,1.734165999024152,1.2076558340340853,2.1040661334991455,0.4338598847389221,334638,82,1.65031215323163,1.2500613749725744,2.1148006916046143,0.453367531299591,334638,82,1.782220943128532,1.251172540942207,2.087390899658203,0.3404107093811035,334634,82,1.7441983902219738,1.2366397079313174,7.192073957878165,0.0015096670249477,7.193583624903113,1.524677374982275,8.718260999885388,0.4459603341529146
2,1.666593077290605,0.9306329523458896,0.4514610403687334,0.2731362371526206,0.4514610403687334,0.2727087674658886,0.946292654431255,0.2614145753296714,0.015200868621064,0.0080552359033371,0.996114948948001,0.9532478999895436,0.9742100951091796,344284,329468,0.1398384089496581,0.6521739130434783,0.2302968270214943,345,1609,0.1414141414141414,0.043076923076923,0.0660377358490566,325,99,0.1346153846153846,0.0080552359033371,0.015200868621064,869,52,0.1451433797112809,0.4694696809634481,0.2217343578485181,4733,15309,0.25923682616596,0.1278757095906782,0.1712685074029611,3347,1651,0.4621082621082621,0.6529790660225443,0.5412078745412079,2484,3510,0.4011071967790639,0.4157537819509651,0.4082991803278688,1917,1987,0.0400816951748787,0.7336448598130841,0.0760106511740498,214,3917,0.0117021276595744,0.4583333333333333,0.0228215767634854,24,940,1.8322036266326904,0.8470062017440796,334641,82,1.549826940942807,1.1694045830518007,1.851266622543335,0.8415969610214233,334640,82,1.551020707661221,1.1410910830600187,1.82527494430542,0.8492161631584167,334638,82,1.5449091998808888,1.135783957899548,1.8384699821472168,0.8500708341598511,334638,82,1.615684084577412,1.1644259580643848,1.8249810934066772,0.8225523829460144,334634,82,1.5624916505590516,1.146028249990195,5.756733832065947,0.0011128749465569,5.757846707012504,1.4857904589734972,7.2436371659860015,0.0157253759680315
3,1.514832713591595,0.9506780237740629,0.4583914652160074,0.2679007425746881,0.4583914652160074,0.2792456247830999,0.9592630817525578,0.2883825571157261,0.0,0.0,0.9982157963088728,0.9733969629724296,0.9856501688215432,344284,335724,0.0,0.0,0.0,345,26,0.1135573580533024,0.6030769230769231,0.1911262798634812,325,1726,0.1451612903225806,0.0103567318757192,0.0193340494092373,869,62,0.2997825036249396,0.5241918444960912,0.3814282419863171,4733,8276,0.2379275653923541,0.1413205855990439,0.177319587628866,3347,1988,0.4661870503597122,0.6521739130434783,0.5437153884880014,2484,3475,0.3615488518685277,0.4188836724047992,0.3881101981633639,1917,2221,0.0502030269472129,0.6355140186915887,0.0930550803968525,214,2709,0.006423982869379,0.625,0.0127172530733361,24,2335,1.6387792825698853,0.9030364155769348,334641,82,1.3457242676135683,1.2292046250076964,1.6590522527694702,0.9038549065589904,334640,82,1.280900366692316,1.1759410420199856,1.628097653388977,0.9002175331115723,334638,82,1.329695321269068,1.1626658330205828,1.69015371799469,0.884986162185669,334638,82,1.6532150393890852,1.2192715830169618,1.6271560192108154,0.9101704955101012,334634,82,1.293869441345171,1.1826178340706974,5.969700917135924,0.0013109580613672,5.971011875197291,1.5327951250365004,7.503807000233792,0.0190019159344956
4,1.426641737099259,0.9636137467855928,0.5100023410248867,0.3280885071140733,0.5100023410248867,0.3420417507704266,0.9687523826586492,0.3196706533476014,0.0143061516452074,0.0092059838895281,0.9998404104407036,0.982659664695426,0.991175591663102,344284,338368,0.1395868230039084,0.7246376811594203,0.2340823970037453,345,1791,0.0588235294117647,0.0246153846153846,0.0347071583514099,325,136,0.2424242424242424,0.0092059838895281,0.0177383592017738,869,33,0.5108677049460894,0.6306782167758292,0.5644856278366112,4733,5843,0.2785714285714286,0.2446967433522557,0.2605376173055511,3347,2940,0.4656510491520552,0.6521739130434783,0.5433506624182458,2484,3479,0.4404494382022472,0.7157016171100679,0.5453100158982512,1917,3115,0.1374345549738219,0.4906542056074766,0.2147239263803681,214,764,0.0072358900144717,0.625,0.0143061516452074,24,2073,1.5340654850006104,0.9259325861930848,334641,82,1.1353139537394568,1.174218749976717,1.5394209623336792,0.9255677461624146,334640,82,1.1926000277741058,1.1799225410213694,1.5048587322235107,0.9259408712387084,334638,82,1.1498743834406742,1.2007925839861855,1.5503435134887695,0.9200299978256226,334638,82,1.526827393198345,1.1867099580122158,1.516221284866333,0.9222374558448792,334634,82,1.2439681636159698,1.213126957998611,5.954770790995099,0.0011791250435635,5.955949916038662,1.4987950830254704,7.454744999064133,0.0190204179380089
5,1.3733057472447197,0.94509987672295,0.5123659142186919,0.2875292055442471,0.5123659142186919,0.3239031511067459,0.9565897939503548,0.3337133385543155,0.0253378378378378,0.0376811594202898,0.9999095614635368,0.9634110211337152,0.981321033548767,344284,331717,0.1368421052631579,0.0376811594202898,0.059090909090909,345,95,0.1181384248210023,0.6092307692307692,0.1979010494752623,325,1676,0.0730067243035542,0.0874568469505178,0.0795811518324607,869,1041,0.2388888888888889,0.5996196915275723,0.3416601456690543,4733,11880,0.2726726726726727,0.271287720346579,0.2719784334281863,3347,3330,0.4668969487622337,0.6529790660225443,0.5444780127559584,2484,3474,0.4412515964240102,0.7209181011997914,0.5474351356704298,1917,3132,0.1147540983606557,0.5560747663551402,0.1902478017585931,214,1037,0.0129310344827586,0.625,0.0253378378378378,24,1160,1.446374773979187,0.937150537967682,334641,82,1.0789917626769154,1.2256182500859722,1.4791154861450195,0.9386086463928224,334640,82,1.08705000517795,1.2330610000062734,1.4396276473999023,0.9382168054580688,334638,82,1.123997912129523,1.1985697500640526,1.4858137369155884,0.9097472429275512,334638,82,1.7118457170151438,1.175320417038165,1.42234206199646,0.9362736344337464,334634,82,1.1395197154557408,1.1816973750246689,6.014266792219132,0.0012364580761641,6.015503250295296,1.524071916937828,7.539575167233124,0.0216429997235536
6,1.3304979710240523,0.9640516313291052,0.4993975647467565,0.3196307444001403,0.4993975647467565,0.3268742644458507,0.9691989721644174,0.3582468110096902,0.02,0.0123076923076923,0.9998671618087248,0.983818591627842,0.9917779580172228,344284,338758,0.1415679639029892,0.7275362318840579,0.2370160528800755,345,1773,0.0533333333333333,0.0123076923076923,0.02,325,75,0.2531645569620253,0.0230149597238204,0.0421940928270042,869,79,0.5404791047385906,0.6530741601521234,0.5914657481821661,4733,5719,0.2990543735224586,0.3023603226770242,0.300698261773882,3347,3384,0.4666283084004603,0.6529790660225443,0.5442953020134228,2484,3476,0.3534368070953437,0.4157537819509651,0.3820709491850431,1917,2255,0.0779062690200852,0.5981308411214953,0.1378567582121701,214,1643,0.0108695652173913,0.625,0.0213675213675213,24,1380,1.3889360427856443,0.9423621296882628,334641,82,0.9531328026191278,1.239519916009158,1.4149757623672483,0.9435811638832092,334640,82,0.9221160854281916,1.168805458000861,1.3643591403961182,0.9423466324806212,334638,82,0.92896941646383,1.1813935830723494,1.4291390180587769,0.938662052154541,334638,82,1.6328732374293178,1.219481666921638,1.3882403373718262,0.9403557181358336,334634,82,1.0082583097514015,1.192353666992858,6.001554290996864,0.001981750014238,6.0035360410111025,1.502038290956989,7.505574331968091,0.0181070840917527
7,1.2991703766038498,0.966296835517178,0.5278226893609357,0.3347586425511221,0.5278226893609357,0.360504009158572,0.9706481502575842,0.3799177745193341,0.029940119760479,0.0276179516685845,0.9999114331009928,0.9837721183673944,0.9917761207359764,344284,338727,0.1446208112874779,0.7130434782608696,0.2404692082111437,345,1701,0.0909090909090909,0.04,0.0555555555555555,325,143,0.1889763779527559,0.0276179516685845,0.0481927710843373,869,127,0.5504761904761905,0.6716670188041411,0.6050628092881614,4733,5775,0.3191780821917808,0.3480729011054675,0.3329998570816064,3347,3650,0.4679505605058925,0.6553945249597424,0.5460338755659903,2484,3479,0.4354382657869934,0.7230046948356808,0.5435294117647059,1917,3183,0.134788189987163,0.4906542056074766,0.2114803625377643,214,779,0.0153374233128834,0.625,0.029940119760479,24,978,1.3607600927352903,0.9478664994239808,334641,82,0.9245193329724504,1.1861837500473484,1.373335599899292,0.9454697370529176,334640,82,1.235158301774148,1.2181890410138294,1.345893383026123,0.9461896419525146,334638,82,0.8959510407307733,1.1923675410216674,1.3506460189819336,0.9475522637367249,334638,82,0.94521500917489,1.187651125015691,1.3506317138671875,0.9418319463729858,334634,82,1.0475130713773455,1.212086125044152,5.996477582142688,0.0012742079561576,5.997751790098846,1.5142334999982268,7.511985290097073,0.0168353758053854
8,1.2909976112387145,0.9650166507689476,0.5164161376608163,0.3280751573089769,0.5164161376608163,0.342001882376544,0.9702192193672232,0.3860150182639278,0.0389743589743589,0.0218642117376294,0.9999114417286574,0.983867969467068,0.991824831196819,344284,338760,0.1306122448979592,0.0927536231884058,0.1084745762711864,345,245,0.1168019987507807,0.5753846153846154,0.1941848390446521,325,1601,0.1792452830188679,0.0218642117376294,0.0389743589743589,869,106,0.5630326704545454,0.669976758926685,0.6118668596237338,4733,5632,0.3502495840266223,0.377352853301464,0.3632964188120235,3347,3606,0.4686506789945102,0.6529790660225443,0.5456686291000841,2484,3461,0.3824091778202677,0.4173187271778821,0.3991020204539785,1917,2092,0.0692340977931631,0.7476635514018691,0.1267326732673267,214,2311,0.0206043956043956,0.625,0.0398936170212766,24,728,1.3463678359985352,0.9493815898895264,334641,82,1.0664245329676458,1.199214958003722,1.358273983001709,0.951225221157074,334640,82,0.9365560522953756,1.1847004999872297,1.3290951251983645,0.94988614320755,334638,82,0.9915903046648712,1.2015847089933231,1.3452950716018677,0.9465661644935608,334638,82,1.3480031555224894,1.2177238749573007,1.3346383571624756,0.950540006160736,334634,82,0.9657280114120208,1.2279895830433816,6.031213624984957,0.001005292055197,6.032218917040154,1.4954438750864938,7.527662792126648,0.0193783330032601
9,1.266345197398451,0.9652007296216344,0.507898645067262,0.3270657049127881,0.507898645067262,0.345634206225626,0.9704082416827028,0.4143496715075664,0.0291828793774319,0.0333716915995397,0.9999143886166382,0.983812782470286,0.991798238422076,344284,338740,0.1493506493506493,0.0666666666666666,0.0921843687374749,345,154,0.1172950329144225,0.6030769230769231,0.1963927855711423,325,1671,0.1271929824561403,0.0333716915995397,0.0528714676390155,869,228,0.5787290213086932,0.6484259454891189,0.6115982463132722,4733,5303,0.3299840146152089,0.431729907379743,0.3740616101475537,3347,4379,0.4680728113262063,0.6521739130434783,0.5449957947855341,2484,3461,0.4013572467280659,0.431924882629108,0.4160804020100502,1917,2063,0.0838206627680311,0.602803738317757,0.1471762692527096,214,1539,0.0149402390438247,0.625,0.0291828793774319,24,1004,1.3171515464782717,0.9514853358268738,334641,82,0.813302229499384,1.2116391670424491,1.346307635307312,0.949964165687561,334640,82,0.9476426494467408,1.2007107089739293,1.2823734283447266,0.9519122242927552,334638,82,0.8398686625700202,1.247265666956082,1.2929458618164062,0.9501431584358216,334638,82,1.2656144771609426,1.1909686669241637,1.3280881643295288,0.9515351057052612,334634,82,1.1189820294158184,1.177750458009541,6.028334667906165,0.0012764999410137,6.029611167847179,1.5271247919881716,7.5567359598353505,0.0174420401453971
10,1.2631880140548846,0.96610717851744,0.5370319699763437,0.3425339302816514,0.5370319699763437,0.3726014631856477,0.9715348055385536,0.4049249798247326,0.020703933747412,0.072463768115942,0.9999143888693722,0.9838156870490642,0.9917997145053256,344284,338741,0.1231527093596059,0.072463768115942,0.0912408759124087,345,203,0.1101736972704714,0.683076923076923,0.1897435897435897,325,2015,0.1070866141732283,0.0782508630609896,0.0904255319148936,869,635,0.6358815731330093,0.6080709909148532,0.6216654066313857,4733,4526,0.3563127311146328,0.4030475052285629,0.3782419739240151,3347,3786,0.4690393518518518,0.6525764895330113,0.5457912457912458,2484,3456,0.4691525423728813,0.7219613980177361,0.5687281693034724,1917,2950,0.1440993788819875,0.5420560747663551,0.2276741903827281,214,805,0.0105263157894736,0.625,0.020703933747412,24,1425,1.2901265621185305,0.9539715647697448,334641,82,0.8605566153881978,1.2200842919992283,1.3180115222930908,0.9549157023429872,334640,82,1.124422658792508,1.1959728749934584,1.2911596298217771,0.9547122716903688,334638,82,0.8815122009596899,1.2043763340916485,1.316423416137695,0.951293647289276,334638,82,1.5529497022419092,1.243004958028905,1.3009604215621948,0.9520042538642884,334634,82,1.0805202218712533,1.2342535000061616,6.097691959119402,0.0013020840706303,6.098994043190032,1.6282778750173748,7.727271918207407,0.0176842908840626
11,1.2196937826033811,0.9651114792688164,0.5346940438888627,0.3345385869656411,0.5346940438888627,0.3566823410515053,0.9709696681462324,0.4333427485068352,0.026978417266187,0.0615384615384615,0.9999114443427696,0.9838970152548476,0.991839591013302,344284,338770,0.1356177606177606,0.8144927536231884,0.2325196524617294,345,2072,0.1156069364161849,0.0615384615384615,0.0803212851405622,325,173,0.1081761006289308,0.098964326812428,0.1033653846153846,869,795,0.6621971300870384,0.5947601943798859,0.6266696349065004,4733,4251,0.3459759481961147,0.4469674335225575,0.3900404119410768,3347,4324,0.4683982683982684,0.6533816425120773,0.5456379223398891,2484,3465,0.4104104104104104,0.4277516953573291,0.4189016602809706,1917,1998,0.085305105853051,0.6401869158878505,0.1505494505494505,214,1606,0.0137867647058823,0.625,0.026978417266187,24,1088,1.2734665870666504,0.9552924036979676,334641,82,0.8717221797868207,1.2103802079800516,1.3018943071365356,0.956048309803009,334640,82,1.006262717405897,1.214896999998018,1.2572309970855713,0.9559016227722168,334638,82,0.8919956391647592,1.195137125090696,1.2514455318450928,0.9565948843955994,334638,82,0.8181967546686625,1.2433073330903426,1.3050858974456787,0.9478923082351683,334634,82,1.4159322819353688,1.212281166925095,6.076002833084203,0.0012180419871583,6.077220875071362,1.5282514590071514,7.605472334078513,0.0188920419896021
12,1.2120203712541946,0.9653820194007956,0.5423721048555112,0.3441217515487896,0.5423721048555112,0.3526354525660233,0.971108963015208,0.4278711325121676,0.0278035217794253,0.0218642117376294,0.9999143967033876,0.9839057289911816,0.9918454709423532,344284,338772,0.1242578456318914,0.8492753623188406,0.2167961524232334,345,2358,0.093655589123867,0.0953846153846153,0.0945121951219512,325,331,0.1844660194174757,0.0218642117376294,0.0390946502057613,869,103,0.6326487402074953,0.6313120642298753,0.631979695431472,4733,4723,0.3650990099009901,0.4406931580519868,0.3993502098280763,3347,4040,0.4686687842910771,0.6533816425120773,0.5458214225659996,2484,3463,0.4846813725490196,0.4126238914971309,0.4457593688362919,1917,1632,0.0736077481840193,0.7102803738317757,0.1333918385256691,214,2065,0.0142180094786729,0.625,0.0278035217794253,24,1055,1.2554795742034912,0.9576979279518129,334641,82,0.7801884438089596,1.2004973330767823,1.3007831573486328,0.9572555422782898,334640,82,0.8952863729109508,1.193346125073731,1.241730570793152,0.957721471786499,334638,82,0.8780165505745572,1.225983000011183,1.2496460676193235,0.9562034010887146,334638,82,1.3095102122153912,1.1974719159770757,1.259510159492493,0.9554438591003418,334634,82,0.9343370694157154,1.2271752500673756,6.044473624206148,0.0023397089680656,6.046813333174214,1.5050852911081165,7.55189862428233,0.0199593338184058
13,1.1942274874991838,0.967214440707086,0.5610486885566524,0.3569496859990587,0.5610486885566524,0.3788171463581508,0.9721655736703771,0.4334530773567439,0.0247524752475247,0.0253164556962025,0.9999114427743208,0.98387958778218,0.9918307351752732,344284,338764,0.1257383966244726,0.863768115942029,0.2195211786372007,345,2370,0.0906040268456375,0.083076923076923,0.0866773675762439,325,298,0.2095238095238095,0.0253164556962025,0.0451745379876796,869,105,0.6247195594533959,0.6471582505810268,0.6357409713574097,4733,4903,0.3835475578406169,0.445772333432925,0.4123255492607434,3347,3890,0.4686868686868687,0.6537842190016103,0.5459741132963524,2484,3465,0.5136430678466076,0.7266562336984872,0.6018578526679629,1917,2712,0.140495867768595,0.5560747663551402,0.2243166823751178,214,847,0.0126262626262626,0.625,0.0247524752475247,24,1188,1.2328168153762815,0.9582089185714722,334641,82,0.7866449120122292,1.218998625059612,1.2912321090698242,0.9583014845848083,334640,82,0.9887629241487136,1.2014077079948038,1.226899266242981,0.9581218957901,334638,82,0.8684394460542963,1.2214447499718517,1.2402125597000122,0.9580113291740416,334638,82,0.8787250688355187,1.2247169589390978,1.2647008895874023,0.9573175311088562,334634,82,1.109031404087252,1.1911072499351576,6.057675291900523,0.0011212080717086,6.058796499972232,1.520092042046599,7.578888542018831,0.0198888331651687
14,1.1850169302337117,0.96598167020879,0.5542660758698921,0.343929556648903,0.5542660758698921,0.3609638445923781,0.9715269275360668,0.4423152855484121,0.0344827586206896,0.0253164556962025,0.9999143987248362,0.9839289656214056,0.9918572783809424,344284,338780,0.127059843885516,0.8492753623188406,0.2210486608826857,345,2306,0.0960187353629976,0.1261538461538461,0.1090425531914893,325,427,0.1692307692307692,0.0253164556962025,0.044044044044044,869,130,0.6549681947795569,0.6308894992605113,0.6427034007748601,4733,4559,0.3760172331258976,0.469375560203167,0.4175415282392026,3347,4178,0.4701449275362319,0.6529790660225443,0.5466801482979441,2484,3450,0.4463927855711422,0.4647887323943662,0.4554050600562228,1917,1996,0.0818181818181818,0.7149532710280374,0.1468330134357005,214,1870,0.0177304964539007,0.625,0.0344827586206896,24,846,1.2205054759979248,0.9591113924980164,334641,82,0.7395285978299676,1.2078811669489369,1.266141414642334,0.9590575098991394,334640,82,0.7828208267959718,1.180472124950029,1.1970447301864624,0.9589556455612184,334638,82,0.8093687518096806,1.2139660000102594,1.2167623043060305,0.9582115411758424,334638,82,1.0411066660515675,1.2306343750096858,1.2293840646743774,0.9588834643363952,334634,82,0.8699790636778408,1.1739341670181602,6.006887833937071,0.0016667910385876,6.008554624975659,1.518690541968681,7.52724516694434,0.0175489990506321
15,1.1823307277525843,0.9668434939281868,0.5496221146649953,0.3499679882049315,0.5496221146649953,0.364544257739616,0.9722358276212876,0.4384158294257859,0.0393782383419689,0.0218642117376294,0.9999114968537132,0.9844808355892228,0.9921361717074884,344284,338971,0.0828402366863905,0.2028985507246377,0.1176470588235294,345,845,0.1139175257731958,0.68,0.1951434878587196,325,1940,0.1979166666666666,0.0218642117376294,0.0393782383419689,869,96,0.6765350877192983,0.6518064652440313,0.6639406004519531,4733,4560,0.3867879368118717,0.4828204362115327,0.4295016611295681,3347,4178,0.4696707105719237,0.6545893719806763,0.5469223007063572,2484,3462,0.4682498709344347,0.4731351069379238,0.4706798131811105,1917,1937,0.0793405461102524,0.719626168224299,0.14292343387471,214,1941,0.0245098039215686,0.625,0.0471698113207547,24,612,1.2224171161651611,0.9597837924957277,334641,82,1.004893779028663,1.1878160421038046,1.233493089675903,0.9597866535186768,334640,82,0.8906502471762663,1.2227375409565866,1.1871682405471802,0.959980607032776,334638,82,0.8087013253406466,1.2032630420289934,1.208185076713562,0.959795355796814,334638,82,1.0892297360355343,1.2068496670108289,1.254844069480896,0.9589641094207764,334634,82,1.1328237126058571,1.247405375004746,6.0680716671049595,0.0011808749986812,6.069252542103641,1.5474366249982268,7.6166891671018675,0.016740207793191
16,1.170815990944765,0.9680651081323806,0.5740173050289853,0.3620360367454826,0.5740173050289853,0.3893727705114969,0.9728667358637836,0.4351780681204029,0.033003300330033,0.0310701956271576,0.9999144057991548,0.9840102938271892,0.9918986022380588,344284,338808,0.1276321443919209,0.8608695652173913,0.2223053892215568,345,2327,0.0885311871227364,0.1353846153846153,0.1070559610705596,325,497,0.2,0.0310701956271576,0.0537848605577689,869,135,0.6595515308322553,0.6463131206422987,0.6528652224949312,4733,4638,0.4020517830972154,0.4917836868837765,0.4424136540787529,3347,4094,0.4704013860814323,0.6557971014492754,0.5478392466789979,2484,3463,0.5112185018985157,0.7725612936880543,0.6152887411715828,1917,2897,0.144110275689223,0.5373831775700935,0.2272727272727272,214,798,0.0169491525423728,0.625,0.033003300330033,24,885,1.2048711776733398,0.96052485704422,334641,82,0.7576466364178958,1.222047624993138,1.2288219928741455,0.960826575756073,334640,82,0.8319112886834508,1.2268692499492315,1.1868653297424316,0.9608352780342102,334638,82,0.798969349584184,1.277627957984805,1.2043650150299072,0.9593441486358644,334638,82,1.1320174824424234,1.243738790974021,1.227896213531494,0.9596394896507264,334634,82,1.1066122352107377,1.2496028329478577,6.2198864568490535,0.0022732920479029,6.222159748896956,1.53102412505541,7.753183873952366,0.0176596262026578
17,1.1595808675584534,0.9669968929720926,0.5367688968930884,0.3460149688392502,0.5367688968930884,0.3596364252383396,0.9723857927090472,0.4519292096042422,0.0343642611683848,0.0218642117376294,0.9999085718330464,0.9847480568367976,0.9922704098058384,344284,339064,0.0733496332518337,0.1739130434782608,0.1031814273430782,345,818,0.1062441752096924,0.7015384615384616,0.1845406717927964,325,2146,0.1979166666666666,0.0218642117376294,0.0393782383419689,869,96,0.6861942709455093,0.6731459961969153,0.6796075085324232,4733,4643,0.4049211018989034,0.4523453839259038,0.427321478972622,3347,3739,0.4694645441389291,0.6529790660225443,0.5462199023404614,2484,3455,0.4226078799249531,0.4700052164840897,0.4450481600395159,1917,2132,0.081875,0.6121495327102804,0.1444321940463065,214,1600,0.0176678445229682,0.625,0.0343642611683848,24,849,1.185535907745361,0.9608237147331238,334641,82,0.7556782351099235,1.259997040964663,1.2069599628448486,0.9602826833724976,334640,82,0.7968687164331214,1.2334744998952374,1.178855061531067,0.9606709480285645,334638,82,0.813098718757268,1.2291406670119611,1.19220232963562,0.9595264196395874,334638,82,1.2549860802325297,1.192012167070061,1.2041842937469482,0.9601982831954956,334634,82,0.845803323006805,1.2013659159420058,6.1159902908839285,0.0015422500437125,6.117532540927641,1.5373385419370609,7.654871082864702,0.0197291671065613
18,1.1502602539473428,0.966146225546798,0.5587812043383507,0.3412996841042427,0.5587812043383507,0.3518264402849382,0.9716324598411684,0.4477425803561207,0.0294117647058823,0.0195627157652474,0.9999173563476228,0.9840015800908553,0.9918956269177616,344284,338804,0.1203703703703703,0.8666666666666667,0.2113821138211382,345,2484,0.0761904761904762,0.0246153846153846,0.0372093023255813,325,105,0.1868131868131868,0.0195627157652474,0.0354166666666666,869,91,0.6512648965084675,0.6581449397844918,0.6546868432114333,4733,4783,0.4199378706580062,0.4442784583208843,0.4317653890824622,3347,3541,0.4728592162554427,0.6557971014492754,0.5495024456063418,2484,3445,0.3859060402684564,0.4799165362545644,0.427807486631016,1917,2384,0.0847673677501593,0.6214953271028038,0.1491867638810992,214,1569,0.0149700598802395,0.8333333333333334,0.0294117647058823,24,1336,1.1799763441085815,0.9617201685905457,334641,82,1.039432288078026,1.2370091250631958,1.2191522121429443,0.9617738723754884,334640,82,0.8010744776243456,1.2121629579924047,1.189922571182251,0.9613612294197084,334638,82,1.0340765736409128,1.213607707992196,1.1776913404464722,0.9617317914962769,334638,82,0.8169888539135686,1.2378279579570517,1.2050011157989502,0.9607451558113098,334634,82,1.1451411538509009,1.2077638331102207,6.108371582115069,0.0022172919707372,6.110588874085806,1.5506709589390084,7.661259833024815,0.0220663349609822
19,1.139405795881088,0.9663693514288424,0.5627022314572082,0.3513086128519448,0.5627022314572082,0.3637014686545812,0.9719441604633048,0.4430322200800988,0.0362756952841596,0.0218642117376294,0.9999114519228216,0.9839812480394092,0.991882392037278,344284,338799,0.1229073091057574,0.8724637681159421,0.21546170365068,345,2449,0.0865603644646924,0.1169230769230769,0.0994764397905759,325,439,0.1938775510204081,0.0218642117376294,0.0392967942088934,869,98,0.6558386411889596,0.6526515951827594,0.6542412368950545,4733,4710,0.4058348528262568,0.4654914849118614,0.4336209295853047,3347,3839,0.4714740805097017,0.6553945249597424,0.5484251305373085,2484,3453,0.4790673025967144,0.4715701617110068,0.4752891692954784,1917,1887,0.0789346246973365,0.7616822429906542,0.1430451952610794,214,2065,0.0186799501867995,0.625,0.0362756952841596,24,803,1.1623464822769165,0.9620847702026368,334641,82,0.7510889442683221,1.2492369170067832,1.209815263748169,0.962156355381012,334640,82,0.9534710252686348,1.2501515839248896,1.1537858247756958,0.9619678854942322,334638,82,0.6983523515347475,1.204994208062999,1.160632848739624,0.961456835269928,334638,82,0.800172691939706,1.2140270830132067,1.2083227634429932,0.9604343771934508,334634,82,0.9656162972196968,1.2387582079973072,6.157168000005186,0.0012951249955222,6.158463125000708,1.5633562909206375,7.721819415921345,0.0163433330599218
20,1.1244159322707816,0.966572953796208,0.5558844344283911,0.356275142579053,0.5558844344283911,0.3717439321578483,0.9723488352252514,0.4498310975159255,0.0354609929078014,0.0437284234752589,0.9999114553203546,0.9840190075635232,0.9919015775235106,344284,338812,0.0894941634241245,0.2666666666666666,0.13401310997815,345,1028,0.1084275436793422,0.6492307692307693,0.185821224130339,325,1946,0.1928934010152284,0.0437284234752589,0.0712945590994371,869,197,0.6611295681063123,0.6306782167758292,0.645544982698962,4733,4515,0.4251031803835882,0.5231550642366298,0.4690597374765604,3347,4119,0.4722061378112333,0.6566022544283414,0.5493432132030986,2484,3454,0.5154639175257731,0.4694835680751174,0.4914004914004914,1917,1746,0.0798738833420914,0.7102803738317757,0.1435994331601322,214,1903,0.0182481751824817,0.625,0.0354609929078014,24,822,1.1636854410171509,0.9618815183639526,334641,82,0.8818840985200325,1.2094429170247167,1.1859784126281738,0.961068630218506,334640,82,0.855951519111668,1.2089912079973146,1.1488847732543943,0.9630287289619446,334638,82,0.7148666054102304,1.27656766702421,1.1741639375686646,0.9593650698661804,334638,82,1.2015395032228473,1.219421542016789,1.198514461517334,0.9483076930046082,334634,82,1.108114455358434,1.2831457919673994,6.19756912603043,0.0012069580843672,6.198776084114797,1.5495449580485,7.7483210421632975,0.0195064569124951
21,1.1141850595463234,0.9686647589403752,0.5945910612176787,0.361192525618962,0.5945910612176787,0.3977850271231509,0.9735440998340876,0.4554399086417858,0.0391730141458106,0.0414269275028768,0.9999085122018162,0.9841061449268628,0.9919443968691034,344284,338843,0.1248459958932238,0.881159420289855,0.218705035971223,345,2435,0.0869565217391304,0.1353846153846153,0.1058965102286401,325,506,0.1034482758620689,0.0414269275028768,0.0591618734593262,869,348,0.6488805189370161,0.6551869849989436,0.6520185029436502,4733,4779,0.4728246318607764,0.5276366895727517,0.4987291725501271,3347,3735,0.4729178800232964,0.6537842190016103,0.5488340655626901,2484,3434,0.536849710982659,0.775169535732916,0.6343649946638207,1917,2768,0.1451814768460575,0.5420560747663551,0.2290227048371174,214,799,0.0201117318435754,0.75,0.0391730141458106,24,895,1.15229594707489,0.9627571105957032,334641,82,0.771020719776334,1.2459260419709608,1.1918920278549194,0.9634442925453186,334640,82,0.8987760223523414,1.2126365419244394,1.1292364597320557,0.9635576605796814,334638,82,0.7525047421642598,1.23190691601485,1.1583331823349,0.9627029895782472,334638,82,1.090551012153322,1.2103250420186669,1.1951918601989746,0.962332010269165,334634,82,1.088697983014146,1.2088541249977425,6.10964866692666,0.0012804170837625,6.110929084010422,1.5453646670794114,7.656293751089834,0.0212976671755313
22,1.1088705225162123,0.9690050259104932,0.5809310546791376,0.3641883006518964,0.5809310546791376,0.4002316193503016,0.973699556702654,0.4730631809166299,0.0460829493087557,0.0368239355581127,0.9999085076115763,0.9840567670876368,0.991919310213582,344284,338826,0.0793650793650793,0.2028985507246377,0.1140994295028524,345,882,0.1128702757916241,0.68,0.1936049058256679,325,1958,0.1441441441441441,0.0368239355581127,0.0586617781851512,869,222,0.6407669021190716,0.670821888865413,0.6554500412881916,4733,4955,0.4542997542997543,0.5524350164326263,0.4985843332883915,3347,4070,0.4752707052970442,0.6537842190016103,0.5504151838671412,2484,3417,0.5681647940074906,0.7913406364110589,0.6614344887726182,1917,2670,0.1431693989071038,0.6121495327102804,0.2320637732506643,214,915,0.0239234449760765,0.625,0.0460829493087557,24,627,1.1418472528457642,0.9632830619812012,334641,82,0.7260754477189726,1.2488881669705734,1.177889704704285,0.9632829427719116,334640,82,0.8424981637799707,1.232945124967955,1.1323193311691284,0.963701069355011,334638,82,0.7380657050119754,1.257092832936905,1.1507624387741089,0.96254163980484,334638,82,1.1986311090549562,1.243674415978603,1.1671655178070068,0.9633091688156128,334634,82,0.8708786417169829,1.207317209104076,6.189917749958113,0.0011247500078752,6.191042499965988,1.5430743750184774,7.7341168749844655,0.0182255420368164
23,1.1002533015830065,0.968979924248763,0.5858949760038322,0.3686233678960406,0.5858949760038322,0.3997232039658924,0.9740701738810782,0.4691518170342638,0.0433017591339648,0.049482163406214,0.9999115062520832,0.9845854004252304,0.9921892722134492,344284,339007,0.0729281767955801,0.1913043478260869,0.1056,345,905,0.0997495826377295,0.7353846153846154,0.1756707092980521,325,2396,0.1414473684210526,0.049482163406214,0.0733162830349531,869,304,0.6757529127280721,0.6494823579125291,0.6623572505925447,4733,4549,0.4623799359658485,0.5177771138332835,0.4885130373502466,3347,3748,0.4757055571719523,0.6582125603864735,0.55227157574734,2484,3437,0.5987261146496815,0.7845592070944184,0.6791600812824565,1917,2512,0.1372549019607843,0.6214953271028038,0.2248520710059171,214,969,0.0223776223776223,0.6666666666666666,0.0433017591339648,24,715,1.1388871669769287,0.9633995890617372,334641,82,0.7588020922549786,1.2057563329581171,1.184287190437317,0.9624462127685548,334640,82,1.1898629939886276,1.247515790979378,1.139997124671936,0.963276743888855,334638,82,0.8564704495234988,1.301218584063463,1.102659821510315,0.9639312028884888,334638,82,0.6933118645246945,1.2310770408948883,1.1638275384902954,0.9627025127410888,334634,82,0.96538869711249,1.2251769590657204,6.210744707961567,0.0012412499636411,6.211985957925208,1.5510397501057014,7.763025708030909,0.0177343330578878
24,1.0928846628618865,0.9690440729398508,0.5969393473558029,0.3719269237039436,0.5969393473558029,0.4044478593735253,0.9738374292764276,0.4760684917162494,0.0531914893617021,0.0460299194476409,0.9999085176015086,0.9841642365024224,0.991973908982986,344284,338863,0.1229050279329608,0.8927536231884058,0.2160645387583304,345,2506,0.0712250712250712,0.1538461538461538,0.0973709834469328,325,702,0.1739130434782608,0.0460299194476409,0.0727934485896269,869,230,0.6544226303567658,0.6549757025142615,0.6546990496304118,4733,4737,0.4427629973151086,0.5419778906483418,0.4873723804406233,3347,4097,0.4751381215469613,0.6578099838969405,0.5517474252912375,2484,3439,0.6097266881028939,0.7913406364110589,0.6887627695800227,1917,2488,0.1414893617021276,0.6214953271028038,0.2305025996533795,214,940,0.0277777777777777,0.625,0.0531914893617021,24,540,1.1173087358474731,0.964224338531494,334641,82,0.6971036546911833,1.2155663330340758,1.1594856977462769,0.9632411003112792,334640,82,0.8904249852001512,1.2181656250031665,1.116551637649536,0.9639790058135986,334638,82,0.7298272244727428,1.244736708002165,1.12978994846344,0.9636412858963012,334638,82,0.9196199503265352,1.210058582946658,1.178392767906189,0.9626726508140564,334634,82,1.054104814348582,1.2382201659493148,6.12674741493538,0.00266595906578,6.12941337400116,1.5370569999795407,7.666470373980701,0.0192771271103993
25,1.094527160059115,0.9682910230879508,0.5807469295132812,0.3609781688601988,0.5807469295132812,0.3947076516365338,0.973447778629556,0.4459395985601585,0.0385050962627406,0.0460299194476409,0.9999085157116888,0.9841439044509764,0.9919635799396902,344284,338856,0.0692041522491349,0.1739130434782608,0.099009900990099,345,867,0.1014553014553014,0.7507692307692307,0.1787545787545787,325,2405,0.1152737752161383,0.0460299194476409,0.0657894736842105,869,347,0.6390977443609023,0.6465244031269808,0.642789622938767,4733,4788,0.4681805438744043,0.4989542874215715,0.4830778131327741,3347,3567,0.4799882283696292,0.6566022544283414,0.5545732743964638,2484,3398,0.5710496400151572,0.7861241523213354,0.6615452151009658,1917,2639,0.1458333333333333,0.5560747663551402,0.2310679611650485,214,816,0.019790454016298,0.7083333333333334,0.0385050962627406,24,859,1.1280933618545532,0.9635011553764344,334641,82,0.9070161417857774,1.2424897090531886,1.16443133354187,0.9611642360687256,334640,82,1.302775847376808,1.207093375036493,1.118574619293213,0.9645557403564452,334638,82,0.7922883154456268,1.283782667014748,1.1122437715530396,0.9640148282051086,334638,82,0.9169102600806236,1.227346459054388,1.1537002325057983,0.9633868932724,334634,82,1.130012309486913,1.1976245410041884,6.158336751163006,0.0021112919785082,6.160448043141514,1.5496444590389729,7.710092502180487,0.0172692069318145
26,1.0849423598078511,0.9695572624685532,0.603146742166815,0.3738963375259114,0.603146742166815,0.4029348298088009,0.9742577983427868,0.4709242068756502,0.0346585117227319,0.0195627157652474,0.9999144603331918,0.984637682843234,0.9922172724452224,344284,339024,0.1202482544608223,0.8985507246376812,0.2121108450222374,345,2578,0.0768,0.1476923076923077,0.1010526315789473,325,625,0.1517857142857142,0.0195627157652474,0.0346585117227319,869,112,0.6776677667766776,0.6507500528206211,0.6639361931450743,4733,4545,0.4547461368653421,0.5539288915446668,0.4994612068965517,3347,4077,0.4757925072046109,0.6646537842190016,0.5545851528384279,2484,3470,0.6175152749490835,0.7908189880020866,0.6935041171088746,1917,2455,0.1401401401401401,0.6542056074766355,0.2308326463314097,214,999,0.0243531202435312,0.6666666666666666,0.0469897209985315,24,657,1.128251314163208,0.9640061855316162,334641,82,0.7762221604270139,1.24542074999772,1.15072762966156,0.9636026620864868,334640,82,0.946487600983358,1.225093875080347,1.1054832935333252,0.9639939069747924,334638,82,0.8371165118623042,1.2199754579924047,1.105413794517517,0.9643166661262512,334638,82,0.952986248364363,1.2366757080890238,1.1708083152770996,0.9622931480407716,334634,82,1.1303611375419684,1.2203893749974668,6.1475551661569625,0.001812000060454,6.1493671662174165,1.5430054160533473,7.692372582270764,0.018464833847247
27,1.0733523632164508,0.9685866648816596,0.605809120601951,0.3693171147560817,0.605809120601951,0.4043156629640087,0.9740366440101266,0.4799915995517244,0.0391304347826087,0.0713463751438435,0.9999144219646356,0.9841961868689802,0.9919930440485044,344284,338872,0.1238019169329073,0.8985507246376812,0.2176202176202176,345,2504,0.073170731707317,0.1476923076923077,0.0978593272171253,325,656,0.0694288913773796,0.0713463751438435,0.0703745743473325,869,893,0.6469952442715089,0.6323684766532854,0.6395982476760338,4733,4626,0.5328019619865113,0.5192709889453242,0.5259494628536844,3347,3262,0.4826151560178306,0.6537842190016103,0.5553085997606428,2484,3365,0.6141348497156783,0.7887323943661971,0.6905686229732816,1917,2462,0.1302186878727634,0.6121495327102804,0.2147540983606557,214,1006,0.0200892857142857,0.75,0.0391304347826087,24,896,1.107332468032837,0.9641854763031006,334641,82,0.7415176982361882,1.2098127499921247,1.1268675327301023,0.9646903872489928,334640,82,0.8106178898179432,1.2297485830495134,1.1039499044418335,0.9646722674369812,334638,82,0.7707771427652925,1.2062409580685198,1.097901701927185,0.9647858142852784,334638,82,0.935752241728156,1.2082443749532104,1.1341123580932615,0.9636827111244202,334634,82,0.8951306962114053,1.2322461659787225,6.086292832042091,0.0011714169522747,6.087464248994365,1.5477037500822917,7.635167999076657,0.0194232099456712
28,1.0822473801879935,0.9691165888515152,0.5942274315382474,0.3719956094819491,0.5942274315382474,0.410151509468463,0.9743803821213454,0.4819333009067194,0.0595903165735568,0.0690448791714614,0.999914425752537,0.98423975555065,0.9920151762882208,344284,338887,0.1199165797705943,0.6666666666666666,0.203269995581087,345,1918,0.0799166087560806,0.3538461538461538,0.1303854875283446,325,1439,0.0847457627118644,0.0690448791714614,0.0760938490805326,869,708,0.6590177996997642,0.649271075427847,0.6541081311196254,4733,4663,0.5126353790613718,0.5515386913654019,0.5313759355210133,3347,3601,0.4742476851851852,0.6598228663446055,0.5518518518518518,2484,3456,0.6388185654008439,0.7897756911841419,0.7063214369022627,1917,2370,0.1195542046605876,0.5514018691588785,0.1965029142381349,214,987,0.0311890838206627,0.6666666666666666,0.0595903165735568,24,513,1.1069501638412476,0.9634533524513244,334641,82,0.998893032204692,1.2106870419811455,1.1440951824188232,0.9643557071685792,334640,82,1.0504706572504416,1.2295442080358043,1.0944764614105225,0.9655299186706544,334638,82,1.1447401410470528,1.2329948330298066,1.0956226587295532,0.9647021293640136,334638,82,0.7883077791379309,1.2116034999489784,1.151018142700195,0.9640203714370728,334634,82,1.301655834929781,1.2282328750006857,6.113062457996421,0.0011407500132918,6.114203208009712,1.501651291968301,7.615854499978013,0.0154295419342815
29,1.069813436514441,0.968910197410624,0.5833178417497902,0.3658466648612771,0.5833178417497902,0.4058727440659972,0.973985226754118,0.4825597115909902,0.0668058455114822,0.0667433831990794,0.9999144242374168,0.9842223280779822,0.992006323508962,344284,338881,0.0806979280261723,0.2144927536231884,0.1172741679873217,345,917,0.0990180032733224,0.7446153846153846,0.1747923438064283,325,2444,0.0709914320685434,0.0667433831990794,0.0688018979833926,869,817,0.6300624622204312,0.6606803296006761,0.6450082508250825,4733,4963,0.5310990338164251,0.5255452644158949,0.5283075536867398,3347,3312,0.4844536570920936,0.6586151368760065,0.5582665074219416,2484,3377,0.5635891731553578,0.792905581637976,0.658864325964456,1917,2697,0.1634756995581738,0.5186915887850467,0.2486002239641657,214,679,0.0351648351648351,0.6666666666666666,0.0668058455114822,24,455,1.0947352647781372,0.9637850522994996,334641,82,0.7047223632688026,1.2280964580131697,1.1174012422561646,0.964505136013031,334640,82,0.796168120818771,1.2317760420264676,1.089787840843201,0.9648963809013368,334638,82,0.7201846853504508,1.2485122079961002,1.0757803916931152,0.9637309312820436,334638,82,1.2750623288322014,1.2301398341078311,1.1309983730316162,0.96408611536026,334634,82,1.0465092184550238,1.1957055409438908,6.134230083087459,0.0012098749866709,6.13543995807413,1.5391735000303015,7.674613458104432,0.0189866669243201
30,1.0541669560497489,0.9698807949975176,0.5915612295494985,0.3729206211663515,0.5915612295494985,0.4106888036306489,0.9749178364150328,0.4951121016377586,0.0620155038759689,0.0724971231300345,0.9999144815221108,0.9848816674605848,0.9923411453455704,344284,339108,0.0766738660907127,0.2057971014492753,0.1117230527143981,345,926,0.1033568904593639,0.72,0.1807647740440324,325,2264,0.0743801652892562,0.0724971231300345,0.0734265734265734,869,847,0.6680042238648364,0.6682864990492288,0.6681453316434305,4733,4735,0.5454816582165225,0.5464595159844637,0.5459701492537313,3347,3353,0.4826572604350382,0.6610305958132046,0.5579340808698607,2484,3402,0.6047808764940239,0.7918622848200313,0.6857917325502598,1917,2510,0.1414364640883978,0.5981308411214953,0.2287756925826631,214,905,0.032520325203252,0.6666666666666666,0.0620155038759689,24,492,1.0932724475860596,0.9648369550704956,334641,82,0.7062125543112124,1.2342859589261934,1.120569109916687,0.9645529389381408,334640,82,0.874622564250423,1.229584375047125,1.0702505111694336,0.9656614065170288,334638,82,0.6592543459928164,1.2186443329555914,1.0720795392990112,0.9653565883636476,334638,82,0.7881266789913349,1.2301892079412935,1.1187113523483276,0.9647405743598938,334634,82,0.976122561660691,1.207850291975774,6.120554166845977,0.0010917090112343,6.121645875857212,1.5500748329795897,7.671720708836801,0.0183955421671271
31,1.0594059483366447,0.9693843399099688,0.5949344494621881,0.3776462441868259,0.5949344494621881,0.4059250744330963,0.9745249491291934,0.4812865845208819,0.0634920634920634,0.051783659378596,0.9999085648216424,0.98467253778857,0.9922320662879288,344284,339038,0.0720430107526881,0.1942028985507246,0.1050980392156862,345,930,0.0958747135217723,0.7723076923076924,0.1705742439687393,325,2618,0.1584507042253521,0.051783659378596,0.0780572419774501,869,284,0.6773773339122883,0.659201352207902,0.6681657565049791,4733,4606,0.4675767918088737,0.5321183149088736,0.4977641140301844,3347,3809,0.4808598351001177,0.6574074074074074,0.5554421768707483,2484,3396,0.668589174800355,0.7861241523213354,0.7226084871733397,1917,2254,0.1224489795918367,0.6448598130841121,0.2058165548098434,214,1127,0.0333333333333333,0.6666666666666666,0.0634920634920634,24,480,1.086490511894226,0.964798092842102,334641,82,0.7308017195263228,1.209063082933426,1.1408805847167969,0.9648966193199158,334640,82,0.8868712903069976,1.2388065829873085,1.08677339553833,0.9655836820602416,334638,82,0.9086808733019636,1.2035257909446957,1.0653187036514282,0.9652280807495116,334638,82,0.8665703572932615,1.198393416008912,1.1271510124206543,0.9638082385063172,334634,82,1.1609753659064486,1.2172705829143524,6.067059455788694,0.0023147909669205,6.069374246755615,1.5305213750107214,7.599895621766336,0.0173660862492397
32,1.044936683667251,0.9697636539094444,0.6043878605704134,0.3749603728413061,0.6043878605704134,0.4120663501978496,0.9747822052970015,0.5084075165286203,0.0601503759398496,0.0805523590333717,0.999917425078004,0.9848206713062472,0.9923116320587676,344284,339086,0.1215384615384615,0.9159420289855073,0.2146010186757215,345,2600,0.0607476635514018,0.16,0.0880609652836579,325,856,0.0921052631578947,0.0805523590333717,0.0859422958870472,869,760,0.6617740906190173,0.6572998098457637,0.6595293618825525,4733,4701,0.5537600994406464,0.5324170899312818,0.5428789032749429,3347,3218,0.4825768667642752,0.6634460547504025,0.5587387692829293,2484,3415,0.5978004713275726,0.7939488784559207,0.6820524311001569,1917,2546,0.1478873239436619,0.5887850467289719,0.2363977485928705,214,852,0.0314960629921259,0.6666666666666666,0.0601503759398496,24,508,1.0858360528945925,0.9651985168457032,334641,82,0.7520211336883625,1.2018997500417754,1.1110355854034424,0.9653328657150269,334640,82,1.0643356681686116,1.2042747089872137,1.073529601097107,0.9656942486763,334638,82,0.8097951242418976,1.221436791936867,1.0652822256088257,0.9652191400527954,334638,82,0.9136698993599934,1.1981310420669615,1.1067785024642944,0.9653322696685792,334634,82,1.084750780890734,1.2237106249667704,6.049452917999588,0.0025574578903615,6.0520103758899495,1.5088398329680786,7.560850208858028,0.0199059570441022
33,1.043574280645122,0.9695349498803488,0.6045946007793691,0.3729999248457442,0.6045946007793691,0.4129149540276747,0.974521845620143,0.5019038700577919,0.0754716981132075,0.0736478711162255,0.9999144244899404,0.98422523265676,0.9920077989829704,344284,338882,0.1231184870706291,0.9246376811594202,0.2173024523160762,345,2591,0.056890012642225,0.1384615384615384,0.0806451612903225,325,791,0.0930232558139534,0.0736478711162255,0.0822093770070648,869,688,0.6572809413742383,0.6608916120853581,0.6590813316477033,4733,4759,0.5113303119168222,0.573050492978787,0.5404339250493096,3347,3751,0.486061684460261,0.6598228663446055,0.5597677595628415,2484,3372,0.6210008203445447,0.7897756911841419,0.695292766934558,1917,2438,0.1413793103448276,0.5747663551401869,0.2269372693726937,214,870,0.04,0.6666666666666666,0.0754716981132075,24,400,1.0642526149749756,0.9655302166938782,334641,82,0.6617433488687589,1.2267399590928108,1.1188220977783203,0.9655570387840272,334640,82,0.7798108414353301,1.192732125055045,1.0684949159622192,0.965234100818634,334638,82,0.842430495562787,1.2125729580875486,1.0758165121078491,0.9648366570472716,334638,82,1.3687847279607683,1.195189084042795,1.097759246826172,0.965950846672058,334634,82,1.236300295673621,1.1857274170033634,6.012961543281563,0.0021399590186774,6.01510150230024,1.5271527910372242,7.542254293337464,0.0206052067223936
34,1.036258787114445,0.9696855598507288,0.6054251668054991,0.3765736652399849,0.6054251668054991,0.4146261302620683,0.9748320126067344,0.5062403450869268,0.0735632183908046,0.0759493670886076,0.9999174172845624,0.9847277247853516,0.992264443072096,344284,339054,0.1234135667396061,0.8173913043478261,0.2144486692015209,345,2285,0.068312757201646,0.2553846153846154,0.1077922077922077,325,1215,0.0849420849420849,0.0759493670886076,0.080194410692588,869,777,0.6820960698689956,0.6600464821466301,0.6708901535488028,4733,4580,0.5135212888377445,0.5333134149985062,0.5232302506228932,3347,3476,0.4865265028131477,0.6614331723027376,0.5606551782972189,2484,3377,0.6348808030112923,0.7918622848200313,0.7047353760445683,1917,2391,0.1331967213114754,0.6074766355140186,0.2184873949579832,214,976,0.0389294403892944,0.6666666666666666,0.0735632183908046,24,411,1.0768654346466064,0.9653329849243164,334641,82,0.7040540945219996,1.2232256249990314,1.1173535585403442,0.9660680294036864,334640,82,0.8434190412854247,1.1903964169323444,1.0615342855453491,0.9662231802940368,334638,82,0.6654844336694744,1.188633041922003,1.0659786462783811,0.9659303426742554,334638,82,0.8376559010568145,1.2185973330633717,1.111186146736145,0.9651589393615724,334634,82,1.0569277536197732,1.2021938330726698,6.02304624998942,0.002792292041704,6.025838542031124,1.5405991669977084,7.566437709028833,0.019088500062935
35,1.032186494371433,0.9698947403651456,0.6229115607368676,0.3824950845310576,0.6229115607368676,0.419059429784823,0.9751227872656504,0.5094902030344359,0.06282722513089,0.1127733026467203,0.9999144845482424,0.9849165224059206,0.9923588389883584,344284,339120,0.1295463833265222,0.9188405797101448,0.2270773638968481,345,2447,0.0691994572591587,0.1569230769230769,0.096045197740113,325,737,0.0913327120223671,0.1127733026467203,0.1009268795056642,869,1073,0.7106873822975518,0.637861821255018,0.6723082062131166,4733,4248,0.5058376323649199,0.55661786674634,0.5300142247510669,3347,3683,0.4829009433962264,0.6594202898550725,0.5575221238938053,2484,3392,0.6624287593160895,0.7882107459572248,0.7198666031443545,1917,2281,0.1403162055335968,0.6635514018691588,0.231647634584013,214,1012,0.0327868852459016,0.75,0.06282722513089,24,549,1.075070023536682,0.9652164578437804,334641,82,0.6765193510488282,1.2101812079781666,1.1054002046585083,0.9649593830108644,334640,82,1.0237038170086203,1.2115406249649825,1.06267511844635,0.9657360911369324,334638,82,0.8567181987619792,1.1952675000065938,1.052518367767334,0.9662979245185852,334638,82,0.7236298250221639,1.1918860410805792,1.083764672279358,0.9663124680519104,334634,82,0.8999525643232832,1.2145283749559894,6.023403748986311,0.0025052920682355,6.025909041054547,1.5312266249675304,7.557135666022077,0.0183502930449321
36,1.030157116721975,0.9696242002331664,0.6179000349951445,0.3801934790177229,0.6179000349951445,0.4145866308005,0.974961626522716,0.4962104596262528,0.0481927710843373,0.0932105868814729,0.9999174297046638,0.9848758583030288,0.9923396484286402,344284,339105,0.1258907363420427,0.9217391304347826,0.2215256008359456,345,2526,0.0604703247480403,0.1661538461538461,0.0886699507389162,325,893,0.0934256055363321,0.0932105868814729,0.0933179723502304,869,867,0.701530612244898,0.6391295161631101,0.6688778330569375,4733,4312,0.5161569532602424,0.5345085150881387,0.5251724644062821,3347,3466,0.4864864864864865,0.6594202898550725,0.5599042898649803,2484,3367,0.6489498499785684,0.7897756911841419,0.7124705882352941,1917,2333,0.1442105263157894,0.6401869158878505,0.2353951890034364,214,950,0.0248962655601659,0.75,0.0481927710843373,24,723,1.0529080629348757,0.9657244682312012,334641,82,0.6517588362522847,1.1920960410498085,1.0858439207077026,0.9651147723197936,334640,82,0.8301807068101014,1.1958770419005305,1.0442670583724976,0.9662262201309204,334638,82,0.7682428366514359,1.2191329170018437,1.0485366582870483,0.9652758836746216,334638,82,1.001604287521625,1.1928197090746837,1.0839506387710571,0.9655384421348572,334634,82,0.9012976015896494,1.22993733396288,6.029863042989746,0.0025393329560756,6.032402375945821,1.5076068750349805,7.540009250980802,0.019081957056187
37,1.0273257316577054,0.9702907888057744,0.6106238969219977,0.3822939051456791,0.6106238969219977,0.420302663869381,0.9753137254901362,0.50113093268839,0.0634920634920634,0.0932105868814729,0.999914485304742,0.9849252361422548,0.9923632623019664,344284,339123,0.1278834479967624,0.9159420289855073,0.2244318181818181,345,2471,0.0645879732739421,0.1784615384615384,0.0948487326246933,325,898,0.0959715639810426,0.0932105868814729,0.0945709281961471,869,844,0.6986732628738476,0.6564546799070357,0.6769063180827887,4733,4447,0.5189567087926862,0.5766357932476845,0.5462779507500708,3347,3719,0.486550399054094,0.6626409017713365,0.5611044826998466,2484,3383,0.649272882805817,0.7918622848200313,0.7135135135135136,1917,2338,0.1477949940405244,0.5794392523364486,0.2355175688509022,214,839,0.0333333333333333,0.6666666666666666,0.0634920634920634,24,480,1.0578078031539917,0.9660800695419312,334641,82,0.6762893849429769,1.220341041102074,1.088042378425598,0.9660142064094543,334640,82,0.9313596800685676,1.2060430839192122,1.0391521453857422,0.9661962985992432,334638,82,0.7531041712831243,1.2280644999118522,1.0423673391342163,0.9659692049026488,334638,82,0.7264164358326161,1.204480916960165,1.1187610626220703,0.9664439558982848,334634,82,1.319510140096284,1.2017275829566645,6.060657124849968,0.0016031670384109,6.062260291888379,1.5362669170135632,7.598527208901942,0.0199215412139892
38,1.0327233816726724,0.9695433171009256,0.5999110467401276,0.3833397122424443,0.5999110467401276,0.4142030957857486,0.9751658947041344,0.4687384224111403,0.0528052805280528,0.1185270425776754,0.9999174382261014,0.9849775185602584,0.9923912534532005,344284,339140,0.0759493670886076,0.1913043478260869,0.1087314662273476,345,869,0.0949343339587242,0.7784615384615384,0.1692307692307692,325,2665,0.0942360475754803,0.1185270425776754,0.1049949031600407,869,1093,0.7065755361772331,0.6334248890766956,0.6680035650623886,4733,4243,0.5402714932126697,0.5351060651329549,0.5376763734614229,3347,3315,0.4845971563981042,0.6586151368760065,0.5583617747440273,2484,3376,0.6742627345844504,0.7871674491392802,0.7263537906137184,1917,2238,0.1351616062683643,0.6448598130841121,0.2234817813765182,214,1021,0.0274914089347079,0.6666666666666666,0.0528052805280528,24,582,1.0578805208206177,0.9654375910758972,334641,82,0.8052003693267425,1.2172507910290733,1.0896836519241333,0.9658319354057312,334640,82,0.9104158288163834,1.200977290980518,1.0466231107711792,0.9669702649116516,334638,82,0.7162822962018152,1.1999664169270543,1.0386288166046145,0.966539978981018,334638,82,1.001200455479691,1.2273436669493094,1.1103298664093018,0.9645583033561708,334634,82,2.0856361368472736,1.2141880000708625,6.059726165956818,0.002506082993932,6.06223224895075,1.5840600000228733,7.646292248973623,0.0179303340846672
39,1.0195525929279716,0.9698250135270066,0.621507019485053,0.3815704690050782,0.621507019485053,0.4185262849746365,0.975075562185188,0.4919327394789607,0.0587275693311582,0.1012658227848101,0.9999174265391104,0.984838098778915,0.9923204795017676,344284,339092,0.1264964086193136,0.9188405797101448,0.222378112942827,345,2506,0.0610932475884244,0.1753846153846154,0.0906200317965023,325,933,0.0909090909090909,0.1012658227848101,0.0958083832335329,869,968,0.6943111720356409,0.6420874709486584,0.667178924259056,4733,4377,0.5380813953488373,0.5530325664774425,0.5454545454545454,3347,3440,0.4877757901013715,0.6586151368760065,0.5604659129838986,2484,3354,0.6308780690803163,0.7908189880020866,0.7018518518518518,1917,2403,0.1556818181818181,0.6401869158878505,0.2504570383912248,214,880,0.030560271646859,0.75,0.0587275693311582,24,589,1.0446614027023315,0.9659844636917114,334641,82,0.8343695479347258,1.1947312080301344,1.0729310512542725,0.9657960534095764,334640,82,0.9912367298265746,1.2265015000011772,1.0385466814041138,0.9663785696029664,334638,82,0.7863707648764818,1.1863348339684308,1.0389251708984375,0.9657719731330872,334638,82,0.8910347412718647,1.2013130830600858,1.0699344873428345,0.965768575668335,334634,82,1.2094449297861285,1.2209201669320464,6.029800791991875,0.0017463749973103,6.031547166989185,1.5365781250875443,7.568125292076729,0.0174096249975264
40,1.0154278758989377,0.9701011318060366,0.606494542453549,0.3835086273095789,0.606494542453549,0.4181583805496742,0.9754370299329064,0.4958540984474582,0.0610687022900763,0.096662830840046,0.9999144905998631,0.9849862322965924,0.9923942244098868,344284,339144,0.0851528384279476,0.2260869565217391,0.1237113402061855,345,916,0.100864553314121,0.7538461538461538,0.1779230210602759,325,2429,0.0874089490114464,0.096662830840046,0.0918032786885245,869,961,0.7052272727272727,0.6556095499683077,0.6795138508704697,4733,4400,0.5400286944045911,0.5622945921720944,0.5509367681498829,3347,3485,0.4935454818372861,0.6618357487922706,0.5654342218400688,2484,3331,0.6585365853658537,0.7887323943661971,0.7177783052456682,1917,2296,0.1324074074074074,0.6682242990654206,0.2210200927357032,214,1080,0.032,0.6666666666666666,0.0610687022900763,24,500,1.0559478998184204,0.9658917784690856,334641,82,0.9156799605003572,1.2478226250968874,1.0810768604278564,0.9656376838684082,334640,82,0.895315845663313,1.2316517919534815,1.0267603397369385,0.9663337469100952,334638,82,0.7752855902229528,1.2487696250900626,1.0319766998291016,0.9666266441345216,334638,82,0.7708364202671433,1.2456784170353783,1.068366289138794,0.9659000635147096,334634,82,1.0842823369478454,1.223901042016223,6.197823501192033,0.0025279590627178,6.200351460254751,1.5044779580784962,7.704829418333247,0.0167623737361282
41,1.0058014075282242,0.9703744610115412,0.6187479493055715,0.3848543505019448,0.6187479493055715,0.41950564132600193,0.975529939567851,0.5151186780973228,0.06374501992031872,0.08400460299194476,0.9999174394433059,0.9849920414541483,0.9923986251680862,344284,339145,0.12380952380952381,0.9420289855072463,0.21885521885521886,345,2625,0.05867665418227216,0.14461538461538462,0.08348134991119005,325,801,0.09370988446726572,0.08400460299194476,0.08859223300970874,869,779,0.7090909090909091,0.6509613353053032,0.6787838730998017,4733,4345,0.5458612975391499,0.5832088437406633,0.5639173768597429,3347,3576,0.4773579463513124,0.6662640901771336,0.5562090404973954,2484,3467,0.6727596968345966,0.7871674491392802,0.7254807692307692,1917,2243,0.13388734995383195,0.677570093457944,0.2235929067077872,214,1083,0.03347280334728033,0.6666666666666666,0.06374501992031872,24,478,1.0347883701324463,0.9668838977813721,334641,82,0.7435651082728268,1.233504957985133,1.0599985122680664,0.966749370098114,334640,82,0.7372476058299391,1.2222463339567184,1.0203553438186646,0.9678608179092407,334638,82,0.7524800958254266,1.1869425419718027,1.0437368154525757,0.9666535258293152,334638,82,1.1591078355143967,1.1532227079151198,1.060620903968811,0.967143177986145,334634,82,0.9594034317089835,1.2090824579354376,6.0049989997642115,0.00123120890930295,6.006230208673514,1.4248574170051143,7.431087625678629,0.473201917251572
42,1.0124041819224696,0.971451043392406,0.6177111695807113,0.39668186497966373,0.6177111695807113,0.4276258214233481,0.9765912794071954,0.5104759685953824,0.06405693950177936,0.10586881472957423,0.9999175621963786,0.986458853737031,0.9931426131761252,344284,339650,0.11896929824561403,0.6289855072463768,0.2000922083909636,345,1824,0.07840772014475271,0.4,0.13111447302067575,325,1658,0.10222222222222223,0.10586881472957423,0.1040135669869983,869,900,0.7210413183663721,0.637861821255018,0.6769058295964125,4733,4187,0.5321816662022848,0.5706602927995219,0.5507497116493656,3347,3589,0.5725217391304348,0.6626409017713365,0.614293711513342,2484,2875,0.6832129963898917,0.7897756911841419,0.7326397290104041,1917,2216,0.1248868778280543,0.6448598130841121,0.2092494313874147,214,1105,0.03345724907063197,0.75,0.06405693950177936,24,538,1.0397729873657227,0.9673052430152893,334641,82,0.7032139430481675,1.1545844579814002,1.0781298875808716,0.9674754738807678,334640,82,1.1440082946534134,1.127308874973096,1.0121467113494873,0.967481255531311,334638,82,0.7231745101953105,1.1551749589852989,1.0291783809661865,0.9667999744415283,334638,82,0.9147354701718193,1.15804324997589,1.0538506507873535,0.9676870703697205,334634,82,0.985812831109917,1.1588690839707851,5.75398062588647,0.0018243750091642141,5.755805000895634,1.4645460420288146,7.220351042924449,0.017276082071475685
43,1.0121195415104691,0.9707007826140313,0.6034061022918932,0.3861898290351945,0.6034061022918932,0.417260028708536,0.9758913744178558,0.49404734866263206,0.05792163543441227,0.08860759493670886,0.999917513867981,0.9858808425602119,0.9928495689119322,344284,339451,0.07783783783783783,0.20869565217391303,0.11338582677165354,345,925,0.09587471352177235,0.7723076923076924,0.17057424396873938,325,2618,0.09612983770287141,0.08860759493670886,0.09221556886227544,869,801,0.71890372452565,0.6484259454891189,0.6818484781159743,4733,4269,0.5130846325167038,0.5506423662981774,0.5312004611615506,3347,3592,0.5410596026490067,0.6578099838969405,0.59375,2484,3020,0.6529032258064517,0.7918622848200313,0.7157001414427157,1917,2325,0.1359918200408998,0.6214953271028038,0.2231543624161074,214,978,0.03019538188277087,0.7083333333333334,0.05792163543441227,24,563,1.0419578552246094,0.9669496417045593,334641,82,0.7779014930403374,1.1725175839383155,1.066359519958496,0.967140793800354,334640,82,0.9199705198358746,1.148541040951386,1.0124105215072632,0.9675350785255432,334638,82,0.7926496227079658,1.1501304999692366,1.021220088005066,0.9677442312240601,334638,82,0.8985892859552672,1.2257179589942098,1.0665704011917114,0.9669758677482605,334634,82,1.0373879476005488,1.1802594579057768,5.877166541758925,0.00145633309148252,5.878622874850407,1.5348328339168802,7.413455708767287,0.018283458310179412
44,1.011202221388901,0.9713924728483693,0.6124714052792903,0.39165877990139675,0.6124714052792903,0.4244060321607628,0.9763007135420698,0.517362844999437,0.06500956022944551,0.10356731875719218,0.9999175432603394,0.9862322965923481,0.9930277719285932,344284,339572,0.12319391634980989,0.9391304347826087,0.21781512605042017,345,2630,0.046442687747035576,0.14461538461538462,0.07030665669409125,325,1012,0.10262257696693272,0.10356731875719218,0.10309278350515463,869,877,0.6844884488448845,0.6572998098457637,0.6706186678163397,4733,4545,0.5569432054713054,0.5596056169704213,0.5582712369597616,3347,3363,0.5580524344569289,0.6598228663446055,0.6046854823833241,2484,2937,0.6561418685121108,0.7913406364110589,0.7174272877748877,1917,2312,0.15471698113207547,0.5747663551401869,0.24380574826560952,214,795,0.03406813627254509,0.7083333333333334,0.06500956022944551,24,499,1.0317749977111816,0.9660083651542664,334641,82,0.8102784446243356,1.1766448749694973,1.0706813335418701,0.9675233364105225,334640,82,0.8368265270060076,1.1950435829348862,1.022333025932312,0.967869758605957,334638,82,0.7420800831667769,1.1671138750389218,1.0096222162246704,0.9673617482185364,334638,82,0.843177595730231,1.2233272918965667,1.0731678009033203,0.9669190645217896,334634,82,1.197705984323263,1.1466286660870537,5.908758290926926,0.0026369170518592,5.911395207978785,1.480927166994661,7.392322374973446,0.01604716805741191
45,1.0021455737615836,0.971135878084018,0.61950195588733,0.39190055490041853,0.61950195588733,0.42253318270807216,0.9762627398581121,0.5091552444057406,0.04768211920529802,0.09896432681242807,0.9999175221291073,0.9859795982386634,0.9928996488580207,344284,339485,0.12074766355140187,0.936231884057971,0.2139072847682119,345,2675,0.06477093206951026,0.12615384615384614,0.08559498956158663,325,633,0.08678102926337034,0.09896432681242807,0.09247311827956989,869,991,0.6999767603997211,0.6363828438622439,0.6666666666666666,4733,4303,0.5514174541411896,0.5927696444577233,0.5713462922966163,3347,3598,0.5611263736263736,0.6578099838969405,0.6056338028169014,2484,2912,0.6726296958855098,0.7845592070944184,0.7242956898627498,1917,2236,0.13701431492842536,0.6261682242990654,0.22483221476510068,214,978,0.024623803009575923,0.75,0.04768211920529802,24,731,1.0293269157409668,0.9657991528511047,334641,82,0.8446375223872139,1.152184750069864,1.0671453475952148,0.9680044054985046,334640,82,0.974570313406218,1.163762417039834,1.010829210281372,0.9679683446884155,334638,82,0.7339668712386463,1.1969997499836609,1.0109156370162964,0.9672721028327942,334638,82,0.9621086006789668,1.166639250004664,1.0403848886489868,0.9662915468215942,334634,82,0.9132016169229181,1.1976148749236017,5.877201042021625,0.0011983329895883799,5.878399375011213,1.461981541942805,7.340380916954018,0.01662199990823865
46,1.0020606120473323,0.9716881146420782,0.6219534155396096,0.3981951569369093,0.6219534155396096,0.4332726327961261,0.9766626259259983,0.5040438742454681,0.08102345415778252,0.11967779056386652,0.9999175709331559,0.9865634185730385,0.9931956079945027,344284,339686,0.11229946524064172,0.5478260869565217,0.1863905325443787,345,1683,0.08163265306122448,0.48,0.13953488372093023,325,1911,0.09885931558935361,0.11967779056386652,0.10827693909422176,869,1052,0.7000928505106778,0.6372279738009718,0.6671828337573277,4733,4308,0.5681410639569635,0.5679713175978488,0.5680561780965188,3347,3346,0.5841549295774648,0.6678743961352657,0.6232156273478587,2484,2840,0.6342554922701383,0.8132498695878978,0.7126857142857143,1917,2458,0.15990159901599016,0.6074766355140186,0.25316455696202533,214,813,0.04269662921348315,0.7916666666666666,0.08102345415778252,24,445,1.0337451696395874,0.9669257402420044,334641,82,1.1123483806665901,1.1936891250079498,1.0751893520355225,0.9676966071128845,334640,82,1.0828373721563445,1.165213375003077,1.000412106513977,0.9676456451416016,334638,82,0.7627485996331144,1.1902274169260636,1.0148369073867798,0.9669284224510193,334638,82,0.7847554470240564,1.1637914170278236,1.0766124725341797,0.9658641815185547,334634,82,1.8674877208573293,1.1666079580318183,5.879529291996732,0.0024288339773193,5.881958125974052,1.4853754580253735,7.367333583999425,0.02062749897595495
47,0.9981978093948465,0.9714984576423403,0.6233802678528466,0.3997324938041536,0.6233802678528466,0.4242840529851325,0.9768243082768127,0.5059910785296398,0.06473594548551959,0.09551208285385501,0.9999175784550082,0.9866534605151561,0.9932412379514065,344284,339717,0.0787746170678337,0.20869565217391303,0.11437648927720413,345,914,0.09691119691119691,0.7723076923076924,0.17221269296740996,325,2590,0.08736842105263158,0.09551208285385501,0.09125893347993402,869,950,0.6915635545556805,0.6494823579125291,0.6698627151884943,4733,4445,0.5689601005340873,0.5410815655811174,0.5546707503828484,3347,3183,0.6412538699690402,0.6670692431561996,0.653906866614049,2484,2584,0.6863636363636364,0.7876890975482524,0.7335438426038378,1917,2200,0.11246418338108882,0.7336448598130841,0.19503105590062111,214,1396,0.03374777975133215,0.7916666666666666,0.06473594548551959,24,563,1.0214591026306152,0.9677953124046326,334641,82,0.7695724007633987,1.1859595829155296,1.0697650909423828,0.9677713513374329,334640,82,0.9715040672403575,1.1761308329878375,1.014803409576416,0.9685540795326233,334638,82,0.7979024816265876,1.182050040923059,1.0179866552352905,0.9679295420646667,334638,82,0.8999042699837728,1.19987949996721,1.0437424182891846,0.9677677750587463,334634,82,1.0013556776618524,1.1708418340422213,5.914861790835857,0.0017304999055340886,5.9165922907413915,1.51060433301609,7.427196623757482,0.018214918207377195
48,0.997381547526426,0.9716881146420782,0.6245069567293344,0.4011232896872842,0.6245069567293344,0.43299612855457986,0.9768060864636937,0.48311697036597295,0.0670391061452514,0.11162255466052934,0.9999175444744491,0.9862468194862382,0.9930351343328542,344284,339577,0.12101063829787234,0.7913043478260869,0.209919261822376,345,2256,0.0647887323943662,0.28307692307692306,0.10544412607449857,325,1420,0.1043010752688172,0.11162255466052934,0.10783768760422457,869,930,0.6903841782223232,0.6416649059792943,0.6651335961454227,4733,4399,0.5725190839694656,0.6050194203764565,0.5883207437536316,3347,3537,0.6044476850164054,0.6674718196457327,0.6343983164339009,2484,2743,0.676985195154778,0.7871674491392802,0.7279305354558611,1917,2229,0.1417910447761194,0.6214953271028038,0.2309027777777778,214,938,0.03508771929824561,0.75,0.0670391061452514,24,513,1.0331029891967773,0.9680284261703491,334641,82,0.7637156011485269,1.2294440000550821,1.052785038948059,0.9664953351020813,334640,82,0.890907076074721,1.238548916997388,0.9917178750038147,0.9686974883079529,334638,82,0.7250897159848088,1.3233453339198604,1.0106439590454102,0.967182457447052,334638,82,0.9188649435552715,1.2787380840163678,1.0328714847564697,0.9674898386001587,334634,82,1.4794655924946714,1.2377886669710279,6.307865001959726,0.001293207984417677,6.309158209944144,1.5184955839067698,7.827653793850914,0.019953705952502787
49,0.9963043444113289,0.9722598747148172,0.6188280385176278,0.40433947342129956,0.6188280385176278,0.43612960427446784,0.9771790589950633,0.5124921792457503,0.06881720430107527,0.1334867663981588,0.9999175864606328,0.9867493116148296,0.9932898072318043,344284,339750,0.12466436517069429,0.9420289855072463,0.22018970189701897,345,2607,0.05032119914346895,0.14461538461538462,0.07466243050039714,325,934,0.09822184589331075,0.1334867663981588,0.11317073170731708,869,1181,0.7279824347401805,0.6304669342911473,0.6757246376811594,4733,4099,0.5504851822711776,0.6271287720346579,0.5863128491620112,3347,3813,0.5969718817591925,0.6666666666666666,0.6298972993533662,2484,2774,0.6872710622710623,0.7829942618675013,0.7320165813216288,1917,2184,0.1712779973649539,0.6074766355140186,0.2672147995889003,214,759,0.036281179138321996,0.6666666666666666,0.06881720430107527,24,441,1.0040041208267212,0.9678550958633423,334641,82,0.6847570860220709,1.1843757079914212,1.0399670600891113,0.9679028391838074,334640,82,0.9028618743414307,1.1955059580504894,0.9996824264526367,0.9674932360649109,334638,82,0.8225677740963122,1.224873875034973,1.0404279232025146,0.9674215316772461,334638,82,1.088607022611746,1.233903874992393,1.049701452255249,0.9679142236709595,334634,82,1.2889225317543949,1.2490930419880897,6.087752458057366,0.0012439170386642218,6.0889963750960305,1.4764519589953125,7.565448334091343,0.019800334004685283
50,0.9900345769128446,0.9722766091559706,0.6263721139916687,0.4021475150299568,0.6263721139916687,0.4320703031103338,0.9771856546782912,0.519379480883372,0.06513105639396347,0.10586881472957423,0.9999175786976257,0.9866563650939341,0.993242709816638,344284,339718,0.12175873731679819,0.9391304347826087,0.2155688622754491,345,2661,0.043897216274089934,0.12615384615384614,0.06513105639396347,325,934,0.10913404507710557,0.10586881472957423,0.10747663551401869,869,843,0.7088255733148019,0.6465244031269808,0.6762430939226519,4733,4317,0.565778632243889,0.615476546160741,0.589582140812822,3347,3641,0.605927552140505,0.6666666666666666,0.6348476135710178,2484,2733,0.6911161731207289,0.7913406364110589,0.7378404669260701,1917,2195,0.13576779026217228,0.677570093457944,0.22620904836193448,214,1068,0.03935185185185185,0.7083333333333334,0.07456140350877193,24,432,1.0239427089691162,0.9680045247077942,334641,82,0.8756871239650676,1.202363249962218,1.0602751970291138,0.9683151841163635,334640,82,1.307043750281193,1.1935872921021655,0.991901159286499,0.9689395427703857,334638,82,0.704149243609327,1.1958094999426976,1.002062439918518,0.9682134389877319,334638,82,1.0810511551517576,1.2074174579465762,1.043291449546814,0.9679769277572632,334634,82,1.0980171059821926,1.2047254579374567,6.003902957891114,0.0011872919276356697,6.00509024981875,1.5572966249892488,7.5623868748079985,0.01887970813550055
51,0.9851815282385551,0.9720451160533494,0.6328617052303502,0.4100673487071827,0.6328617052303502,0.4341947016562108,0.977349025711065,0.5176001664563715,0.05389221556886228,0.09666283084004602,0.9999175689918098,0.9865401819428147,0.9931838318503075,344284,339678,0.12505811250581125,0.7797101449275362,0.2155448717948718,345,2151,0.0689149560117302,0.28923076923076924,0.11130846654825341,325,1364,0.11275167785234899,0.09666283084004602,0.10408921933085502,869,745,0.6954769368562472,0.6562433974223537,0.6752907924774432,4733,4466,0.5720034492670307,0.5945622945921721,0.5830647524172282,3347,3479,0.6531496062992126,0.6678743961352657,0.6604299363057324,2484,2540,0.7380128521997034,0.7788210745957225,0.7578680203045686,1917,2023,0.10743801652892562,0.7289719626168224,0.1872749099639856,214,1452,0.027950310559006212,0.75,0.05389221556886228,24,644,1.012905478477478,0.9677743911743164,334641,82,0.6567410986602363,1.204418917070143,1.0455907583236694,0.9686050415039062,334640,82,0.820712362482102,1.19686741696205,1.003688931465149,0.9683240056037903,334638,82,0.7704493676648025,1.2200706669827923,1.010698676109314,0.9674543738365173,334638,82,1.0583163094479182,1.1876503330422565,1.0374712944030762,0.9682847261428833,334634,82,0.9359222168860741,1.205132917035371,6.014140251092613,0.0011940000113099813,6.015334251103923,1.5118080000393093,7.527142251143232,0.01759779080748558
52,0.9992871755381272,0.9725415711408985,0.6080458844079006,0.41375604701902136,0.6080458844079006,0.43019894537582165,0.9778900428165812,0.5028840234284027,0.053691275167785234,0.11392405063291139,0.9999205887024194,0.98748417004566,0.9936634681989694,344284,340002,0.07717750826901874,0.2028985507246377,0.11182108626198083,345,907,0.09025787965616046,0.7753846153846153,0.1616939364773821,325,2792,0.1267605633802817,0.11392405063291139,0.12,869,781,0.7277722277722277,0.6156771603634059,0.6670481858761589,4733,4004,0.5681948424068768,0.5924708694353152,0.5800789820096534,3347,3490,0.766743648960739,0.6682769726247987,0.7141320714132071,2484,2165,0.657319587628866,0.8315075639019301,0.734223859972363,1917,2425,0.09544159544159544,0.6261682242990654,0.16563658838071693,214,1404,0.027972027972027972,0.6666666666666666,0.053691275167785234,24,572,1.0132335424423218,0.9679298400878906,334641,82,0.8455772921606661,1.1744683330180123,1.0359989404678345,0.9683212041854858,334640,82,0.7668066551489152,1.1975246249930933,0.9983074069023132,0.9690531492233276,334638,82,1.1706074889275324,1.1792087909998372,0.9882189035415649,0.9680819511413574,334638,82,0.897863508430891,1.1976253339089453,1.0581650733947754,0.967988908290863,334634,82,1.5215259809216413,1.180583417066373,5.929410499986261,0.002572959056124091,5.931983459042385,1.5003727090079337,7.432356168050319,0.017559583066031337
53,0.971502233689281,0.972223616758985,0.6368986784101901,0.41658263109441396,0.6368986784101901,0.43549504444568565,0.9777668220774105,0.5267017542196644,0.061016949152542375,0.14039125431530494,0.9999175964048489,0.986868399344727,0.9933501443555166,344284,339791,0.11869978086194302,0.9420289855072463,0.21083360363282516,345,2738,0.056511056511056514,0.14153846153846153,0.08077260755048288,325,814,0.10627177700348432,0.14039125431530494,0.12097174020823004,869,1148,0.7083922677982084,0.6349038664694697,0.6696378830083566,4733,4242,0.6035162170354653,0.5948610696145802,0.5991573879024977,3347,3299,0.7140396210163652,0.6674718196457327,0.6899708697461506,2484,2322,0.7266117304895783,0.7819509650495566,0.7532663316582915,1917,2063,0.10006414368184734,0.7289719626168224,0.17597292724196278,214,1559,0.03180212014134275,0.75,0.061016949152542375,24,566,1.0151094198226929,0.9682824015617371,334641,82,0.7822298269078721,1.1781986670102924,1.0233007669448853,0.9689038991928101,334640,82,0.7556392856892952,1.1720666659530252,0.9900169968605042,0.9674065709114075,334638,82,0.8556787550698128,1.2041889999527484,0.9894179105758667,0.968718409538269,334638,82,0.8558145077048335,1.1889590829377994,1.0204468965530396,0.9686672687530518,334634,82,1.0794599334469193,1.211770209018141,5.9551836248720065,0.0012124580098316073,5.956396082881838,1.4844490829855204,7.4408451658673584,0.017491542152129114
54,0.9815548105202387,0.9722459293471895,0.635370993746122,0.4106111708174426,0.635370993746122,0.4336330077761212,0.9775144692067437,0.520856382796973,0.0683111954459203,0.10586881472957423,0.9999205216137056,0.9866505559363781,0.9932412181889155,344284,339715,0.12109815720195562,0.9333333333333333,0.21438082556591212,345,2659,0.056074766355140186,0.1476923076923077,0.08128704487722269,325,856,0.10466439135381114,0.10586881472957423,0.10526315789473684,869,879,0.7069528698086794,0.6401859285865201,0.6719148464353033,4733,4286,0.5638790520294198,0.6184642963848223,0.5899116557423767,3347,3671,0.7096912521440824,0.6662640901771336,0.6872923588039868,2484,2332,0.7056357708430367,0.7902973395931142,0.7455708661417323,1917,2147,0.10240963855421686,0.7149532710280374,0.1791569086651054,214,1494,0.03578528827037773,0.75,0.0683111954459203,24,503,1.0143482685089111,0.968246579170227,334641,82,0.7563261389365195,1.196742165950127,1.0324925184249878,0.9688919186592102,334640,82,0.8762470098852728,1.1731876250123605,0.9850039482116699,0.9698121547698975,334638,82,0.671862296639989,1.2121005409862846,0.9966895580291748,0.9680819511413574,334638,82,1.100449464125061,1.1879258749540895,1.0337435007095337,0.9685537219047546,334634,82,1.7093153445057043,1.1929483329877257,5.962904539890587,0.0014567920006811619,5.9643613318912685,1.5330033329082653,7.497364664799534,0.015558752114884555
55,0.9720227390232042,0.9727061264789062,0.6418723113858551,0.4119373236261345,0.6418723113858551,0.4360763411210572,0.977759963202818,0.522313900271252,0.07210626185958255,0.09896432681242807,0.9999175985874044,0.9868945405537289,0.9933633881219266,344284,339800,0.1197339246119734,0.9391304347826087,0.21238938053097345,345,2706,0.05081081081081081,0.14461538461538462,0.0752,325,925,0.12338593974175036,0.09896432681242807,0.10983397190293742,869,697,0.7071708554300208,0.6480033805197549,0.6762954796030871,4733,4337,0.5854201446855871,0.6286226471466986,0.6062527013398645,3347,3594,0.6683979224930084,0.6735104669887279,0.6709444555845198,2484,2503,0.7136105860113422,0.7876890975482524,0.748822216712125,1917,2116,0.11315209404849376,0.719626168224299,0.19555555555555557,214,1361,0.03777335984095427,0.7916666666666666,0.07210626185958255,24,503,1.0095880031585693,0.9693163633346558,334641,82,0.8015251474752897,1.1969725000672042,1.025322675704956,0.968960702419281,334640,82,0.7394631774864406,1.1803015840705484,0.982869565486908,0.9697643518447876,334638,82,0.8076003819865489,1.1880073749925941,0.9851822853088379,0.9692115187644958,334638,82,0.7850289429510857,1.2141100419685245,1.0234745740890503,0.9687449336051941,334634,82,1.3007440771574308,1.1909211250022054,5.970312626101077,0.0012017079861834645,5.97151433408726,1.506782167009078,7.478296501096338,0.02160433284007013
56,0.9705362241679238,0.9732611521104919,0.6315347006554315,0.41937595550488316,0.6315347006554315,0.4407038056355982,0.9782895790296537,0.5197724555262281,0.07524752475247524,0.11277330264672036,0.9999205884688575,0.987481265466882,0.9936619975594964,344284,340001,0.08048780487804878,0.19130434782608696,0.11330472103004292,345,820,0.08924247665167762,0.7938461538461539,0.16044776119402984,325,2891,0.1346153846153846,0.11277330264672036,0.12273011897307451,869,728,0.7223032069970845,0.6281428269596451,0.6719403322409312,4733,4116,0.5737272487470324,0.6498356737376755,0.6094144017932194,3347,3791,0.7537279710799819,0.6714975845410628,0.7102405790930381,2484,2213,0.6789699570815451,0.8252477829942618,0.744996468095126,1917,2330,0.12126387702818105,0.6635514018691588,0.20505415162454874,214,1171,0.0395010395010395,0.7916666666666666,0.07524752475247524,24,481,1.0087398290634155,0.968856155872345,334641,82,0.7068602501046946,1.181888125021942,1.0171499252319336,0.9688829779624939,334640,82,0.7775367525373507,1.2211703748907894,0.9749539494514465,0.969163715839386,334638,82,0.7946797621389087,1.2300234580179676,0.9749463200569153,0.969555139541626,334638,82,0.65962668804324,1.2868394169490784,1.0489133596420288,0.970257043838501,334634,82,1.2758840355695182,1.2611152079189196,6.181036582798697,0.001204958069138229,6.182241540867835,1.6198004169855267,7.802041957853362,0.019083167193457484
57,0.9691595166981057,0.9736739349922743,0.6320344256553982,0.41757439848381983,0.6320344256553982,0.4461444823661365,0.9782999042553837,0.5253429866757247,0.06891151135473766,0.1277330264672037,0.9999176724834977,0.9877804370810145,0.9938119987317154,344284,340105,0.12208865514650638,0.9420289855072463,0.21616228799467907,345,2662,0.046218487394957986,0.13538461538461538,0.06891151135473766,325,952,0.11659663865546219,0.1277330264672037,0.12191103789126853,869,952,0.709791030758394,0.638706951193746,0.6723754448398577,4733,4259,0.5816190221747262,0.6504332237824918,0.6141043723554301,3347,3743,0.6835128417564209,0.6642512077294686,0.6737443854634545,2484,2414,0.7031753336401289,0.7970787689097548,0.7471882640586797,1917,2173,0.1733181299885975,0.7102803738317757,0.27864344637946836,214,877,0.03950617283950617,0.6666666666666666,0.07459207459207459,24,405,0.9962605237960815,0.9689129590988159,334641,82,0.7236510783984134,1.2562364580808207,1.037404179573059,0.9685273766517639,334640,82,1.100251827609708,1.2656040829606354,0.97282874584198,0.9692772626876831,334638,82,0.6627214917974313,1.28225500008557,0.9850794672966003,0.9688529372215271,334638,82,0.8982982370131214,1.268068499979563,1.0185176134109497,0.9687837958335876,334634,82,0.8725006571791747,1.2760892909718677,6.348253332078457,0.0014458340592682362,6.349699166137725,1.5729630829300731,7.922662249067798,0.017485584947280586
58,0.9709017879267416,0.9726838138907018,0.6293076566017295,0.4158152071331914,0.6293076566017295,0.43764549821149457,0.9779013931846529,0.5279511933370407,0.06642066420664207,0.12428078250863062,0.9999176240420118,0.9871995213254174,0.9935178729853885,344284,339905,0.08108108108108109,0.19130434782608696,0.11389128559102675,345,814,0.09228550829127613,0.7876923076923077,0.16521458535011294,325,2774,0.11392405063291139,0.12428078250863062,0.11887727022564668,869,948,0.6908524371244158,0.6558208324529896,0.6728809885107305,4733,4493,0.5943368107302534,0.5957573946818046,0.5950462548492987,3347,3355,0.7033898305084746,0.6682769726247987,0.685383980181668,2484,2360,0.7242540904716073,0.7850808555033907,0.753441802252816,1917,2078,0.12336160370084812,0.7476635514018691,0.21178027796161483,214,1297,0.03474903474903475,0.75,0.06642066420664207,24,518,0.9935389757156372,0.9692775011062622,334641,82,0.8166561410185437,1.2833202090114355,1.026205062866211,0.9696121215820312,334640,82,0.829440288354995,1.2739892080426216,0.9699919819831848,0.9701468348503113,334638,82,0.6265727080000552,1.30002029100433,0.9677162766456604,0.9689455628395081,334638,82,0.845743404735814,1.2578219160204753,1.0316243171691895,0.9676303267478943,334634,82,1.0670197124008167,1.2561954580014572,6.3713470820803195,0.001230292022228241,6.372577374102548,1.6044257499743253,7.977003124076873,0.018783292965963483
59,0.9542715893871689,0.973958420491881,0.6447434327898065,0.42366922069719354,0.6447434327898065,0.4486946216541785,0.9786719427446681,0.5272512575718323,0.07555238774055595,0.11737629459148446,0.9999206162530871,0.9878269103414623,0.9938369734834981,344284,340120,0.12485593545908567,0.9420289855072463,0.22048846675712347,345,2603,0.04916512059369202,0.16307692307692306,0.07555238774055595,325,1078,0.12142857142857143,0.11737629459148446,0.11936805149210064,869,840,0.6996841155234657,0.6551869849989436,0.6767048554282596,4733,4432,0.5942068218733081,0.6558111741858381,0.6234909813946883,3347,3694,0.7401960784313726,0.6686795491143317,0.7026226734348562,2484,2244,0.7188392007611798,0.7882107459572248,0.7519283403831799,1917,2102,0.1407766990291262,0.677570093457944,0.23311897106109325,214,1030,0.047619047619047616,0.7916666666666666,0.08983451536643026,24,399,0.9968711733818054,0.9692057967185974,334641,82,0.7977931137734706,1.321904749958776,1.0221951007843018,0.9695852398872375,334640,82,0.8492966584074069,1.2514755830634385,0.9835731387138367,0.9702873229980469,334638,82,0.83019197805158,1.269777207984589,0.9847896695137024,0.9691337943077087,334638,82,0.8748260634100236,1.3057829999597743,1.01618230342865,0.9703168272972107,334634,82,0.9660213182824738,1.269551582983695,6.418492123950273,0.0014845420373603702,6.419976665987633,1.615704416995868,8.035681082983501,0.01904266804922372
60,0.9628841003529314,0.973065916963703,0.6306717049558912,0.4183450657999395,0.6306717049558912,0.43913985627668417,0.9782256919935377,0.5203017466771936,0.06805293005671077,0.1277330264672037,0.9999235498734163,0.9877455821356786,0.9937972602739726,344284,340091,0.07494866529774127,0.21159420289855072,0.1106899166034875,345,974,0.08963482109922538,0.7476923076923077,0.1600790513833992,325,2711,0.12685714285714286,0.1277330264672037,0.12729357798165136,869,875,0.7335728952772074,0.6038453412212128,0.6624174295978676,4733,3896,0.5876923076923077,0.6277263220794742,0.6070499855533082,3347,3575,0.7081400253057781,0.6759259259259259,0.6916580844490217,2484,2371,0.7035714285714286,0.8221178925404278,0.7582391147462112,1917,2240,0.12346625766871165,0.7523364485981309,0.21212121212121213,214,1304,0.03564356435643564,0.75,0.06805293005671077,24,505,0.9871615171432495,0.9700096249580383,334641,82,0.7279794118825686,1.1946051669074222,1.0164729356765747,0.9694089293479919,334640,82,0.9176905920772502,1.2181868329644203,0.9700025320053101,0.9702514410018921,334638,82,0.8160507620860895,1.1891264579026029,0.9746785163879395,0.9700661897659302,334638,82,0.7159006657035994,1.19676945800893,1.0210288763046265,0.9696623682975769,334634,82,1.2010278814641009,1.191501957946457,5.9901898737298325,0.00218187493737787,5.99237174866721,1.5443831250304356,7.536754873697646,0.016059585264883935
61,0.9585009904951345,0.973612575374712,0.6272098839082084,0.4249306084031881,0.6272098839082084,0.4454552003640243,0.9786854405908338,0.5293731681586072,0.07881773399014778,0.11622554660529344,0.999923535708824,0.9875625936726656,0.9937046259600884,344284,340028,0.07865168539325842,0.2028985507246377,0.11336032388663968,345,890,0.09529106414534669,0.7907692307692308,0.17008603573792191,325,2697,0.11310190369540873,0.11622554660529344,0.11464245175936436,869,893,0.701762313601446,0.6562433974223537,0.6782399825308439,4733,4426,0.601433296582139,0.6519270988945324,0.625663082437276,3347,3628,0.764489420423183,0.6690821256038647,0.7136109918419923,2484,2174,0.7363855421686747,0.7970787689097548,0.7655310621242485,1917,2075,0.11638250555967383,0.7336448598130841,0.20089571337172105,214,1349,0.041884816753926704,0.6666666666666666,0.07881773399014778,24,382,0.9923829436302185,0.9688292741775513,334641,82,0.9794210914351341,1.1942152919946238,1.0184903144836426,0.9697107076644897,334640,82,0.942456547849374,1.1698206249857321,0.9674644470214844,0.9702962636947632,334638,82,0.736025416161844,1.232284375000745,0.9796668291091919,0.9697732925415039,334638,82,0.7692493932946146,1.189350208034739,1.017392635345459,0.9695757031440735,334634,82,0.9297033583316323,1.2325479160062969,6.018218416022137,0.0011541249696165323,6.019372540991753,1.5396371249807999,7.559009665972553,0.015766916912980378
62,0.9556323174497737,0.9732750974781197,0.6324451812173009,0.43075210142066506,0.6324451812173009,0.44682476024050183,0.978733064544732,0.5281700990866076,0.0835509138381201,0.1334867663981588,0.9999205653394213,0.9871937121678614,0.9935163829718819,344284,339902,0.07964601769911504,0.1826086956521739,0.11091549295774648,345,791,0.09190526687875575,0.8,0.1648700063411541,325,2829,0.1256771397616468,0.1334867663981588,0.12946428571428573,869,923,0.7089343880874825,0.6437777308261146,0.6747868453105969,4733,4298,0.6180124223602484,0.6540185240513893,0.6355058789374365,3347,3542,0.8225726959093149,0.6719001610305958,0.73964103700421,2484,2029,0.719225449515906,0.8137715179968701,0.7635829662261381,1917,2169,0.09705882352941177,0.7710280373831776,0.1724137931034483,214,1700,0.04456824512534819,0.6666666666666666,0.0835509138381201,24,359,0.9855061769485474,0.9698572754859924,334641,82,1.171519239137974,1.2327215840341523,1.0245436429977417,0.9698212742805481,334640,82,0.9681146944596412,1.2304655420593917,0.9777843356132507,0.9698330760002136,334638,82,0.7655200601996005,1.2869615419767797,0.9716005325317383,0.9698210954666138,334638,82,0.7558431606685212,1.2433047919766977,0.9924762845039368,0.9692918062210083,334634,82,0.8654976343308359,1.2856151669984683,6.27906862704549,0.0011747910175472498,6.280243418063037,1.6057798749534413,7.886023293016478,0.019408039981499314
63,0.9486535737422882,0.9739416860507276,0.6416943437892564,0.42518780744985235,0.6416943437892564,0.44778743086703265,0.9787774835569464,0.5325389200738303,0.07091055600322321,0.12888377445339472,0.9999206178868482,0.9878472423929082,0.9938472642900246,344284,340127,0.12258796821793416,0.9391304347826087,0.21686746987951808,345,2643,0.048034934497816595,0.13538461538461538,0.07091055600322321,325,916,0.12134344528710726,0.12888377445339472,0.125,869,923,0.7012629161882893,0.6452567082188887,0.6720950704225352,4733,4355,0.607202216066482,0.6549148491186136,0.6301566767284749,3347,3610,0.7579908675799086,0.6682769726247987,0.7103123662815576,2484,2190,0.7235044747998116,0.8012519561815337,0.7603960396039604,1917,2123,0.126883425852498,0.7476635514018691,0.21694915254237288,214,1261,0.04314720812182741,0.7083333333333334,0.08133971291866028,24,394,0.992792546749115,0.9693253636360168,334641,82,0.7573555394784914,1.3135246250312775,1.010098934173584,0.9700812697410583,334640,82,0.8639879967969926,1.2552099169697613,0.9466032385826111,0.9706488847732544,334638,82,0.6289393776482171,1.276384916040115,0.9692893028259277,0.9701288938522339,334638,82,0.6756419175311137,1.27181424992159,0.9866707921028137,0.9702152013778687,334634,82,0.8930857706082305,1.264939249958843,6.381872957921587,0.0011794579913839698,6.383052415912971,1.5970002500107512,7.980052665923722,0.01768575015012175
64,0.9573204127141313,0.9737827088597709,0.6340357265443591,0.4261774496828375,0.6340357265443591,0.44647083407434723,0.9787582496898344,0.5265412344906217,0.08163265306122448,0.12658227848101267,0.9999206101842432,0.9877513912932346,0.9937987486447548,344284,340094,0.084472049689441,0.19710144927536233,0.11826086956521739,345,805,0.09433962264150944,0.7846153846153846,0.16842800528401586,325,2703,0.12415349887133183,0.12658227848101267,0.12535612535612536,869,886,0.7149038461538462,0.628354109444327,0.6688406611941977,4733,4160,0.5912906610703043,0.6734389005079175,0.62969688503981,3347,3812,0.8128368446839784,0.6678743961352657,0.7332596685082873,2484,2041,0.6815450643776824,0.828377673448096,0.747821991994349,1917,2330,0.1151468315301391,0.6962616822429907,0.1976127320954907,214,1294,0.04316546762589928,0.75,0.08163265306122448,24,417,0.980874240398407,0.9694598317146301,334641,82,0.7055569677501206,1.2651776249986142,1.0186394453048706,0.9688979387283325,334640,82,1.1366952636838845,1.2447922499850392,0.9526548981666565,0.9705024361610413,334638,82,0.6810672755598685,1.1861039159120992,0.9558196067810059,0.9698121547698975,334638,82,0.8677858442247718,1.21045266604051,1.0188671350479126,0.9699612259864807,334634,82,0.9312967278240791,1.2330535829532892,6.139580039889552,0.0012027500197291374,6.140782789909281,1.5317321670008823,7.672514956910163,0.019146460108458996
65,0.9547729370114054,0.9741731791533489,0.633841654789362,0.435114986163886,0.633841654789362,0.45006733057073206,0.9792670680189292,0.5044720383190342,0.08173076923076923,0.1277330264672037,0.9999235790853592,0.9881231773768168,0.9939883565496235,344284,340221,0.08404384896467722,0.2,0.1183533447684391,345,821,0.09214285714285714,0.7938461538461539,0.16512,325,2800,0.12906976744186047,0.1277330264672037,0.12839791787160207,869,860,0.7163679808841099,0.6334248890766956,0.6723480601031622,4733,4185,0.6096096096096096,0.6671646250373469,0.6370898716119828,3347,3663,0.8615145228215768,0.6686795491143317,0.7529465095194923,2484,1928,0.7066428889879626,0.8268127282211789,0.7620192307692307,1917,2243,0.10846745976207138,0.7242990654205608,0.18867924528301888,214,1429,0.04336734693877551,0.7083333333333334,0.08173076923076923,24,392,0.9788305163383484,0.9702726006507874,334641,82,0.6841315585769872,1.2099224589765072,1.015526294708252,0.9697675108909607,334640,82,1.1473690936687864,1.2212043339386582,0.9568246603012085,0.9709566831588745,334638,82,0.7403843896439909,1.2632543749641627,0.950698971748352,0.9701647758483887,334638,82,0.7006910141774598,1.2154788750922307,1.0192065238952637,0.9694352746009827,334634,82,1.3792284016451373,1.2897224589250982,6.199582501896657,0.0020010829903185368,6.201583584886976,1.5401946669444442,7.74177825183142,0.01756658114027232
66,0.9542887793874548,0.9738831155066909,0.6460547772909393,0.4336728932561405,0.6460547772909393,0.4458245191924849,0.9790502185104176,0.5127168014308017,0.06642066420664207,0.12082853855005754,0.9999235826791325,0.9881696506372646,0.9940118710748099,344284,340237,0.11743515850144093,0.9449275362318841,0.20890740147388656,345,2776,0.04485219164118247,0.13538461538461538,0.06738131699846861,325,981,0.13274336283185842,0.12082853855005754,0.12650602409638553,869,791,0.7254951752158456,0.6036340587365308,0.6589782032060892,4733,3938,0.6086105675146771,0.6504332237824918,0.6288272674754477,3347,3577,0.882229232386961,0.6755233494363929,0.7651618787049703,2484,1902,0.680561463207146,0.8346374543557642,0.7497656982193065,1917,2351,0.11012916383412645,0.7570093457943925,0.19228486646884274,214,1471,0.03474903474903475,0.75,0.06642066420664207,24,518,0.9927645325660706,0.9697227478027344,334641,82,1.0512574169029685,1.2829350830288604,0.9889642596244812,0.9687604308128357,334640,82,0.6930276426386639,1.2813205419806764,0.9616991281509399,0.9702693819999695,334638,82,0.815117927733195,1.2284558330429718,0.9660395383834839,0.9686974883079529,334638,82,0.9681424421184261,1.1934134580660611,1.0112909078598022,0.9697788953781128,334634,82,1.2567748103387917,1.2348894169554114,6.221014333073981,0.0012762079713866115,6.222290541045368,1.5745366249466315,7.796827165991999,0.01827800099272281
67,0.9509328607175795,0.9750628936080012,0.6328503603658061,0.44368300260178584,0.6328503603658061,0.4545428245503672,0.9798926297226151,0.5201561399401338,0.07623318385650224,0.13118527042577677,0.9999236708451986,0.989311150097013,0.9945891016974394,344284,340630,0.07897793263646923,0.19710144927536233,0.11276948590381426,345,861,0.08961937716262976,0.796923076923077,0.16111975116640748,325,2890,0.1349112426035503,0.13118527042577677,0.13302217036172695,869,845,0.7168249330411492,0.6220156349038665,0.6660633484162896,4733,4107,0.6055909216717409,0.6537197490289812,0.628735632183908,3347,3613,0.9201981287837094,0.6731078904991948,0.7774936061381074,2484,1817,0.713381555153707,0.8231611893583725,0.764349721482199,1917,2212,0.137117903930131,0.7336448598130841,0.23105224429727741,214,1145,0.04028436018957346,0.7083333333333334,0.07623318385650224,24,422,0.9735701680183411,0.9694867134094238,334641,82,0.8119368376702285,1.2423460420686752,0.9964065551757812,0.9704368710517883,334640,82,0.9816528168563284,1.1892507090233266,0.949643611907959,0.9699406623840332,334638,82,0.7173033907385791,1.1958769580814987,0.9595639109611511,0.9701349139213562,334638,82,0.7141771074304879,1.2280396670103073,0.9937864542007446,0.9697788953781128,334634,82,0.955693702510491,1.3012709169415757,6.1567842931253836,0.0018445419846102595,6.158628835109994,1.5895440831081942,7.748172918218188,0.015896539785899222
68,0.9406697765205493,0.9740365145505966,0.6439832750217753,0.4350347556415716,0.6439832750217753,0.451832267665227,0.9791928051612148,0.533231572726008,0.07627118644067797,0.15995397008055237,0.9999235959282508,0.9883410207851657,0.9940985713868358,344284,340296,0.1203281677301732,0.7652173913043478,0.20795588814493896,345,2194,0.06071179344033496,0.2676923076923077,0.09897610921501707,325,1433,0.12990654205607477,0.15995397008055237,0.14337287261474987,869,1070,0.7289910600255428,0.6030002112824847,0.6600370027752082,4733,3915,0.6226792345044273,0.6513295488497162,0.6366822429906542,3347,3501,0.8415741675075681,0.6714975845410628,0.7469771607702642,2484,1982,0.6909722222222222,0.8304642670839854,0.7543236199952618,1917,2304,0.11508220157255182,0.7523364485981309,0.1996280223186609,214,1399,0.04017857142857143,0.75,0.07627118644067797,24,448,0.9597468376159668,0.9711750745773315,334641,82,0.747309549443938,1.2168029999593273,1.0020033121109009,0.9708462953567505,334640,82,0.7529841664936301,1.2640096250688657,0.9683183431625366,0.9712615013122559,334638,82,0.8230669187427996,1.2782621249789372,0.9692708253860474,0.9708968997001648,334638,82,1.0322196326614153,1.2444363340036944,0.9902591705322266,0.9705827832221985,334634,82,0.9498922355291393,1.2201058330247179,6.223616917035542,0.0015286250272765756,6.225145542062819,1.537607166916132,7.762752708978951,0.021330832969397306
69,0.9505776409366585,0.9741146086093122,0.6420665466643041,0.42430539469613365,0.6420665466643041,0.44782540333798604,0.9788495972732278,0.5314956141173433,0.06805877803557618,0.12543153049482164,0.9999235788607371,0.9881202727980388,0.9939868868552996,344284,340220,0.12001463593121112,0.9507246376811594,0.21312540610786224,345,2733,0.045454545454545456,0.13538461538461538,0.06805877803557618,325,968,0.1345679012345679,0.12543153049482164,0.12983918999404406,869,810,0.7099328214971209,0.6251848721740968,0.6648691158296821,4733,4168,0.6305490654205608,0.6450552733791455,0.6377196869000148,3347,3424,0.7235042735042735,0.6815619967793881,0.7019071310116086,2484,2340,0.7018934390136504,0.8315075639019301,0.7612225405921681,1917,2271,0.13983050847457626,0.7710280373831776,0.23672883787661406,214,1180,0.037383177570093455,0.6666666666666666,0.07079646017699115,24,428,0.9711124897003174,0.9702935218811035,334641,82,0.7026044457594324,1.1931910830317065,0.9914566874504089,0.9704727530479431,334640,82,0.8653615170315534,1.1984469159506261,0.9382109642028809,0.9711359739303589,334638,82,0.646610667427542,1.212471874896437,0.9560974836349487,0.9707056283950806,334638,82,0.6997445389110951,1.198120457935147,0.9782754778862,0.9705559015274048,334634,82,1.043303036321282,1.2387467089574784,6.040977040771395,0.0022046660305932164,6.043181706801988,1.5129424579208717,7.55612416472286,0.01776608417276293
70,0.9361059061112107,0.9748927601229423,0.6433001743573812,0.43309543838489556,0.6433001743573812,0.4552325125634774,0.979474759786935,0.5328201695465213,0.07439446366782007,0.13003452243958574,0.9999206938990111,0.9887941350745315,0.9943262887794876,344284,340453,0.1206384558277654,0.9420289855072463,0.21388614675880224,345,2694,0.05174488567990373,0.13230769230769232,0.07439446366782007,325,831,0.1064030131826742,0.13003452243958574,0.1170378042465044,869,1062,0.7139790076335878,0.6323684766532854,0.6707002801120449,4733,4192,0.6128226477935054,0.6596952494771438,0.6353956834532374,3347,3603,0.7816901408450704,0.6702898550724637,0.7217165149544863,2484,2130,0.7459943449575872,0.8257694314032342,0.783857390443179,1917,2122,0.15,0.7850467289719626,0.2518740629685157,214,1120,0.04776119402985075,0.6666666666666666,0.08913649025069638,24,335,0.9728838801383972,0.9704340100288391,334641,82,0.823594773800224,1.2222496250178665,1.003166675567627,0.9709030389785767,334640,82,0.9460701856008606,1.1844056659610942,0.9546949863433838,0.9710134267807007,334638,82,0.9111358802494358,1.2164773750118911,0.9539340734481812,0.9710672497749329,334638,82,0.8169441705421204,1.190055291983299,0.9851886034011841,0.9698625802993774,334634,82,0.9780069762171703,1.2150122920284048,6.0282002500025555,0.0019601250533014536,6.030160375055857,1.5479126250138506,7.578073000069708,0.018744500004686415
71,0.9392480515187762,0.9746835796085256,0.6547609431115605,0.440069990687132,0.6547609431115605,0.4542092668461074,0.9796354758089494,0.5267625093745133,0.0683453237410072,0.1476923076923077,0.9999236329564913,0.9888202762835334,0.9943409590431475,344284,340461,0.12256586483390607,0.9304347826086956,0.2165991902834008,345,2619,0.049281314168377825,0.1476923076923077,0.07390300230946882,325,974,0.12609970674486803,0.14844649021864212,0.13636363636363635,869,1023,0.7220536165907941,0.6032114937671667,0.65730401749741,4733,3954,0.6263053909116568,0.6629817747236331,0.644121915820029,3347,3543,0.8738317757009346,0.677536231884058,0.763265306122449,2484,1926,0.7180875056382499,0.8304642670839854,0.7701983551040155,1917,2217,0.1268368136117556,0.7663551401869159,0.21765096217650962,214,1293,0.03571428571428571,0.7916666666666666,0.0683453237410072,24,532,0.9682616591453552,0.9703084826469421,334641,82,0.7095188985943774,1.2399197920458391,0.9881998896598816,0.9709538817405701,334640,82,0.8030833665608181,1.21754383307416,0.9414346814155579,0.971673846244812,334638,82,0.9056197499887486,1.2213860000483692,0.9474768042564392,0.9704964756965637,334638,82,0.7486447453449744,1.2906703329645097,0.9988692998886108,0.971264123916626,334634,82,1.4375213689161697,1.1924731250619516,6.1619930831948295,0.0012683749664574862,6.163261458161287,1.5132092089625075,7.6764706671237946,0.017420416814275086
72,0.9368025080696692,0.9755370361073459,0.6567411930707467,0.4494712692318215,0.6567411930707467,0.4606834873228237,0.9802111452673512,0.536902795174978,0.07532667179093006,0.1323360184119678,0.9999236706211156,0.9893082455182349,0.9945876337578642,344284,340629,0.12457011845624762,0.9449275362318841,0.2201215395003376,345,2617,0.050204918032786885,0.15076923076923077,0.07532667179093006,325,976,0.12906846240179573,0.1323360184119678,0.13068181818181818,869,891,0.7153864676137732,0.627720261990281,0.6686923250056268,4733,4153,0.6143011917659805,0.6776217508216313,0.6444097172893877,3347,3692,0.9760932944606414,0.6739130434782609,0.7973326982614908,2484,1715,0.7060133630289532,0.8268127282211789,0.7616530514175877,1917,2245,0.13068181818181818,0.7523364485981309,0.22268326417704012,214,1232,0.04846938775510204,0.7916666666666666,0.09134615384615384,24,392,0.9778802394866943,0.971067488193512,334641,82,0.8506254037896761,1.1763096670620143,0.9720388054847717,0.9703771471977234,334640,82,0.8029657050004219,1.2168845830019563,0.9460284113883972,0.9709596633911133,334638,82,1.02753533829172,1.1932157919509336,0.9598527550697327,0.9709417223930359,334638,82,0.8289929510896538,1.1895121249835938,0.9637783765792847,0.9707322120666504,334634,82,0.9461375608309707,1.2136942080687732,5.989616375067271,0.001307999948039651,5.990924375015311,1.5342657909495756,7.5251901659648865,0.01631120895035565
73,0.944369683233176,0.9761004289595082,0.6410500910959505,0.4535315574027118,0.6410500910959505,0.46539001052168655,0.9806728825513815,0.5244727307464255,0.0801781737193764,0.13463751438434982,0.9999237091440459,0.9898078330680484,0.9948400563433735,344284,340801,0.12121212121212122,0.6956521739130435,0.2064516129032258,345,1980,0.06678592725104353,0.3446153846153846,0.11188811188811189,325,1677,0.1453416149068323,0.13463751438434982,0.13978494623655913,869,805,0.7231215269388741,0.6323684766532854,0.6747069431920649,4733,4139,0.6192276532541183,0.6850911263818344,0.6504964539007092,3347,3703,0.9680365296803652,0.6827697262479872,0.8007554296506137,2484,1752,0.7099373321396598,0.8273343766301513,0.7641532160925079,1917,2234,0.13937621832358674,0.6682242990654206,0.2306451612903226,214,1026,0.042352941176470586,0.75,0.0801781737193764,24,425,0.9680189490318298,0.9703712463378906,334641,82,0.6875957093382606,1.228409625007771,1.0209720134735107,0.9704936742782593,334640,82,1.6563064174360707,1.196642291964963,0.9521440267562866,0.9714556932449341,334638,82,0.817197873615428,1.2257212080294266,0.9505946040153503,0.9706339240074158,334638,82,0.9100661549109264,1.194616167107597,0.9840943217277527,0.9703018665313721,334634,82,0.9695514875841268,1.2288533329265192,6.074242625036277,0.001104665920138359,6.075347290956415,1.5282594580203295,7.603606748976745,0.017469749902375042
74,0.9323994325557865,0.974850924020059,0.6514075955648118,0.4493202964399341,0.6514075955648118,0.45761365373223273,0.9799563929152083,0.5377487243473401,0.07302231237322515,0.13693901035673187,0.9999236156811131,0.9885966237176285,0.994227859342046,344284,340384,0.1276083467094703,0.9217391304347826,0.22418047232992597,345,2492,0.04679376083188908,0.16615384615384615,0.07302231237322515,325,1154,0.14116251482799524,0.13693901035673187,0.13901869158878505,869,843,0.7206132879045997,0.6256074371434608,0.6697579733092061,4733,4109,0.6232876712328768,0.6797131759784882,0.6502786908675147,3347,3650,0.9761489237929029,0.6755233494363929,0.7984772781346657,2484,1719,0.7117198024247867,0.8268127282211789,0.76496138996139,1917,2227,0.10277957336780866,0.7429906542056075,0.18057921635434412,214,1547,0.04316546762589928,0.75,0.08163265306122448,24,417,0.9517490267753601,0.9711989760398865,334641,82,0.7062582859959218,1.2461849169339985,0.9686309099197388,0.9712467193603516,334640,82,0.9119151378800094,1.1981086248997599,0.9529587626457214,0.971673846244812,334638,82,0.8215678694469268,1.2454804999288172,0.9552011489868164,0.9701647758483887,334638,82,0.8423818452596473,1.194788416964002,0.9804732799530029,0.9708786606788635,334634,82,1.11020969857664,1.2576574999839067,6.142219958710484,0.0013599159428849816,6.143579874653369,1.597517458954826,7.741097333608195,0.02033908327575773
75,0.933406211294851,0.9762621952239905,0.6453976924383852,0.4579615837068703,0.6453976924383852,0.4699531260160604,0.9808742215394203,0.5333562308813403,0.09973753280839895,0.14384349827387802,0.999923722573131,0.9899821077947276,0.9949280809171781,344284,340861,0.101238164603059,0.4028985507246377,0.16181606519208383,345,1373,0.08230088495575222,0.5723076923076923,0.14390715667311413,325,2260,0.1339764201500536,0.14384349827387802,0.13873473917869034,869,933,0.7206379893668439,0.6300443693217832,0.6723030098072371,4733,4138,0.6220430107526882,0.6913654018524051,0.6548747700580161,3347,3720,0.9618885096700797,0.6807568438003221,0.7972654408297972,2484,1758,0.7562022900763359,0.8268127282211789,0.7899327186643409,1917,2096,0.14818355640535372,0.7242990654205608,0.24603174603174602,214,1046,0.05322128851540616,0.7916666666666666,0.09973753280839895,24,357,0.9573090076446533,0.9710495471954346,334641,82,0.6853396012874634,1.261740667046979,0.9771263003349304,0.9707297682762146,334640,82,0.7186551997277295,1.361198041937314,0.9428452849388123,0.9717127084732056,334638,82,1.0793231094789555,1.3151165419258177,0.9402491450309753,0.9707205891609192,334638,82,0.8285700847749744,1.3156287090387195,0.9822713732719421,0.9698446393013,334634,82,1.0081371760008115,1.1705310830147937,6.424215042963624,0.001064416952431202,6.425279459916055,1.5751082500210032,8.000387709937058,0.01743441610597074
76,0.9279313143616373,0.9754561529751047,0.646716060687155,0.4416994456503141,0.646716060687155,0.4594711256132828,0.9800058268541898,0.532954625920919,0.0735042735042735,0.13230769230769232,0.9999236856317656,0.98950285229636,0.9946859762328827,344284,340696,0.11942499078510874,0.9391304347826087,0.2119032047089601,345,2713,0.05088757396449704,0.13230769230769232,0.0735042735042735,325,845,0.12180579216354344,0.16455696202531644,0.13999021047479196,869,1174,0.7244589833920483,0.6082822733995352,0.6613069943723441,4733,3974,0.625,0.6662682999701225,0.6449746926970354,3347,3568,0.8762939958592133,0.6815619967793881,0.7667572463768116,2484,1932,0.6932461873638345,0.8299426186750131,0.7554605887939221,1917,2295,0.162891046386192,0.705607476635514,0.26468010517090274,214,927,0.0430622009569378,0.75,0.08144796380090498,24,418,0.952406108379364,0.9709569215774536,334641,82,0.8272390178779265,1.1748249160591513,0.9830732345581055,0.9709717631340027,334640,82,1.0020578295822102,1.1868312909500673,0.9483972191810608,0.9711718559265137,334638,82,0.777255182785848,1.1883590000215918,0.9530611038208008,0.9707594513893127,334638,82,0.8243718395994906,1.2167453749570996,0.9658138155937195,0.970714271068573,334634,82,1.0776949496453376,1.2375448339153081,6.004305415903218,0.0014327910030260682,6.005738206906244,1.5691618749406189,7.574900081846863,0.014888834091834724
77,0.9494206564245218,0.9762370935622605,0.6536728846884141,0.4530955235844544,0.6536728846884141,0.46376486306475967,0.9807540652582699,0.5284450801070676,0.06533036377134373,0.13463751438434982,0.999923726153422,0.9900285810551753,0.9949515515331433,344284,340877,0.12020648967551623,0.9449275362318841,0.21328099443899248,345,2712,0.043052837573385516,0.13538461538461538,0.06533036377134373,325,1022,0.13846153846153847,0.13463751438434982,0.13652275379229872,869,845,0.7207077953132472,0.6368054088316079,0.6761637689287717,4733,4182,0.639067055393586,0.6549148491186136,0.6468939058580493,3347,3430,0.9671945701357466,0.6884057971014492,0.8043273753527752,2484,1768,0.7067435669920142,0.8309859154929577,0.7638456005754016,1917,2254,0.14675446848541862,0.7289719626168224,0.24432263116679717,214,1063,0.04884318766066838,0.7916666666666666,0.09200968523002422,24,389,0.9662569761276245,0.971076488494873,334641,82,0.8621267770256228,1.2500868330243975,0.9973180294036865,0.9708731770515442,334640,82,1.2224373075830084,1.2423250830033794,0.9429954290390015,0.9714497327804565,334638,82,0.902678080441388,1.240759375039488,0.9401575922966003,0.9710074663162231,334638,82,0.7675198355487225,1.2004902090411633,0.9921156764030457,0.971434473991394,334634,82,1.2091142304664246,1.2328841249691322,6.1665456250775605,0.0021514169638976455,6.168697042041458,1.5085008749738336,7.677197917015292,0.018499082885682583
78,0.9219326695405948,0.9754338403869003,0.65756198154424,0.45263312879178247,0.65756198154424,0.46138386543043647,0.9803722175014828,0.5332598553198106,0.07756232686980609,0.14154200230149597,0.9999236773430322,0.9893953828815745,0.9946316700805761,344284,340659,0.12186656382568453,0.9159420289855073,0.21511232130701158,345,2593,0.050044682752457555,0.1723076923076923,0.07756232686980609,325,1119,0.13977272727272727,0.14154200230149597,0.14065180102915953,869,880,0.7305751765893037,0.6118740756391295,0.665976773600092,4733,3964,0.6283034953111679,0.6605915745443681,0.6440431109816487,3347,3519,0.9371584699453552,0.6904186795491143,0.7950857672693555,2484,1830,0.7562945368171021,0.8304642670839854,0.7916459472899056,1917,2105,0.12091730368311328,0.8130841121495327,0.21052631578947367,214,1439,0.041474654377880185,0.75,0.07860262008733625,24,434,0.9600696563720703,0.9707328081130981,334641,82,0.9175627067220757,1.2137053339974955,0.9912685751914978,0.9711959362030029,334640,82,0.8871525894460672,1.191992999985814,0.9536718726158142,0.9713989496231079,334638,82,0.8043882029818087,1.2531102909706533,0.9366670846939087,0.970723569393158,334638,82,0.9212314043204675,1.2447375830961391,0.9722191691398621,0.9715510010719299,334634,82,0.8423121595718824,1.247613916057162,6.151160124107264,0.0014368750853464007,6.15259699919261,1.58085533301346,7.73345233220607,0.01960320887155831
79,0.9277450449239032,0.9755900285043314,0.6564026741512424,0.45135392177447003,0.6564026741512424,0.4613111993440353,0.9803741571155719,0.5100847519138876,0.06814814814814815,0.1334867663981588,0.9999178025087848,0.9893431004635708,0.9946023444834267,344284,340643,0.11970534069981584,0.9420289855072463,0.21241830065359477,345,2715,0.0448780487804878,0.14153846153846153,0.06814814814814815,325,1025,0.14777070063694267,0.1334867663981588,0.14026602176541716,869,785,0.7453076120959332,0.6040566237058947,0.66728906523515,4733,3836,0.608304681301243,0.6871825515386913,0.6453423120089786,3347,3781,0.9552401746724891,0.7045088566827697,0.8109360518999074,2484,1832,0.7199638663053297,0.8315075639019301,0.7717259743403534,1917,2214,0.13253968253968254,0.780373831775701,0.2265943012211669,214,1260,0.03991130820399113,0.75,0.07578947368421053,24,451,0.9628206491470337,0.9713693261146545,334641,82,0.6926744912506734,1.293956374982372,0.9825061559677124,0.9714110493659973,334640,82,1.2286795665392343,1.276230875053443,0.9356332421302795,0.9719428420066833,334638,82,0.6872428880961461,1.2325367500307038,0.9502941966056824,0.9709298014640808,334638,82,1.1102406713542594,1.2229247919749469,0.9801740050315857,0.9713388085365295,334634,82,1.2190471074110376,1.1875751659972593,6.213223958038725,0.0010993329342454672,6.21432329097297,1.5247277088928968,7.739050999865867,0.018647958990186453
80,0.9281733372861872,0.9758745140039382,0.6584523190443086,0.45647109675198383,0.6584523190443086,0.46262832345719723,0.980738756122407,0.5382915032716256,0.061754385964912284,0.13538461538461538,0.9999178292844692,0.9896655087079271,0.9947652538983239,344284,340754,0.12447658926532167,0.9478260869565217,0.22005383580080753,345,2627,0.04,0.13538461538461538,0.061754385964912284,325,1100,0.14285714285714285,0.13578826237054084,0.1392330383480826,869,826,0.7394703656998739,0.6194802450876822,0.6741779719475741,4733,3965,0.631358300726663,0.6749327756199581,0.6524187725631769,3347,3578,0.9694050991501416,0.6888083735909822,0.8053659684631678,2484,1765,0.7543859649122807,0.8299426186750131,0.7903626428216592,1917,2109,0.1225854383358098,0.7710280373831776,0.21153846153846154,214,1346,0.04025423728813559,0.7916666666666666,0.07661290322580645,24,472,0.9685569405555725,0.9709389805793762,334641,82,0.8352801669147234,1.2407309159170836,0.9743066430091858,0.9716710448265076,334640,82,1.0995311158689585,1.4674750829581171,0.9242914319038391,0.9716410040855408,334638,82,0.6992137447736119,1.2153168340446427,0.9345610737800598,0.9716081023216248,334638,82,1.032916415722947,1.2512429999187589,0.9596986770629883,0.971560001373291,334634,82,0.9804888489076553,1.3077112500322983,6.482477082870901,0.0011762919602915645,6.483653374831192,1.5433862080099061,8.027039582841098,0.017210792168043554
81,0.9257077875577735,0.9754449966810025,0.6525543739877364,0.4500678736229138,0.6525543739877364,0.46010045007703615,0.9802894790499243,0.5373639909491696,0.0658554044380816,0.13693901035673187,0.999920726032103,0.9891949669458935,0.9945289286366126,344284,340591,0.12319939347990902,0.9420289855072463,0.2179014415018438,345,2638,0.04291044776119403,0.14153846153846153,0.0658554044380816,325,1072,0.14116251482799524,0.13693901035673187,0.13901869158878505,869,843,0.7265296011890018,0.6196915275723642,0.6688711516533637,4733,4037,0.6310950125383115,0.676725425754407,0.653114186851211,3347,3589,0.9672316384180791,0.6892109500805152,0.8048895157498824,2484,1770,0.7021557413110426,0.8325508607198748,0.7618138424821003,1917,2273,0.11756061719324026,0.7476635514018691,0.20317460317460317,214,1361,0.04891304347826087,0.75,0.09183673469387756,24,368,0.9662533402442932,0.9712169170379639,334641,82,0.8060709593373477,1.2074476670240983,0.9721612930297852,0.9714439511299133,334640,82,0.9589451633252644,1.20909970800858,0.9246857166290283,0.9719846248626709,334638,82,0.6616695349368927,1.2274275409290567,0.9477787613868713,0.9718830585479736,334638,82,0.9852844010763854,1.2032833750126883,0.9555010199546814,0.9713866710662842,334634,82,0.8325111980944087,1.2024764580419287,6.049734749016352,0.002335250028409064,6.052069999044761,1.5378395840525627,7.589909583097324,0.020659625995904207
82,0.9230840470295009,0.9750238465786435,0.6701575959835513,0.4544684642121467,0.6701575959835513,0.4611061910792647,0.9802223704167913,0.5372126411025068,0.06632277081798084,0.13846153846153847,0.9999236316106387,0.9888028488108654,0.9943321469932339,344284,340455,0.11991117690599556,0.9391304347826087,0.212668198227765,345,2702,0.0436046511627907,0.13846153846153847,0.06632277081798084,325,1032,0.15005861664712777,0.1472957422324511,0.148664343786295,869,853,0.7386509361374711,0.6084935558842172,0.6672845227062094,4733,3899,0.6234652114597544,0.6827009262025695,0.6517398745008557,3347,3665,0.9706380575945793,0.6920289855072463,0.8079905992949471,2484,1771,0.7457865168539326,0.8309859154929577,0.7860843819393042,1917,2136,0.10112359550561797,0.7570093457943925,0.17841409691629956,214,1602,0.05152224824355972,0.9166666666666666,0.0975609756097561,24,427,0.9445984363555908,0.9717219471931458,334641,82,0.7386754789824296,1.2303161659510806,0.9733649492263794,0.972214937210083,334640,82,0.7444886341237344,1.2084988330025226,0.9388907551765442,0.9714885950088501,334638,82,0.8286107352110322,1.2269328749971464,0.9458336234092712,0.9700721502304077,334638,82,0.9282543048989079,1.2398655000142753,0.9836640357971191,0.9711983799934387,334634,82,1.4287393543123588,1.2459914589999244,6.151604832964949,0.0020166250178590417,6.153621457982808,1.510292791062966,7.663914249045774,0.021018542116507888
83,0.9187934003628415,0.9758577795627849,0.6506417662279843,0.4526049332234031,0.6506417662279843,0.4661932049981773,0.9805360629591364,0.5400601824677065,0.08303249097472924,0.1380897583429229,0.9999236845117717,0.98948832940247,0.9946786379064929,344284,340691,0.12772837510105092,0.9159420289855073,0.22419297623270662,345,2474,0.05160807778608826,0.2123076923076923,0.08303249097472924,325,1337,0.14869888475836432,0.1380897583429229,0.1431980906921241,869,807,0.7303837692495723,0.6313120642298753,0.6772438803263826,4733,4091,0.6245467224546722,0.6689572751717956,0.6459896133871899,3347,3585,0.9071240105540898,0.6920289855072463,0.785110755880338,2484,1895,0.753671245855045,0.8299426186750131,0.7899702085402185,1917,2111,0.13252032520325202,0.7616822429906542,0.2257617728531856,214,1230,0.04984423676012461,0.6666666666666666,0.0927536231884058,24,321,0.9519216418266296,0.9716113805770874,334641,82,0.8408959710313733,1.1947955419309437,0.9749031662940979,0.9715335965156555,334640,82,0.8552912219391156,1.2020535829942673,0.9300986528396606,0.9719547629356384,334638,82,0.7136659380916918,1.1696737500606105,0.9236987829208374,0.9709656238555908,334638,82,0.7085757384138962,1.2104524580063298,0.9790422916412354,0.9712730646133423,334634,82,0.9233143332400308,1.2902592919999734,6.067234624992125,0.00128370791207999,6.068518332904205,1.614839458023198,7.683357790927403,0.017706457991153002
84,0.9241993787853775,0.9751549330343446,0.6560761875142057,0.454784974726974,0.6560761875142057,0.4613399879339113,0.9803257160362328,0.5397769811994244,0.06692015209125475,0.13538461538461538,0.999920726032103,0.9891949669458935,0.9945289286366126,344284,340591,0.12245666917859835,0.9420289855072463,0.21673891297099032,345,2654,0.044444444444444446,0.13538461538461538,0.06692015209125475,325,990,0.13466334164588528,0.18642117376294592,0.15637065637065636,869,1203,0.755090958457779,0.5875765899006973,0.660884030418251,4733,3683,0.6260725159147523,0.6758291006871826,0.65,3347,3613,0.9717673630717109,0.6928341384863124,0.808930669800235,2484,1771,0.7377201112140871,0.8304642670839854,0.7813496932515337,1917,2158,0.11395027624309392,0.7710280373831776,0.19855595667870035,214,1448,0.04176334106728538,0.75,0.07912087912087912,24,431,0.9504162669181824,0.9717786908149719,334641,82,0.821505612141013,1.2018170409137383,0.970766544342041,0.9724360704421997,334640,82,0.9292407249565922,1.211062082904391,0.9365499019622803,0.9711000919342041,334638,82,1.0578437683656223,1.2419866248965263,0.9403945803642273,0.9716917872428894,334638,82,0.7438365273152082,1.1980329590151086,0.9671298265457153,0.9716017842292786,334634,82,0.9902051322590918,1.2311510000145063,6.084049707744271,0.0018400830449536443,6.085889790789224,1.5139774590497836,7.599867249839008,0.018506417283788323
85,0.9186517131114112,0.9758270997540037,0.6555379355638113,0.4532719383019329,0.6555379355638113,0.46609691496214867,0.9805744795602217,0.5400396841614061,0.07267833109017496,0.16615384615384615,0.999920771393191,0.9897613598076007,0.9948151283810414,344284,340786,0.12402496099843993,0.9217391304347826,0.21863183224475766,345,2564,0.046511627906976744,0.16615384615384615,0.07267833109017496,325,1161,0.13321492007104796,0.17261219792865362,0.15037593984962405,869,1126,0.7469021882414975,0.5985632791041623,0.6645554773633592,4733,3793,0.6293841480254073,0.6809082760681207,0.6541331802525833,3347,3621,0.9039070749736009,0.6892109500805152,0.7820922795797167,2484,1894,0.7557034220532319,0.8294209702660407,0.790848047749316,1917,2104,0.1478102189781022,0.7570093457943925,0.24732824427480915,214,1096,0.04534005037783375,0.75,0.0855106888361045,24,397,0.9630509614944458,0.9703801870346069,334641,82,0.7948311139119468,1.2328792080515996,0.9656273722648621,0.9715306162834167,334640,82,1.0648681271969098,1.2046724579995498,0.9209437966346741,0.9718531370162964,334638,82,0.7921657025284041,1.2188312499783933,0.9406579732894897,0.9707534909248352,334638,82,0.7888854847420221,1.2727098329924047,0.9841293692588806,0.9714463949203491,334634,82,1.1597823554393665,1.2455981670645997,6.174690916086547,0.001143125002272427,6.1758340410888195,1.5132994580781087,7.689133499166928,0.016883917967788875
86,0.9254042638360839,0.9756792788571492,0.6479576133544105,0.4577371410870808,0.6479576133544105,0.46627988577940205,0.9806605049732221,0.5341703403066289,0.08108108108108109,0.1611047180667434,0.9999236887675736,0.9895435163992518,0.9947065229768436,344284,340710,0.11701608971233544,0.6956521739130435,0.2003338898163606,345,2051,0.06716886377903326,0.3292307692307692,0.11157455683003129,325,1593,0.14213197969543148,0.1611047180667434,0.15102481121898598,869,985,0.7305268464834888,0.6122966406084935,0.6662068965517242,4733,3967,0.6277008310249308,0.677024200776815,0.6514302141727756,3347,3610,0.9668539325842697,0.6928341384863124,0.8072232645403377,2484,1780,0.7654142581888247,0.8288993218570684,0.795892812421738,1917,2076,0.11777777777777777,0.7429906542056075,0.20332480818414322,214,1350,0.04285714285714286,0.75,0.08108108108108109,24,420,0.9563501477241516,0.9712826609611511,334641,82,0.7574074867416694,1.1985144169302657,0.9941713809967041,0.9712885618209839,334640,82,1.169707373046704,1.215081041911617,0.9241015315055847,0.9722446203231812,334638,82,1.3636269757380894,1.1892059170641005,0.9470065236091614,0.9701318740844727,334638,82,1.5035997717085026,1.2216332500101998,0.9615512490272522,0.9710758328437805,334634,82,0.9786322182422011,1.2052737498888746,6.029708375805058,0.0012779159005731344,6.030986291705631,1.5178493750281632,7.548835666733794,0.015352332266047597
87,0.9133911657766922,0.9763375002091805,0.6589458344445729,0.4563629492993142,0.6589458344445729,0.46829148847590457,0.980880611221878,0.5463296218109637,0.06766325727773406,0.13230769230769232,0.999923723692008,0.9899966306886175,0.9949354156024228,344284,340866,0.12084257206208426,0.9478260869565217,0.2143559488692232,345,2706,0.045454545454545456,0.13230769230769232,0.06766325727773406,325,946,0.13564668769716087,0.14844649021864212,0.14175824175824175,869,951,0.7260479041916168,0.6148320304246778,0.6658277085001716,4733,4008,0.6323081185924079,0.6818046011353451,0.6561242093156987,3347,3609,0.9509536784741145,0.7024959742351047,0.8080574206992359,2484,1835,0.7552083333333334,0.8320292123109024,0.7917597418714322,1917,2112,0.1458153580672994,0.7897196261682243,0.24617625637290605,214,1159,0.05142857142857143,0.75,0.0962566844919786,24,350,0.9534395933151245,0.9714619517326355,334641,82,0.8189274763784706,1.210464125033468,0.9616851806640625,0.9711182117462158,334640,82,0.8194567410285803,1.2507852079579607,0.933340847492218,0.9722655415534973,334638,82,0.7316330968214414,1.1976227079285309,0.9316294193267822,0.9714317917823792,334638,82,0.8931124720547131,1.1912549579283223,0.9539635181427002,0.9712342619895935,334634,82,0.968875007389438,1.2314162910915911,6.081543289939873,0.001220917096361518,6.082764207036234,1.4958647090243176,7.578628916060552,0.017011709976941347
88,0.9104875620967645,0.9754254731663237,0.6602038452104524,0.4587192464496009,0.6602038452104524,0.4669906332377538,0.9804994453838425,0.5442349462354874,0.07297464440321583,0.1714614499424626,0.9999207376681022,0.9893401958847928,0.9946023287221228,344284,340641,0.1260904044409199,0.9217391304347826,0.22183467038716428,345,2522,0.0456656346749226,0.18153846153846154,0.07297464440321583,325,1292,0.13783533765032377,0.1714614499424626,0.15282051282051282,869,1081,0.7387316561844863,0.595605324318614,0.6594923382851795,4733,3816,0.6330633901144932,0.6773229757992232,0.6544457274826789,3347,3581,0.9751412429378531,0.6948470209339774,0.8114715561824165,2484,1770,0.7555766492643569,0.8304642670839854,0.7912524850894632,1917,2107,0.12045616535994298,0.7897196261682243,0.20902906617192332,214,1403,0.0547112462006079,0.75,0.10198300283286119,24,329,0.9552842378616333,0.9711242914199829,334641,82,0.7402092931292672,1.2165367079433054,0.9703331589698792,0.9716919660568237,334640,82,0.7862863907455228,1.2021160420263186,0.9083516001701355,0.9721848964691162,334638,82,0.6889088213858112,1.2664097499800846,0.9396362900733948,0.9712913632392883,334638,82,0.8640014150924517,1.2094138340326026,0.9523169994354248,0.9718677997589111,334634,82,0.9005059831112363,1.2156857089139521,6.110162042896263,0.0023654999677091837,6.1125275428639725,1.5516692920355126,7.664196834899485,0.01685666514094919
89,0.9181188871364524,0.9760251239743182,0.6499875106260709,0.45922593903486053,0.6499875106260709,0.466496692576416,0.9809464328450886,0.5426089467256446,0.09047619047619047,0.1622554660529344,0.9999178488124753,0.989900779588944,0.9948841004263493,344284,340835,0.08023255813953488,0.2,0.11452282157676348,345,860,0.09040139616055846,0.796923076923077,0.16238244514106584,325,2865,0.13557692307692307,0.1622554660529344,0.14772132006286012,869,1040,0.7355646397547266,0.6082822733995352,0.6658956863652133,4733,3914,0.6534058385804236,0.6821033761577532,0.6674462797836573,3347,3494,0.966129927817879,0.7004830917874396,0.8121353558926487,2484,1801,0.7543859649122807,0.8299426186750131,0.7903626428216592,1917,2109,0.12866449511400652,0.7383177570093458,0.21914008321775313,214,1228,0.047979797979797977,0.7916666666666666,0.09047619047619047,24,396,0.9491733312606812,0.9717010259628296,334641,82,0.7778916380260429,1.2539457500679418,0.9735057353973389,0.9722955822944641,334640,82,1.035218943696948,1.205110082984902,0.9251725077629089,0.9725763201713562,334638,82,0.8990582980230784,1.1723674170207232,0.9196526408195496,0.971318244934082,334638,82,0.7925154673251256,1.2189363329671323,0.966549277305603,0.972053050994873,334634,82,1.1865451596865835,1.1944910830352455,6.044850666075945,0.002230833051726222,6.047081499127671,1.5374873749678954,7.584568874095567,0.019434917951002717
90,0.9175020153674105,0.9755398251808715,0.6454265689891078,0.45900188203852005,0.6454265689891078,0.4616218840082624,0.9807467788144405,0.5407546327518292,0.07860262008733625,0.15765247410817032,0.9999207704632287,0.9897497414924887,0.9948092592538529,344284,340782,0.0718294051627385,0.1855072463768116,0.10355987055016182,345,891,0.08599670510708401,0.803076923076923,0.15535714285714286,325,3035,0.1396534148827727,0.15765247410817032,0.14810810810810812,869,981,0.7472266244057052,0.5977181491654342,0.664162460382674,4733,3786,0.659542891065598,0.6638780997908574,0.6617033948779035,3347,3369,0.9772985244040863,0.6932367149758454,0.8111163447951013,2484,1762,0.743828598043782,0.8330725091288471,0.7859251968503937,1917,2147,0.12324723247232472,0.780373831775701,0.212874442319949,214,1355,0.041474654377880185,0.75,0.07860262008733625,24,434,0.9640704989433289,0.9716143608093262,334641,82,0.8388316827805451,1.2071640840731561,0.9765506386756897,0.9711062908172607,334640,82,1.2588398014919107,1.2212867080233991,0.919515073299408,0.9719547629356384,334638,82,0.6918763814186439,1.201932540978305,0.934765636920929,0.9715871810913086,334638,82,0.8136635488652653,1.2002878329949453,0.9688534140586853,0.9715300798416138,334634,82,1.1640067114158454,1.2314539999933913,6.062125166063197,0.0012497089337557554,6.063374874996953,1.504645667038858,7.568020542035811,0.020565250888466835
91,0.9329590446130152,0.9756569662689448,0.6408080844563785,0.4554736290531819,0.6408080844563785,0.4658549076259841,0.9805907722414624,0.5396422771776841,0.0784313725490196,0.15535097813578827,0.9999207530223917,0.9895318980841399,0.9946992004274509,344284,340707,0.11611675126903553,0.5304347826086957,0.1905257678292556,345,1576,0.07145988601490574,0.5015384615384615,0.12509593246354567,325,2281,0.1622596153846154,0.15535097813578827,0.15873015873015872,869,832,0.7380365071534287,0.6321571941686034,0.6810060316376465,4733,4054,0.6408367707719504,0.6498356737376755,0.6453048509123276,3347,3394,0.9496124031007752,0.6904186795491143,0.7995337995337995,2484,1806,0.7041132242370632,0.8304642670839854,0.762087123025371,1917,2261,0.13071371291098638,0.7616822429906542,0.22313483915126625,214,1247,0.041666666666666664,0.6666666666666666,0.0784313725490196,24,384,0.9377636313438416,0.9707896113395691,334641,82,0.7732384757070637,1.2218255000188947,0.9521371722221375,0.9717039465904236,334640,82,0.8270444226845374,1.1868564169853926,0.9101089239120483,0.9723551869392395,334638,82,0.7223083045072178,1.2214944590814412,0.9335317015647888,0.9715095162391663,334638,82,0.9975119551615413,1.2503614169545472,0.950228750705719,0.9713567495346069,334634,82,1.0876681064507285,1.2115521669620648,6.09208996000234,0.0011964169098064303,6.093286376912147,1.5359350410290062,7.629221417941153,0.018297331989742815
92,0.911566518011168,0.9759553971361793,0.6510960285209622,0.46133781602039736,0.6510960285209622,0.46845869837886694,0.9808990765006563,0.5398705852458722,0.06810035842293907,0.1714614499424626,0.9999207988172624,0.990104100103403,0.9949882368050812,344284,340904,0.1151862464183381,0.5826086956521739,0.1923444976076555,345,1745,0.07407407407407407,0.4369230769230769,0.12667261373773417,325,1917,0.13375224416517056,0.1714614499424626,0.1502773575390822,869,1114,0.7334911865298606,0.5890555672934714,0.6533864541832669,4733,3801,0.6489028213166145,0.6803107260233044,0.6642357059509918,3347,3509,0.9766780432309442,0.6912238325281803,0.8095238095238095,2484,1758,0.7579799904716532,0.8299426186750131,0.7923306772908366,1917,2099,0.13781223083548666,0.7476635514018691,0.23272727272727273,214,1161,0.035580524344569285,0.7916666666666666,0.06810035842293907,24,534,0.9448577761650085,0.9717249274253845,334641,82,0.9761372710926092,1.273801250034012,0.9570834040641785,0.9722597599029541,334640,82,0.8309952720825234,1.2270005840109661,0.914389431476593,0.9717605113983154,334638,82,0.7688921707141573,1.2073007909348235,0.9152270555496216,0.9719577431678772,334638,82,0.9914278594906893,1.2319118750747293,0.9604368805885315,0.9713358283042908,334634,82,1.5999046710733846,1.2010714580537751,6.141085958108306,0.002574542071670294,6.143660500179976,1.5217149161035195,7.665375416283496,0.018574958899989724
93,0.9076148036919446,0.9764490631502027,0.6595839688780559,0.4594062951209543,0.6595839688780559,0.47176933675963423,0.9810408535147063,0.5475462216721378,0.0861127956337174,0.15420023014959724,0.9999207967262647,0.9900779588944011,0.9949750357205928,344284,340895,0.12478849407783418,0.855072463768116,0.21779254337393872,345,2364,0.05362537764350453,0.21846153846153846,0.0861127956337174,325,1324,0.14331550802139037,0.15420023014959724,0.14855875831485588,869,935,0.727295347101269,0.617578702725544,0.6679616087751371,4733,4019,0.6481323068149415,0.6791156259336719,0.66326232856726,3347,3507,0.9563080283997816,0.7049114331723028,0.8115874855156431,2484,1831,0.7442837144190387,0.8320292123109024,0.7857142857142857,1917,2143,0.1440677966101695,0.794392523364486,0.24390243902439024,214,1180,0.05232558139534884,0.75,0.09782608695652174,24,344,0.9351302981376648,0.9721522331237793,334641,82,0.7376706894118817,1.1873794159619138,0.9621450304985046,0.971596360206604,334640,82,0.9986787791246812,1.2461218750104308,0.9299827218055725,0.971706748008728,334638,82,0.9180913824869166,1.2092962909955531,0.9230466485023499,0.9720354676246643,334638,82,0.8565740377127672,1.2041332500521094,0.931502103805542,0.9724893569946289,334634,82,0.8483492457882219,1.247020416893065,6.093951248913072,0.0012781660770997405,6.095229414990172,1.5098985419608653,7.605127956951037,0.018103209091350436
94,0.9124676983305087,0.9762928750327716,0.6644923158753121,0.45880769368732777,0.6644923158753121,0.4706468257956968,0.9809707154342954,0.5438478006154147,0.07746031746031747,0.1518987341772152,0.9999207825510366,0.989900779588944,0.9948855525617485,344284,340834,0.12635814889336017,0.9101449275362319,0.22190812720848058,345,2485,0.0488,0.18769230769230769,0.07746031746031747,325,1250,0.14132762312633834,0.1518987341772152,0.1464226289517471,869,934,0.7270256916996047,0.6218043524191844,0.6703108985309191,4733,4048,0.6537244751222319,0.6791156259336719,0.6661781946072685,3347,3477,0.9363881401617251,0.6992753623188406,0.8006453099792579,2484,1855,0.7638287638287639,0.828377673448096,0.7947947947947948,1917,2079,0.1370309951060359,0.7850467289719626,0.23333333333333334,214,1226,0.05367231638418079,0.7916666666666666,0.10052910052910052,24,354,0.9388846755027771,0.9719310998916626,334641,82,0.7078384911380101,1.2401535829994828,0.9606257081031799,0.9720087051391602,334640,82,0.8358555083974715,1.1949400829616934,0.9171430468559265,0.9725643992424011,334638,82,0.6417139882391011,1.2700112089514732,0.9154866337776184,0.9716021418571472,334638,82,0.81426781194485,1.2326019580941647,0.971835196018219,0.9725760221481323,334634,82,1.3572730424474149,1.2742090420797467,6.211915875086561,0.001252042013220489,6.213167917099781,1.5431655829306692,7.7563335000304505,0.019204458920285106
95,0.9157960083979798,0.975643020901317,0.6546380490612228,0.4492987547307739,0.6546380490612228,0.46307347264338095,0.9804416619849494,0.545429858861099,0.06388888888888888,0.14153846153846153,0.9999207509289753,0.989505756875138,0.9946859917486883,344284,340698,0.11659513590844063,0.9449275362318841,0.2075772047118752,345,2796,0.04125560538116592,0.14153846153846153,0.06388888888888888,325,1115,0.14070891514500536,0.15074798619102417,0.14555555555555555,869,931,0.7230277709510936,0.6215930699345025,0.668484435355601,4733,4069,0.6716876729173071,0.6528234239617567,0.6621212121212121,3347,3253,0.8689759036144579,0.6968599033816425,0.7734584450402144,2484,1992,0.7408267533673943,0.8320292123109024,0.7837837837837838,1917,2153,0.13781512605042018,0.7663551401869159,0.2336182336182336,214,1190,0.05217391304347826,0.75,0.0975609756097561,24,345,0.9368807673454285,0.9721731543540955,334641,82,0.7035919589267233,1.2137856249464676,0.9444726705551147,0.9720475673675537,334640,82,0.7330778661204957,1.185016541974619,0.9066818356513977,0.9725912809371948,334638,82,0.9102641498833176,1.1834855841007084,0.9097831845283508,0.9721997976303101,334638,82,0.7084360887617422,1.2033358750632033,0.9459503293037415,0.9722741842269897,334634,82,0.9544640488069512,1.210215917089954,5.995839543174952,0.001518458011560142,5.997358001186512,1.5483557080151513,7.545713709201664,0.02123166574165225
96,0.9221120406501534,0.9763068204003994,0.654398517093802,0.46451246514365047,0.654398517093802,0.47047698402516913,0.9812194632081681,0.5409651542548715,0.08577878103837472,0.1472957422324511,0.9999178736309827,0.9901999512030766,0.9950351856770506,344284,340938,0.111875,0.518840579710145,0.18406169665809768,345,1600,0.07548885857207822,0.5107692307692308,0.13153724247226625,325,2199,0.1414364640883978,0.1472957422324511,0.14430665163472378,869,905,0.7403651115618661,0.616944855271498,0.6730436786907917,4733,3944,0.6631486367634125,0.6758291006871826,0.6694288250961823,3347,3411,0.97709049255441,0.6867954911433173,0.8066193853427897,2484,1746,0.7619731800766284,0.8299426186750131,0.7945068664169788,1917,2088,0.12848297213622292,0.7757009345794392,0.2204515272244356,214,1292,0.045346062052505964,0.7916666666666666,0.08577878103837472,24,419,0.9326158761978149,0.9721223711967468,334641,82,0.694579528546912,1.2184015000239015,0.966705322265625,0.9720177054405212,334640,82,1.2423538728813313,1.2618673749966547,0.9123427271842957,0.9720264673233032,334638,82,0.9784904855555898,1.2094713750993833,0.9210382103919983,0.9718262553215027,334638,82,1.2425896306986994,1.1979481671005487,0.9289618134498596,0.9721636176109314,334634,82,0.8285913172268389,1.223394125001505,6.111082542221993,0.0023479160154238343,6.113430458237417,1.5043283329578117,7.617758791195229,0.017005957779474556
97,0.9207943253215101,0.9761506322829683,0.649728114644889,0.4612406873775721,0.649728114644889,0.4700777778972408,0.9809642686021482,0.5387931984004843,0.09703504043126684,0.15074798619102417,0.9999207985849348,0.990101195524625,0.9949867700350415,344284,340903,0.1207335710646969,0.6869565217391305,0.20537261698440207,345,1963,0.062399139322216246,0.3569230769230769,0.10622710622710622,325,1859,0.14285714285714285,0.15074798619102417,0.14669652855543114,869,917,0.7341707254550115,0.6051130361293049,0.6634236738475794,4733,3901,0.6362098138747885,0.6740364505527338,0.6545771072102132,3347,3546,0.9698828778583379,0.7000805152979066,0.8131868131868132,2484,1793,0.7629310344827587,0.8309859154929577,0.7955056179775281,1917,2088,0.13142857142857142,0.7523364485981309,0.2237665045170257,214,1225,0.05187319884726225,0.75,0.09703504043126684,24,347,0.937950611114502,0.971847414970398,334641,82,0.8119694904671895,1.2412937500048429,0.9507882595062256,0.9719758629798889,334640,82,0.8112928074834739,1.2009750000433996,0.9300227761268616,0.9725285172462463,334638,82,1.7334827112477844,1.2235595000674948,0.9279460310935974,0.9722027778625488,334638,82,0.7031369744711706,1.1923782920930535,0.933262288570404,0.9708995223045349,334634,82,0.9193424464656205,1.1999999160179868,6.058206458226778,0.001207916997373104,6.059414375224151,1.5264830419328064,7.585897417156957,0.019918458769097924
98,0.9096891631425873,0.9759414517685515,0.6596956328642131,0.45945715402120885,0.6596956328642131,0.4654470835090983,0.9809140780922,0.5460289369439039,0.06891981444665342,0.1277330264672037,0.999920754185353,0.9895464209780298,0.9947065384323412,344284,340712,0.12067039106145251,0.9391304347826087,0.21386138613861386,345,2685,0.04391891891891892,0.16,0.06891981444665342,325,1184,0.15310344827586206,0.1277330264672037,0.13927227101631118,869,725,0.738700913805878,0.6319459116839214,0.6811660214074243,4733,4049,0.6630824372759857,0.6632805497460412,0.6631814787154593,3347,3348,0.9625550660792952,0.7037037037037037,0.8130232558139535,2484,1816,0.7503526093088858,0.8325508607198748,0.7893175074183977,1917,2127,0.1103938024531956,0.7990654205607477,0.19398752127056154,214,1549,0.05187319884726225,0.75,0.09703504043126684,24,347,0.9570119976997375,0.9713693261146545,334641,82,0.9592904795771839,1.217596417060122,0.9349526166915894,0.9723314642906189,334640,82,0.8743373735931012,1.1970775839872658,0.9126524329185486,0.9720892310142517,334638,82,0.8218148202278152,1.1987684168852866,0.9107671976089478,0.9720832705497742,334638,82,1.0224974794470787,1.2160765420412645,0.9493260383605957,0.9724206328392029,334634,82,0.9761155103882273,1.2179976250045002,6.047516584978439,0.0012732079485431314,6.048789792926982,1.531945541035384,7.580735333962366,0.01891599898226559
99,0.9104714586442912,0.975573294063178,0.648802030439061,0.45778148736364443,0.648802030439061,0.4642688371922558,0.9806179276508304,0.5477184333525977,0.09921671018276762,0.1536231884057971,0.9999207481375813,0.9894709019298021,0.9946683796370644,344284,340686,0.07539118065433854,0.1536231884057971,0.10114503816793893,345,703,0.0880727981800455,0.8338461538461538,0.1593180482069371,325,3077,0.15024875621890546,0.17376294591484465,0.16115261472785486,869,1005,0.7328205128205129,0.6038453412212128,0.6621105061971505,4733,3900,0.6375764313507504,0.6853899014042426,0.6606191504679626,3347,3598,0.9730033745781778,0.6964573268921095,0.8118254340685125,2484,1778,0.7485902255639098,0.8309859154929577,0.7876390605686032,1917,2128,0.11926605504587157,0.7289719626168224,0.2049934296977661,214,1308,0.052924791086350974,0.7916666666666666,0.09921671018276762,24,359,0.9317042231559753,0.9712587594985962,334641,82,0.8388204869670189,1.207581916009076,0.9608320593833923,0.9721282720565796,334640,82,1.0477054154399559,1.2052702920045704,0.9147582650184631,0.9726839065551758,334638,82,0.8186299914627344,1.1851535410387442,0.915944516658783,0.9717097282409668,334638,82,0.7802199935036478,1.1821479169884697,0.9287302494049072,0.9725282192230225,334634,82,1.0258548267122196,1.2211452500196174,6.0012989160604775,0.0017672081012278795,6.003066124161705,1.4986855830065906,7.501751707168296,0.01703150093089789
100,0.900435599028539,0.9756597553424703,0.6540119566541145,0.46254897206307877,0.6540119566541145,0.47011371551902376,0.9808609728315479,0.5477112662538145,0.09183673469387756,0.1611047180667434,0.9999207481375813,0.9894709019298021,0.9946683796370644,344284,340686,0.10842541436464088,0.45507246376811594,0.17512548800892358,345,1448,0.07908902691511387,0.5876923076923077,0.13941605839416057,325,2415,0.1343570057581574,0.1611047180667434,0.14652014652014653,869,1042,0.739452825364357,0.6110289457004014,0.6691346598796853,4733,3911,0.667550839964633,0.676725425754407,0.672106824925816,3347,3393,0.9714125560538116,0.6976650563607085,0.8120899718837863,2484,1784,0.7560512577123872,0.8309859154929577,0.7917495029821073,1917,2107,0.12031700288184438,0.780373831775701,0.20848938826466917,214,1388,0.04891304347826087,0.75,0.09183673469387756,24,368,0.9323068857192993,0.9718713760375977,334641,82,0.6962167304710895,1.2353756659431383,0.9462704062461853,0.9720744490623474,334640,82,0.9993020057456106,1.1764696669997647,0.9127199649810791,0.9723342657089233,334638,82,0.7102597802556672,1.2125858750659972,0.9207535982131958,0.9724209308624268,334638,82,0.8925723870236961,1.171332333004102,0.9606772661209106,0.9718737602233887,334634,82,1.1263761216747443,1.2012297080364078,5.99699324904941,0.0011367499828338623,5.998129999032244,1.562234792043455,7.560364791075699,0.015581375919282436
