round,val_loss,accuracy,balanced_accuracy,macro_precision,macro_recall,macro_f1,weighted_f1,macro_pr_auc,worst_class_f1,worst_class_recall,precision_c0,recall_c0,f1_c0,support_c0,predicted_count_c0,precision_c1,recall_c1,f1_c1,support_c1,predicted_count_c1,precision_c2,recall_c2,f1_c2,support_c2,predicted_count_c2,precision_c3,recall_c3,f1_c3,support_c3,predicted_count_c3,precision_c4,recall_c4,f1_c4,support_c4,predicted_count_c4,precision_c5,recall_c5,f1_c5,support_c5,predicted_count_c5,precision_c6,recall_c6,f1_c6,support_c6,predicted_count_c6,train_loss_client_0,train_accuracy_client_0,train_samples_client_0,train_batches_client_0,update_l2_client_0,train_seconds_client_0,train_loss_client_1,train_accuracy_client_1,train_samples_client_1,train_batches_client_1,update_l2_client_1,train_seconds_client_1,train_loss_client_2,train_accuracy_client_2,train_samples_client_2,train_batches_client_2,update_l2_client_2,train_seconds_client_2,train_loss_client_3,train_accuracy_client_3,train_samples_client_3,train_batches_client_3,update_l2_client_3,train_seconds_client_3,train_loss_client_4,train_accuracy_client_4,train_samples_client_4,train_batches_client_4,update_l2_client_4,train_seconds_client_4,round_train_seconds,aggregation_seconds,fl_round_seconds,validation_seconds,round_total_seconds,round_orchestration_seconds
1,0.6312735925022963,0.81260999842967,0.6540887946303336,0.497973267379609,0.6540887946303336,0.5147755372655564,0.8754535883867073,0.7035841806051403,0.0,0.0,0.985822271857679,0.8037177372977977,0.8855044778676312,2495335,2034388,0.1253662109375,0.9961202715809894,0.2227041092919874,6186,49152,0.6197881066302119,0.9998897281799636,0.7652383062219128,18137,29260,0.7887524827390523,0.9997458521147022,0.881803474564622,208540,264325,0.9609247281256664,0.744862258953168,0.8392097830472702,72600,56276,0.0,0.0,0.0,19740,384173,0.0051590713671539,0.0342857142857142,0.0089686098654708,525,3489,0.565155565738678,0.4003486931324005,2651004,648,5.256599202672844,1.712784614413977,0.5702390074729919,0.3925482630729675,2651004,648,5.280004520951669,1.2806407660245895,0.5746216177940369,0.3979004919528961,2651002,648,5.273593274394225,1.2985933674499393,0.576323390007019,0.3871650695800781,2651001,648,5.441034409743021,1.301570065319538,0.5704089999198914,0.4012263119220733,2651000,648,5.308508581077583,1.3073708089068532,6.900959622114897,0.0789906335994601,6.979950255714357,4.043884640559554,11.023834896273913,2.27780884783715
2,0.6385123810408988,0.6928062223353395,0.6349225297685719,0.4420577392764778,0.6349225297685719,0.4554408646538085,0.76735329118703,0.708743257036794,0.0,0.0,0.9830679152352207,0.6682108815048882,0.7956217684322232,2495335,1696129,0.1554086447477984,0.995635305528613,0.2688521727742977,6186,39631,0.6426976645284758,0.9998897281799636,0.7824567459118954,18137,28217,0.3228021021183718,0.999976023784406,0.4880551866175963,208540,646015,0.9892844103687476,0.7464600550964188,0.8508871094363323,72600,54780,0.0,0.0,0.0,19740,340549,0.0011434379367297,0.0342857142857142,0.0022130694043154,525,15742,0.3991714715957641,0.4381581544876098,2651004,648,1.7426729485490629,1.311987184919417,0.4069766700267792,0.4396620988845825,2651004,648,1.774550509048529,1.2942145019769669,0.4107620418071747,0.4474749565124511,2651002,648,1.9374846173740985,1.316903510130942,0.4118933975696563,0.4424472153186798,2651001,648,1.9520890595172893,1.2774234283715489,0.4059856235980987,0.4472082257270813,2651000,648,1.7477166332740754,1.31034844648093,6.510877071879804,0.090150723233819,6.601027795113623,4.005952707491815,10.606980502605438,0.0164279248565435
3,0.6145401927830555,0.6892370003789352,0.6508248060120903,0.4462816347769029,0.6508248060120903,0.4675263905029116,0.7670336051477478,0.7057030379744439,0.0,0.0,0.9874814124836274,0.6610591363484262,0.7919533555410939,2495335,1670476,0.1560511975668483,0.9953119948270288,0.2698012751692557,6186,39455,0.6492785793562708,0.9998897281799636,0.7873144047929148,18137,27931,0.3365508469378202,0.9998177807614846,0.5035878782609116,208540,619526,0.9939082062873724,0.8539807162534435,0.9186466042865928,72600,62379,0.0,0.0,0.0,19740,367069,0.0007012008063809,0.0457142857142857,0.0013812154696132,525,34227,0.3794086873531341,0.4451426565647125,2651004,648,1.1976387798250718,1.3158542616292834,0.3854931890964508,0.4426334202289581,2651004,648,1.368962713897836,1.2295636553317308,0.3850369155406952,0.4400879442691803,2651002,648,1.275403459741409,1.3269470017403364,0.385796457529068,0.4355765879154205,2651001,648,1.313657704877244,1.291466205380857,0.3826777040958404,0.4404111504554748,2651000,648,1.3092720942414422,1.269172577187419,6.433003701269627,0.0242270361632108,6.4572307374328375,4.093950871378183,10.55118160881102,0.0174967013299465
4,0.6126881978498352,0.6790295005818728,0.6491723667537725,0.4466959682186579,0.6491723667537725,0.4666599739701054,0.7595722440397016,0.6218737315028295,0.0,0.0,0.98726900709829,0.6495171990935085,0.7835454597754217,2495335,1641663,0.1563587412054558,0.9951503394762368,0.270254845578067,6186,39371,0.6517285991518723,0.9998897281799636,0.7891129821813198,18137,27826,0.3359771563379237,0.9997890093027716,0.5029417227712741,208540,620566,0.994674622652102,0.8541460055096419,0.9190695330621076,72600,62343,0.0,0.0,0.0,19740,401505,0.0008636510849616,0.0457142857142857,0.0016952744225471,525,27789,0.3689658641815185,0.4454715847969055,2651004,648,1.0520507181940049,1.378618899732828,0.3759442567825317,0.4408982396125793,2651004,648,1.3059607876930648,1.256326988339424,0.3715679049491882,0.4410136044025421,2651002,648,1.109584847057761,1.2921757940202951,0.3767971992492676,0.4379085302352905,2651001,648,1.147882614978194,1.3291550977155566,0.3697784543037414,0.4439830183982849,2651000,648,1.0584209992245577,1.2912427559494972,6.547519535757601,0.0307613303884863,6.578280866146088,4.139636347070336,10.717917213216424,0.0169007154181599
5,0.6250853027342659,0.6780582354949181,0.6490598001873739,0.5036289855627155,0.6490598001873739,0.5296339321623206,0.7599023484873981,0.6218897159559708,0.0,0.0,0.9872552118355008,0.6484015172311534,0.7827287546009495,2495335,1638866,0.5515634799749126,0.9951503394762368,0.7097480832420592,6186,11161,0.6526433224169575,0.9998897281799636,0.7897831199372877,18137,27787,0.3367075076859482,0.9999376618394552,0.5037784531534623,208540,619312,0.9964975418527682,0.8543250688705234,0.9199507571824802,72600,62242,0.0,0.0,0.0,19740,429079,0.0007358351729212,0.0457142857142857,0.0014483570200054,525,32616,0.3607971966266632,0.4457820355892181,2651004,648,1.0788797478524963,1.3653621021658182,0.3641734719276428,0.4407514929771423,2651004,648,0.8818367987635939,1.282077444717288,0.3641637563705444,0.4352508783340454,2651002,648,0.8923907038852583,1.2893947269767525,0.3652963638305664,0.4403057396411896,2651001,648,0.904588003907242,1.3585059493780136,0.3631012737751007,0.438147097826004,2651000,648,1.0227146997406695,1.3186170691624284,6.6139572924003005,0.0188132720068097,6.63277056440711,4.07147104293108,10.70424160733819,0.0136842364445328
6,0.6297610533258384,0.5790299614010747,0.6630888982344064,0.4682004400637438,0.6630888982344064,0.4705444330908032,0.7018838767835538,0.6209076156701661,0.0,0.0,0.9863337187321491,0.6040876275129391,0.7492756526333736,2495335,1528287,0.5523553162853297,0.9951503394762368,0.7104033235243206,6186,11145,0.6529958231312113,0.9998897281799636,0.7900411683983533,18137,27772,0.087292741474397,0.1881557494964994,0.1192573692440721,208540,449499,0.995841628668679,0.8543388429752066,0.9196791316983484,72600,62284,0.0,0.0,0.0,19740,538891,0.0025838521544405,1.0,0.0051543861371557,525,203185,0.3547136187553406,0.4404504895210266,2651004,648,0.8109438087998007,1.2899204771965742,0.3615983724594116,0.4371751248836517,2651004,648,0.918587784710269,1.2488674772903323,0.3604119718074798,0.4377469420433044,2651002,648,0.9062191047417169,1.2957797413691878,0.3586890399456024,0.4379602074623108,2651001,648,0.8216681334175342,1.2592537561431527,0.3587702214717865,0.4362116158008575,2651000,648,0.8866291691466641,1.3355703726410866,6.429391824640334,0.0117524387314915,6.441144263371825,4.204293473623693,10.645437736995518,0.0143988532945513
7,0.6316100060255511,0.6573344870355607,0.6458948809439693,0.5048013137679143,0.6458948809439693,0.5283114619170975,0.7447048971624145,0.6225715933535507,0.0,0.0,0.9867829144157798,0.6249325240899518,0.7652377370119721,2495335,1580303,0.5534975723790685,0.9951503394762368,0.7113473538248208,6186,11122,0.6555925095799291,0.9998897281799636,0.7919386886176554,18137,27662,0.33945998036825,0.9999712285412872,0.5068572560524324,208540,614311,0.9973988021644536,0.8556060606060606,0.9210774101231474,72600,62279,0.0,0.0,0.0,19740,498033,0.0008774174679194,0.0457142857142857,0.0017217877896549,525,27353,0.3522221744060516,0.4399978220462799,2651004,648,0.85998094732214,1.3051821514964104,0.3586321771144867,0.4356500208377838,2651004,648,0.8360442992698425,1.256174708716571,0.3539218306541443,0.4323372840881347,2651002,648,0.8246721132699797,1.2766719488427043,0.3587585687637329,0.4364306032657623,2651001,648,0.8808209668326693,1.2945096315816045,0.352139413356781,0.4361954033374786,2651000,648,0.8486027870035495,1.229063485749066,6.361601926386356,0.0539281172677874,6.415530043654144,4.107817147858441,10.523347191512585,0.0209560710936784
8,0.6251260674568345,0.6447619213041326,0.6438451065772698,0.5072691974466033,0.6438451065772698,0.528773759174518,0.7351522913033569,0.6221014728041788,0.0,0.0,0.9864800745194782,0.6107175990398083,0.7543972203122347,2495335,1544831,0.5709117892588814,0.9949886841254444,0.7255260210997819,6186,10781,0.6555925095799291,0.9998897281799636,0.7919386886176554,18137,27662,0.3394825478324995,0.9999856142706436,0.5068842600863617,208540,614279,0.9976711690731253,0.8556198347107438,0.9212015156121396,72600,62263,0.0,0.0,0.0,19740,529088,0.0007462918623091,0.0457142857142857,0.0014686084934524,525,32159,0.3499028086662292,0.4399231374263763,2651004,648,0.7591101816589843,1.2609342643991113,0.3538218736648559,0.440306007862091,2651004,648,0.7534473829714431,1.3024253845214844,0.3507436513900757,0.4353636801242828,2651002,648,0.7466494347063669,1.2815192742273211,0.3555938899517059,0.435221254825592,2651001,648,0.9519650711878064,1.2413487434387207,0.350981056690216,0.4360373318195343,2651000,648,0.7857546618012133,1.2574456185102465,6.343673285096884,0.0096487710252404,6.353322056122124,4.230924317613244,10.584246373735368,0.0150652443990111
9,0.6434735336951788,0.6508270109529635,0.6448227653334253,0.5075060284519951,0.6448227653334253,0.5296629237594487,0.7398101790237726,0.6213036145882265,0.0,0.0,0.9866477838394327,0.6175755960622522,0.7596567919929962,2495335,1561913,0.5720260223048327,0.9949886841254444,0.7264251150714033,6186,10760,0.655877034358047,0.9998897281799636,0.7921462423832092,18137,27650,0.3394848485835127,0.9999712285412872,0.5068849765315275,208540,614266,0.9978795180722893,0.8556198347107438,0.9212903225806452,72600,62250,0.0,0.0,0.0,19740,505946,0.0006269920058519,0.0457142857142857,0.001237017756359,525,38278,0.3456438481807709,0.4377013444900512,2651004,648,0.8761620000996206,1.3109234254807234,0.3520747721195221,0.4359276592731476,2651004,648,0.756874228016465,1.2564239082857966,0.3507183492183685,0.4377722144126892,2651002,648,0.8213070636141823,1.265636590309441,0.3531322181224823,0.433905154466629,2651001,648,0.739965427807875,1.3388875192031264,0.3478050827980041,0.4398970007896423,2651000,648,0.7243659641749476,1.3105268962681291,6.482398339547217,0.023870407603681,6.506268747150898,4.188778018578887,10.695046765729783,0.017606733366847
10,0.6290862086696924,0.653952074094056,0.6454189603411472,0.5076168953429534,0.6454189603411472,0.5302355223752849,0.7422068714196907,0.619787631948167,0.0,0.0,0.9867981545177512,0.6210805362806998,0.7623474712564805,2495335,1570538,0.5724786006698921,0.9946653734238604,0.7267036730837368,6186,10748,0.655829596412556,0.9998897281799636,0.7921116425342332,18137,27652,0.3395102731920159,0.9999712285412872,0.5069133161553795,208540,614220,0.997817925103488,0.8566115702479339,0.9218386374753568,72600,62326,0.0,0.0,0.0,19740,508421,0.0008837175049709,0.0457142857142857,0.0017339161218076,525,27158,0.3430636823177337,0.4386209845542907,2651004,648,0.7065600232990307,1.2486905874684453,0.3477903306484222,0.4344636797904968,2651004,648,0.6226175582768293,1.2526913229376078,0.3479207754135132,0.4324281811714172,2651002,648,0.7220881055554224,1.2993671773001552,0.351519912481308,0.4292578399181366,2651001,648,0.7207562000934388,1.264614321291447,0.346492737531662,0.4343753159046173,2651000,648,0.7575380554063683,1.2869938891381023,6.352357298135757,0.0283308224752545,6.380688120611012,4.139199418015778,10.51988753862679,0.0145566249266266
11,0.626844061738329,0.6556751834326281,0.6456972510602004,0.5084580483446687,0.6456972510602004,0.5311172487920485,0.7435275768233713,0.6178659741808323,0.0,0.0,0.9868388897034972,0.6230285713140721,0.763825393651366,2495335,1575399,0.577854996243426,0.9946653734238604,0.7310205536414399,6186,10648,0.6560431212241797,0.9998897281799636,0.7922673656618611,18137,27643,0.3395224341336181,0.9999712285412872,0.5069268710087537,208540,614198,0.9979940624247774,0.8566115702479339,0.9219137975762516,72600,62315,0.0,0.0,0.0,19740,505672,0.0009528346831824,0.0457142857142857,0.0018667600046669,525,25188,0.3429421186447143,0.438213974237442,2651004,648,0.5855389741780631,1.2618217626586556,0.3467583060264587,0.4364470839500427,2651004,648,0.7470140083762229,1.22832752764225,0.3478067219257355,0.4381818473339081,2651002,648,0.6444533450012916,1.316482361406088,0.3461999893188476,0.4327851831912994,2651001,648,0.595132625125771,1.2021906403824687,0.3442988395690918,0.43497434258461,2651000,648,0.7947635351613799,1.2886505965143442,6.297472888603807,0.0268982537090778,6.324371142312884,4.242473786696792,10.566844929009676,0.0123983500525355
12,0.6102827884422318,0.6416942833251154,0.643372040471508,0.5056202485257494,0.643372040471508,0.5272749496637017,0.732879596802589,0.6172758128205552,0.0,0.0,0.9870645262367262,0.6072226775162454,0.7518945935109428,2495335,1535081,0.5778988911858673,0.994180407371484,0.7309246493938674,6186,10642,0.6358695652173914,0.9998897281799636,0.7773753134577877,18137,28520,0.3395311881808753,0.9999856142706436,0.5069384768533093,208540,614191,0.9980260940734678,0.8566115702479339,0.9219274643659248,72600,62313,0.0,0.0,0.0,19740,545092,0.0009514747859181,0.0457142857142857,0.0018641500640801,525,25224,0.3413121700286865,0.4386405944824219,2651004,648,0.7004810532309051,1.227234346792102,0.3448264002799988,0.4308005571365356,2651004,648,0.579848308085152,1.2818098245188594,0.344246357679367,0.4330121278762817,2651002,648,0.6181977345348988,1.223465190269053,0.3468884825706482,0.4300911128520965,2651001,648,0.7183284480543172,1.19001389387995,0.3424697816371918,0.4350335597991943,2651000,648,0.682129153713763,1.27712834905833,6.199651604518294,0.027011034078896,6.22666263859719,4.130365406163037,10.357028044760227,0.0142815457656979
13,0.6084173638528327,0.6430753230253986,0.6435720488726263,0.5061369897548419,0.6435720488726263,0.5278548475035706,0.7339691264357371,0.6167368515165335,0.0,0.0,0.9870972814426198,0.6087843916748653,0.7531002180544742,2495335,1538978,0.581081081081081,0.994018752020692,0.7334208015267175,6186,10582,0.636025672500263,0.9998897281799636,0.777491961414791,18137,28513,0.3397297631925348,0.9999856142706436,0.5071597768406512,208540,613832,0.998074145402022,0.8566115702479339,0.9219479653102068,72600,62310,0.0,0.0,0.0,19740,541611,0.0009509846653722,0.0457142857142857,0.0018632093781538,525,25237,0.341008573770523,0.4363708794116974,2651004,648,0.6571137055416022,1.3286147182807326,0.3443760573863983,0.4337790310382843,2651004,648,0.6527940509749964,1.258054886944592,0.3415692150592804,0.4351901710033417,2651002,648,0.640623269100584,1.2852120911702514,0.3454746007919311,0.431573212146759,2651001,648,0.6409001599025548,1.3421034449711442,0.3414471447467804,0.4342617690563202,2651000,648,0.6547624937362851,1.2921608639881017,6.506146005354822,0.0097265103831887,6.51587251573801,4.180528496392071,10.696401012130082,0.0190521739423275
14,0.6032240151293504,0.6523299905035796,0.6467652505919902,0.5086357388853824,0.6467652505919902,0.5317458900574408,0.7410955294024891,0.6160021836525896,0.0,0.0,0.9873053967247324,0.6188952585524589,0.7608496818484248,2495335,1564208,0.5780075187969925,0.994180407371484,0.7310115297753477,6186,10640,0.65613806577662,0.9998897281799636,0.7923365955959455,18137,27639,0.3397286562816657,0.9999856142706436,0.5071585434364413,208540,613834,0.9983220679720768,0.8686914600550965,0.9290065035021692,72600,63173,0.0,0.0,0.0,19740,516265,0.0009484666455896,0.0457142857142857,0.001858376243757,525,25304,0.3391988277435303,0.4387858211994171,2651004,648,0.5272720314636556,1.2971713999286294,0.3442108035087585,0.428047627210617,2651004,648,0.980464510521424,1.246826578862965,0.3410040140151977,0.4288921654224396,2651002,648,0.5626350464651835,1.2474755086004734,0.3446150422096252,0.4315901696681976,2651001,648,0.5421071517004443,1.1669701458886266,0.3392253518104553,0.4326646625995636,2651000,648,0.8202853544602966,1.326043681241572,6.284487314522266,0.0227008676156401,6.3071881821379066,4.164060704410076,10.471248886547984,0.0122923459857702
15,0.6116231804953863,0.6486962538589177,0.7879054181446435,0.515428591908016,0.7879054181446435,0.5405878874823655,0.7366828112353745,0.6167896446476541,0.0018795520400971,0.0457142857142857,0.9999227456078896,0.6068764314210316,0.75532718242152,2495335,1514477,0.5780618479180374,0.994180407371484,0.7310549777117384,6186,10639,0.656066854786195,0.9998897281799636,0.7922846720111841,18137,27642,0.3397297631925348,0.9999856142706436,0.5071597768406512,208540,613832,0.998401089159068,0.8686914600550965,0.9290407165164104,72600,63168,0.0348583416329384,1.0,0.0673683348349578,19740,566292,0.000959501059449,0.0457142857142857,0.0018795520400971,525,25013,0.3376075625419616,0.4355365037918091,2651004,648,0.5407615811407754,1.216414057649672,0.3417642414569855,0.4251562654972076,2651004,648,0.5601305099054774,1.2364165289327502,0.3396351933479309,0.4325534105300903,2651002,648,0.5915677246917302,1.2123515419662,0.3441496789455414,0.4264951050281524,2651001,648,0.6507812411165466,1.2580409767106175,0.338259220123291,0.4312123656272888,2651000,648,0.7786526721970446,1.232907141558826,6.156130246818066,0.0340342968702316,6.190164543688297,4.35229274071753,10.542457284405828,0.0257157748565077
16,0.6027846385876466,0.6497791789832414,0.7863817889905435,0.5158433395717371,0.7863817889905435,0.5401652934811441,0.7374482660218321,0.6172366393937068,0.0018600325505696,0.0457142857142857,0.9993457457346768,0.6084525725002855,0.756381547254013,2495335,1519287,0.5809712773998488,0.994018752020692,0.7333333333333333,6186,10584,0.65625678511978,0.9998897281799636,0.7924231500294947,18137,27634,0.3397447071952819,0.9999856142706436,0.5071764283846804,208540,613805,0.9985228476927523,0.8566115702479339,0.9221393514331044,72600,62282,0.0351126843238051,1.0,0.0678432113828123,19740,562190,0.0009493295360151,0.0457142857142857,0.0018600325505696,525,25281,0.3377190232276916,0.4382169842720032,2651004,648,0.637627263549544,1.280609905719757,0.3407235741615295,0.426561027765274,2651004,648,0.632544340202523,1.2115844814106822,0.3397960960865021,0.4283286035060882,2651002,648,0.6338434409102843,1.2227971721440554,0.344643086194992,0.4307293593883514,2651001,648,0.9711444801685182,1.2538212910294533,0.338032990694046,0.4304605722427368,2651000,648,0.5558284512584882,1.2411585943773389,6.209971444681287,0.0945004876703023,6.304471932351589,4.240466258488596,10.544938190840185,0.0133372573181986
17,0.5872483291631777,0.6501960431227519,0.7881918309506867,0.5158936684188518,0.7881918309506867,0.5411995337828908,0.7378541533840692,0.6172024101854664,0.0018701784461934,0.0457142857142857,0.999922960883224,0.608572396091106,0.756639438929917,2495335,1518709,0.5809802625365946,0.9945037180730684,0.7334724292101341,6186,10589,0.65613806577662,0.9998897281799636,0.7923365955959455,18137,27639,0.3397519970412996,0.9999712285412872,0.5071827007149259,208540,613783,0.9983852839209104,0.8686914600550965,0.9290338737119668,72600,63169,0.0351224928073618,1.0,0.0678615198711524,19740,562033,0.000954615965952,0.0457142857142857,0.0018701784461934,525,25141,0.3361727595329284,0.4344210624694824,2651004,648,1.206177835123295,1.3649387937039137,0.3406514525413513,0.4306021332740783,2651004,648,0.5923926923326017,1.35021791793406,0.3376149237155914,0.4264210164546966,2651002,648,0.8659384741398224,1.28162304405123,0.3414778113365173,0.4295071959495544,2651001,648,0.506503411361446,1.3694696687161922,0.3394991159439087,0.4342723488807678,2651000,648,0.6775296393954587,1.233768050558865,6.600017474964261,0.0279306024312973,6.627948077395558,4.20195578597486,10.82990386337042,0.0154336560517549
18,0.5831185327772203,0.6610536524707176,0.7898999438452593,0.5162253356432657,0.7898999438452593,0.5431017992165506,0.7462103326118318,0.6212536902810429,0.001875732708089,0.0457142857142857,0.9999244839738212,0.6208477018115804,0.7660556163350578,2495335,1549340,0.5812305075134675,0.994180407371484,0.733583825371265,6186,10581,0.65613806577662,0.9998897281799636,0.7923365955959455,18137,27639,0.3397530727422024,0.999976023784406,0.5071845160788205,208540,613784,0.9984327011366876,0.8686914600550965,0.9290544024277064,72600,63166,0.03714100788729,1.0,0.0716219059989695,19740,531488,0.0009575104727707,0.0457142857142857,0.001875732708089,525,25065,0.3364649415016174,0.4343777000904083,2651004,648,0.516676822247978,1.2371782371774316,0.3409028053283691,0.4265025556087494,2651004,648,0.5405663166753476,1.2633585231378677,0.3393609821796417,0.4270951151847839,2651002,648,0.5888772956888394,1.1997915441170337,0.3408015370368957,0.424660325050354,2651001,648,0.4961564561072176,1.3044679518789053,0.3373838663101196,0.4322338700294494,2651000,648,0.732748730841999,1.236983608454466,6.241779864765704,0.0290339924395084,6.270813857205212,4.289511212147772,10.560325069352984,0.0136104179546237
19,0.5880622833770981,0.6610338017974076,0.789874957061132,0.5158503553648136,0.789874957061132,0.5427905729373507,0.7461882884366271,0.6183519810173816,0.0018766127140511,0.0457142857142857,0.9999167363220044,0.6208248591872434,0.7660359538449747,2495335,1549295,0.5785116191551416,0.994018752020692,0.7313707998810586,6186,10629,0.6561855483590838,0.9998897281799636,0.7923712151002753,18137,27637,0.3397430466856085,0.9999856142706436,0.5071745781591248,208540,613808,0.998495931097812,0.8686914600550965,0.9290817754599962,72600,63162,0.0371416368285482,1.0,0.0716230754019727,19740,531479,0.0009579691054963,0.0457142857142857,0.0018766127140511,525,25053,0.335082471370697,0.4327111542224884,2651004,648,0.4836935127719978,1.2590379873290658,0.339228868484497,0.4266409873962402,2651004,648,0.5343438117350428,1.203269219957292,0.337836354970932,0.429340660572052,2651002,648,0.6380075090117466,1.1974401157349348,0.3404019773006439,0.4279685318470001,2651001,648,0.716609079933531,1.1741925086826086,0.3352384865283966,0.4256631433963775,2651000,648,0.6297303601156893,1.1928462609648705,6.026786092668772,0.0422891592606902,6.069075251929462,4.161910375580192,10.230985627509654,0.0194637915119528
20,0.5705929220680807,0.6600848687179265,0.7897240191195712,0.5164353618269129,0.7897240191195712,0.5431382924416434,0.7454841746088494,0.628400440621618,0.0015683199372672,0.0457142857142857,0.99992435204618,0.619764881268447,0.765230742511145,2495335,1546638,0.5816152827690562,0.994180407371484,0.733890214797136,6186,10574,0.6573510221835581,0.9998897281799636,0.7932203389830509,18137,27588,0.3397241525389209,0.9998273712477224,0.507133171588926,208540,613745,0.9983378712087634,0.8686914600550965,0.9290133459034264,72600,63172,0.0372970062256147,1.0,0.0719119133705521,19740,529265,0.000797845816296,0.0457142857142857,0.0015683199372672,525,30081,0.3368200063705444,0.4320136904716491,2651004,648,0.5325184078788836,1.2741447817534208,0.3411355912685394,0.4281257092952728,2651004,648,0.7982061234747173,1.175720477476716,0.3378520905971527,0.4318140745162964,2651002,648,0.629870606829056,1.220661723986268,0.3389128148555755,0.4295965731143951,2651001,648,0.4810002214383839,1.285072880797088,0.3377909958362579,0.4324771761894226,2651000,648,0.832728125988688,1.2131585525348785,6.168758416548371,0.0374951539561152,6.206253570504487,4.218059631995857,10.424313202500343,0.0129583366215229
21,0.5660598746983567,0.6411753300085818,0.786483424230118,0.5159273812456717,0.786483424230118,0.5397681064874377,0.7308282327289295,0.6272824241420267,0.001883460859329,0.0457142857142857,0.9999216484102998,0.5983773721764813,0.7487090721465455,2495335,1493269,0.5814790266073289,0.992725509214355,0.7333850838956231,6186,10561,0.6571366452875312,0.9998897281799636,0.7930642410460489,18137,27597,0.3397696167883212,0.9999856142706436,0.5072041833880578,208540,613760,0.9986382277959877,0.8686914600550965,0.9291433706805744,72600,63153,0.0335849653686945,1.0,0.0649873333958844,19740,587763,0.0009615384615384,0.0457142857142857,0.001883460859329,525,24960,0.3346475660800934,0.4350012242794037,2651004,648,0.5885805409738921,1.1730815218761563,0.3379888832569122,0.4281102418899536,2651004,648,0.5208879522155826,1.340723247267306,0.3371923565864563,0.4320347607135772,2651002,648,0.5651596232291957,1.1972595360130072,0.3393921256065368,0.4261971116065979,2651001,648,0.6300956351749541,1.243329362012446,0.334296852350235,0.4306235313415527,2651000,648,0.5034353588996705,1.2855472108349204,6.239940878003836,0.0138668874278664,6.253807765431702,4.22604570351541,10.479853468947113,0.0115915453061461
22,0.5763015765508894,0.6564908334198847,0.7890951723537516,0.5163670990130117,0.7890951723537516,0.5424793590266035,0.7427244359555917,0.6282018291050168,0.0018830914083954,0.0457142857142857,0.9999238513761096,0.6156896769371647,0.7621164124049681,2495335,1536469,0.5817166650894293,0.9936954413191076,0.7338387154539485,6186,10567,0.6573510221835581,0.9998897281799636,0.7932203389830509,18137,27588,0.3397773671844704,0.9999856142706436,0.5072128188975612,208540,613746,0.998590791057065,0.8686914600550965,0.9291228380329416,72600,63156,0.0362486503162116,1.0,0.0699612980053587,19740,544572,0.0009613458842379,0.0457142857142857,0.0018830914083954,525,24965,0.3319971859455108,0.4304108917713165,2651004,648,0.5285228145708428,1.3123346045613289,0.337546706199646,0.4244301319122314,2651004,648,0.5848716540731727,1.26158198248595,0.3357761800289154,0.4274632632732391,2651002,648,0.5074951589047281,1.3044462017714975,0.3377107977867126,0.4275226593017578,2651001,648,0.6394133791109169,1.22552739828825,0.3339035511016845,0.4363636374473572,2651000,648,0.557426917680508,1.2970745200291276,6.400964707136154,0.0374076934531331,6.438372400589287,4.116689410060644,10.555061810649931,0.0195584036409854
23,0.5643381512497888,0.6640737906243143,0.7901816393853117,0.5322094391894902,0.7901816393853117,0.5553661373975001,0.7487009811008662,0.6270228744343074,0.0018895406054403,0.0457142857142857,0.9999248973115163,0.6242648782628385,0.7686515500584477,2495335,1557867,0.6910871033085753,0.992725509214355,0.8148885350318471,6186,8886,0.6574463457076566,0.9998897281799636,0.7932897355700882,18137,27584,0.3397685096177346,0.9999856142706436,0.5072029497678469,208540,613762,0.9986698547924816,0.8686914600550965,0.9291570596165036,72600,63151,0.0376046558145294,1.0,0.0724835911323266,19740,524935,0.0009647077739368,0.0457142857142857,0.0018895406054403,525,24878,0.3311910927295685,0.4335802495479584,2651004,648,0.5332723991095522,1.336594752036035,0.3379742205142975,0.4293965697288513,2651004,648,0.491355958130112,1.2203277247026565,0.3344517648220062,0.4302218556404114,2651002,648,0.5718844374137884,1.1771634863689542,0.3378962874412536,0.4281499683856964,2651001,648,0.4499097932882332,1.213279920630157,0.3354196548461914,0.4313187301158905,2651000,648,0.5448279620861824,1.2783059980720282,6.225671881809831,0.0277422433719038,6.253414125181735,4.203191844746471,10.456605969928203,0.0173984905704855
24,0.5659119967515557,0.6513449008405696,0.7881180411357767,0.5162835892161384,0.7881180411357767,0.541610427267511,0.738760869354549,0.6292371523146272,0.0015750615258408,0.0457142857142857,0.9999224683960156,0.6098748264261111,0.7576451318611155,2495335,1521960,0.5817544524441076,0.992725509214355,0.7336041094253972,6186,10556,0.6575054387237128,0.9998345922699454,0.7933153968983092,18137,27580,0.3397696167883212,0.9999856142706436,0.5072041833880578,208540,613760,0.9986066028026284,0.8686914600550965,0.9291296821479872,72600,63155,0.0356252097989178,1.0,0.0687994256258691,19740,554102,0.0008013355592654,0.0457142857142857,0.0015750615258408,525,29950,0.3320372402667999,0.4340793192386627,2651004,648,0.4721178219383564,1.254666730761528,0.3391887545585632,0.4273769557476043,2651004,648,0.6182768391723173,1.166015077382326,0.3373173475265503,0.4293591678142547,2651002,648,0.7357549990231467,1.233536501415074,0.3401321172714233,0.4223189651966095,2651001,648,0.7855539091820575,1.2100982842966914,0.3333460092544555,0.4314741492271423,2651000,648,0.6020307657452489,1.2228693710640073,6.087185964919627,0.0724444091320037,6.159630374051631,4.253051137551665,10.412681511603296,0.0163716431707143
25,0.5678349882192543,0.6670205521819258,0.7906575560171755,0.5166990761212094,0.7906575560171755,0.5443114484168217,0.7507621111745787,0.6277618901216607,0.0018842001962708,0.0457142857142857,0.9999208268233616,0.6275962946858838,0.7711705119410901,2495335,1566187,0.5816993464052288,0.992725509214355,0.733560293854148,6186,10557,0.6575178564954135,0.9998897281799636,0.7933417909794829,18137,27581,0.3397867788551624,0.9999856142706436,0.5072233052687137,208540,613729,0.9986698547924816,0.8686914600550965,0.9291570596165036,72600,63151,0.0383369456291221,1.0,0.0738429770615433,19740,514908,0.0009619238476953,0.0457142857142857,0.0018842001962708,525,24950,0.3343419432640075,0.4327051043510437,2651004,648,0.7061332760136847,1.2751398207619786,0.3380670845508575,0.4265044331550598,2651004,648,0.5146791676968436,1.3078706189990044,0.3355514705181122,0.4331705570220947,2651002,648,0.5084274141237439,1.4829888390377164,0.3382196128368377,0.4325196444988251,2651001,648,0.5537390314944207,1.4003650592640042,0.3351782858371734,0.4268547594547272,2651000,648,0.9549031610528892,1.490910260938108,6.957274599000812,0.0443836767226457,7.001658275723457,4.154706542380154,11.156364818103611,0.022871277295053
26,0.5670713136390599,0.6662038387657419,0.7905256527428083,0.5322669560503004,0.7905256527428083,0.5557383420289866,0.75031836852061,0.6323542914494001,0.0018896893823077,0.0457142857142857,0.999918152654252,0.6266729717653141,0.7704722727655694,2495335,1563887,0.6910871033085753,0.992725509214355,0.8148885350318471,6186,8886,0.6573748504730489,0.9998897281799636,0.7932376869915143,18137,27587,0.3397834570294997,0.9999856142706436,0.5072196041470312,208540,613735,0.9987014837923008,0.8686914600550965,0.9291707489557934,72600,63149,0.0380388597591643,1.0,0.0732898569288431,19740,518943,0.0009647853352629,0.0457142857142857,0.0018896893823077,525,24876,0.3304693400859833,0.4339736998081207,2651004,648,0.7548324824490427,1.2065940871834755,0.3350033760070801,0.4247749149799347,2651004,648,0.4972261483630658,1.1736299796029923,0.3345739245414734,0.4292618334293365,2651002,648,0.5223241148365585,1.1859250888228416,0.3376356363296509,0.4287584125995636,2651001,648,0.5145031040222584,1.214882519096136,0.332282155752182,0.4282217919826507,2651000,648,0.4978972288483798,1.1570366453379393,5.938068320043385,0.0688813533633947,6.00694967340678,4.254779926501215,10.261729599907994,0.0182494521141052
27,0.5653744048417203,0.6686174679544554,0.79090764653946,0.5322930498132943,0.79090764653946,0.5561365515653166,0.7521453439029587,0.6319717093728533,0.001889168765743,0.0457142857142857,0.9999236004072098,0.629402064251894,0.7725330691604378,2495335,1570689,0.6910093394846405,0.992725509214355,0.8148344722351224,6186,8887,0.6572671257702066,0.9998345922699454,0.7931419074070024,18137,27590,0.3397817961410243,0.9999856142706436,0.5072177536064445,208540,613738,0.9985591690680516,0.8686914600550965,0.9291091501053343,72600,63158,0.0385458038967581,1.0,0.0742303396771318,19740,512118,0.0009645139251697,0.0457142857142857,0.001889168765743,525,24883,0.330641508102417,0.43336221575737,2651004,648,0.5139834491701575,1.166782345622778,0.3364072740077972,0.4268952310085296,2651004,648,0.5956963248529185,1.2406267942860725,0.3345178365707397,0.4299125373363495,2651002,648,0.5773580682978322,1.2228779708966613,0.3371885120868683,0.4253291487693786,2651001,648,0.5507145124802056,1.230316584929824,0.3331722617149353,0.4321757853031158,2651000,648,0.4939033167937346,1.201705751940608,6.062309447675943,0.0392425218597054,6.101551969535649,4.217443441040814,10.318995410576465,0.0150433061644434
28,0.5560978093202689,0.6643506366217273,0.7902263513893398,0.5321791253938697,0.7902263513893398,0.55538577786201,0.7489120263875013,0.6278471861122451,0.0018911784405657,0.0457142857142857,0.9999242934105111,0.6245778622910351,0.7688885797279911,2495335,1558649,0.6910871033085753,0.992725509214355,0.8148885350318471,6186,8886,0.6571128342633524,0.9998897281799636,0.7930469006231551,18137,27598,0.33978954709283,0.9999856142706436,0.5072263895780431,208540,613724,0.9987172990435168,0.8686914600550965,0.929177593776704,72600,63148,0.0376572390032849,1.0,0.072581267855764,19740,524202,0.0009655616350177,0.0457142857142857,0.0018911784405657,525,24856,0.3323098719120025,0.4409710466861725,2651004,648,0.6730473152993324,1.254278801381588,0.3359447717666626,0.4268612861633301,2651004,648,0.518703706618186,1.2189112957566977,0.3342487812042236,0.4335745573043823,2651002,648,0.4184528178689508,1.2341540800407529,0.3368899822235107,0.4273661077022552,2651001,648,0.4372920004606667,1.2171607669442892,0.3345123827457428,0.4329641461372375,2651000,648,0.6523539888911863,1.1789103345945475,6.103415278717876,0.0481554623693227,6.151570741087198,4.147868868894875,10.299439609982072,0.0166534539312124
29,0.5472489661986675,0.6664955727681374,0.7905649499247198,0.5322460465927777,0.7905649499247198,0.5558042956689638,0.7505412878477531,0.71069429188256,0.0015753716892579,0.0457142857142857,0.9999079711668551,0.6270031879487123,0.7707187722749061,2495335,1564727,0.69069845911596,0.992725509214355,0.8146182927638125,6186,8891,0.6574100928074246,0.9998345922699454,0.7932459919949257,18137,27584,0.33978954709283,0.9999856142706436,0.5072263895780431,208540,613724,0.9986382277959877,0.8686914600550965,0.9291433706805744,72600,63153,0.038476532044285,1.0,0.0741018807012275,19740,513040,0.000801496126102,0.0457142857142857,0.0015753716892579,525,29944,0.330977588891983,0.4355202615261078,2651004,648,0.506590428293057,1.2801680760458112,0.3361395001411438,0.4268907010555267,2651004,648,0.7884184980320985,1.3024844452738762,0.3355038464069366,0.4326794147491455,2651002,648,0.6495067344777407,1.2025363417342303,0.3355466723442077,0.4239485263824463,2651001,648,0.4379206495419563,1.1684235148131847,0.3317170739173889,0.4349030554294586,2651000,648,0.6044930485409596,1.2439069412648678,6.19751931913197,0.1010627020150423,6.298582021147013,4.2132290452718735,10.511811066418886,0.0236055748537182
30,0.5566894388144622,0.6672477714960637,0.7906902547155176,0.5323045426428289,0.7906902547155176,0.5559670029843108,0.7511131599299495,0.7152165812085031,0.0015806632199427,0.0457142857142857,0.9999189446206672,0.627852773274931,0.7713635462862783,2495335,1566830,0.6910871033085753,0.992725509214355,0.8148885350318471,6186,8886,0.6573624302182266,0.9998345922699454,0.7932112940970627,18137,27586,0.3397878861448168,0.9999856142706436,0.5072245389879443,208540,613727,0.9985434049492566,0.8687190082644628,0.9291180825126508,72600,63161,0.0386277936172169,1.0,0.0743823607544496,19740,511031,0.0008042356410428,0.0457142857142857,0.0015806632199427,525,29842,0.3300209939479828,0.4322977066040039,2651004,648,0.7215442665915943,1.3340011043474078,0.3354106247425079,0.4279593527317047,2651004,648,0.4853148251600127,1.1914011724293232,0.3347141444683075,0.4318257570266723,2651002,648,0.5423976054198737,1.1407085014507174,0.3375132083892822,0.4223491251468658,2651001,648,0.798882280833489,1.2111155530437827,0.3324476480484009,0.4314994215965271,2651000,648,0.5693584939862487,1.2479088166728616,6.125135147944093,0.0357270957902073,6.1608622437343,4.169493938796222,10.330356182530522,0.013449995778501
31,0.5461166672925091,0.6680754736778299,0.7908323798240565,0.5322824149539859,0.7908323798240565,0.5560420967557892,0.7517339155705349,0.6355525905709588,0.0018864216938494,0.0457142857142857,0.9999107811998144,0.628787717881567,0.7720663076074834,2495335,1569176,0.690931593159316,0.992725509214355,0.8147804166113838,6186,8888,0.6571842725131365,0.9998897281799636,0.7930989241668853,18137,27595,0.3397884082388155,0.9999904095137624,0.5072257375627683,208540,613729,0.9987647869257448,0.8687190082644628,0.9292139052796748,72600,63147,0.0384339807791155,1.0,0.0740229643684798,19740,513608,0.0009630818619582,0.0457142857142857,0.0018864216938494,525,24920,0.3301737308502197,0.4337450861930847,2651004,648,0.5667409525560609,1.17553105764091,0.3349762260913849,0.4273199737071991,2651004,648,0.505724849968814,1.173702059313655,0.3330061733722687,0.4307118654251098,2651002,648,0.5806954481465394,1.176494057290256,0.335675984621048,0.4276780784130096,2651001,648,0.4776995591262172,1.2226921021938324,0.3308640718460083,0.4284477531909942,2651000,648,0.6866233782275178,1.303533853031695,6.051953129470348,0.0463128257542848,6.098265955224633,4.130073237232864,10.228339192457495,0.0170429926365613
32,0.54650985489131,0.6091466230991651,0.8096094984198506,0.497235883508845,0.8096094984198506,0.5021920106551028,0.7237199893842553,0.6331130950570991,0.0051844305699847,0.1978805025414788,0.9999108118920876,0.6290041216910756,0.7722294259038817,2495335,1569716,0.69069845911596,0.992725509214355,0.8146182927638125,6186,8891,0.6573510221835581,0.9998897281799636,0.7932203389830509,18137,27588,0.0927050852331443,0.1978805025414788,0.126259041231688,208540,445132,0.9985908356819404,0.8687190082644628,0.9291386142989732,72600,63158,0.0387958735655451,1.0,0.0746939308343281,19740,508817,0.0025990968896799,0.979047619047619,0.0051844305699847,525,197761,0.3293403089046478,0.4341743588447571,2651004,648,0.4826014421998358,1.318216378800571,0.3349569141864776,0.4298469424247741,2651004,648,0.6715641156697375,1.194336418993771,0.3339160978794098,0.4277646541595459,2651002,648,0.5916485726515186,1.249314866028726,0.3366152048110962,0.4297150373458862,2651001,648,0.725665371462893,1.1924317311495545,0.3319970965385437,0.4316412508487701,2651000,648,0.4827912205740228,1.1839712588116529,6.138270653784275,0.090743682347238,6.229014336131513,4.147598508745432,10.376612844876943,0.0239099683240056
33,0.5479653853798221,0.6691839210964095,0.7910075786301133,0.5324715193297357,0.7910075786301133,0.5563635624294768,0.7526112199306706,0.71898612337446,0.001895285477375,0.0457142857142857,0.9999103227997604,0.6300416577333304,0.7730106958799953,2495335,1572306,0.6913983337086241,0.992725509214355,0.8151048579771701,6186,8882,0.6574225122349103,0.9998897281799636,0.7932723852849831,18137,27585,0.3402574390218035,0.9999904095137624,0.5077481395091201,208540,612883,0.9987489310486808,0.8686914600550965,0.9291912837210672,72600,63146,0.0385953935791655,1.0,0.0743222891566265,19740,511460,0.000967702915205,0.0457142857142857,0.001895285477375,525,24801,0.329310804605484,0.4339261651039123,2651004,648,0.5438004233114339,1.2796826167032125,0.3347210586071014,0.4272656738758087,2651004,648,0.4831192031324587,1.2194967055693269,0.3324963450431824,0.4354813694953918,2651002,648,0.4459053424318538,1.2915742648765445,0.3345637917518616,0.4264702200889587,2651001,648,0.4303630388541361,1.2210756335407495,0.3324488401412964,0.4305677115917206,2651000,648,0.6264992769133744,1.2685880167409778,6.280417237430811,0.033511808142066,6.313929045572877,4.190795158036053,10.50472420360893,0.0276532229036092
34,0.54705538459986,0.6691350033657526,0.7909950520387513,0.5324030140132079,0.7909950520387513,0.5563136134016498,0.7525722396427228,0.7186363403651267,0.0018839783342491,0.0457142857142857,0.9999090429152064,0.6299863545375671,0.7729686871927631,2495335,1572170,0.6910871033085753,0.992725509214355,0.8148885350318471,6186,8886,0.6573862606489034,0.9998345922699454,0.79322864266655,18137,27585,0.3402569177377011,0.9999856142706436,0.5077469409718037,208540,612881,0.9986224586737602,0.8687190082644628,0.9291523026606558,72600,63156,0.0385975066088942,1.0,0.0743262069536798,19740,511432,0.0009618081994149,0.0457142857142857,0.0018839783342491,525,24953,0.3290266394615173,0.4325915575027466,2651004,648,0.466749846312,1.2073877276852727,0.3342126905918121,0.4283972978591919,2651004,648,0.5731002349167316,1.217402876354754,0.3322257399559021,0.4256364107131958,2651002,648,0.6776360511226749,1.2131054205819964,0.3350634574890136,0.4254491031169891,2651001,648,0.6867967577185795,1.2534481324255466,0.3316095173358917,0.4288879632949829,2651000,648,0.7258788726603401,1.2465358693152666,6.137880026362836,0.0354295466095209,6.173309572972357,4.197963889688253,10.37127346266061,0.014290134422481
35,0.5412223079309001,0.8093676036302627,0.8136511330038908,0.6227972909477865,0.8136511330038908,0.6401888841358881,0.884140442267305,0.7190663552758608,0.0018958843510545,0.0457142857142857,0.9999410493320534,0.7885237853835256,0.8817364323577295,2495335,1967747,0.6914761851142889,0.992725509214355,0.8151589566602508,6186,8881,0.6575178564954135,0.9998897281799636,0.7933417909794829,18137,27581,0.9725450509271352,0.9999856142706436,0.9860744649662856,208540,214424,0.9987647869257448,0.8687190082644628,0.9292139052796748,72600,63147,0.0383680926742988,1.0,0.0739007543567377,19740,514490,0.0009680151655709,0.0457142857142857,0.0018958843510545,525,24793,0.3295097649097442,0.4358363747596741,2651004,648,0.4867506725359549,1.251017744652927,0.332962691783905,0.4271558821201324,2651004,648,0.5164701483599643,1.2246902892366052,0.3305803835391998,0.4320449233055115,2651002,648,0.519798563856787,1.2099761050194502,0.3342765569686889,0.4270077645778656,2651001,648,0.4917582977869625,1.282924983650446,0.3299676477909088,0.4325786530971527,2651000,648,0.5225769451175515,1.181543381884694,6.150152504444122,0.033070707693696,6.183223212137818,4.066470688208938,10.249693900346756,0.012678756378591
36,0.5414325991302653,0.6648401684046049,0.7903098619485581,0.5323401760306511,0.7903098619485581,0.555631047457495,0.7493266930430094,0.7189721377187352,0.0015847860538827,0.0457142857142857,0.9999262831853868,0.6251300927530773,0.7693074768473025,2495335,1560024,0.6913983337086241,0.992725509214355,0.8151048579771701,6186,8882,0.6573510221835581,0.9998897281799636,0.7932203389830509,18137,27588,0.3402563286750369,0.9999904095137624,0.5077469032474055,208540,612885,0.9985908356819404,0.8687190082644628,0.9291386142989732,72600,63158,0.0380520584544387,1.0,0.0733143547946808,19740,518763,0.000806370325572,0.0457142857142857,0.0015847860538827,525,29763,0.3298792541027069,0.4363105297088623,2651004,648,0.475980675658863,1.2113298727199435,0.3340626358985901,0.4272860288619995,2651004,648,0.4986642336849176,1.227579576894641,0.3339676856994629,0.4320158958435058,2651002,648,0.747161001345096,1.2134652696549892,0.3360399305820465,0.4267120063304901,2651001,648,0.7592304227696036,1.145553265698254,0.3298967182636261,0.4330803453922272,2651000,648,0.4957623018674175,1.1164518045261502,5.914379789493978,0.0786528531461954,5.993032642640173,4.132124084979296,10.12515672761947,0.0150332087650895
37,0.5396204611628057,0.8108695197519517,0.8138936999194695,0.6238216085247624,0.8138936999194695,0.6409331854967536,0.8853072324632283,0.714223605611258,0.0018958094711481,0.0457142857142857,0.9999279922515606,0.790221753792577,0.8827919043637776,2495335,1972010,0.6922556645248563,0.992725509214355,0.815700338712891,6186,8871,0.6576847755131646,0.9998897281799636,0.7934632801732625,18137,27574,0.9785783333802592,0.9999856142706436,0.9891661646610156,208540,213102,0.998748970672072,0.8687190082644628,0.9292070601408492,72600,63148,0.0385875472081694,1.0,0.0743077409543312,19740,511564,0.0009679761232556,0.0457142857142857,0.0018958094711481,525,24794,0.328248381614685,0.4357582926750183,2651004,648,0.5031942982746044,1.2010788526386025,0.333251953125,0.4276213645935058,2651004,648,0.5371057211144747,1.1726658809930086,0.331219732761383,0.4309483766555786,2651002,648,0.4584855273878169,1.1296493019908669,0.3352787792682647,0.4272574782371521,2651001,648,0.5465565899770146,1.1214233804494145,0.3302622437477112,0.430041491985321,2651000,648,0.5947052978936649,1.1688470337539911,5.793664449825883,0.0410369895398616,5.834701439365745,3.985146227292717,9.81984766665846,0.0149843860417604
38,0.5291958644969709,0.8078788031320109,0.8134113121117054,0.6236837677533569,0.8134113121117054,0.6404299599969523,0.8834308093029395,0.7987513936485934,0.0018945374171139,0.0457142857142857,0.9999414324601678,0.7868402438951083,0.8806830414812689,2495335,1963545,0.6922556645248563,0.992725509214355,0.815700338712891,6186,8871,0.6573510221835581,0.9998897281799636,0.7932203389830509,18137,27588,0.978527924021885,0.9999904095137624,0.9891427568575184,208540,213114,0.9987806036803598,0.8687190082644628,0.9292207505193524,72600,63146,0.037962414517258,1.0,0.0731479560074704,19740,519988,0.0009673128854137,0.0457142857142857,0.0018945374171139,525,24811,0.3287214040756225,0.432944655418396,2651004,648,0.5239582013407762,1.3490102691575885,0.3335309624671936,0.4280593395233154,2651004,648,0.4962448749740016,1.247431566938758,0.333326131105423,0.4328080415725708,2651002,648,0.481185174460303,1.206498747691512,0.3335604071617126,0.4286056458950043,2651001,648,0.4890247442274645,1.217108297161758,0.3299627006053924,0.4341127872467041,2651000,648,0.5617641329089792,1.16778976470232,6.1878386456519365,0.0094665912911295,6.197305236943066,4.015490967780352,10.212796204723418,0.0205911314114928
39,0.5291596977343526,0.7514720514926466,0.8341129354494806,0.6139559207076701,0.8341129354494806,0.5452249747406748,0.8356520170119274,0.7974635469970648,0.0053772838033744,0.1908266999136856,0.9999290308452224,0.7904942622934396,0.8829623303192485,2495335,1972688,0.691554054054054,0.992725509214355,0.8152130625248905,6186,8880,0.6585321567345753,0.9998345922699454,0.7940622673731226,18137,27537,0.9075670498084292,0.1908266999136856,0.3153477978350793,208540,43848,0.9987806036803598,0.8687190082644628,0.9292207505193524,72600,63146,0.0386326318529376,1.0,0.0743913308096557,19740,510967,0.002695917978113,0.9961904761904762,0.0053772838033744,525,193997,0.3280940055847168,0.4346900284290313,2651004,648,0.5111114100931695,1.1545136179775,0.3330698907375335,0.4278281033039093,2651004,648,0.5053033369248292,1.3480486497282982,0.332015186548233,0.430938571691513,2651002,648,0.5432476681924298,1.2598986364901066,0.3337286412715912,0.4289515614509582,2651001,648,0.5200472652932084,1.192271251231432,0.3303110897541046,0.4311859607696533,2651000,648,0.5289738646472143,1.2214615531265736,6.17619370855391,0.040845001116395,6.217038709670305,3.9810727909207344,10.19811150059104,0.020840878598392
40,0.5380103801070732,0.8061234364493101,0.8131278116713121,0.6236252705985598,0.8131278116713121,0.6401814391688357,0.8823354440082009,0.7108047745429559,0.0015847860538827,0.0457142857142857,0.999941284381186,0.7848557408123559,0.8794385540134461,2495335,1958593,0.691554054054054,0.992725509214355,0.8152130625248905,6186,8880,0.6576847755131646,0.9998897281799636,0.7934632801732625,18137,27574,0.978665690525802,0.9999904095137624,0.9892131377720432,208540,213084,0.9987647869257448,0.8687190082644628,0.9292139052796748,72600,63147,0.0379599324643957,1.0,0.0731433483646496,19740,520022,0.000806370325572,0.0457142857142857,0.0015847860538827,525,29763,0.3284359276294708,0.4342618882656097,2651004,648,0.6665720315323338,1.172181230969727,0.3330392837524414,0.428909569978714,2651004,648,0.5204875512791491,1.186150566674769,0.3310932517051697,0.4273014366626739,2651002,648,0.6251415837375969,1.2294879145920277,0.334727793931961,0.4256294071674347,2651001,648,0.6169192038072865,1.270658615976572,0.3298332095146179,0.4319588840007782,2651000,648,0.5203282169883676,1.177276775240898,6.035755103453994,0.0479076132178306,6.0836627166718245,4.015738287940621,10.099401004612446,0.0247575268149375
41,0.5320185652715397,0.8060401345166698,0.813114357995324,0.6236154538139033,0.813114357995324,0.6401653867147798,0.8822785804815679,0.7995877859347603,0.0015894566045233287,0.045714285714285714,0.9999412773354004,0.7847615650804401,0.8793794273651102,2495335,1958358,0.691554054054054,0.992725509214355,0.8152130625248905,6186,8880,0.6577324822283476,0.9998897281799636,0.7934979982060426,18137,27572,0.9785371072487706,0.9999904095137624,0.9891474486069081,208540,213112,0.9987964209359411,0.8687190082644628,0.9292275958598843,72600,63145,0.037938046056096034,1.0,0.0731027178361003,19740,520322,0.0008087888387140257,0.045714285714285714,0.0015894566045233287,525,29674,0.3279295861721039,0.43740105628967285,2651004,648,0.46494319735047634,1.5085029443725944,0.3333852291107178,0.4280121624469757,2651004,648,0.48632027214433793,1.367902779020369,0.3319811224937439,0.4314323365688324,2651002,648,0.5897160013399645,1.3364261966198683,0.3329795300960541,0.4247437119483948,2651001,648,0.535315413587152,1.3005995592102408,0.33025863766670227,0.43195587396621704,2651000,648,0.8125301138290334,1.375453282147646,6.8888847613707185,0.09250451624393463,6.981389277614653,3.9615804441273212,10.942969721741974,2.405483042821288
42,0.5247396948496956,0.79339667352342,0.8212580691076956,0.6233022863535286,0.8212580691076956,0.6236420064333001,0.8754235559246397,0.8022544311293823,0.004688245697762556,0.3180952380952381,0.9999410653255303,0.7887377847062619,0.8818702146421198,2495335,1968281,0.691554054054054,0.992725509214355,0.8152130625248905,6186,8880,0.6588192552225249,0.9998345922699454,0.7942709473960843,18137,27525,0.9734755623587377,0.780694351203606,0.8664917425528631,208540,167242,0.9986540836684928,0.8687190082644628,0.929165991425667,72600,63154,0.03831045832815799,1.0,0.07379384079371369,19740,515264,0.00236152551720237,0.3180952380952381,0.004688245697762556,525,70717,0.3279477655887604,0.4364433288574219,2651004,648,0.45970323752048836,1.2943833945319057,0.33277586102485657,0.42821812629699707,2651004,648,0.5022413916389045,1.3820475060492754,0.3312501013278961,0.43335574865341187,2651002,648,0.6898405415750892,1.3307626321911812,0.33320292830467224,0.42964524030685425,2651001,648,0.6189380431470601,1.374190403148532,0.3305273950099945,0.43668651580810547,2651000,648,0.5520920410018734,1.3921414678916335,6.773525403812528,0.014854557812213898,6.7883799616247416,4.00196984782815,10.790349809452891,0.022224769927561283
43,0.5237090946051879,0.810762113430292,0.8138769810499441,0.6259574970496369,0.8138769810499441,0.6423889536037362,0.8852739117978853,0.8051618593727847,0.0019027986997542218,0.045714285714285714,0.9999416740757496,0.7900999264627796,0.8827212092910387,2495335,1971679,0.7056998391174443,0.992725509214355,0.8249596990865127,6186,8702,0.6590950390695984,0.9998897281799636,0.7944887409094892,18137,27515,0.9786289489985546,0.9999904095137624,0.9891943685488768,208540,213092,0.9988280569500974,0.8687190082644628,0.9292412868435205,72600,63143,0.03853730055385168,1.0,0.07421457184696158,19740,512231,0.0009716205821626655,0.045714285714285714,0.0019027986997542218,525,24701,0.32879582047462463,0.4348061978816986,2651004,648,0.5768738081800434,1.4471231577917933,0.3326483964920044,0.4268058240413666,2651004,648,0.5180876814411122,1.4548586905002594,0.33221107721328735,0.4294470548629761,2651002,648,0.5878872459415898,1.3884395211935043,0.33266696333885193,0.4231986403465271,2651001,648,0.43635693877486476,1.3787999898195267,0.33025893568992615,0.4304722547531128,2651000,648,0.6485969219297343,1.3776088701561093,7.046830229461193,0.10488371551036835,7.151713944971561,3.941733891144395,11.093447836115956,0.030605673789978027
44,0.5239760617839333,0.8111406941284189,0.813938123713583,0.6239462777542542,0.813938123713583,0.6410571166004747,0.8854909979015979,0.8051761367600863,0.001890359168241966,0.045714285714285714,0.9999366368995269,0.790527925108252,0.8829862948211451,2495335,1972757,0.691554054054054,0.992725509214355,0.8152130625248905,6186,8880,0.6590231848244785,0.9998897281799636,0.794436534881174,18137,27518,0.9787208079897874,0.9999904095137624,0.9892412929423261,208540,213072,0.9987806036803598,0.8687190082644628,0.9292207505193523,72600,63146,0.03864352231594897,1.0,0.07441152134619262,19740,510823,0.0009651345156231149,0.045714285714285714,0.001890359168241966,525,24867,0.3270567059516907,0.43481186032295227,2651004,648,0.4569537649076403,1.334029029123485,0.332756906747818,0.42512837052345276,2651004,648,0.7006454610250832,1.3145781066268682,0.33169081807136536,0.43473750352859497,2651002,648,0.6135397353954471,1.2931618057191372,0.33679714798927307,0.42733630537986755,2651001,648,1.3818114900279794,1.3309641433879733,0.329656720161438,0.43114522099494934,2651000,648,0.6086520235588824,1.3307799333706498,6.603513018228114,0.10282531753182411,6.706338335759938,4.004580145701766,10.710918481461704,0.018734600394964218
45,0.5210303599667865,0.80915420889218,0.8134797277705281,0.6240773190574519,0.8134797277705281,0.6394775705334305,0.8844603261917481,0.8053550173000054,0.0023153507756425097,0.06666666666666667,0.9999416870592936,0.7902758547449541,0.8828310001246795,2495335,1972118,0.6926460636138055,0.992725509214355,0.8159712994950837,6186,8866,0.6591908691069027,0.9998897281799636,0.794558359621451,18137,27511,0.9781733255163532,0.9760813273232953,0.9771262066946048,208540,208094,0.9988280569500974,0.8687190082644628,0.9292412868435205,72600,63143,0.03858309731970611,1.0,0.07429949017903015,19740,511623,0.00117813383600377,0.06666666666666667,0.0023153507756425097,525,29708,0.326684832572937,0.4328081011772156,2651004,648,0.5541178318741866,1.3076259028166533,0.3322751224040985,0.4284127652645111,2651004,648,0.424721936135175,1.3231867691501975,0.3303508162498474,0.43214452266693115,2651002,648,0.5806863014712925,1.3105405708774924,0.33327850699424744,0.4275713264942169,2651001,648,0.42659080907265723,1.3718596156686544,0.32858771085739136,0.4346514344215393,2651000,648,0.4878493133046437,1.3170123947784305,6.630225253291428,0.029833943583071232,6.660059196874499,3.9208414796739817,10.580900676548481,0.013172276318073273
46,0.5276282086581288,0.8078532808377551,0.8133993708254924,0.6239920058913749,0.8133993708254924,0.640637322775322,0.883431178966497,0.8071852786311585,0.001894761773181226,0.045714285714285714,0.9999409210710603,0.7868117908016359,0.8806650204875291,2495335,1963475,0.6924117713383696,0.992725509214355,0.815808701428097,6186,8869,0.659106604150765,0.9998345922699454,0.7944797371303396,18137,27513,0.9787254013920242,0.9999904095137624,0.9892436392788613,208540,213071,0.99884387570872,0.8687190082644628,0.9292481324866291,72600,63142,0.03794803771735056,1.0,0.07312126684261704,19740,520185,0.0009674298613350532,0.045714285714285714,0.001894761773181226,525,24808,0.3288111686706543,0.4372316896915436,2651004,648,0.5800652233609231,1.336176946759224,0.3309978246688843,0.4267115294933319,2651004,648,0.5036961906374063,1.2923999354243279,0.3300955593585968,0.429293155670166,2651002,648,0.43142646996753425,1.3408539528027177,0.3350217938423157,0.4258308410644531,2651001,648,1.3077388692222056,1.3497795248404145,0.32875168323516846,0.435445100069046,2651000,648,0.6648171421502471,1.2701266258955002,6.589336985722184,0.05595138017088175,6.645288365893066,3.9623328736051917,10.607621239498258,0.01920087542384863
47,0.5195930510487003,0.8113094248515542,0.8139653745636692,0.6239118788229393,0.8139653745636692,0.6410577635989625,0.8855939947554511,0.8054693683591297,0.0018783752054472881,0.045714285714285714,0.9999417197143962,0.7907186810588558,0.8831072574195076,2495335,1973223,0.691554054054054,0.992725509214355,0.8152130625248905,6186,8880,0.6588077160605951,0.9998897281799636,0.7942799579537492,18137,27527,0.9786151716370632,0.9999904095137624,0.989187330273815,208540,213095,0.9988122386925123,0.8687190082644628,0.929234441301273,72600,63144,0.03869336391167563,1.0,0.07450392051405441,19740,510165,0.0009588876902792761,0.045714285714285714,0.0018783752054472881,525,25029,0.327475368976593,0.4366273880004883,2651004,648,0.47246601896206636,1.2963450336828828,0.3347751498222351,0.4275508522987366,2651004,648,1.1482589273267483,1.3985729813575745,0.33103176951408386,0.4281731843948364,2651002,648,0.6115032259867168,1.312946518883109,0.3354169428348541,0.4266165792942047,2651001,648,1.2938082783489915,1.2956248940899968,0.3278239667415619,0.43491020798683167,2651000,648,0.5747282695573143,1.344270990230143,6.647760418243706,0.05953605566173792,6.707296473905444,4.000032240524888,10.707328714430332,0.01040731929242611
48,0.522798427387881,0.8110276161858136,0.8139198610640505,0.6240414235752726,0.8139198610640505,0.6411032821443955,0.8854213541319159,0.8042917501883614,0.001901743264659271,0.045714285714285714,0.9999416962241461,0.7904000865615238,0.882908515962015,2495335,1972428,0.6924117713383696,0.992725509214355,0.815808701428097,6186,8869,0.6588077160605951,0.9998897281799636,0.7942799579537492,18137,27527,0.9786748763386866,0.9999904095137624,0.9892178301891268,208540,213082,0.9988755147291732,0.8687190082644628,0.9292618240754383,72600,63140,0.03860732013565368,1.0,0.07434440213768402,19740,511302,0.0009710702002832288,0.045714285714285714,0.001901743264659271,525,24715,0.3258853852748871,0.43409818410873413,2651004,648,0.4509710753569834,1.2588040474802256,0.331895649433136,0.4295104742050171,2651004,648,0.47293250791416114,1.2957875737920403,0.3305714428424835,0.43085935711860657,2651002,648,0.5875147969916964,1.3566549690440297,0.3329836130142212,0.43165165185928345,2651001,648,0.49022791128188437,1.3013913175091147,0.32929036021232605,0.43352094292640686,2651000,648,0.5769160409136395,1.3235616283491254,6.536199536174536,0.03245723154395819,6.568656767718494,3.947315266355872,10.515972034074366,0.01734243519604206
49,0.5254362699354934,0.8108039416347668,0.8138837365127806,0.6259291301442911,0.8138837365127806,0.6423805044668901,0.8853044310843515,0.8039912236643064,0.0017831934021844118,0.045714285714285714,0.999941170444437,0.7901472147026352,0.8827505247773012,2495335,1971798,0.7054566341183228,0.992725509214355,0.8247934994291855,6186,8705,0.6589274035317201,0.9998897281799636,0.7943669375150573,18137,27522,0.9787208079897874,0.9999904095137624,0.9892412929423261,208540,213072,0.9988755147291732,0.8687190082644628,0.9292618240754383,72600,63140,0.03867304817674406,1.0,0.07446625912673788,19740,510433,0.0009093320198537491,0.045714285714285714,0.0017831934021844118,525,26393,0.3272966146469116,0.43758779764175415,2651004,648,0.5971528504716175,1.315660385414958,0.3317326605319977,0.4282867908477783,2651004,648,0.6091554415306495,1.2926800772547722,0.32950615882873535,0.4318944215774536,2651002,648,0.499366018621609,1.2669357089325786,0.3321380317211151,0.43024200201034546,2651001,648,0.41193515518175244,1.2899384694173932,0.32833918929100037,0.4352055788040161,2651000,648,0.5313843600374348,1.2915532970800996,6.4567679380998015,0.044847930781543255,6.501615868881345,3.9918973771855235,10.493513246066868,0.024752757512032986
50,0.5319976605480166,0.811213361771786,0.8139498598990194,0.625852248714198,0.8139498598990194,0.642370996954601,0.8855547678287313,0.806017371286967,0.001893043066729768,0.045714285714285714,0.9999417117091546,0.7906100784063061,0.8830395182762433,2495335,1972952,0.7056998391174443,0.992725509214355,0.8249596990865127,6186,8702,0.658162154315163,0.9998897281799636,0.793810597272986,18137,27554,0.9786748763386866,0.9999904095137624,0.9892178301891268,208540,213082,0.9988755147291732,0.8687190082644628,0.9292618240754383,72600,63140,0.03864511102149169,1.0,0.07441446671517052,19740,510802,0.0009665337682735291,0.045714285714285714,0.001893043066729768,525,24831,0.325971782207489,0.43918415904045105,2651004,648,0.5049304704474589,1.3841819250956178,0.3316534459590912,0.42497748136520386,2651004,648,0.7407581148606317,1.2611879650503397,0.3290257155895233,0.4305594563484192,2651002,648,0.5241076327360333,1.3009460298344493,0.33472558856010437,0.42834386229515076,2651001,648,1.2878404519675224,1.2366699865087867,0.3266800045967102,0.4359128475189209,2651000,648,0.5186836806024069,1.2620166540145874,6.445002560503781,0.02525394782423973,6.470256508328021,4.025893236510456,10.496149744838476,0.024149815551936626
51,0.5271527479691138,0.8101789999018101,0.8137828053180283,0.6239711598108276,0.8137828053180283,0.6409371297216665,0.8848884425950928,0.805061225237887,0.0019019693307445417,0.045714285714285714,0.9999416253729632,0.7894406963393693,0.8823096142782377,2495335,1970034,0.6926460636138055,0.992725509214355,0.8159712994950837,6186,8866,0.6582577132486388,0.9998897281799636,0.7938800971830061,18137,27550,0.9787254013920242,0.9999904095137624,0.9892436392788613,208540,213071,0.9988280569500974,0.8687190082644628,0.9292412868435205,72600,63143,0.03842807001150506,1.0,0.07401200164221158,19740,513687,0.0009711880867594691,0.045714285714285714,0.0019019693307445417,525,24712,0.3273683190345764,0.43710005283355713,2651004,648,0.6159001681302809,1.2967493338510394,0.3309330642223358,0.4284953773021698,2651004,648,0.46246161928757157,1.3218456199392676,0.3304133415222168,0.4327439069747925,2651002,648,0.6526794240959294,1.2693671770393848,0.3308773338794708,0.42547664046287537,2651001,648,0.43646626096686053,1.4075099742040038,0.3262706696987152,0.43040549755096436,2651000,648,0.4606851403676247,1.3099773414433002,6.605449446476996,0.029866524040699005,6.635315970517695,3.978187528438866,10.613503498956561,0.022908397018909454
52,0.5397381946776777,0.80905885476503,0.8110678954090197,0.625418346259228,0.8110678954090197,0.640942734378058,0.8842153277164856,0.8054159352444106,0.001582643674371064,0.045714285714285714,0.9999349261844324,0.7882184155634414,0.8815431034714584,2495335,1966997,0.7020137353043883,0.9749434206272227,0.8162685254111118,6186,8591,0.6590710859136503,0.9998897281799636,0.7944713381376909,18137,27516,0.9786840623240097,0.9999904095137624,0.9892225226507282,208540,213080,0.9988596949684041,0.8687190082644628,0.9292549782306009,72600,63141,0.03855965808092449,1.0,0.07425602907044543,19740,511934,0.00080526103878674,0.045714285714285714,0.001582643674371064,525,29804,0.32637819647789,0.4345029294490814,2651004,648,0.8380231690985174,1.3978712521493435,0.3308548927307129,0.42538976669311523,2651004,648,0.6671368943236594,1.2886232193559408,0.32881057262420654,0.43176165223121643,2651002,648,0.4569034369676232,1.2969918325543404,0.3336821496486664,0.4248991310596466,2651001,648,0.9620638967863362,1.319365312345326,0.3265528976917267,0.4298570156097412,2651000,648,0.5355032229788594,1.3797431290149689,6.6825947454199195,0.012908568605780602,6.6955033140257,4.090042969211936,10.785546283237636,0.016512325033545494
53,0.5233196235323702,0.811443771372706,0.8139870721943051,0.6240473321573345,0.8139870721943051,0.6411636985589039,0.8856781700771112,0.8087249696161204,0.0018967084205950922,0.045714285714285714,0.9999300779023371,0.7908705644733072,0.8831974329597938,2495335,1973625,0.6924117713383696,0.992725509214355,0.815808701428097,6186,8869,0.6587359244460589,0.9998897281799636,0.7942277793592748,18137,27530,0.9786748763386866,0.9999904095137624,0.9892178301891268,208540,213082,0.9989071557540625,0.8687190082644628,0.9292755160677187,72600,63138,0.03870307448283164,1.0,0.0745219214877203,19740,510037,0.0009684448389960455,0.045714285714285714,0.0018967084205950922,525,24782,0.3262788653373718,0.4367424547672272,2651004,648,0.4679800181672104,1.2491954350844026,0.33095380663871765,0.430067241191864,2651004,648,0.4248066674657697,1.2502734139561653,0.3298053741455078,0.4351569712162018,2651002,648,0.5260566804542472,1.2622554637491703,0.3324137330055237,0.43287646770477295,2651001,648,0.4742689596988833,1.283379064872861,0.3276192843914032,0.4343753159046173,2651000,648,0.7222076181502967,1.291908255778253,6.337011633440852,0.03342777956277132,6.3704394130036235,4.011648668907583,10.382088081911206,0.016696535050868988
54,0.5275957305488089,0.8111070188790538,0.8139326849935028,0.6259124281593251,0.8139326849935028,0.6423996933579382,0.8854876861425734,0.8055935032133197,0.001900162305530264,0.045714285714285714,0.9999376476432836,0.7904898540676903,0.8829629397526183,2495335,1972660,0.7057809447189978,0.992725509214355,0.8250151138577282,6186,8701,0.6585445566126806,0.9998897281799636,0.7940886699507389,18137,27538,0.97864731941733,0.9999904095137624,0.9892037530714279,208540,213088,0.9988913349910515,0.8687190082644628,0.9292686700211436,72600,63139,0.03861494793633033,1.0,0.07435854454638086,19740,511201,0.0009702457956015524,0.045714285714285714,0.001900162305530264,525,24736,0.3256855905056,0.4398691952228546,2651004,648,0.47539750647295403,1.2994818901643157,0.33083003759384155,0.4285191595554352,2651004,648,0.43058814128474465,1.2857738323509693,0.3289433419704437,0.4290075898170471,2651002,648,0.5460167942692647,1.2630113819614053,0.33127376437187195,0.42810508608818054,2651001,648,0.4601230899924621,1.3022707281634212,0.3291608989238739,0.4371323883533478,2651000,648,0.6944121094515197,1.3658766504377127,6.516414483077824,0.030903171747922897,6.547317654825747,4.022316009737551,10.569633664563298,0.018806464038789272
55,0.5200143121514229,0.8104175624578395,0.8138213343560705,0.6274041749128024,0.8138213343560705,0.6430725315728072,0.8854505284631887,0.8106747901619368,0.0015831656716910189,0.045714285714285714,0.9999360639117316,0.7897103996056641,0.88247586851298,2495335,1970718,0.7056187521544295,0.992725509214355,0.8249042917590167,6186,8703,0.6588316500762915,0.9998897281799636,0.7942973523421588,18137,27526,0.9890817681654335,0.9999904095137624,0.9945061757832991,208540,210840,0.9988755147291732,0.8687190082644628,0.9292618240754383,72600,63140,0.03867994403752777,1.0,0.07447904286506615,19740,510342,0.0008055313150298718,0.045714285714285714,0.0015831656716910189,525,29794,0.32536450028419495,0.4376145601272583,2651004,648,0.5896579002803765,1.3198488615453243,0.3307914733886719,0.4280676245689392,2651004,648,0.7101421457813659,1.2575588673353195,0.3295074701309204,0.4343761205673218,2651002,648,0.4801132403184229,1.2469857074320316,0.33158421516418457,0.42844080924987793,2651001,648,0.5494754467781007,1.2742965025827289,0.3277437090873718,0.4356963336467743,2651000,648,0.7936976379038936,1.2342273574322462,6.3329172963276505,0.10228621866554022,6.435203514993191,3.979466668330133,10.414670183323324,0.017047195695340633
56,0.5286977975685898,0.8115898156120583,0.8139876226926912,0.6260153552465196,0.8139876226926912,0.6425261896284887,0.8857944705388081,0.8109365994836649,0.0019038553069966682,0.045714285714285714,0.9999300925311468,0.7910360733128017,0.883300632997067,2495335,1974038,0.7058282561213932,0.9925638538635629,0.8249916022841787,6186,8699,0.6589752906976745,0.9998897281799636,0.7944017346737631,18137,27520,0.9787667439524645,0.9999904095137624,0.9892647568085541,208540,213062,0.9989229770182302,0.8687190082644628,0.9292823622151661,72600,63137,0.038711954816441796,1.0,0.07453838311369558,19740,509920,0.0009721715882853323,0.045714285714285714,0.0019038553069966682,525,24687,0.3266373574733734,0.4362301826477051,2651004,648,0.501292077406917,1.2474616067484021,0.3302895128726959,0.4286293089389801,2651004,648,0.4196125882727649,1.268898356705904,0.328715056180954,0.4291241466999054,2651002,648,0.5209765669694768,1.2483220743015409,0.33149126172065735,0.4282631278038025,2651001,648,0.4785105979908395,1.2415823517367244,0.32649731636047363,0.43659523129463196,2651000,648,0.5041230597257622,1.2814679555594921,6.2877323450520635,0.08792399149388075,6.375656336545944,4.012934527359903,10.388590863905847,0.013833739794790745
57,0.5227064861457471,0.7841831252970954,0.8095843424148225,0.6252427901676042,0.8095843424148225,0.6383375830524022,0.8683426771474656,0.8065946650200048,0.0019026478515934676,0.045714285714285714,0.9999393683127203,0.7600514560169276,0.8636469716871435,2495335,1896698,0.7056998391174443,0.992725509214355,0.8249596990865127,6186,8702,0.6587837837837838,0.9998897281799636,0.7942625643271652,18137,27528,0.9787667439524645,0.9999904095137624,0.9892647568085541,208540,213062,0.9989229770182302,0.8687190082644628,0.9292823622151661,72600,63137,0.033615277070600594,1.0,0.0650440793906813,19740,587233,0.0009715419179856697,0.045714285714285714,0.0019026478515934676,525,24703,0.3266373574733734,0.43962588906288147,2651004,648,0.5453899882693605,1.271723784506321,0.32945549488067627,0.4298635423183441,2651004,648,0.43855098778252327,1.2649315809831023,0.32942503690719604,0.4329906105995178,2651002,648,0.48515038895157314,1.2874776804819703,0.33185482025146484,0.4291020631790161,2651001,648,0.4939644509438045,1.3001194391399622,0.328208327293396,0.43328818678855896,2651000,648,0.6895949264572779,1.225979925133288,6.350232410244644,0.012124999426305294,6.362357409670949,4.13887076638639,10.501228176057339,0.020402343943715096
58,0.5198119093553354,0.81027435402896,0.8137982054833082,0.627444649059778,0.8137982054833082,0.6430798832837302,0.8853615073485462,0.8101156089338899,0.0015887726731100226,0.045714285714285714,0.9999370658048066,0.7895484974963282,0.8823751631062643,2495335,1970312,0.7057809447189978,0.992725509214355,0.8250151138577282,6186,8701,0.6589752906976745,0.9998897281799636,0.7944017346737631,18137,27520,0.989063003927074,0.9999904095137624,0.9944966903839918,208540,210844,0.9989071557540625,0.8687190082644628,0.9292755160677187,72600,63138,0.03864064784745753,1.0,0.0744061922235352,19740,510861,0.0008084346683733621,0.045714285714285714,0.0015887726731100226,525,29687,0.32547658681869507,0.4375564754009247,2651004,648,0.45509144043167754,1.2901368690654635,0.33113330602645874,0.43029582500457764,2651004,648,0.6400956532424267,1.2898058984428644,0.3282122015953064,0.43025654554367065,2651002,648,0.4260939496464431,1.281037506647408,0.33325037360191345,0.4297429621219635,2651001,648,0.9994402660962627,1.3016190072521567,0.3303966820240021,0.43862277269363403,2651000,648,0.9106030892748823,1.2903039483353496,6.452903229743242,0.04972682520747185,6.502630054950714,4.0121248094365,10.514754864387214,0.022561250254511833
59,0.5197782657364887,0.8146290954863468,0.8145015178642109,0.6260584775792156,0.8145015178642109,0.6429598754769923,0.887687226252175,0.8109750482106285,0.003029537995455693,0.045714285714285714,0.9999414906468259,0.7944716841626475,0.8854428971996845,2495335,1982589,0.7058620689655173,0.992725509214355,0.8250705360741637,6186,8700,0.6587119973847663,0.9998897281799636,0.7942103880178681,18137,27531,0.9787529627109098,0.9999904095137624,0.9892577175318129,208540,213065,0.9989229770182302,0.8687190082644628,0.9292823622151661,72600,63137,0.03865116442996386,1.0,0.07442568930479469,19740,510722,0.0015666818982962335,0.045714285714285714,0.003029537995455693,525,15319,0.3259846568107605,0.43756893277168274,2651004,648,0.6315771687765231,1.2762680696323514,0.3309726119041443,0.4317469894886017,2651004,648,0.39520428970167965,1.2209109095856547,0.3284772038459778,0.4301011264324188,2651002,648,0.5773996841898672,1.2369782663881779,0.3302657902240753,0.4259055256843567,2651001,648,0.4266982829317419,1.26870087813586,0.3282802700996399,0.4341210722923279,2651000,648,0.7138850583347397,1.2620108537375927,6.264868977479637,0.0889800013974309,6.353848978877068,3.959503484889865,10.313352463766932,0.014184227213263512
60,0.524734712240276,0.8111084367842902,0.813940733301132,0.6259397558381382,0.813940733301132,0.6424233608287887,0.8854858755969837,0.8082480813979769,0.0018982836352131613,0.045714285714285714,0.9999335925757513,0.7904910563110765,0.8829621088243839,2495335,1972671,0.7058620689655173,0.992725509214355,0.8250705360741637,6186,8700,0.6587004685286747,0.9999448640899818,0.7942194000437924,18137,27533,0.9785876180778129,0.9999904095137624,0.989173254024158,208540,213101,0.9989071557540625,0.8687190082644628,0.9292755160677187,72600,63138,0.03861812078042253,1.0,0.07436442713209104,19740,511159,0.0009692661847259804,0.045714285714285714,0.0018982836352131613,525,24761,0.32481467723846436,0.43406760692596436,2651004,648,0.4907674990752065,1.282511024735868,0.3305353820323944,0.4291483461856842,2651004,648,0.5540546260121345,1.2956435829401016,0.32910770177841187,0.4357624053955078,2651002,648,0.4451182632226152,1.3508722940459847,0.3305884003639221,0.4310300052165985,2651001,648,1.0356160230885485,1.4344181986525655,0.3282212018966675,0.43426141142845154,2651000,648,0.7968752328671321,1.275198582559824,6.638643682934344,0.060541946440935135,6.699185629375279,3.985466632992029,10.684652262367308,0.01475943811237812
61,0.5140840514688175,0.8121832089535044,0.8141064950373302,0.6274686715070433,0.8141064950373302,0.6433188775009387,0.886553223267453,0.8109388065465961,0.0019054424199118733,0.045714285714285714,0.9999326822917984,0.7917065243744827,0.8837194738317095,2495335,1975706,0.7058620689655173,0.992725509214355,0.8250705360741637,6186,8700,0.6587837837837838,0.9998897281799636,0.7942625643271652,18137,27528,0.9891380651526362,0.9999904095137624,0.9945346330669007,208540,210828,0.9989229770182302,0.8687190082644628,0.9292823622151661,72600,63137,0.03866812406708743,1.0,0.07445713057155466,19740,510498,0.0009729992702505473,0.045714285714285714,0.0019054424199118733,525,24666,0.3269822299480438,0.43681788444519043,2651004,648,0.5867631356381524,1.3649548217654228,0.3320204019546509,0.4299156069755554,2651004,648,0.622604687891682,1.2878375798463821,0.3287925720214844,0.4297012984752655,2651002,648,0.7615265194100894,1.3418454611673951,0.3309948444366455,0.4308696985244751,2651001,648,0.4629751093262448,1.3491757353767753,0.325819730758667,0.4330233931541443,2651000,648,0.6288516400562589,1.3541727615520358,6.697986359708011,0.06643965095281601,6.764426010660827,3.983859864063561,10.748285874724388,0.030043885111808777
62,0.5273514719108847,0.810758568667201,0.8138533721812369,0.6259947284501864,0.8138533721812369,0.6423984816622857,0.8852781238923255,0.8120405485538631,0.0019011406844106464,0.045714285714285714,0.9999416738095117,0.7900963197326211,0.882718958228164,2495335,1971670,0.7058282561213932,0.9925638538635629,0.8249916022841787,6186,8699,0.6589992368908754,0.9998897281799636,0.7944191343963554,18137,27519,0.9787805255821157,0.9999904095137624,0.9892717961854748,208540,213059,0.9989071557540625,0.8687190082644628,0.9292755160677187,72600,63138,0.03853549501713014,1.0,0.07421122378969727,19740,512255,0.0009707559762164785,0.045714285714285714,0.0019011406844106464,525,24723,0.3258327841758728,0.43739956617355347,2651004,648,0.6391935826533852,1.3719715857878327,0.3312293589115143,0.42897936701774597,2651004,648,0.6351948643954874,1.349089945666492,0.3285374939441681,0.42945611476898193,2651002,648,0.5711050867276064,1.4328188113868237,0.33112603425979614,0.42955055832862854,2651001,648,0.5240502188042845,1.3811866967007518,0.3267434537410736,0.43426820635795593,2651000,648,0.6649453717967314,1.3888487601652741,6.923915799707174,0.05341451242566109,6.977330312132835,4.054495790041983,11.031826102174819,0.02338180784136057
63,0.5146752590419923,0.8012515140569353,0.8220699728149269,0.6275114251844691,0.8220699728149269,0.6289711708215887,0.8807404365779948,0.8124910830177008,0.004648830955744952,0.2914285714285714,0.9999304837724945,0.7954883813195422,0.8860696491873755,2495335,1985148,0.7058620689655173,0.992725509214355,0.8250705360741637,6186,8700,0.6587837837837838,0.9998897281799636,0.7942625643271652,18137,27528,0.9873333724822362,0.8062386112975928,0.8876435340390149,208540,170290,0.9989229770182302,0.8687190082644628,0.9292823622151661,72600,63137,0.03940418634547131,1.0,0.07582071895249105,19740,500962,0.0023431039235504918,0.2914285714285714,0.004648830955744952,525,65298,0.32564571499824524,0.4399484097957611,2651004,648,0.6320931221756844,1.3718218868598342,0.32954534888267517,0.42903557419776917,2651004,648,0.615425690922764,1.3943118751049042,0.32714423537254333,0.43447345495224,2651002,648,0.4645966137856126,1.3800958981737494,0.32964831590652466,0.42783650755882263,2651001,648,0.471883386506229,1.282391625456512,0.32716310024261475,0.4352896809577942,2651000,648,0.9906927407882182,1.3682377599179745,6.796859045512974,0.09575818385928869,6.892617229372263,3.9872364215552807,10.879853650927544,0.02325250767171383
64,0.516257315822169,0.811203081958822,0.8139481996581528,0.6260461490386343,0.8139481996581528,0.6425060144910131,0.8855546590318393,0.8110052845919599,0.0019007642656318061,0.045714285714285714,0.9999417108523749,0.79059845672024,0.8830322689513452,2495335,1972923,0.7058620689655173,0.992725509214355,0.8250705360741637,6186,8700,0.6593106958481786,0.9998897281799636,0.7946454001708915,18137,27506,0.9786840623240097,0.9999904095137624,0.9892225226507282,208540,213080,0.9989229770182302,0.8687190082644628,0.9292823622151661,72600,63137,0.038630968572709,1.0,0.07438824710916495,19740,510989,0.0009705596894208993,0.045714285714285714,0.0019007642656318061,525,24728,0.3244909644126892,0.4375225305557251,2651004,648,0.4238886737752037,1.3364899875596166,0.3292004466056824,0.433009535074234,2651004,648,0.5765234863880838,1.28381182346493,0.3296152353286743,0.4313991367816925,2651002,648,0.6710381483001082,1.3736634841188788,0.3304702639579773,0.428477019071579,2651001,648,0.45207296087411497,1.3988428311422467,0.3256678283214569,0.43723952770233154,2651000,648,0.6183035911136275,1.3498472450301051,6.742655371315777,0.029987352900207043,6.772642724215984,3.965925649739802,10.738568373955786,0.01569572649896145
65,0.517972382224332,0.8123395330058208,0.8141473807662176,0.6274722390690528,0.8141473807662176,0.6433482915871149,0.8866496600100578,0.8124542832491197,0.0019013666072489601,0.045714285714285714,0.9999301672443893,0.7918824526566574,0.8838280794858978,2495335,1976150,0.7058620689655173,0.992725509214355,0.8250705360741637,6186,8700,0.6587846427663361,1.0,0.7942979767014102,18137,27531,0.9891286818763934,0.9999904095137624,0.994529890073205,208540,210830,0.9989229770182302,0.8687190082644628,0.9292823622151661,72600,63137,0.038706261826096336,1.0,0.0745278299527122,19740,509995,0.000970873786407767,0.045714285714285714,0.0019013666072489601,525,24720,0.32665950059890747,0.4394387900829315,2651004,648,0.5760858057279158,1.3021902982145548,0.330308735370636,0.43073415756225586,2651004,648,0.7334272933583682,1.271257004700601,0.32800158858299255,0.43270808458328247,2651002,648,0.47209200730674733,1.2689133370295167,0.33130478858947754,0.4283774197101593,2651001,648,0.6043693480451109,1.3200073512271047,0.32541200518608093,0.43332552909851074,2651000,648,0.5581876993717416,1.3275972148403525,6.48996520601213,0.09638654254376888,6.586351748555899,4.023205849342048,10.609557597897947,0.027151767164468765
66,0.5242027353492387,0.790431479197735,0.8071458461436777,0.6261471697748003,0.8071458461436777,0.6383015457936627,0.8727707331360177,0.8086069655791075,0.0018957345971563982,0.045714285714285714,0.9999399312813859,0.7671751488277125,0.8682276261851704,2495335,1914474,0.7007017543859649,0.9684772065955383,0.8131107491856677,6186,8550,0.6588201104330137,0.9999448640899818,0.7943063615460418,18137,27528,0.9891521404008063,0.9999904095137624,0.9945417476422687,208540,210825,0.9989229770182302,0.8687190082644628,0.9292823622151661,72600,63137,0.03452533782011145,1.0,0.06674623918416756,19740,571754,0.0009679370840895341,0.045714285714285714,0.0018957345971563982,525,24795,0.3246733546257019,0.4382060468196869,2651004,648,0.6569466451786233,1.3249671375378966,0.32992562651634216,0.4282083213329315,2651004,648,0.5451433792568537,1.2832370651885867,0.32747945189476013,0.43136218190193176,2651002,648,0.45369755394046357,1.2648343509063125,0.33075976371765137,0.42714694142341614,2651001,648,0.6349637940448003,1.3264799546450377,0.3258972465991974,0.43269407749176025,2651000,648,0.5989150778900834,1.2996248798444867,6.49914338812232,0.026211516931653023,6.525354905053973,4.11074657086283,10.636101475916803,0.025574627332389355
67,0.5189778488030952,0.8110513660985239,0.813939335410727,0.6275359309109565,0.813939335410727,0.6432200264620871,0.8858504107473972,0.8110154381689557,0.0019004632379142415,0.045714285714285714,0.9999411912026095,0.7904261351682239,0.882924570300251,2495335,1972494,0.7058620689655173,0.992725509214355,0.8250705360741637,6186,8700,0.6595032907894258,1.0,0.7948201060519743,18137,27501,0.9891380651526362,0.9999904095137624,0.9945346330669007,208540,210828,0.9989071557540625,0.8687190082644628,0.9292755160677187,72600,63138,0.03842934179531606,1.0,0.07401436043568738,19740,513670,0.0009704027171276079,0.045714285714285714,0.0019004632379142415,525,24732,0.32576069235801697,0.434748113155365,2651004,648,0.6123948122162721,1.3405811432749033,0.33021578192710876,0.43447840213775635,2651004,648,0.6138263118869934,1.2968837916851044,0.3292413651943207,0.4344285726547241,2651002,648,0.5624714288848103,1.354447390884161,0.33101120591163635,0.4304087460041046,2651001,648,0.5699879848991306,1.2395595321431756,0.3260710835456848,0.43352168798446655,2651000,648,0.6899952476021856,1.2829209445044398,6.514392802491784,0.039501373656094074,6.553894176147878,3.9805617667734623,10.53445594292134,0.012914122082293034
68,0.5201357955319346,0.8066611770102263,0.8132224787524297,0.626343221854291,0.8132224787524297,0.6420722196211288,0.8827869880936366,0.8109581702991031,0.0015947373666899232,0.045714285714285714,0.9999413297933941,0.7854632744701613,0.8798198338930979,2495335,1960109,0.7058620689655173,0.992725509214355,0.8250705360741637,6186,8700,0.660090991810737,0.9999448640899818,0.795229325616066,18137,27475,0.980755302638386,0.9999904095137624,0.9902794596006363,208540,212630,0.9989387987835783,0.8687190082644628,0.929289208463488,72600,63136,0.038002537352797926,1.0,0.07322243633375929,19740,519439,0.0008115236356258876,0.045714285714285714,0.0015947373666899232,525,29574,0.325916051864624,0.43612873554229736,2651004,648,0.5974611306068884,1.2864393312484026,0.33019450306892395,0.4259035289287567,2651004,648,0.5318963962534562,1.2767881713807583,0.32744160294532776,0.4318389594554901,2651002,648,0.718316382354683,1.389414888806641,0.33033400774002075,0.4314374029636383,2651001,648,0.47815210866570557,1.3282648231834173,0.32636016607284546,0.4331957697868347,2651000,648,0.583191765296037,1.290467668324709,6.571374882943928,0.03044036217033863,6.601815245114267,4.058106677606702,10.659921922720969,0.011849381029605865
69,0.5157646077610885,0.8115635843651843,0.8140142418967429,0.6274638208644782,0.8140142418967429,0.643231763933632,0.8861701244970612,0.8114434801445848,0.0019025724364818265,0.045714285714285714,0.9999417408542006,0.7910056164803524,0.8832861892110441,2495335,1973939,0.7058620689655173,0.992725509214355,0.8250705360741637,6186,8700,0.6588201104330137,0.9999448640899818,0.7943063615460418,18137,27528,0.989175600037947,0.9999904095137624,0.9945536054940862,208540,210820,0.9989387987835783,0.8687190082644628,0.929289208463488,72600,63136,0.038536924386415636,1.0,0.07421387431011925,19740,512236,0.0009715025906735751,0.045714285714285714,0.0019025724364818265,525,24704,0.32399559020996094,0.43895143270492554,2651004,648,0.5933952214444967,1.3159349048510194,0.3293718993663788,0.42955347895622253,2651004,648,0.5473323381473875,1.2511728527024388,0.3281257152557373,0.43215999007225037,2651002,648,0.6072852797184988,1.3646688628941774,0.3307541310787201,0.42829105257987976,2651001,648,0.5879331006859405,1.3270473862066865,0.32417044043540955,0.43215200304985046,2651000,648,0.500586303206804,1.3081837631762028,6.567007769830525,0.037022827193140984,6.604030597023666,4.02522230707109,10.629252904094756,0.01887006126344204
70,0.5115040351780402,0.8001079734837542,0.8196194999877333,0.6274303513649545,0.8196194999877333,0.6310057994613182,0.8799780950552597,0.8129458822968976,0.004376735964986112,0.24761904761904763,0.9999362218427028,0.7916660488471488,0.8836956402612162,2495335,1975598,0.7058620689655173,0.992725509214355,0.8250705360741637,6186,8700,0.6587846427663361,1.0,0.7942979767014102,18137,27531,0.9876197970031644,0.8366068859691186,0.9058627752840783,208540,176653,0.9989387987835783,0.8687190082644628,0.929289208463488,72600,63136,0.038663049758600763,1.0,0.07444772347988422,19740,510565,0.0022078804347826085,0.24761904761904763,0.004376735964986112,525,58880,0.3273676037788391,0.4418756067752838,2651004,648,0.8132996129309337,1.413386458531022,0.3280126750469208,0.4262011647224426,2651004,648,0.4276849212428505,1.2749049020931125,0.32757654786109924,0.43125882744789124,2651002,648,0.4839608982921714,1.3013313384726644,0.32969191670417786,0.42891156673431396,2651001,648,0.41314080546230003,1.2279683845117688,0.32724130153656006,0.4356069266796112,2651000,648,0.6165532802507772,1.3819408863782883,6.599531969986856,0.038003046065568924,6.637535016052425,4.093776306137443,10.731311322189867,0.015879233367741108
71,0.5151426330798731,0.8090312056129196,0.8129766665261933,0.627545851681699,0.8129766665261933,0.6407724203662243,0.8848989456711313,0.8132109000883163,0.002382115807476179,0.07428571428571429,0.9999417513003389,0.7911474811999191,0.8833746343096115,2495335,1974293,0.7058620689655173,0.992725509214355,0.8250705360741637,6186,8700,0.6594553321455842,1.0,0.7947852760736196,18137,27503,0.9888679551569948,0.9639589527189029,0.9762545923409587,208540,203287,0.9989229770182302,0.8687190082644628,0.9292823622151661,72600,63137,0.038560411311053984,1.0,0.07425742574257425,19740,511924,0.0012104658741736243,0.07428571428571429,0.002382115807476179,525,32219,0.32378900051116943,0.4377579092979431,2651004,648,0.4444495980594206,1.3471099575981498,0.32874932885169983,0.4305572509765625,2651004,648,0.5574958714395912,1.3126700269058347,0.326941579580307,0.4313640594482422,2651002,648,0.5155007165621477,1.3520544208586216,0.32940560579299927,0.42650189995765686,2651001,648,0.4012494366241848,1.3173221042379737,0.3271363377571106,0.4341859519481659,2651000,648,0.9639514604959576,1.2787302173674107,6.60788672696799,0.020858850330114365,6.628745577298105,4.040392793715,10.669138371013105,0.018118365667760372
72,0.5093048443412146,0.812300540611819,0.8140641548764025,0.6276020615286455,0.8140641548764025,0.6434176275558311,0.8866226051097916,0.8153368918545244,0.00192508221705302,0.045714285714285714,0.9999342117248876,0.7918399733903464,0.8838032004054237,2495335,1976036,0.7057606071058986,0.9922405431619786,0.8248337028824834,6186,8697,0.6600669675353036,0.9999448640899818,0.7952118913467652,18137,27476,0.9888566442851182,0.9999904095137624,0.9943923629323745,208540,210888,0.9989387987835783,0.8687190082644628,0.929289208463488,72600,63136,0.0386739573802802,1.0,0.07446794464323102,19740,510421,0.0009832438854520873,0.045714285714285714,0.00192508221705302,525,24409,0.32577115297317505,0.4412652552127838,2651004,648,0.5072027592018389,1.3056129850447178,0.3282068073749542,0.42855045199394226,2651004,648,0.4073531125136424,1.2746368125081062,0.32652899622917175,0.4292392134666443,2651002,648,0.4669658558474029,1.236533516086638,0.330145925283432,0.43020427227020264,2651001,648,0.4833543811575655,1.235781017690897,0.32468128204345703,0.4348204433917999,2651000,648,0.4871730518549027,1.2183033833280206,6.2708677146583796,0.09142555948346853,6.362293274141848,3.924519137479365,10.286812411621213,0.013950995169579983
73,0.513746058229904,0.8116529123950794,0.8140364881262656,0.6275449058663992,0.8140364881262656,0.6433044700662024,0.8862282856544239,0.8124164261604907,0.0019020446980504042,0.045714285714285714,0.9999412417542173,0.7911062041769943,0.8833487040907694,2495335,1974191,0.7058620689655173,0.992725509214355,0.8250705360741637,6186,8700,0.6593594357799832,1.0,0.7947156252738585,18137,27507,0.9891709080214969,0.9999904095137624,0.9945512339011019,208540,210821,0.9989546210501307,0.8687190082644628,0.9292960548126865,72600,63135,0.03855483810483635,1.0,0.07424709161278675,19740,511998,0.0009712273886123588,0.045714285714285714,0.0019020446980504042,525,24711,0.3251926898956299,0.4312320947647095,2651004,648,0.6348853633810652,1.3156357165426016,0.32834768295288086,0.42724189162254333,2651004,648,0.5509633127331335,1.2916795974597335,0.32711559534072876,0.43397778272628784,2651002,648,0.41310420225618955,1.2901824284344912,0.3295442461967468,0.4283759295940399,2651001,648,0.4454936604863053,1.2947156056761742,0.3264200985431671,0.43262919783592224,2651000,648,0.6555669462493909,1.3088307604193687,6.501044108532369,0.02418497856706381,6.525229087099433,4.035595398396254,10.560824485495687,0.03647427633404732
74,0.5117966569449865,0.8155372637902805,0.8146638301751002,0.6276980348926158,0.8146638301751002,0.6439274709264946,0.8886436810727676,0.8135503259099337,0.0030213382010448797,0.045714285714285714,0.9999370327198137,0.7954975985188362,0.8860779382983078,2495335,1985158,0.7058620689655173,0.992725509214355,0.8250705360741637,6186,8700,0.6598151920838184,1.0,0.7950465753424657,18137,27488,0.9891099158579736,0.9999904095137624,0.9945204042215302,208540,210834,0.9989229770182302,0.8687190082644628,0.9292823622151661,72600,63137,0.03867676102699144,1.0,0.07447314213278403,19740,510384,0.001562296575966671,0.045714285714285714,0.0030213382010448797,525,15362,0.3234500586986542,0.43727433681488037,2651004,648,0.6594268939283469,1.2887241803109646,0.32918068766593933,0.4291456937789917,2651004,648,0.5737555345680343,1.2959835436195135,0.3270411789417267,0.4346134066581726,2651002,648,0.5280591196559983,1.2673520985990763,0.330234169960022,0.4304026961326599,2651001,648,0.49546633268327983,1.3060272634029388,0.3256724178791046,0.43456318974494934,2651000,648,0.5737418327829367,1.3009063377976418,6.458993423730135,0.03978400398045778,6.498777427710593,3.9409060729667544,10.439683500677347,0.030200034379959106
75,0.5063278409295168,0.8091095448772324,0.8194334708462628,0.6278028098457883,0.8194334708462628,0.6349615693941715,0.885478789900388,0.8132729470761607,0.005018997138702566,0.2038095238095238,0.999936799654906,0.7989043555274141,0.8881872223069974,2495335,1993660,0.7058620689655173,0.992725509214355,0.8250705360741637,6186,8700,0.6599592460519613,1.0,0.7951511431640326,18137,27482,0.988055581217157,0.8718758991080848,0.9263371875310463,208540,184019,0.9989387987835783,0.8687190082644628,0.929289208463488,72600,63136,0.039326391116299736,1.0,0.07567669108076973,19740,501953,0.0025407831310996602,0.2038095238095238,0.005018997138702566,525,42113,0.3250541687011719,0.43958213925361633,2651004,648,0.599682200463943,1.274812181480229,0.32789134979248047,0.4298114776611328,2651004,648,0.4159943517542524,1.2773442901670933,0.32755330204963684,0.437528520822525,2651002,648,0.4630655061331608,1.3244708273559809,0.32939741015434265,0.4317297339439392,2651001,648,0.4106961885726041,1.2789670694619417,0.3258209526538849,0.43578195571899414,2651000,648,0.6226166449390141,1.3173068147152662,6.472901183180511,0.027663624845445156,6.500564808025956,3.979898658581078,10.480463466607034,0.02335886750370264
76,0.5059576982594114,0.8090606271465756,0.8134282147555958,0.626399231861447,0.8134282147555958,0.6401950286922798,0.8846371442442437,0.8139490847834976,0.0024906600249066002,0.07809523809523809,0.9999412518422105,0.7912420576796302,0.8834333922836596,2495335,1974530,0.7058620689655173,0.992725509214355,0.8250705360741637,6186,8700,0.6591437708969327,1.0,0.794558955599851,18137,27516,0.9809541483329997,0.9632156900354848,0.9720039970095014,208540,204769,0.9989229770182302,0.8687190082644628,0.9292823622151661,72600,63137,0.03870489575755912,1.0,0.07452529763871087,19740,510013,0.001265510216680042,0.07809523809523809,0.0024906600249066002,525,32398,0.32334551215171814,0.4354991614818573,2651004,648,0.530992187565155,1.318081323057413,0.3283594250679016,0.4297107756137848,2651004,648,0.4196104079728577,1.2990761697292328,0.32791176438331604,0.4319230914115906,2651002,648,0.5764666803506584,1.3419825015589595,0.3303500711917877,0.42731142044067383,2651001,648,0.7356334446962016,1.2761822817847133,0.32529693841934204,0.4359939694404602,2651000,648,0.847182502316164,1.3128280080854893,6.548150284215808,0.030582942999899387,6.578733227215707,3.997731181792915,10.576464409008622,0.01470054779201746
77,0.5008788414980827,0.8006811616755811,0.8230806339421236,0.6258462496544357,0.8230806339421236,0.628570934477022,0.8799988786596324,0.8134678608124439,0.005580256691807823,0.29523809523809524,0.9999414923879579,0.7944953282825753,0.8854575821301689,2495335,1982648,0.7058620689655173,0.992725509214355,0.8250705360741637,6186,8700,0.6600072780203785,1.0,0.7951860052173532,18137,27480,0.9747035481936049,0.8103864965953774,0.8849823525099234,208540,173384,0.9989387987835783,0.8687190082644628,0.929289208463488,72600,63136,0.038653813392547684,1.0,0.0744306002522496,19740,510687,0.0028167478374645635,0.29523809523809524,0.005580256691807823,525,55028,0.3242097496986389,0.4386877417564392,2651004,648,0.46803713463153945,1.3536730920895934,0.3273698091506958,0.4293690323829651,2651004,648,0.4081809515412135,1.2817586166784167,0.32681795954704285,0.43203476071357727,2651002,648,0.4320159555708422,1.3058688137680292,0.3317485451698303,0.4287191927433014,2651001,648,1.206400851714516,1.2596509456634521,0.3262454569339752,0.43526139855384827,2651000,648,0.6669696134514441,1.3410634230822325,6.542014891281724,0.02497913781553507,6.566994029097259,4.020247681066394,10.587241710163653,0.02451653778553009
78,0.5057297603720315,0.7810396293879293,0.8183560377018163,0.6256665471447352,0.8183560377018163,0.6249980299486696,0.8676981742100724,0.8126326128998824,0.0046002419607784565,0.29333333333333333,0.9999403918381394,0.7731030102170651,0.8720112841813307,2495335,1929266,0.7058620689655173,0.992725509214355,0.8250705360741637,6186,8700,0.6602111394248271,0.9999448640899818,0.7953165084307233,18137,27470,0.9768041840220901,0.8006665387935168,0.8800082218638333,208540,170936,0.9989704438179111,0.8687190082644628,0.9293029012627639,72600,63134,0.035559302432407604,1.0,0.0686765158670932,19740,555129,0.002318299512253869,0.29333333333333333,0.0046002419607784565,525,66428,0.32343554496765137,0.43705064058303833,2651004,648,0.4029985427617674,1.303789776749909,0.32900354266166687,0.4301619231700897,2651004,648,0.5219570373690932,1.2623867029324174,0.32658642530441284,0.4353070855140686,2651002,648,0.4566904701793402,1.279767737723887,0.32956212759017944,0.4285547137260437,2651001,648,0.6346359384545295,1.2471713665872812,0.32596883177757263,0.4339286983013153,2651000,648,0.6068680836789663,1.3156959246844053,6.4088115086779,0.016553974710404873,6.425365483388305,4.178438670001924,10.603804153390229,0.021213212050497532
79,0.5135343825307004,0.7999481046683466,0.8121461035257439,0.6261221953930045,0.8121461035257439,0.6409860439515648,0.8785274129377735,0.8138685031268978,0.003029537995455693,0.045714285714285714,0.9999407573782821,0.7778735119733422,0.8750378958211475,2495335,1941170,0.7058620689655173,0.992725509214355,0.8250705360741637,6186,8700,0.6600312966265148,1.0,0.7952034373903893,18137,27479,0.9807322406941472,0.9999904095137624,0.9902677034486852,208540,212635,0.9990020908572514,0.8687190082644628,0.9293165944655645,72600,63132,0.03572023133102195,1.0,0.06897660246554664,19740,552628,0.0015666818982962335,0.045714285714285714,0.003029537995455693,525,15319,0.32326239347457886,0.4354320168495178,2651004,648,0.482058711029029,1.2405817033722997,0.32800477743148804,0.42955082654953003,2651004,648,0.596543476217364,1.2974612014368176,0.3266336917877197,0.43003323674201965,2651002,648,0.4694659792599091,1.2224642392247915,0.3292672634124756,0.4305433928966522,2651001,648,0.4724724145605093,1.2948768641799688,0.32434558868408203,0.4331591725349426,2651000,648,0.5393661996722595,1.2800371469929814,6.335421155206859,0.0454727690666914,6.3808939242735505,4.03391436021775,10.4148082844913,0.016698235645890236
80,0.5141733300619928,0.8144238537033736,0.814484008914342,0.6265749095154254,0.814484008914342,0.6432131748591497,0.8876700913566643,0.8134127160856985,0.0030245746691871457,0.045714285714285714,0.9999419780051231,0.7942388496935281,0.8852984650267949,2495335,1982007,0.7058620689655173,0.992725509214355,0.8250705360741637,6186,8700,0.6595032907894258,1.0,0.7948201060519743,18137,27501,0.9815908759278698,0.9999904095137624,0.9907052203264218,208540,212449,0.9990020908572514,0.8687190082644628,0.9293165944655645,72600,63132,0.03856003469231085,1.0,0.07425672739994245,19740,511929,0.0015640273704789834,0.045714285714285714,0.0030245746691871457,525,15345,0.3228120505809784,0.43627169728279114,2651004,648,0.439157534899617,1.2164914440363646,0.3277769386768341,0.43109893798828125,2651004,648,0.4251609524399474,1.2171020340174437,0.3274688422679901,0.4319430887699127,2651002,648,0.7721913156668162,1.2351629976183176,0.3286435306072235,0.4283792972564697,2651001,648,0.5390636128078512,1.2887064898386598,0.323758989572525,0.4335296154022217,2651000,648,0.5026205953272889,1.3478572275489569,6.3053201930597425,0.025157317519187927,6.33047751057893,3.997859830968082,10.328337341547012,0.010876528918743134
81,0.5048063455117389,0.8112605071208974,0.8139652934160206,0.6265728263276024,0.8139652934160206,0.642795814754107,0.8857031416366553,0.8136834058523265,0.0019020446980504042,0.045714285714285714,0.9999417156086614,0.7906629771152971,0.8830725140144646,2495335,1973084,0.7058620689655173,0.992725509214355,0.8250705360741637,6186,8700,0.6600189242302933,0.9999448640899818,0.7951770251013921,18137,27478,0.9815585344730203,0.9999904095137624,0.9906887476365571,208540,212456,0.9990653909517171,0.8687190082644628,0.9293439820818107,72600,63128,0.03859192267539384,1.0,0.07431585367231,19740,511506,0.0009712273886123588,0.045714285714285714,0.0019020446980504042,525,24711,0.3241964280605316,0.43856629729270935,2651004,648,0.49285103218858745,1.3097801506519318,0.32884547114372253,0.4296462833881378,2651004,648,0.5436999466997448,1.1960041420534253,0.3278994858264923,0.43601852655410767,2651002,648,0.5562339139722692,1.2850214634090662,0.3293379545211792,0.4277022182941437,2651001,648,0.5679127207642153,1.277627319097519,0.32544082403182983,0.431292325258255,2651000,648,0.6781585732086743,1.2640060316771269,6.332439106889069,0.036834186874330044,6.369273293763399,3.9796134075149894,10.348886701278389,0.015747166238725185
82,0.4994156067664586,0.76517858693691,0.8285443856110571,0.6218975805776533,0.8285443856110571,0.5691702031784966,0.849969741677241,0.8147489239764057,0.00526674179105377,0.30997410568715833,0.999936574350466,0.7960662596404892,0.886430414869722,2495335,1986578,0.7058620689655173,0.992725509214355,0.8250705360741637,6186,8700,0.6603072890118692,0.9999448640899818,0.7953862684472512,18137,27466,0.9461512565682587,0.30997410568715833,0.46696356655505833,208540,68321,0.9990179151288591,0.8687190082644628,0.929323441218292,72600,63131,0.03936623159070287,1.0,0.07575045329393594,19740,501445,0.0026417284278995538,0.8323809523809523,0.00526674179105377,525,165422,0.32321837544441223,0.4368578791618347,2651004,648,0.48314886827392456,1.2358914762735367,0.32738029956817627,0.4297364354133606,2651004,648,0.46123117475720127,1.24475724902004,0.32747775316238403,0.43063753843307495,2651002,648,0.6325911268353642,1.2850592322647572,0.32727763056755066,0.4269394874572754,2651001,648,0.45754887436903224,1.2580940471962094,0.32542333006858826,0.43373632431030273,2651000,648,0.6789943175728895,1.268349907360971,6.292151912115514,0.0925115067511797,6.384663418866694,3.952433181926608,10.337096600793302,0.015833296813070774
83,0.50349967479471,0.8149101951994692,0.8145625554822377,0.6266460514100648,0.8145625554822377,0.6433457999182741,0.8879855278011002,0.8138021206291256,0.0019031004678455316,0.045714285714285714,0.9999420181417672,0.794788675668798,0.885639940393604,2495335,1983379,0.7058620689655173,0.992725509214355,0.8250705360741637,6186,8700,0.6597191910373927,1.0,0.7949768787393982,18137,27492,0.9816417025202647,0.9999904095137624,0.9907311070887315,208540,212438,0.9990020908572514,0.8687190082644628,0.9293165944655645,72600,63132,0.03938351039952117,1.0,0.07578244219861219,19740,501225,0.0009717779487387132,0.045714285714285714,0.0019031004678455316,525,24697,0.3240499496459961,0.4360317885875702,2651004,648,0.6328765316492264,1.2269830852746964,0.3276597857475281,0.4299955666065216,2651004,648,0.5253279317142915,1.2323511596769094,0.32660558819770813,0.4333203136920929,2651002,648,0.47737060163963524,1.3451597290113568,0.3291914463043213,0.43063580989837646,2651001,648,0.3945050157072638,1.309734471142292,0.32531505823135376,0.43518972396850586,2651000,648,0.665461468392531,1.2764274394139647,6.390655884519219,0.012802657671272755,6.403458542190492,4.025636997073889,10.429095539264381,0.023232050240039825
84,0.5016848691983689,0.8007779337079676,0.8224774534979405,0.6263383729543364,0.8224774534979405,0.6287281197763751,0.8801642370862718,0.8154778685153111,0.005496676845697862,0.2914285714285714,0.9999415040125221,0.7946532229139575,0.8855556376785608,2495335,1983042,0.7058620689655173,0.992725509214355,0.8250705360741637,6186,8700,0.6600553169808574,1.0,0.795220870327743,18137,27478,0.9780958062330231,0.8098158626642371,0.8860365004289076,208540,172661,0.9990020908572514,0.8687190082644628,0.9293165944655645,72600,63132,0.0386373200497157,1.0,0.07440002261398863,19740,510905,0.0027745035814670414,0.2914285714285714,0.005496676845697862,525,55145,0.3227401077747345,0.437409371137619,2651004,648,0.4938607313723338,1.2332445792853832,0.32796066999435425,0.42806196212768555,2651004,648,0.6659130247435758,1.292328662239015,0.3262767493724823,0.4337201416492462,2651002,648,0.653924302334467,1.2419787496328354,0.32869505882263184,0.4295313358306885,2651001,648,0.4170295418863879,1.275151682086289,0.3246523439884186,0.4367283880710602,2651000,648,0.5374166086775951,1.193596152588725,6.236299825832248,0.07576530613005161,6.312065131962299,3.9607089925557375,10.272774124518037,0.013960868120193481
85,0.502676451946245,0.8155542786531176,0.8146665781599829,0.6278768431613555,0.8146665781599829,0.6440244977646933,0.8886911989277692,0.814269552641481,0.003033367037411527,0.045714285714285714,0.9999420712111046,0.7955168344130147,0.8860918493812452,2495335,1985196,0.7058620689655173,0.992725509214355,0.8250705360741637,6186,8700,0.6600793390835972,1.0,0.7952383040294646,18137,27477,0.9899926891562147,0.9999904095137624,0.9949664349477321,208540,210646,0.99903373990179,0.8687190082644628,0.9293302880719074,72600,63130,0.038659263828912195,1.0,0.07444070481092853,19740,510615,0.0015687299823517876,0.045714285714285714,0.003033367037411527,525,15299,0.3233533501625061,0.43915095925331116,2651004,648,0.4662141375967227,1.265467851422727,0.32831457257270813,0.43291938304901123,2651004,648,0.5332058919146643,1.236195495352149,0.3258299231529236,0.43560245633125305,2651002,648,0.4451688747402059,1.2311507491394877,0.3288424611091614,0.4309462606906891,2651001,648,0.39374578905715873,1.318939725868404,0.32399782538414,0.43340474367141724,2651000,648,0.449986691946744,1.210962605662644,6.262716427445412,0.030199503526091576,6.292915930971503,4.054551004432142,10.347466935403645,0.023313211277127266
86,0.5071906183786689,0.8109060308117897,0.8139158630398544,0.6244935825708356,0.8139158630398544,0.6413510797164893,0.885422273781262,0.8157610534351625,0.0018924459864374705,0.045714285714285714,0.9999416860243712,0.7902618285721156,0.8828222476607293,2495335,1972083,0.6924117713383696,0.992725509214355,0.815808701428097,6186,8869,0.6600072780203785,1.0,0.7951860052173532,18137,27480,0.9805385631732627,0.9999904095137624,0.9901689627911504,208540,212677,0.99903373990179,0.8687190082644628,0.9293302880719074,72600,63130,0.03855581706495308,1.0,0.07424890685974893,19740,511985,0.0009662224727243448,0.045714285714285714,0.0018924459864374705,525,24839,0.32341256737709045,0.43902572989463806,2651004,648,0.5210840573054595,1.3227385226637125,0.32700327038764954,0.427922785282135,2651004,648,0.482596257532461,1.2494707144796848,0.3261925280094147,0.4335239827632904,2651002,648,0.4957078794433794,1.2618513740599155,0.32932591438293457,0.4286961853504181,2651001,648,0.8458964257906142,1.2538826307281852,0.32399940490722656,0.4346208870410919,2651000,648,0.9679488866637814,1.2536599803715944,6.3416032223030925,0.041379235684871674,6.382982457987964,3.9582326356321573,10.341215093620121,0.012205748818814754
87,0.5076646342581038,0.8154497081419309,0.8146496895028916,0.6277379147331464,0.8146496895028916,0.6439383453951882,0.888600311676838,0.8140771854282775,0.00221606648199446,0.045714285714285714,0.9999415588275895,0.7953986138133757,0.8860183066208328,2495335,1984902,0.7058620689655173,0.992725509214355,0.8250705360741637,6186,8700,0.6599352326892989,1.0,0.7951337132836476,18137,27483,0.989175600037947,0.9999904095137624,0.9945536054940862,208540,210820,0.9990179151288591,0.8687190082644628,0.929323441218292,72600,63131,0.03909747035009467,1.0,0.07525274859329968,19740,504892,0.00113555713271824,0.045714285714285714,0.00221606648199446,525,21135,0.3230606019496918,0.43727168440818787,2651004,648,0.5183429475423876,1.2651641108095646,0.32846376299858093,0.4312792420387268,2651004,648,0.650053700203748,1.2105085765942931,0.3253883719444275,0.43063226342201233,2651002,648,0.48990874742615553,1.280387107282877,0.3294684886932373,0.4283502697944641,2651001,648,0.4487484994738032,1.3064625263214111,0.325851172208786,0.4363775849342346,2651000,648,0.7123758441514476,1.2874668324366212,6.349989153444767,0.035128310322761536,6.3851174637675285,3.9683970157057047,10.353514479473233,0.030758674256503582
88,0.5043762257221118,0.8109875603628844,0.813929030467417,0.6277124647233304,0.813929030467417,0.6432972327331029,0.885832047873088,0.8141306146667979,0.0030373979624122,0.045714285714285714,0.9999416928246176,0.7903540005650543,0.8828797613419858,2495335,1972313,0.7058620689655173,0.992725509214355,0.8250705360741637,6186,8700,0.6600072780203785,1.0,0.7951860052173532,18137,27480,0.9898470169975839,0.9999904095137624,0.9948928597838351,208540,210677,0.999049565176068,0.8687190082644628,0.9293371350264129,72600,63129,0.037708744837493265,1.0,0.07267693372555806,19740,523486,0.0015708862416546668,0.045714285714285714,0.0030373979624122,525,15278,0.3231712877750397,0.43717172741889954,2651004,648,0.5994268356567606,1.3142552096396685,0.3267193138599396,0.42970362305641174,2651004,648,0.44822218690352517,1.3380853291600943,0.3253912627696991,0.433969110250473,2651002,648,0.43249636720091256,1.319507084786892,0.3293853998184204,0.43094778060913086,2651001,648,0.6255913950211318,1.3779151160269976,0.3226305842399597,0.4333481788635254,2651000,648,0.4383582388155537,1.2953545562922955,6.645117295905948,0.05032682791352272,6.69544412381947,4.024524888955057,10.719969012774527,0.018635242246091366
89,0.5055623664566075,0.8084282414111277,0.8187307547648967,0.6266032297874927,0.8187307547648967,0.6372823093205569,0.8845699445377395,0.8142992605232584,0.005001786352268668,0.16,0.9999419990750114,0.7945273881062062,0.8854776910190167,2495335,1982727,0.7058620689655173,0.992725509214355,0.8250705360741637,6186,8700,0.6599832611622576,1.0,0.7951685738085843,18137,27481,0.9802354488114561,0.9151433777692529,0.9465717006586779,208540,194692,0.999049565176068,0.8687190082644628,0.9293371350264129,72600,63129,0.03860966102125878,1.0,0.07434874230477334,19740,511271,0.0025406043008801378,0.16,0.005001786352268668,525,33063,0.3223513960838318,0.43632373213768005,2651004,648,0.4744768188157984,1.2596355751156807,0.32696205377578735,0.4315629005432129,2651004,648,0.5545755490809972,1.243490818887949,0.32601702213287354,0.434074342250824,2651002,648,0.3805487715724872,1.359464330598712,0.32877129316329956,0.4288802444934845,2651001,648,0.3825219956392397,1.2509293928742409,0.3254104256629944,0.43867409229278564,2651000,648,0.6823507793253124,1.2711536260321736,6.384673743508756,0.048853968270123005,6.433527711778879,4.061062837950885,10.494590549729764,0.018294785171747208
90,0.49933883160605824,0.7982398833347571,0.8194979684557536,0.6261798169319039,0.8194979684557536,0.6303953347945982,0.8785025840176389,0.8130501433633952,0.004399472063352398,0.24761904761904763,0.9999411176778437,0.7894390933481877,0.8823084154803884,2495335,1970031,0.7058620689655173,0.992725509214355,0.8250705360741637,6186,8700,0.6601514158841086,1.0,0.7952906097213391,18137,27474,0.9776610385686952,0.8379831207442218,0.9024493526747674,208540,178746,0.999049565176068,0.8687190082644628,0.9293371350264129,72600,63129,0.03837405960226278,1.0,0.07391182252176355,19740,514410,0.002219452648831373,0.24761904761904763,0.004399472063352398,525,58573,0.32262539863586426,0.439200758934021,2651004,648,0.490364961209516,1.266227800399065,0.32750073075294495,0.42743879556655884,2651004,648,0.5709529164904947,1.2504381528124213,0.3255811333656311,0.43251532316207886,2651002,648,0.4411980004830049,1.229814420454204,0.33012932538986206,0.42882516980171204,2651001,648,1.1885180460822753,1.2375119933858514,0.3238092064857483,0.4355778992176056,2651000,648,0.6296884490535017,1.2254678746685386,6.20946024172008,0.012794039212167263,6.222254280932248,4.02641065698117,10.248664937913418,0.014764688909053802
91,0.5022396662000159,0.8119815119336222,0.8140895585843119,0.6265803017931957,0.8140895585843119,0.6429019663297711,0.886154309907053,0.8143327018460295,0.001903175924824551,0.045714285714285714,0.9999417756011416,0.7914776973833173,0.8835804522674665,2495335,1975117,0.7058620689655173,0.992725509214355,0.8250705360741637,6186,8700,0.6599352326892989,1.0,0.7951337132836476,18137,27483,0.9815723948355636,0.9999904095137624,0.990695807293708,208540,212453,0.99903373990179,0.8687190082644628,0.9293302880719074,72600,63130,0.038745083260710834,1.0,0.07459979139268061,19740,509484,0.0009718172983479105,0.045714285714285714,0.001903175924824551,525,24696,0.32333096861839294,0.43930262327194214,2651004,648,0.4993976845534113,1.3585339523851871,0.32760846614837646,0.4309597313404083,2651004,648,0.469490277859531,1.327063118107617,0.32585716247558594,0.43141913414001465,2651002,648,0.5990895062446222,1.393155331723392,0.32809388637542725,0.4300948977470398,2651001,648,0.4547335833308245,1.2319557582959533,0.3244146406650543,0.43566539883613586,2651000,648,0.6801948985400195,1.2508271522819996,6.561535312794149,0.03172190301120281,6.593257215805352,3.995852842926979,10.58911005873233,0.028890028595924377
92,0.511225944256113,0.8160051725183025,0.8146550747759187,0.6684759977767635,0.8146550747759187,0.6654502873154063,0.8893363213264225,0.8147007438957355,0.0028618968386023296,0.08190476190476191,0.9999418493316182,0.7993724289524252,0.8884784104238764,2495335,1994818,0.9990239141044412,0.992725509214355,0.9958647531014352,6186,6147,0.6599592460519613,1.0,0.7951511431640326,18137,27482,0.9800964575121796,0.9598638150954253,0.9698746290351886,208540,204235,0.99903373990179,0.8687190082644628,0.9293302880719074,72600,63130,0.03982038464797086,1.0,0.07659089057280209,19740,495726,0.0014563928873835732,0.08190476190476191,0.0028618968386023296,525,29525,0.3238690197467804,0.43807968497276306,2651004,648,0.5677936344606853,1.297517353668809,0.32657063007354736,0.4293743073940277,2651004,648,0.46279807783976495,1.3228021720424294,0.3262602984905243,0.43344515562057495,2651002,648,0.5333842458534183,1.2958406545221806,0.32697024941444397,0.42506659030914307,2651001,648,0.5040151430820199,1.4214562186971307,0.323221892118454,0.4338008165359497,2651000,648,0.49945951948353046,1.3327953042462468,6.670411703176796,0.10161874443292618,6.772030447609723,4.242711094208062,11.014741541817784,0.015202376991510391
93,0.5014225458243075,0.8186506292131724,0.8151666541589399,0.62787624679535,0.8151666541589399,0.6444696043510321,0.8905866481046931,0.8145571613887252,0.003019627579265224,0.045714285714285714,0.9999378115690543,0.7990173664057131,0.8882574580528037,2495335,1993940,0.7058620689655173,0.992725509214355,0.8250705360741637,6186,8700,0.660199475829936,1.0,0.7953254840053499,18137,27472,0.9892037530714279,0.9999904095137624,0.9945678352895168,208540,210814,0.9990179151288591,0.8687190082644628,0.929323441218292,72600,63131,0.039351321179742244,1.0,0.07572284823783265,19740,501635,0.0015613818229132782,0.045714285714285714,0.003019627579265224,525,15371,0.32228851318359375,0.4376334249973297,2651004,648,0.5282980373009084,1.3865043483674526,0.32735675573349,0.42581942677497864,2651004,648,0.6509773473011697,1.3023411482572556,0.3262483477592468,0.43371298909187317,2651002,648,0.3902519488428754,1.3370890701189637,0.3279713988304138,0.4286920130252838,2651001,648,0.5264880427773933,1.3337113028392196,0.32747286558151245,0.43506675958633423,2651000,648,1.3922362124038097,1.3622773792594671,6.721923248842359,0.03387187235057354,6.755795121192932,4.0850394973531365,10.840834618546069,0.05892975069582462
94,0.5019563736421289,0.8228749233888077,0.8158488986557423,0.6685808548726048,0.8158488986557423,0.6688626408225621,0.8932864611515354,0.8424853004830023,0.003028009084027252,0.045714285714285714,0.9999341929790888,0.8037930778833303,0.8911992357593531,2495335,2005865,0.9975633528265108,0.992725509214355,0.9951385512882839,6186,6156,0.6601514158841086,1.0,0.7952906097213391,18137,27474,0.9815539144391571,0.9999904095137624,0.9906863944398654,208540,212457,0.9990653909517171,0.8687190082644628,0.9293439820818107,72600,63128,0.04023185286636666,1.0,0.07735170338325535,19740,490656,0.0015658641612840086,0.045714285714285714,0.003028009084027252,525,15327,0.32365700602531433,0.4408133625984192,2651004,648,0.6477175769613657,1.3100476916879416,0.3270438611507416,0.4301362633705139,2651004,648,0.42614878982362975,1.3372154301032424,0.32623791694641113,0.43426257371902466,2651002,648,0.45293098131219556,1.299607452005148,0.3272135555744171,0.429670512676239,2651001,648,0.4280347636167418,1.3231020420789719,0.3249267041683197,0.4358668327331543,2651000,648,0.7452910081903067,1.2566523477435112,6.526624963618815,0.039337716065347195,6.565962679684162,3.9778450978919864,10.543807777576149,0.022369331680238247
95,0.5109541169444272,0.8136631475440286,0.8159438349548628,0.6280028930699265,0.8159438349548628,0.6394840154088083,0.8880581385499274,0.8147564530515836,0.004162736999577222,0.1219047619047619,0.9999423453124734,0.7992990921058696,0.8884333054415298,2495335,1994634,0.7058620689655173,0.992725509214355,0.8250705360741637,6186,8700,0.6602235084270686,1.0,0.7953429222943343,18137,27471,0.9894327711778707,0.928958473194591,0.9582424431287005,208540,195794,0.999049565176068,0.8687190082644628,0.9293371350264129,72600,63129,0.039392469931811516,1.0,0.07579902889693982,19740,501111,0.0021175224986765486,0.1219047619047619,0.004162736999577222,525,30224,0.32432663440704346,0.4397737681865692,2651004,648,0.885204472926407,1.3536792360246181,0.3267936110496521,0.431095153093338,2651004,648,0.5421029947395458,1.2682068478316069,0.3257416784763336,0.432799756526947,2651002,648,0.5702568808470607,1.3145734490826726,0.328387975692749,0.43098020553588867,2651001,648,0.6386529963623969,1.2987726926803589,0.32418280839920044,0.43748170137405396,2651000,648,0.8790477083862708,1.2216977579519153,6.456929983571172,0.10773302894085646,6.564663012512028,3.954889887943864,10.519552900455892,0.030316644348204136
96,0.5061351479917513,0.816909796059145,0.8148855009556338,0.6279223045938856,0.8148855009556338,0.6442366671750973,0.889541623205849,0.8148031249063452,0.0023149264528574873,0.045714285714285714,0.999941679851545,0.7970492939825715,0.8870415283710749,2495335,1989021,0.7058620689655173,0.992725509214355,0.8250705360741637,6186,8700,0.6600553169808574,1.0,0.795220870327743,18137,27478,0.9900443895838773,0.9999904095137624,0.9949925448798235,208540,210635,0.99903373990179,0.8687190082644628,0.9293302880719074,72600,63130,0.03933140594832722,1.0,0.07568597604811082,19740,501889,0.0011875309252845126,0.045714285714285714,0.0023149264528574873,525,20210,0.3235156834125519,0.4357496201992035,2651004,648,0.518051058697393,1.2599073061719537,0.326793372631073,0.4284493625164032,2651004,648,0.5736107405058429,1.3135124295949936,0.3259522616863251,0.4348057806491852,2651002,648,0.48123189417041046,1.3496168702840805,0.32795366644859314,0.43261921405792236,2651001,648,0.48130794560580703,1.2416359214112163,0.323502779006958,0.4335714876651764,2651000,648,0.7006852887628237,1.289568250067532,6.454240777529776,0.038636947982013226,6.492877725511789,4.020182901993394,10.513060627505183,0.01407062541693449
97,0.5016459486034323,0.8147737218204627,0.8145405143534914,0.6266750950640253,0.8145405143534914,0.6433488656069234,0.8878992113729081,0.8444087354232964,0.0019024970273483948,0.045714285714285714,0.9999420068845393,0.7946343877675743,0.8855441393430451,2495335,1982994,0.7058620689655173,0.992725509214355,0.8250705360741637,6186,8700,0.6599832611622576,1.0,0.7951685738085843,18137,27481,0.9815631545503753,0.9999904095137624,0.9906911008444281,208540,212455,0.999049565176068,0.8687190082644628,0.9293371350264129,72600,63129,0.03935414544287369,1.0,0.07572807712448139,19740,501599,0.0009714632665452338,0.045714285714285714,0.0019024970273483948,525,24705,0.3220826983451843,0.438161164522171,2651004,648,0.4792059684905899,1.3126716502010822,0.3263024389743805,0.4314844310283661,2651004,648,0.8589217918601832,1.283973635174334,0.32625189423561096,0.4318518042564392,2651002,648,0.7954359079668591,1.316840996965766,0.3280635178089142,0.4307101368904114,2651001,648,0.5959534963167212,1.279756398871541,0.32396048307418823,0.4340301752090454,2651000,648,0.7071973559600776,1.2701157061383128,6.463358387351036,0.06987835094332695,6.533236738294363,3.998134421184659,10.531371159479022,0.02141411229968071
98,0.497552424376885,0.8046676022478052,0.8192267533972263,0.6264941169635337,0.8192267533972263,0.6330833921949821,0.8824801150441377,0.8435549642370753,0.0042026100420261,0.21714285714285714,0.9999415125657227,0.7947694397746194,0.8856277995215988,2495335,1983332,0.7058620689655173,0.992725509214355,0.8250705360741637,6186,8700,0.6599832611622576,1.0,0.7951685738085843,18137,27481,0.9790241429498117,0.8612304593842908,0.9163573467622816,208540,183449,0.9991445273513616,0.8687190082644628,0.9293782188722619,72600,63123,0.0393814675681445,1.0,0.07577866028395884,19740,501251,0.002121838181919705,0.21714285714285714,0.0042026100420261,525,53727,0.32357871532440186,0.43949952721595764,2651004,648,0.47670105943478,1.2730922438204288,0.3264337480068207,0.4313105344772339,2651004,648,0.4358737089066934,1.2117537260055542,0.32583680748939514,0.43478164076805115,2651002,648,0.4623662338840158,1.3399196276441216,0.33122730255126953,0.42940646409988403,2651001,648,1.229938954538268,1.2760946415364742,0.32369253039360046,0.4339449107646942,2651000,648,0.9013367972802517,1.3252803105860949,6.426140549592674,0.0397848654538393,6.465925415046513,3.9485033033415675,10.41442871838808,0.014994816854596138
99,0.5093314315735156,0.8194542270059194,0.8152964391949599,0.6687618009621252,0.8152964391949599,0.6684747807653995,0.8911785417755506,0.8147597326096634,0.0030322173089071384,0.045714285714285714,0.9999418895611109,0.7999258616578535,0.8888201670075302,2495335,1996199,0.9990239141044412,0.992725509214355,0.9958647531014352,6186,6147,0.6605842074592074,1.0,0.7956045884236616,18137,27456,0.981604737203807,0.9999904095137624,0.9907122802183446,208540,212446,0.9991603561357372,0.8687190082644628,0.9293850665330602,72600,63122,0.03944938727547423,1.0,0.07590439276485789,19740,500388,0.0015681149950996407,0.045714285714285714,0.0030322173089071384,525,15305,0.322838693857193,0.437644362449646,2651004,648,0.4578817922146696,1.2305648503825068,0.3268781006336212,0.43037089705467224,2651004,648,0.48005899808500285,1.2916831783950329,0.32517513632774353,0.4316745102405548,2651002,648,0.4802974736313949,1.2900673002004623,0.3286057114601135,0.42942947149276733,2651001,648,0.45973242106656287,1.1983244065195322,0.3231450021266937,0.4360448718070984,2651000,648,0.5119949959714806,1.2997475415468216,6.310387277044356,0.0836515286937356,6.3940388057380915,3.9447709871456027,10.338809792883694,0.013037418946623802
100,0.5054374920833623,0.8060341084194149,0.8187328946645733,0.6265992899963211,0.8187328946645733,0.6346717071617258,0.8832643713677728,0.8143380609321766,0.004065121654743638,0.19428571428571428,0.9999420110370645,0.7946912939545191,0.8855794756737289,2495335,1983136,0.7058620689655173,0.992725509214355,0.8250705360741637,6186,8700,0.660199475829936,1.0,0.7953254840053499,18137,27472,0.9796143691495319,0.8807087369329625,0.9275323527555078,208540,187485,0.9991603561357372,0.8687190082644628,0.9293850665330602,72600,63122,0.03936269915651359,1.0,0.0757439134355275,19740,501490,0.002054049699947642,0.19428571428571428,0.004065121654743638,525,49658,0.3243391513824463,0.4391426742076874,2651004,648,0.634804756420989,1.2529819905757904,0.3268878161907196,0.4278639256954193,2651004,648,0.5905568259454343,1.2902764091268182,0.3251965343952179,0.42962509393692017,2651002,648,0.4524212772532259,1.3362050810828805,0.3278942406177521,0.4298783540725708,2651001,648,0.4029418819013995,1.280966398306191,0.3234849274158478,0.434275358915329,2651000,648,0.5879696813843244,1.235076135955751,6.395506015047431,0.015697896480560303,6.411203911527991,4.027497876435518,10.43870178796351,0.024510440416634083
