round,val_loss,accuracy,balanced_accuracy,macro_precision,macro_recall,macro_f1,weighted_f1,macro_pr_auc,worst_class_f1,worst_class_recall,precision_c0,recall_c0,f1_c0,support_c0,predicted_count_c0,precision_c1,recall_c1,f1_c1,support_c1,predicted_count_c1,precision_c2,recall_c2,f1_c2,support_c2,predicted_count_c2,precision_c3,recall_c3,f1_c3,support_c3,predicted_count_c3,precision_c4,recall_c4,f1_c4,support_c4,predicted_count_c4,precision_c5,recall_c5,f1_c5,support_c5,predicted_count_c5,precision_c6,recall_c6,f1_c6,support_c6,predicted_count_c6,train_loss_client_0,train_accuracy_client_0,train_samples_client_0,train_batches_client_0,update_l2_client_0,train_seconds_client_0,train_loss_client_1,train_accuracy_client_1,train_samples_client_1,train_batches_client_1,update_l2_client_1,train_seconds_client_1,train_loss_client_2,train_accuracy_client_2,train_samples_client_2,train_batches_client_2,update_l2_client_2,train_seconds_client_2,train_loss_client_3,train_accuracy_client_3,train_samples_client_3,train_batches_client_3,update_l2_client_3,train_seconds_client_3,train_loss_client_4,train_accuracy_client_4,train_samples_client_4,train_batches_client_4,update_l2_client_4,train_seconds_client_4,round_train_seconds,aggregation_seconds,fl_round_seconds,validation_seconds,round_total_seconds,round_orchestration_seconds
1,6.702932226524532,0.8845371407870012,0.1428571428571428,0.1263624486838573,0.1428571428571428,0.1341044927680089,0.83034283219794,0.3086083767127771,0.0,0.0,0.8845371407870012,1.0,0.9387314493760626,2495335,2821063,0.0,0.0,0.0,6186,0,0.0,0.0,0.0,18137,0,0.0,0.0,0.0,208540,0,0.0,0.0,0.0,72600,0,0.0,0.0,0.0,19740,0,0.0,0.0,0.0,525,0,0.5756620764732361,0.6360713243484497,1554255,380,3.903268257807575,1.1443056920543313,0.355029433965683,0.458750456571579,457617,112,1.79156485693266,0.2783043952658772,0.3949455320835113,0.9256899952888488,406244,100,2.984471827578958,0.2549096327275038,1.009652853012085,0.047113224864006,59686,15,0.990538044081634,0.1795268738642335,0.0052188378758728,0.9996772408485411,10777209,2632,2.6471838698836785,5.919490951113403,7.776537545025349,0.080237815156579,7.856775360181928,3.4515795409679413,11.308354901149867,2.444830006919801
2,6.689734630354328,0.8845371407870012,0.1428571428571428,0.1263624486838573,0.1428571428571428,0.1341044927680089,0.83034283219794,0.3493313681596235,0.0,0.0,0.8845371407870012,1.0,0.9387314493760626,2495335,2821063,0.0,0.0,0.0,6186,0,0.0,0.0,0.0,18137,0,0.0,0.0,0.0,208540,0,0.0,0.0,0.0,72600,0,0.0,0.0,0.0,19740,0,0.0,0.0,0.0,525,0,0.5392882823944092,0.6425297260284424,1554255,380,3.766391176614151,0.8245656518265605,0.3706907033920288,0.7890113592147827,457617,112,2.3611581601579283,0.2279164753854274,0.398190826177597,0.923334300518036,406244,100,3.127988103749251,0.2453544326126575,1.7309250831604004,0.0143082132562994,59686,15,1.983249155321474,0.0976207414641976,0.0003926762146875,0.9999998211860656,10777209,2632,0.4122975877830926,5.90455168299377,7.300008984282613,0.08270432241261,7.382713306695223,3.407566597685218,10.79027990438044,0.0136363059282302
3,6.198481796309065,0.8845371407870012,0.1428571428571428,0.1263624486838573,0.1428571428571428,0.1341044927680089,0.83034283219794,0.3788972909856921,0.0,0.0,0.8845371407870012,1.0,0.9387314493760626,2495335,2821063,0.0,0.0,0.0,6186,0,0.0,0.0,0.0,18137,0,0.0,0.0,0.0,208540,0,0.0,0.0,0.0,72600,0,0.0,0.0,0.0,19740,0,0.0,0.0,0.0,525,0,0.4933614134788513,0.6485306620597839,1554255,380,3.4239645493915853,0.8266590489074588,0.3108503520488739,0.8161082863807678,457617,112,2.2589656663489666,0.2485258392989635,0.3064181208610534,0.949456512928009,406244,100,2.8297848052562298,0.2186568332836032,1.4737344980239868,0.0229534562677145,59686,15,1.952230229460459,0.1010886887088418,0.0002822076494339,0.9999998211860656,10777209,2632,0.3015292364419788,6.116635300219059,7.511565710417926,0.0649351067841053,7.576500817202032,3.4544477090239525,11.030948526225984,0.0936795929446816
4,5.738145698534326,0.8845371407870012,0.1428571428571428,0.1263624486838573,0.1428571428571428,0.1341044927680089,0.83034283219794,0.3972519122060584,0.0,0.0,0.8845371407870012,1.0,0.9387314493760626,2495335,2821063,0.0,0.0,0.0,6186,0,0.0,0.0,0.0,18137,0,0.0,0.0,0.0,208540,0,0.0,0.0,0.0,72600,0,0.0,0.0,0.0,19740,0,0.0,0.0,0.0,525,0,0.4694857597351074,0.6475797295570374,1554255,380,3.074386853829006,0.7515295399352908,0.2678128778934479,0.8325018882751465,457617,112,2.099099022695357,0.2379450276494026,0.2333070486783981,0.964083194732666,406244,100,2.5722406439701406,0.215003365650773,1.248701810836792,0.0444325283169746,59686,15,1.890899410707377,0.1068527540192008,0.0002678037853911,0.9999998211860656,10777209,2632,0.2912236742503405,5.861365928314626,7.1726966155692935,0.0313077541068196,7.204004369676113,3.4776262510567904,10.681630620732903,0.0178971840068697
5,5.193608590071507,0.8845371407870012,0.1428571428571428,0.1263624486838573,0.1428571428571428,0.1341044927680089,0.83034283219794,0.3995628152083371,0.0,0.0,0.8845371407870012,1.0,0.9387314493760626,2495335,2821063,0.0,0.0,0.0,6186,0,0.0,0.0,0.0,18137,0,0.0,0.0,0.0,208540,0,0.0,0.0,0.0,72600,0,0.0,0.0,0.0,19740,0,0.0,0.0,0.0,525,0,0.4498058259487152,0.6501024961471558,1554255,380,2.8261305490304998,0.7723550042137504,0.234629213809967,0.8481525182723999,457617,112,1.9946168616688773,0.241624123416841,0.1925040632486343,0.9683392643928528,406244,100,2.315183412043436,0.2755160266533494,1.064355492591858,0.0618738047778606,59686,15,1.792189867305772,0.108866661787033,0.000246984680416,0.9999998211860656,10777209,2632,0.2663015906738901,5.810885927639902,7.2092477437108755,0.0805955938994884,7.289843337610364,3.449341152794659,10.739184490405025,0.0126417316496372
6,4.782812122492644,0.8845371407870012,0.1428571428571428,0.1263624486838573,0.1428571428571428,0.1341044927680089,0.83034283219794,0.4867686950265708,0.0,0.0,0.8845371407870012,1.0,0.9387314493760626,2495335,2821063,0.0,0.0,0.0,6186,0,0.0,0.0,0.0,18137,0,0.0,0.0,0.0,208540,0,0.0,0.0,0.0,72600,0,0.0,0.0,0.0,19740,0,0.0,0.0,0.0,525,0,0.443184345960617,0.6527519822120667,1554255,380,2.585067316654267,0.773835682310164,0.2165335416793823,0.8542951941490173,457617,112,1.933579703963925,0.2162080947309732,0.1587693840265274,0.9709362387657166,406244,100,2.1465604714814286,0.2105300007387995,0.970847487449646,0.0724625512957573,59686,15,1.742495897072247,0.1161107262596488,0.0002241924375994,0.9999998211860656,10777209,2632,0.273423826352603,5.83732638694346,7.154010890983045,0.0553307747468352,7.20934166572988,3.442585289478302,10.651926955208182,0.0142445173114538
7,4.606725835253822,0.8845371407870012,0.1428571428571428,0.1263624486838573,0.1428571428571428,0.1341044927680089,0.83034283219794,0.5288089918473309,0.0,0.0,0.8845371407870012,1.0,0.9387314493760626,2495335,2821063,0.0,0.0,0.0,6186,0,0.0,0.0,0.0,18137,0,0.0,0.0,0.0,208540,0,0.0,0.0,0.0,72600,0,0.0,0.0,0.0,19740,0,0.0,0.0,0.0,525,0,0.4278006851673126,0.6514407396316528,1554255,380,2.407125472447397,0.7967596938833594,0.2019288688898086,0.8680206537246704,457617,112,1.7693703906731242,0.2339481618255376,0.1371800750494003,0.972528874874115,406244,100,1.9782937034612365,0.2651742547750473,0.85835200548172,0.0811245515942573,59686,15,1.7781617001180328,0.1288768947124481,0.0001986089628189,0.9999997615814208,10777209,2632,0.2879846043091673,5.812475098297,7.237234103493392,0.0754719190299511,7.312706022523344,3.538217891007662,10.850923913531004,0.0305859735235571
8,4.211444011389553,0.8845371407870012,0.1428571428571428,0.1263624486838573,0.1428571428571428,0.1341044927680089,0.83034283219794,0.5328298266263676,0.0,0.0,0.8845371407870012,1.0,0.9387314493760626,2495335,2821063,0.0,0.0,0.0,6186,0,0.0,0.0,0.0,18137,0,0.0,0.0,0.0,208540,0,0.0,0.0,0.0,72600,0,0.0,0.0,0.0,19740,0,0.0,0.0,0.0,525,0,0.4217216372489929,0.6565331816673279,1554255,380,2.269160844923237,0.737124471925199,0.1820193231105804,0.8728740811347961,457617,112,1.7305481001268517,0.2215237198397517,0.1247966811060905,0.9741141200065612,406244,100,1.8749780320827725,0.2719514593482017,0.8348648548126221,0.085195854306221,59686,15,1.790830719637058,0.1116077797487378,0.0002160336298402,0.9999991655349731,10777209,2632,0.2544703009226531,5.903118144720793,7.245325575582683,0.088520118035376,7.333845693618059,3.4253036435693502,10.75914933718741,0.0148482276126742
9,4.085848855433393,0.8845474205999654,0.1429161174846715,0.2646126345526812,0.1429161174846715,0.1342232343586194,0.8303686007090296,0.5359272307139459,0.0,0.0,0.8845465063848974,0.9999995992522046,0.938736546969011,2495335,2821032,0.0,0.0,0.0,6186,0,0.0,0.0,0.0,18137,0,0.0,0.0,0.0,208540,0,0.967741935483871,0.0004132231404958,0.0008260935413253,72600,31,0.0,0.0,0.0,19740,0,0.0,0.0,0.0,525,0,0.4131293594837188,0.6562848687171936,1554255,380,2.12970861660962,0.7580137252807617,0.1798146367073059,0.8787676692008972,457617,112,1.6214069977266268,0.2322025615721941,0.1083792597055435,0.9758618474006652,406244,100,1.7697515766290288,0.2546223634853959,0.7777515649795532,0.0890326052904129,59686,15,1.7482514810426986,0.1083354316651821,0.0002035680809058,0.999997615814209,10777209,2632,0.2764441396519392,6.006163509562612,7.359337591566145,0.0879949992522597,7.447332590818405,3.706328544765711,11.153661135584116,0.0164707479998469
10,3.996502484419526,0.8847746399141033,0.1441831633664703,0.2684069505440861,0.1441831633664703,0.136749339232533,0.8309208210222533,0.5428172043460616,0.0,0.0,0.8847483588233521,0.9999983970088184,0.9388496760551722,2495335,2820385,0.0,0.0,0.0,6186,0,0.0,0.0,0.0,18137,0,0.0,0.0,0.0,208540,0,0.9941002949852508,0.0092837465564738,0.0183956985725592,72600,678,0.0,0.0,0.0,19740,0,0.0,0.0,0.0,525,0,0.4050364196300506,0.6575742363929749,1554255,380,2.045624684612187,0.776041891425848,0.1755524575710296,0.8854151368141174,457617,112,1.662443430016994,0.238599725998938,0.097365066409111,0.9779911041259766,406244,100,1.6861112429952474,0.2439675712957978,0.8108522295951843,0.0914787352085113,59686,15,1.793030532591076,0.1036991160362958,0.0001897473994176,0.9999958276748656,10777209,2632,0.2733524731011127,5.836745227687061,7.199053532443941,0.0501512000337243,7.249204732477665,3.745742701925337,10.994947434403002,0.0194045957177877
11,3.845321762363939,0.887913173154942,0.1617600911503637,0.4122061741560059,0.1617600911503637,0.1677989532287211,0.8378144973863781,0.5643064877272629,0.0,0.0,0.887538996101368,0.9999919850440924,0.940415697947213,2495335,2811499,0.0,0.0,0.0,6186,0,1.0,0.001157854110382,0.0023130300693909,18137,21,0.0,0.0,0.0,208540,0,0.9979042229906738,0.1311707988980716,0.2318639445844442,72600,9543,0.0,0.0,0.0,19740,0,0.0,0.0,0.0,525,0,0.409496933221817,0.6606220006942749,1554255,380,1.9862622411411013,0.7489723619073629,0.1687758713960647,0.8802863955497742,457617,112,1.8220372084964351,0.2217970602214336,0.0862723290920257,0.9793129563331604,406244,100,1.6186299554073398,0.2524000154808163,0.6930906176567078,0.0970411822199821,59686,15,1.7344927667251238,0.1863754894584417,0.000203458694159,0.9999954104423524,10777209,2632,0.2654703225468957,6.051518042571843,7.461062969639897,0.0469316225498914,7.507994592189789,3.7114260410889983,11.219420633278787,0.0143238482996821
12,3.8560076498020894,0.8858288524573893,0.150490169986273,0.4120804856468769,0.150490169986273,0.148798294279091,0.8333794943349989,0.5667998148032769,0.0,0.0,0.8856822806470196,0.9999983970088184,0.9393752308128416,2495335,2817411,0.0,0.0,0.0,6186,0,1.0,0.004245465071401,0.0084550345887778,18137,77,0.0,0.0,0.0,208540,0,0.9988811188811187,0.0491873278236914,0.0937577945520183,72600,3575,0.0,0.0,0.0,19740,0,0.0,0.0,0.0,525,0,0.3986930549144745,0.6609012484550476,1554255,380,1.8982414175739093,0.8251580996438861,0.157342791557312,0.8880614638328552,457617,112,1.7198066240593015,0.258618020452559,0.0811517760157585,0.9805954694747924,406244,100,1.5585828281201564,0.2773040756583214,0.7075228095054626,0.098766878247261,59686,15,1.6879544540251168,0.1069742226973176,0.0001934053580043,0.999994158744812,10777209,2632,0.2716908283095317,6.103689342737198,7.571743761189282,0.0775571968406438,7.649300958029926,3.724376730620861,11.373677688650789,0.0142297279089689
13,3.724612865276222,0.8859738332678143,0.1524609211038886,0.4120702196020356,0.1524609211038886,0.1526120287835435,0.8337172073565933,0.5721199169601369,0.0,0.0,0.8858111466098687,0.999997996261023,0.9394475310762592,2495335,2817000,0.0,0.0,0.0,6186,0,1.0,0.0151072393449853,0.0297648145130628,18137,274,0.0,0.0,0.0,208540,0,0.9986803906043812,0.0521212121212121,0.0990718558954823,72600,3789,0.0,0.0,0.0,19740,0,0.0,0.0,0.0,525,0,0.3957852125167846,0.6615356206893921,1554255,380,1.8720329909765887,0.7610571924597025,0.152887761592865,0.8896238803863525,457617,112,1.674447974483781,0.2319035716354847,0.0762664079666137,0.9811862111091614,406244,100,1.5450534402839295,0.2911101439967751,0.6860368847846985,0.1019502058625221,59686,15,1.7142341595839334,0.168227793648839,0.0001639873808017,0.9999954104423524,10777209,2632,0.2565066337356929,6.166819910518825,7.619118612259626,0.030956014059484,7.65007462631911,3.693720305338502,11.343794931657612,0.0164992772042751
14,3.6719234602396207,0.8849678295025669,0.1472470286786,0.4119686973824006,0.1472470286786,0.1427762831943408,0.8313828764894646,0.5911283393621726,0.0,0.0,0.8849185381045631,0.9999995992522046,0.9389460114340414,2495335,2819846,0.0,0.0,0.0,6186,0,1.0,0.0186359375861498,0.0365899864682002,18137,338,0.0,0.0,0.0,208540,0,0.9988623435722412,0.0120936639118457,0.0238979844581445,72600,879,0.0,0.0,0.0,19740,0,0.0,0.0,0.0,525,0,0.3915947377681732,0.6620548367500305,1554255,380,1.816973478698036,0.8147625289857388,0.1470964401960373,0.8955917954444885,457617,112,1.6980391326694442,0.2186499526724219,0.0712222531437873,0.98209947347641,406244,100,1.4904590514815577,0.2641395656391978,0.6644421219825745,0.1063398420810699,59686,15,1.6748011369361722,0.182081582956016,0.000187311306945,0.9999931454658508,10777209,2632,0.2675270761483684,5.939880844205618,7.419514474458992,0.0535356374457478,7.47305011190474,3.699967980384826,11.173018092289569,0.0229099215939641
15,3.545220170387985,0.8899762252739482,0.1756289865272512,0.4125775200567756,0.1756289865272512,0.1898435659112149,0.8418228544290973,0.6635902584063178,0.0,0.0,0.8893800751974834,0.9999919850440924,0.9414481833098348,2495335,2805679,0.0,0.0,0.0,6186,0,1.0,0.0237084413078237,0.0463187375451069,18137,430,0.0,0.0,0.0,208540,0,0.9986625651999465,0.2057024793388429,0.3411380405235626,72600,14954,0.0,0.0,0.0,19740,0,0.0,0.0,0.0,525,0,0.3879815638065338,0.6627426147460938,1554255,380,1.7990552456480746,0.820385773666203,0.1388092637062072,0.8894949555397034,457617,112,1.7166427181261343,0.2502566771581769,0.0693254321813583,0.9830718040466307,406244,100,1.438337869037399,0.2143032466992736,0.6388549208641052,0.1107294857501983,59686,15,1.6640650990962833,0.1215726416558027,0.0001551212917547,0.9999933242797852,10777209,2632,0.2499629173399362,5.882707850076258,7.289226189255714,0.0776975369080901,7.3669237261638045,3.7045191368088126,11.071442862972615,0.0122961197048425
16,3.5892299467184765,0.8878490129429935,0.1633626201539861,0.4176313743756235,0.1633626201539861,0.1712997079458613,0.8377249660358208,0.6682922401144251,0.0,0.0,0.8874873118291807,0.9999959925220462,0.9403884560964566,2495335,2811674,0.0,0.0,0.0,6186,0,1.0,0.0170921321056404,0.0336098010516615,18137,310,0.0,0.0,0.0,208540,0,0.9988952717631464,0.1245454545454545,0.2214765100671141,72600,9052,0.0,0.0,0.0,19740,0,0.037037037037037,0.0019047619047619,0.0036231884057971,525,27,0.3882617950439453,0.6664755940437317,1554255,380,1.7581746369431015,0.7977691041305661,0.1391690373420715,0.9001851081848145,457617,112,1.7335775551462846,0.2457787804305553,0.0649597868323326,0.9837339520454408,406244,100,1.4084863153110407,0.2416483238339424,0.6365792751312256,0.1239151582121849,59686,15,1.5597421626679633,0.1863974686712026,0.0001540646917419,0.9999926686286926,10777209,2632,0.2728762386201649,6.825148615986109,8.296742293052375,0.0574441524222493,8.354186445474625,3.962676966562867,12.316863412037492,0.0155505575239658
17,3.518240342931395,0.8896681853613336,0.1742600768835943,0.4169918932083017,0.1742600768835943,0.1881039449634673,0.8412655791761702,0.6866814349164271,0.0,0.0,0.8891145145388394,0.9999919850440924,0.941299379914792,2495335,2806517,0.0,0.0,0.0,6186,0,1.0,0.0243700722280421,0.0475806017546692,18137,442,0.0,0.0,0.0,208540,0,0.9985787379192724,0.1935537190082644,0.3242569688019199,72600,14072,0.0,0.0,0.0,19740,0,0.03125,0.0019047619047619,0.0035906642728904,525,32,0.3823040127754211,0.6667348742485046,1554255,380,1.6691108529997534,0.7806794969365001,0.1384044140577316,0.8939659595489502,457617,112,1.8211030645226371,0.2537413639947772,0.0646337419748306,0.9833720922470092,406244,100,1.4412121758414966,0.2609090181067586,0.6258683800697327,0.1344871520996093,59686,15,1.6441649388024306,0.1072204932570457,0.000182726944331,0.9999916553497314,10777209,2632,0.2546106139714306,6.169904578477144,7.572454950772226,0.0341393128037452,7.606594263575971,4.0623648865148425,11.668959150090814,0.0311035541817545
18,3.525512233303101,0.8849270647270195,0.1479153063600476,0.4164564641852916,0.1479153063600476,0.1440270134509607,0.8312878037660986,0.6858851694713003,0.0,0.0,0.8848922189940108,1.0,0.938931372390394,2495335,2819931,0.0,0.0,0.0,6186,0,1.0,0.0244803440480785,0.0477907539960174,18137,444,0.0,0.0,0.0,208540,0,1.0,0.0090220385674931,0.0178827383796327,72600,655,0.0,0.0,0.0,19740,0,0.0303030303030303,0.0019047619047619,0.003584229390681,525,33,0.3790775835514068,0.6661416888237,1554255,380,1.6946875688288,0.7719194842502475,0.1297837346792221,0.9022305011749268,457617,112,1.7322589099834569,0.2481239987537264,0.0601219572126865,0.984149932861328,406244,100,1.387270725564398,0.2683630129322409,0.6474840044975281,0.1581610441207885,59686,15,1.703686192997647,0.1173287145793438,0.0001827400556067,0.9999911189079284,10777209,2632,0.2679531606467937,6.137438134290278,7.543173344805837,0.0431980546563863,7.586371399462223,3.9763489263132215,11.562720325775445,0.0170375751331448
19,3.4593649566404334,0.8901279411342462,0.1769894865884736,0.4164643350364744,0.1769894865884736,0.1920311504152996,0.8421116640707194,0.6880593561704014,0.0,0.0,0.8895271841908731,0.9999919850440924,0.9415305958815594,2495335,2805215,0.0,0.0,0.0,6186,0,1.0,0.0260241495285879,0.0507281422967381,18137,472,0.0,0.0,0.0,208540,0,0.998696134037421,0.2110055096418732,0.34840059586759,72600,15339,0.0,0.0,0.0,19740,0,0.027027027027027,0.0019047619047619,0.0035587188612099,525,37,0.3794994950294494,0.6642275452613831,1554255,380,1.6606959183864929,0.7646071305498481,0.1211978942155838,0.9076236486434937,457617,112,1.6544289837368509,0.2802719818428159,0.0558307580649852,0.9844847321510316,406244,100,1.3919028039770849,0.2732129292562604,0.6690694689750671,0.1441543996334076,59686,15,1.7141909133263296,0.1859979191794991,0.0001721874286886,0.999992609024048,10777209,2632,0.2540581704895601,5.771495981141925,7.275585941970348,0.0176473157480359,7.293233257718384,3.956141071394086,11.24937432911247,0.0174220548942685
20,3.4458053791031373,0.8861755302876965,0.1549992783076083,0.4155327907416568,0.1549992783076083,0.157393916760297,0.8341812220349655,0.6919197448905662,0.0,0.0,0.886002262464325,1.0,0.9395558850567224,2495335,2816398,0.0,0.0,0.0,6186,0,1.0,0.0259138777085515,0.0505186220239694,18137,470,0.0,0.0,0.0,208540,0,1.0,0.0571763085399449,0.108167971752811,72600,4151,0.0,0.0,0.0,19740,0,0.0227272727272727,0.0019047619047619,0.0035149384885764,525,44,0.3745082914829254,0.6657633781433105,1554255,380,1.6469321631874625,0.7538436986505985,0.116103857755661,0.9111812114715576,457617,112,1.6581134024880209,0.2711982894688844,0.054528035223484,0.9848982691764832,406244,100,1.3660323269613592,0.2181475227698683,0.6734716892242432,0.1506215780973434,59686,15,1.790140496130792,0.1718825604766607,0.0001460779603803,0.999990940093994,10777209,2632,0.2625396608171454,6.123046184889972,7.538118256255984,0.0720534119755029,7.610171668231487,4.1497519155964255,11.759923583827913,0.0110478429123759
21,3.4504526245893907,0.8850224188541695,0.1486868875284068,0.4153867663192931,0.1486868875284068,0.1455167816425956,0.8315174481394291,0.6924135688123245,0.0,0.0,0.8849800915077788,1.0,0.9389808364499924,2495335,2819651,0.0,0.0,0.0,6186,0,1.0,0.0267409163588245,0.052088927075502,18137,485,0.0,0.0,0.0,208540,0,1.0,0.0121625344352617,0.0240327694840983,72600,883,0.0,0.0,0.0,19740,0,0.0227272727272727,0.0019047619047619,0.0035149384885764,525,44,0.3737779855728149,0.6692376732826233,1554255,380,1.6130348807172707,0.7699953457340598,0.1174518764019012,0.9095073342323304,457617,112,1.7056992951657948,0.2517010048031807,0.0516139566898345,0.9851124286651612,406244,100,1.3479256257063343,0.2159283449873328,0.6487507224082947,0.177981436252594,59686,15,1.628728405188273,0.1820615017786622,0.00012795618386,0.9999920725822448,10777209,2632,0.2504132308961624,6.192934169434011,7.6126203667372465,0.0987628493458032,7.71138321608305,3.994092692621052,11.705475908704102,0.0121995210647583
22,3.297892729874095,0.8955202347483909,0.2827628040014446,0.5567593157477536,0.2827628040014446,0.3122179990835943,0.8508269070952278,0.6924780086876945,0.0,0.0,0.8945272240713954,0.9999919850440924,0.9443240798732988,2495335,2789535,0.0,0.0,0.0,6186,0,0.9998492159227984,0.7312124386613001,0.844686474953027,18137,13264,1.0,1.4385729356478374e-05,2.8771044820492657e-05,208540,3,0.998986201070121,0.2443112947658402,0.392606939295003,72600,17755,0.0,0.0,0.0,19740,0,0.0039525691699604,0.0038095238095238,0.0038797284190106,525,506,0.3757492005825043,0.6699910759925842,1554255,380,1.6441143418067174,0.829208548180759,0.1109251081943512,0.914268970489502,457617,112,1.6304040807224225,0.2691038809716701,0.0543827898800373,0.9849475026130676,406244,100,1.348946504482732,0.2881786366924643,0.6428104043006897,0.1681801378726959,59686,15,1.6524762005848743,0.100795947946608,0.0001703535672277,0.9999922513961792,10777209,2632,0.2424433162514939,6.180024770088494,7.667311783879995,0.0223737526684999,7.689685536548495,3.8457566620782018,11.535442198626695,0.0155387064442038
23,3.406942250423386,0.8895061896880715,0.2487949781046204,0.5584825375945093,0.2487949781046204,0.2583065487398119,0.838520547945175,0.6916515368947829,0.0,0.0,0.8889695998962592,1.0,0.9412217115035422,2495335,2806997,0.0,0.0,0.0,6186,0,1.0,0.7297237690908088,0.8437460155552722,18137,13235,1.0,0.0004459576100508,0.0008915176410251,208540,93,1.0,0.0094903581267217,0.0188022759213524,72600,689,0.0,0.0,0.0,19740,0,0.0204081632653061,0.0019047619047619,0.0034843205574912,525,49,0.3700589835643768,0.6720332503318787,1554255,380,1.5980004333931463,0.7973075425252318,0.1048663258552551,0.9195899963378906,457617,112,1.5044217893427143,0.2432237034663558,0.0481182038784027,0.9860207438468932,406244,100,1.2772681836573874,0.2527139754965901,0.5933342576026917,0.2103508412837982,59686,15,1.6213524112243618,0.1891024960204959,0.0001566528517287,0.9999887347221376,10777209,2632,0.2682297038554009,6.007126849144697,7.489474566653371,0.0928414855152368,7.582316052168608,3.7249102303758255,11.307226282544434,0.0322911040857434
24,3.23898249556744,0.8961104378030551,0.2865648826999938,0.5567805119063577,0.2865648826999938,0.316483043503909,0.8519726392864571,0.6922770172080787,0.0,0.0,0.8952829708041611,0.9999911835485016,0.9447446698190805,2495335,2787178,0.0,0.0,0.0,6186,0,0.9999247214694368,0.7323702927716822,0.8454855033258012,18137,13284,1.0,0.0005466577155461,0.0010927180883184,208540,114,0.998911409465554,0.265426997245179,0.4194099530966035,72600,19291,0.0,0.0,0.0,19740,0,0.0033444816053511,0.0076190476190476,0.0046484601975595,525,1196,0.3704679310321808,0.6667696237564087,1554255,380,1.5740320814411055,0.8170382278040051,0.1079434379935264,0.9091598987579346,457617,112,1.7416425580239994,0.2529797051101923,0.0479822419583797,0.9850164651870728,406244,100,1.3594602449863231,0.3037897245958447,0.5791385173797607,0.2095968872308731,59686,15,1.5917469724778317,0.1749206585809588,0.0001524279941804,0.9999927878379822,10777209,2632,0.2368269639021419,6.2241491340100765,7.772877450101078,0.068177904933691,7.841055355034769,3.751432148739696,11.592487503774464,0.0200462313368916
25,3.3122680575765404,0.8952635939005971,0.2817194232652246,0.5568298855713772,0.2817194232652246,0.3104536199494801,0.8504681840953198,0.6917078910153719,0.0,0.0,0.89441956676881,0.999992786539683,0.9442644452214558,2495335,2789873,0.0,0.0,0.0,6186,0,1.0,0.7312124386613001,0.8447402783528137,18137,13262,1.0,0.0005946101467344,0.001188513591228,208540,124,0.9989352892464214,0.2326170798898071,0.3773601769713762,72600,16906,0.0,0.0,0.0,19740,0,0.0044543429844097,0.0076190476190476,0.0056219255094869,525,898,0.3665018379688263,0.6713892221450806,1554255,380,1.552981565700655,0.7901914194226265,0.0991907939314842,0.9288772344589232,457617,112,1.4530365980148323,0.264174435287714,0.0444314442574977,0.9865475296974182,406244,100,1.2696004049099172,0.2688225414603948,0.5403118133544922,0.2331535071134567,59686,15,1.475903334901652,0.1879089381545782,0.0001681034045759,0.9999908208847046,10777209,2632,0.2572866167819981,6.015960983932018,7.527058318257332,0.0759580675512552,7.603016385808587,3.766193597577512,11.3692099833861,0.0153528694063425
26,3.338391538268906,0.8896618047877697,0.2505194283617558,0.556446304840772,0.2505194283617558,0.2603509240687264,0.8389835088868096,0.6905436307017133,0.0,0.0,0.8893101803970317,1.0,0.941412574413955,2495335,2805922,0.0,0.0,0.0,6186,0,1.0,0.7308264872911727,0.8444826707441386,18137,13255,1.0,0.0007001054953486,0.001399231381118,208540,146,1.0,0.0144903581267217,0.028566773475262,72600,1052,0.0,0.0,0.0,19740,0,0.005813953488372,0.0076190476190476,0.0065952184666117,525,688,0.36824831366539,0.6723491549491882,1554255,380,1.5807309988619782,0.8138151196762919,0.1027550026774406,0.918973743915558,457617,112,1.6217789062372567,0.2868116963654756,0.044781144708395,0.9866533875465392,406244,100,1.261434844940503,0.2352597182616591,0.5536426305770874,0.2281271964311599,59686,15,1.4894301430474612,0.1519739972427487,0.0001506986591266,0.999990165233612,10777209,2632,0.2616585615147497,6.086221165023744,7.57408169656992,0.1043722750619053,7.678453971631825,3.726536338217557,11.40499030984938,0.0375900017097592
27,3.2782922686531357,0.8897422709099372,0.2509299562179539,0.5561667365858789,0.2509299562179539,0.2608981614127213,0.8392381427456701,0.6893738085136202,0.0,0.0,0.8895108489713538,1.0,0.9415249978115784,2495335,2805289,0.0,0.0,0.0,6186,0,1.0,0.7309918950212273,0.8445930880713489,18137,13258,1.0,0.0009015057063393,0.0018013874516116,208540,188,1.0,0.0169972451790633,0.0334263347509277,72600,1234,0.0,0.0,0.0,19740,0,0.0036563071297989,0.0076190476190476,0.0049413218035824,525,1094,0.3639639019966125,0.6708108186721802,1554255,380,1.5209042455577748,0.8011964010074735,0.1020047813653945,0.9218407869338988,457617,112,1.6554565398745738,0.2786898054182529,0.0463330522179603,0.9861684441566468,406244,100,1.3187261240840746,0.2756236754357815,0.5830097794532776,0.2384478747844696,59686,15,1.6173714870567226,0.1221542404964566,0.0001320747396675,0.999993085861206,10777209,2632,0.2420594905513267,5.954514532350004,7.432178654707968,0.0159453265368938,7.448123981244862,3.755886884406209,11.204010865651073,0.0202166140079498
28,3.294182730546443,0.8898592480919426,0.2514308924285812,0.5561065040820417,0.2514308924285812,0.2619554292997731,0.8395566539886918,0.6877459973563234,0.0,0.0,0.8896827414379977,1.0,0.9416212805764136,2495335,2804747,0.0,0.0,0.0,6186,0,1.0,0.7301097204609363,0.8440039516874343,18137,13242,1.0,0.00110290591733,0.0022033817119317,208540,230,1.0,0.0211845730027548,0.0414901939626102,72600,1538,0.0,0.0,0.0,19740,0,0.003062787136294,0.0076190476190476,0.0043691971600218,525,1306,0.3650153577327728,0.6730961203575134,1554255,380,1.528672833965112,0.7543690893799067,0.1006763577461242,0.924727499485016,457617,112,1.4817587736793534,0.2932845521718263,0.0458488911390304,0.9863604307174684,406244,100,1.2675025341377282,0.2551974933594465,0.5566390156745911,0.247746542096138,59686,15,1.579858037240551,0.1115650590509176,0.0001394643913954,0.999990940093994,10777209,2632,0.2557129693572946,6.002971451729536,7.417387645691633,0.0857545211911201,7.503142166882753,3.7000564401969314,11.203198607079685,0.0121714193373918
29,3.26202682451032,0.8928896660585035,0.2683250928267512,0.5563423398171258,0.2683250928267512,0.2911233078998551,0.8461014378305306,0.6881742693443212,0.0,0.0,0.8923620771659795,0.9999943895308646,0.943117310401586,2495335,2796310,0.0,0.0,0.0,6186,0,1.0,0.7313227104813365,0.8448138594312283,18137,13264,1.0,0.0014193919631725,0.0028347602903713,208540,296,0.998603769821482,0.1379201101928374,0.2423662967310927,72600,10027,0.0,0.0,0.0,19740,0,0.0034305317324185,0.0076190476190476,0.0047309284447072,525,1166,0.3605065643787384,0.6715152859687805,1554255,380,1.5511375601649076,0.8532791985198855,0.1014796271920204,0.9131064414978028,457617,112,1.7116239435726437,0.2650697249919176,0.0438508801162242,0.9865081310272216,406244,100,1.296155810580499,0.2848597289994359,0.5671870708465576,0.2454511970281601,59686,15,1.4067031176699627,0.1708587016910314,0.0001235013187397,0.9999912977218628,10777209,2632,0.2418950368951403,5.928385812789202,7.502453166991472,0.0658419756218791,7.568295142613351,3.708378093317151,11.276673235930502,0.017188006080687
30,3.209079555705444,0.8945868986265106,0.2777995437074707,0.5564595178146595,0.2777995437074707,0.3048199545502713,0.8494426763764893,0.6917167054711728,0.0,0.0,0.8941026864798858,0.9999935880352738,0.94408818131894,2495335,2790864,0.0,0.0,0.0,6186,0,1.0,0.7322600209516458,0.8454389203641225,18137,13281,1.0,0.0016112016879255,0.0032172197859016,208540,336,0.9989161360249288,0.2031129476584022,0.3375838465236602,72600,14762,0.0,0.0,0.0,19740,0,0.0021978021978021,0.0076190476190476,0.003411513859275,525,1820,0.3611873388290405,0.6737626791000366,1554255,380,1.4816035234616889,0.7587574347853661,0.0937969610095024,0.9341524243354796,457617,112,1.5218223415552616,0.2526582852005958,0.0431651473045349,0.987539529800415,406244,100,1.2291781446323755,0.2560273734852671,0.5896949172019958,0.2389169931411743,59686,15,1.569004310435104,0.1016505667939782,0.0001600400282768,0.9999895691871644,10777209,2632,0.2410159350791989,6.115825600922108,7.484919261187315,0.0767513075843453,7.56167056877166,3.731067494489253,11.292738063260911,0.0128685496747493
31,3.1935830788639485,0.8928386214699919,0.268488385749921,0.5562879596043705,0.268488385749921,0.290314703834109,0.8464257605588468,0.6880755982280908,0.0,0.0,0.8931630998528891,0.9999971947654324,0.9435657369952988,2495335,2793810,0.0,0.0,0.0,6186,0,1.0,0.7315432541214093,0.844960993472377,18137,13268,1.0,0.0018078066557974,0.0036090887768826,208540,377,0.9992843999182172,0.1346418732782369,0.2373091209244738,72600,9782,0.0,0.0,0.0,19740,0,0.0015682174594877,0.0114285714285714,0.002757986669731,525,3826,0.3593080043792724,0.6733297109603882,1554255,380,1.4976912055117573,0.733127816580236,0.0928459838032722,0.9332892298698424,457617,112,1.559291011849307,0.2620928082615137,0.0428629890084266,0.9877758622169496,406244,100,1.2520634696287176,0.2539793141186237,0.5456933975219727,0.254448264837265,59686,15,1.5092182746418064,0.1813334133476019,0.0001284039171878,0.999990940093994,10777209,2632,0.2503815248233479,6.066183560527861,7.496716912835836,0.028650146909058,7.5253670597448945,3.776061338372529,11.301428398117425,0.0264244573190808
32,3.217195840282636,0.8899553111717108,0.252173245276423,0.5560613884619702,0.252173245276423,0.262505511797067,0.83989305369584,0.6885132154302334,0.0,0.0,0.8900095837062014,1.0,0.9418043076384228,2495335,2803717,0.0,0.0,0.0,6186,0,1.0,0.7318740695815185,0.8451816242717519,18137,13274,1.0,0.0020379783255011,0.0040676668341588,208540,425,1.0,0.0217768595041322,0.0426254701338617,72600,1581,0.0,0.0,0.0,19740,0,0.0024201355275895,0.0095238095238095,0.0038595137012736,525,2066,0.3604995012283325,0.6756677627563477,1554255,380,1.464415111134861,0.7422348484396935,0.090214654803276,0.9324260354042052,457617,112,1.5148218024640137,0.2725614095106721,0.0403003618121147,0.9874706268310548,406244,100,1.2317915905284873,0.2301360247656703,0.5556154251098633,0.2512146830558777,59686,15,1.3144896411499831,0.1540585057809949,0.0001273297675652,0.999990940093994,10777209,2632,0.2430805533036734,5.901583095081151,7.300573883578181,0.0917448159307241,7.392318699508905,3.727472527883947,11.119791227392852,0.01771692186594
33,3.107084772084823,0.8917961066449065,0.2603868695188412,0.5560120582516338,0.2603868695188412,0.2771045089978752,0.8443539010692881,0.694077132735815,0.0,0.0,0.8920330483499419,0.9999995992522046,0.9429358335863552,2495335,2797356,0.0,0.0,0.0,6186,0,0.999924800721913,0.7331421955119369,0.8459996818832511,18137,13298,0.9982683982683984,0.011057830632013,0.0218733696940953,208540,2310,1.0,0.0670798898071625,0.1257260875177488,72600,4870,0.0,0.0,0.0,19740,0,0.001858160421183,0.0114285714285714,0.003196590303676,525,3229,0.3600777089595794,0.6746724247932434,1554255,380,1.4612265456461262,0.7867099223658442,0.0887001380324363,0.9366173148155212,457617,112,1.5122037554352223,0.2796735540032387,0.0406458936631679,0.987406611442566,406244,100,1.2537482554284771,0.2737140487879514,0.5353428721427917,0.2534765303134918,59686,15,1.454714451856705,0.1138711180537939,0.0001660420384723,0.9999889731407166,10777209,2632,0.2336280822243155,6.053809232078493,7.507777875289321,0.0350741120055317,7.542851987294853,3.780138684436679,11.322990671731532,0.0112310070544481
34,3.102232046897967,0.8905543761341026,0.2537718229478053,0.5557740439778357,0.2537718229478053,0.2648208293970266,0.8415243961913568,0.6939494395627958,0.0,0.0,0.8909340577927528,0.9999975955132276,0.9423205899546386,2495335,2800801,0.0,0.0,0.0,6186,0,0.9995490417136416,0.7332524673319734,0.8459385535271293,18137,13305,0.9981042654028436,0.0100987820082478,0.0199952527889864,208540,2110,1.0,0.021625344352617,0.0423351759471484,72600,1570,0.0,0.0,0.0,19740,0,0.0018309429356118,0.0114285714285714,0.0031562335612835,525,3277,0.3579084873199463,0.6737350225448608,1554255,380,1.4390949168473373,0.7595315938815475,0.0843816697597503,0.94316428899765,457617,112,1.4226162032783842,0.2644046060740948,0.0386574529111385,0.9879654049873352,406244,100,1.1987287264964694,0.2808336922898888,0.565460205078125,0.2615521252155304,59686,15,1.366316581306288,0.1873961379751563,0.0001412764249835,0.999991774559021,10777209,2632,0.2400421027589663,6.000824464485049,7.492990494705737,0.0976660205051302,7.590656515210867,3.767937635071576,11.358594150282444,0.0132947983220219
35,3.189909859717869,0.8915001189268017,0.2594668369537181,0.5561720553662269,0.2594668369537181,0.2757430505659932,0.8435726331291823,0.6887984252873467,0.0,0.0,0.8915849609273812,1.0,0.9426856095221507,2495335,2798763,0.0,0.0,0.0,6186,0,1.0,0.7311573027512819,0.844703484298363,18137,13261,0.9993654822335024,0.0075525079121511,0.0149917188600582,208540,1576,1.0,0.066129476584022,0.1240552447642795,72600,4801,0.0,0.0,0.0,19740,0,0.0022539444027047,0.0114285714285714,0.0037652965171007,525,2662,0.3540852963924408,0.6707258820533752,1554255,380,1.4926827817084487,0.7799096470698714,0.0842583999037742,0.9389992356300354,457617,112,1.489763351372979,0.255238763988018,0.0405610129237175,0.9880958795547484,406244,100,1.2107499127296155,0.2249668771401047,0.5063835978507996,0.265422374010086,59686,15,1.4049629739308616,0.093752154149115,0.0001298360584769,0.9999905824661256,10777209,2632,0.2564344653102011,5.996699367649853,7.350566809996962,0.0915380157530307,7.442104825749993,3.724986090324819,11.167090916074812,0.0140820182859897
36,3.2055593485235505,0.8906422862587613,0.2531979973786364,0.5559610335552727,0.2531979973786364,0.2642656333085132,0.8416268976770919,0.6882625654869485,0.0,0.0,0.8907530118224002,1.0,0.9422203812478382,2495335,2801377,0.0,0.0,0.0,6186,0,1.0,0.7309918950212273,0.8445930880713489,18137,13258,0.9985401459854014,0.0131197851731082,0.0258992805755395,208540,2740,1.0,0.0168457300275482,0.0331333053384446,72600,1223,0.0,0.0,0.0,19740,0,0.0024340770791075,0.0114285714285714,0.0040133779264214,525,2465,0.3554286658763885,0.6759083867073059,1554255,380,1.4503207515320715,0.8645572988316417,0.0873535051941871,0.9344430565834044,457617,112,1.5866364889207445,0.2338005108758807,0.0408133678138256,0.9871481657028198,406244,100,1.2928069404557891,0.2792846038937568,0.537289023399353,0.261351078748703,59686,15,1.4138781337785935,0.1875267075374722,0.000134079818963,0.9999891519546508,10777209,2632,0.2483067478223943,6.112023964524269,7.677193085663021,0.0679854545742273,7.745178540237248,3.731619094498456,11.476797634735703,0.0193087430670857
37,3.181900762302828,0.8946329805466946,0.271750445872399,0.5563270478494982,0.271750445872399,0.2973620346614137,0.8505029113089301,0.6858078497450769,0.0,0.0,0.8943734437930393,1.0,0.9442419568575304,2495335,2790037,0.0,0.0,0.0,6186,0,1.0,0.7311573027512819,0.844703484298363,18137,13261,0.997946611909651,0.0256353697132444,0.0499866758299555,208540,5357,1.0,0.1359366391184573,0.2393384180722453,72600,9869,0.0,0.0,0.0,19740,0,0.0019692792437967,0.0095238095238095,0.0032637075718015,525,2539,0.3557265698909759,0.6746415495872498,1554255,380,1.4829741719445928,0.7608838127925992,0.0844667628407478,0.940297305583954,457617,112,1.5666072426956816,0.226797285489738,0.0384776182472705,0.987475574016571,406244,100,1.2566634143485864,0.2659939546138048,0.5504925847053528,0.2612673044204712,59686,15,1.452983772429079,0.1788929551839828,0.0001289116044063,0.9999916553497314,10777209,2632,0.2361111704174817,6.132797126658261,7.565365134738386,0.0595475109294056,7.624912645667791,3.757609303109348,11.38252194877714,0.0171993775293231
38,3.149742207988655,0.8918375803730721,0.2565282030730812,0.5560512873198826,0.2565282030730812,0.2704150429401469,0.8444616318709824,0.6932642934649925,0.0,0.0,0.8918669791892284,1.0,0.9428432220656904,2495335,2797878,0.0,0.0,0.0,6186,0,1.0,0.7327562441418095,0.845769561205333,18137,13290,0.9981718464351006,0.0261820274287906,0.0510256530068688,208540,5470,1.0,0.0253305785123966,0.049409583685971,72600,1839,0.0,0.0,0.0,19740,0,0.0023201856148491,0.0114285714285714,0.0038572806171648,525,2586,0.3529956936836242,0.6739512085914612,1554255,380,1.4296129043066907,0.7784269396215677,0.0827584937214851,0.9436603784561156,457617,112,1.440568576840951,0.2482110485434532,0.0375196821987628,0.9883174300193788,406244,100,1.2135644168385775,0.2774339858442545,0.5380914211273193,0.2651877999305725,59686,15,1.4010868081117298,0.1002185381948947,0.000131585940835,0.9999901056289672,10777209,2632,0.2368790471170717,5.848108417354524,7.252398929558694,0.0493036601692438,7.301702589727938,3.765511247329414,11.067213837057352,0.0213238829746842
39,3.039837668584977,0.9022513853820352,0.305312732404449,0.5571836081333321,0.305312732404449,0.3444560604548668,0.8652671908539588,0.6936532463159368,0.0,0.0,0.9013367730339416,0.9999911835485016,0.9481045322260964,2495335,2768458,0.0,0.0,0.0,6186,0,1.0,0.7335832827920825,0.8463202086381273,18137,13305,0.997905252980986,0.0593938812697803,0.1121148484738766,208540,12412,0.9990954319312528,0.3346969696969697,0.501418681193962,72600,24321,0.0,0.0,0.0,19740,0,0.0019477989871445,0.0095238095238095,0.0032341526520051,525,2567,0.3505730628967285,0.6735883355140686,1554255,380,1.4123711521428983,0.8497900906950235,0.0788810774683952,0.95039963722229,457617,112,1.4054880990585816,0.2823722902685404,0.0373112075030803,0.9884478449821472,406244,100,1.2206814599975644,0.2804696634411812,0.5064669251441956,0.2634118497371673,59686,15,1.3379289767761915,0.1214330708608031,0.0001342953037237,0.999993085861206,10777209,2632,0.2238916759631441,6.123630844056606,7.657695959322154,0.0412093261256814,7.698905285447836,3.762603278271854,11.46150856371969,0.016330768354237
40,3.161339164125312,0.8932923511456498,0.2592139890484645,0.5561743889866846,0.2592139890484645,0.2761245328190634,0.8478247899764629,0.6933128003643223,0.0,0.0,0.8931627281509646,1.0,0.9435667783543455,2495335,2793819,0.0,0.0,0.0,6186,0,1.0,0.7318189336715002,0.8451448583253741,18137,13273,0.9980832712171228,0.0449458137527572,0.0860180515851347,208540,9391,1.0,0.0282093663911845,0.0548708605722859,72600,2048,0.0,0.0,0.0,19740,0,0.0019747235387045,0.0095238095238095,0.0032711808963035,525,2532,0.3484724462032318,0.6736732721328735,1554255,380,1.3616877276552202,0.8067462760955095,0.0782903954386711,0.9538129568099976,457617,112,1.2873141709393503,0.2645864263176918,0.0364318750798702,0.989599883556366,406244,100,1.1468016134365984,0.2612055176869035,0.5409013628959656,0.2662936151027679,59686,15,1.309488205038985,0.1686992133036255,0.0001305323385167,0.9999884366989136,10777209,2632,0.2546826672744577,5.805650822818279,7.30688825622201,0.0807901341468095,7.387678390368819,3.747147609479725,11.134825999848545,0.0133675877004861
41,3.1315181293886685,0.9007363536369092,0.28383919804769825,0.5569893442414569,0.28383919804769825,0.31934220847809164,0.8638359102883821,0.6930161047092636,0.0,0.0,0.8996876574016687,1.0,0.9471953496105063,2495335,2773557,0.0,0.0,0.0,6186,0,1.0,0.731763797761482,0.8451080900378872,18137,13272,0.9969428584273704,0.1063345161599693,0.19217186707859765,208540,22243,1.0,0.14115702479338843,0.2473928157589803,72600,10248,0.0,0.0,0.0,19740,0,0.002294893861158921,0.007619047619047619,0.003527336860670194,525,1743,0.35391920804977417,0.6750025153160095,1554255,380,1.4292559884502885,1.0077443048357964,0.08237214386463165,0.9416236877441406,457617,112,1.5580327053766614,0.2786433035507798,0.038654301315546036,0.9877930879592896,406244,100,1.2450380827514778,0.2933219186961651,0.5778764486312866,0.2648192048072815,59686,15,1.4644308210741557,0.11285087186843157,0.00011827256093965843,0.9999909996986389,10777209,2632,0.23423282836218384,5.903042275458574,7.595602674409747,0.06128316093236208,7.656885835342109,5.210282909683883,12.867168745025992,2.2944890409708023
42,3.1310993534187297,0.8991713407321992,0.2699634475694707,0.5568062341256956,0.2699634475694707,0.2951768412543973,0.8603093529063076,0.6922061482176319,0.0,0.0,0.8982678177830271,1.0,0.9464078876205227,2495335,2777941,0.0,0.0,0.0,6186,0,1.0,0.7318740695815185,0.8451816242717519,18137,13274,0.9971108154343281,0.1257744317636904,0.22337286295215994,208540,26305,1.0,0.024476584022038568,0.04778358901273243,72600,1777,0.0,0.0,0.0,19740,0,0.0022650056625141564,0.007619047619047619,0.003491924923614142,525,1766,0.3482009768486023,0.6777298450469971,1554255,380,1.3888075221751754,0.7841237792745233,0.08235582709312439,0.9435248374938965,457617,112,1.4870112853595425,0.24772454239428043,0.03528460115194321,0.9890780448913574,406244,100,1.1923706798420466,0.20475477445870638,0.5445377826690674,0.26694703102111816,59686,15,1.3024383141305815,0.10456167068332434,0.00014339412155095488,0.9999897480010986,10777209,2632,0.23977050734639302,6.01978749409318,7.360952260904014,0.07484680786728859,7.435799068771303,5.144733002409339,12.580532071180642,0.035737703554332256
43,3.1196803185408735,0.9013311648835918,0.27455116987030104,0.5570711623314895,0.27455116987030104,0.30259962506221516,0.8646544015108174,0.6923048616615518,0.0,0.0,0.9002683485775145,1.0,0.9475170696301174,2495335,2771768,0.0,0.0,0.0,6186,0,1.0,0.7319292054915366,0.8452183878772443,18137,13275,0.9970404062431851,0.1534669607749113,0.26599179684091107,208540,32099,1.0,0.02884297520661157,0.0560687605430155,72600,2094,0.0,0.0,0.0,19740,0,0.0021893814997263274,0.007619047619047619,0.003401360544217687,525,1827,0.3455567955970764,0.674460768699646,1554255,380,1.381164450984491,0.8850645432248712,0.08191817998886108,0.942364513874054,457617,112,1.6064563346473073,0.25369555689394474,0.037825338542461395,0.989028811454773,406244,100,1.1855453125127964,0.28464850783348083,0.5355907082557678,0.2670140266418457,59686,15,1.2756705130354922,0.09978147502988577,0.00010759916040115058,0.9999922513961792,10777209,2632,0.23553595761264617,5.937123822979629,7.4603139059618115,0.05449136812239885,7.51480527408421,5.151668745093048,12.666474019177258,0.010043768212199211
44,3.0967992779821163,0.8986495516051928,0.26991194617856845,0.556702628478016,0.26991194617856845,0.29516528390323094,0.8593291981934352,0.6933074496722753,0.0,0.0,0.8978544339778787,1.0,0.9461783979880767,2495335,2779220,0.0,0.0,0.0,6186,0,1.0,0.7334178750620279,0.8462101211870606,18137,13302,0.9970262679662977,0.11575716888846264,0.20743108544717123,208540,24212,1.0,0.03258953168044077,0.06312194861670624,72600,2366,0.0,0.0,0.0,19740,0,0.0020376974019358125,0.007619047619047619,0.003215434083601286,525,1963,0.3463980555534363,0.6761143207550049,1554255,380,1.368712328311853,0.8045524684712291,0.0777653381228447,0.9528208374977112,457617,112,1.443281091088601,0.22413210477679968,0.03428993001580238,0.9892207980155945,406244,100,1.2186433412268423,0.28734486550092697,0.5067166686058044,0.2747713029384613,59686,15,1.2880762156249053,0.10669440776109695,0.00013100268552079797,0.9999902844429016,10777209,2632,0.2349977886327032,6.0715819941833615,7.494305840693414,0.01972310058772564,7.51402894128114,5.143109394237399,12.657138335518539,0.010378549806773663
45,3.0891855797361862,0.9115078252417617,0.3190760312609812,0.5583748748428733,0.3190760312609812,0.36972130222632266,0.8843700449814476,0.6930338265721001,0.0,0.0,0.90976157967366,1.0,0.9527488555185198,2495335,2742845,0.0,0.0,0.0,6186,0,1.0,0.7325357005017368,0.845622633103141,18137,13286,0.996868526280291,0.19844634122950033,0.33100050389115954,208540,41514,1.0,0.294931129476584,0.4555163170659065,72600,21412,0.0,0.0,0.0,19740,0,0.0019940179461615153,0.007619047619047619,0.0031608060055314103,525,2006,0.3479744493961334,0.6769558787345886,1554255,380,1.3589299380481477,0.774704048410058,0.07591692358255386,0.9561205506324768,457617,112,1.3553093799693574,0.23734923265874386,0.035125844180583954,0.9892257452011108,406244,100,1.183550375121609,0.22689892258495092,0.5138953328132629,0.2737995386123657,59686,15,1.3895885336665177,0.12821367662400007,0.00010663564171409234,0.9999926090240479,10777209,2632,0.23399177901362359,5.941010178998113,7.3081760592758656,0.024635006673634052,7.3328110659495,5.21562388446182,12.54843495041132,0.01853055227547884
46,3.0035402935821995,0.9139129469990568,0.3462903005202952,0.5590911593247645,0.3462903005202952,0.3906981952112191,0.8885720889298463,0.6928414102168068,0.0,0.0,0.9147520983512326,0.9999907828007061,0.9554741536352012,2495335,2727856,0.0,0.0,0.0,6186,0,1.0,0.7336384187021007,0.846356899786916,18137,13306,0.996821945304006,0.17146350819986572,0.2925973053585968,208540,35871,0.9993200496659375,0.4656060606060606,0.6352395091425028,72600,33826,0.0,0.0,0.0,19740,0,0.0027440219521756176,0.05333333333333334,0.0052194985553173645,525,10204,0.350014865398407,0.6759675741195679,1554255,380,1.5122504081823664,0.7782343244180083,0.07821571826934814,0.9467568397521973,457617,112,1.4458559406429567,0.2561849048361182,0.034041620790958405,0.9896023273468018,406244,100,1.17936444793374,0.2275676317512989,0.5181634426116943,0.27798813581466675,59686,15,1.4113421598328397,0.17457776330411434,0.00012007138138869777,0.9999914169311523,10777209,2632,0.21863836714016904,6.0326920710504055,7.469256695359945,0.055091957561671734,7.524348652921617,5.212561887688935,12.736910540610552,0.009950469247996807
47,3.0987093997462813,0.9094550529357196,0.31557405156311064,0.5581345707156793,0.31557405156311064,0.3641906092043134,0.8805395505329773,0.6928210675241345,0.0,0.0,0.9079206753597181,0.9999983970088184,0.9517376634259117,2495335,2748402,0.0,0.0,0.0,6186,0,1.0,0.7325357005017368,0.845622633103141,18137,13286,0.9969904933340834,0.16997698283302964,0.29043729055200046,208540,35554,0.9998145142592163,0.29698347107438017,0.45794084851059313,72600,21565,0.0,0.0,0.0,19740,0,0.002216312056737589,0.009523809523809525,0.003595828838547285,525,2256,0.3464745879173279,0.6780611872673035,1554255,380,1.3593743340720814,0.8161316579207778,0.0702684223651886,0.9618087410926819,457617,112,1.2242551006709337,0.23136648815125227,0.03260503709316254,0.9905500411987305,406244,100,1.148684222130302,0.20708737149834633,0.5379499793052673,0.26667895913124084,59686,15,1.2003174313060572,0.11247985158115625,0.00011197090498171747,0.9999889731407166,10777209,2632,0.2448864504815006,5.978202584199607,7.34526795335114,0.01849974226206541,7.363767695613205,5.304002169519663,12.667769865132868,0.015182876959443092
48,3.071294781285842,0.9116035338452207,0.3206480611103892,0.5583709532163983,0.3206480611103892,0.3712045149729099,0.8845375099990324,0.6899149378673044,0.0,0.0,0.909960703601003,0.9999967940176369,0.9528565818009913,2495335,2742236,0.0,0.0,0.0,6186,0,1.0,0.7329767877818824,0.8459164519105342,18137,13294,0.9968506628256146,0.19579936702790832,0.3273093093815255,208540,40961,0.999640303943168,0.3062396694214876,0.4688478611570945,72600,22241,0.0,0.0,0.0,19740,0,0.002145002145002145,0.009523809523809525,0.0035014005602240898,525,2331,0.3479151129722595,0.675061047077179,1554255,380,1.4244055702095455,0.7929040100425482,0.07905186712741852,0.9471392631530762,457617,112,1.5416763270860505,0.22435553558170795,0.03536291792988777,0.9896417260169983,406244,100,1.1748255559759515,0.23593243397772312,0.4724259674549103,0.2770833969116211,59686,15,1.3013436663123794,0.10758122708648443,0.00010913462756434456,0.9999922513961792,10777209,2632,0.2259254496466917,5.937696613371372,7.298469820059836,0.0544425779953599,7.352912398055196,5.099408194422722,12.452320592477918,0.020551009103655815
49,3.1335401884182508,0.9014197839608686,0.2749873369570484,0.5571531252451949,0.2749873369570484,0.30330058869506804,0.8647720977245507,0.6898699457976675,0.0,0.0,0.9002202808454514,1.0,0.9474904461549297,2495335,2771916,0.0,0.0,0.0,6186,0,1.0,0.7329767877818824,0.8459164519105342,18137,13294,0.9970524356189885,0.1540951376234775,0.26693524940814883,208540,32230,1.0,0.03022038567493113,0.05866780757814798,72600,2194,0.0,0.0,0.0,19740,0,0.0027991602519244225,0.007619047619047619,0.0040941658137154556,525,1429,0.3431648015975952,0.6766444444656372,1554255,380,1.2986732376216323,0.7895032530650496,0.07817649841308594,0.949311375617981,457617,112,1.4815225966090562,0.2672980837523937,0.032844845205545425,0.9900650978088379,406244,100,1.152489873948033,0.22567949444055557,0.5332949161529541,0.2751398980617523,59686,15,1.3073905145812117,0.09833066631108522,0.0001281752047361806,0.9999879002571106,10777209,2632,0.24441823125236115,5.939637781120837,7.320449278689921,0.05718271527439356,7.3776319939643145,3.768570199608803,11.146202193573117,0.009591350331902504
50,3.089473523590917,0.9086216791330076,0.28941950591730664,0.558224941843394,0.28941950591730664,0.32438823820118845,0.8780226508884919,0.689412465996968,0.0,0.0,0.9067664036367534,1.0,0.9511038183883337,2495335,2751905,0.0,0.0,0.0,6186,0,1.0,0.7327011082317914,0.8457328326863107,18137,13289,0.9970487907707639,0.24948690898628562,0.399107094913356,208540,52182,1.0,0.03612947658402204,0.06973930845619027,72600,2623,0.0,0.0,0.0,19740,0,0.0037593984962406013,0.007619047619047619,0.005034612964128383,525,1064,0.34315526485443115,0.676805317401886,1554255,380,1.3378485401523406,0.8373733283951879,0.07450618594884872,0.9542150497436523,457617,112,1.4189284002683724,0.2883248934522271,0.03380754590034485,0.9897131323814392,406244,100,1.2048715398127867,0.27472382690757513,0.5257067084312439,0.2735147178173065,59686,15,1.3377625285730914,0.11353527195751667,9.727545693749562e-05,0.999991774559021,10777209,2632,0.22714503713462825,6.142564587295055,7.656521908007562,0.045839766040444374,7.7023616740480065,5.139508857391775,12.841870531439781,0.010892537422478199
51,2.9618297884502747,0.939057723985604,0.39090896670137143,0.5635135890966765,0.39090896670137143,0.4307010333628269,0.9304512374142959,0.6928331096846219,0.0,0.0,0.9449785562130177,0.9999995992522046,0.9717108388694616,2495335,2640625,0.0,0.0,0.0,6186,0,1.0,0.7337486905221371,0.8464302750834791,18137,13308,0.9970810801690612,0.5667545794571784,0.7227105543954482,208540,118537,0.999955037992896,0.30633608815427,0.46899547663984986,72600,22241,0.0,0.0,0.0,19740,0,0.0025804493017607772,0.1295238095238095,0.005060088551549652,525,26352,0.34288957715034485,0.6793537735939026,1554255,380,1.3944905198985207,0.7819256810471416,0.07533393055200577,0.9535922408103943,457617,112,1.4744443995355998,0.25865665171295404,0.03321398049592972,0.989678680896759,406244,100,1.2076226490044708,0.2544517470523715,0.5361030101776123,0.2746707797050476,59686,15,1.320641472775677,0.13676052913069725,0.000116348521260079,0.9999921321868896,10777209,2632,0.21807107584088248,6.339253798127174,7.771048407070339,0.05320220813155174,7.8242506152018905,3.9702268466353416,11.794477461837232,0.018961931578814983
52,3.0101606579013174,0.9159026225220777,0.3358574339726883,0.5590126663350353,0.3358574339726883,0.38986057131017404,0.891688211071018,0.6930482225054971,0.0,0.0,0.9136687565472775,0.9999931872874784,0.954883943768904,2495335,2731097,0.0,0.0,0.0,6186,0,1.0,0.7337486905221371,0.8464302750834791,18137,13308,0.9969742178142926,0.22751990025894314,0.3704901007687472,208540,47591,0.9993875860081415,0.38212121212121214,0.5528552496537431,72600,27759,0.0,0.0,0.0,19740,0,0.0030581039755351682,0.007619047619047619,0.00436442989634479,525,1308,0.34386909008026123,0.6772350668907166,1554255,380,1.324089665718313,0.9237768650054932,0.06946586817502975,0.9635306596755981,457617,112,1.3247196976927538,0.2514883689582348,0.031743455678224564,0.9907814264297485,406244,100,1.116288966274234,0.2664452251046896,0.5053446888923645,0.2830982208251953,59686,15,1.2393709729281188,0.13229321222752333,0.00012115552817704156,0.9999914169311523,10777209,2632,0.23017891658469133,6.14134521689266,7.7153488881886005,0.050562500953674316,7.765911389142275,3.7768462616950274,11.542757650837302,0.020488722249865532
53,3.0638854569766742,0.9059599165279187,0.2850715240510079,0.5577852430290403,0.2850715240510079,0.31881307792485775,0.8734270706936811,0.6928833498617548,0.0,0.0,0.904359187164535,1.0,0.9497779549781952,2495335,2759230,0.0,0.0,0.0,6186,0,1.0,0.7337486905221371,0.8464302750834791,18137,13308,0.996985425780276,0.2109235638246859,0.34818470745154534,208540,44119,1.0,0.04320936639118457,0.08283929915365013,72600,3137,0.0,0.0,0.0,19740,0,0.0031520882584712374,0.007619047619047619,0.004459308807134894,525,1269,0.3422110974788666,0.6781712174415588,1554255,380,1.3392623955251965,0.8379769884049892,0.07219991087913513,0.9565794467926025,457617,112,1.3664625340418997,0.26062383968383074,0.032246220856904984,0.9905722141265869,406244,100,1.1606850719312505,0.22527946438640356,0.4904838502407074,0.2790771722793579,59686,15,1.2627418561855537,0.1731193233281374,0.00012773928756359965,0.9999882578849792,10777209,2632,0.23961583313958443,6.235281986184418,7.732281601987779,0.05834534391760826,7.790626945905387,3.8018294386565685,11.592456384561956,0.01654873602092266
54,3.0166605549978245,0.9124326539322234,0.3104792738152236,0.5583696179414768,0.3104792738152236,0.3596035429667873,0.8859267875832172,0.6937093394609067,0.0,0.0,0.9102128955657244,1.0,0.9529962840044149,2495335,2741485,0.0,0.0,0.0,6186,0,1.0,0.7337486905221371,0.8464302750834791,18137,13308,0.9970026879121304,0.24723314472043734,0.39621445285933304,208540,51713,1.0,0.19046831955922866,0.3199888924885454,72600,13828,0.0,0.0,0.0,19740,0,0.0013717421124828531,0.0019047619047619048,0.001594896331738437,525,729,0.33893436193466187,0.67839515209198,1554255,380,1.2899745532301072,0.7862481474876404,0.07261288911104202,0.9597393274307251,457617,112,1.3758582290356336,0.23152550775557756,0.030315706506371498,0.9903358817100525,406244,100,1.161159894048318,0.3033246695995331,0.5573409199714661,0.27963006496429443,59686,15,1.4602534348785512,0.1507673365995288,0.00011857796198455617,0.9999906420707703,10777209,2632,0.2229408584400296,6.145829712972045,7.617695374414325,0.03942191135138273,7.6571172857657075,3.8003466203808784,11.457463906146586,0.017852772027254105
55,3.0176982274023247,0.9112139643815115,0.29465839745161293,0.5583746369685408,0.29465839745161293,0.33245714199781234,0.8824723713589876,0.6929793627119575,0.0,0.0,0.9089642440709429,1.0,0.9523114399801854,2495335,2745251,0.0,0.0,0.0,6186,0,1.0,0.7337486905221371,0.8464302750834791,18137,13308,0.9970404136617227,0.28108756113934974,0.43854084060269627,208540,58792,1.0,0.045867768595041325,0.08771236665349665,72600,3330,0.0,0.0,0.0,19740,0,0.002617801047120419,0.0019047619047619048,0.002205071664829107,525,382,0.34116804599761963,0.6782786846160889,1554255,380,1.2928976740994442,0.8088235957548022,0.07312210649251938,0.9539375305175781,457617,112,1.4263823213875255,0.28819139394909143,0.03163142129778862,0.9912319183349609,406244,100,1.1950680215462977,0.21332745626568794,0.508704662322998,0.2779378592967987,59686,15,1.2929210560406603,0.16473780199885368,0.00011224389891140163,0.9999909996986389,10777209,2632,0.22853025543417887,6.122509215027094,7.597589462995529,0.07272117026150227,7.670310633257031,3.7217826461419463,11.392093279398978,0.011097407899796963
56,3.025901036886353,0.9120320957029319,0.2963736331076852,0.5584824530390091,0.2963736331076852,0.3342495653833696,0.8838766291168652,0.6930078454758312,0.0,0.0,0.9098740349155116,1.0,0.9528105186850842,2495335,2742506,0.0,0.0,0.0,6186,0,1.0,0.7337486905221371,0.8464302750834791,18137,13308,0.9970431117573064,0.29266327802819603,0.4525028451954195,208540,61213,1.0,0.044393939393939395,0.08501378209778036,72600,3223,0.0,0.0,0.0,19740,0,0.0024600246002460025,0.0038095238095238095,0.0029895366218236174,525,813,0.34127315878868103,0.6794374585151672,1554255,380,1.3131148453582642,0.7444245470687747,0.07045937329530716,0.9617409706115723,457617,112,1.2929044157197793,0.23388525564223528,0.031688589602708817,0.9911826848983765,406244,100,1.120719989418368,0.2929962193593383,0.4869263768196106,0.2874543368816376,59686,15,1.344079813361772,0.1915693860501051,0.00011020649981219321,0.9999915957450867,10777209,2632,0.22757580311121434,6.033551630564034,7.496427038684487,0.06120767071843147,7.557634709402919,3.8048757249489427,11.362510434351861,0.010158161632716656
57,2.9865146112766774,0.9234593484796334,0.3387813950214778,0.5598632660594538,0.3387813950214778,0.3951883138192297,0.9041737383394176,0.692039659950512,0.0,0.0,0.9206950738910803,1.0,0.9587102985856791,2495335,2710273,0.0,0.0,0.0,6186,0,1.0,0.7338038264321552,0.8464669592316988,18137,13309,0.9970302654684433,0.3702790831495157,0.5400086716925185,208540,77448,1.0,0.26548209366391184,0.4195746348259573,72600,19274,0.0,0.0,0.0,19740,0,0.0013175230566534915,0.0019047619047619048,0.001557632398753894,525,759,0.3399815857410431,0.6791202425956726,1554255,380,1.2983627618586773,0.7921718517318368,0.07089082896709442,0.9554846286773682,457617,112,1.4628804146648444,0.29071494191884995,0.031232474371790886,0.9908552765846252,406244,100,1.14831791834188,0.21479890495538712,0.5105438828468323,0.2815065383911133,59686,15,1.2634964891974334,0.17888901848345995,0.00013165130803827196,0.9999926090240479,10777209,2632,0.2248908902615171,6.1626466969028115,7.639221413992345,0.030954021029174328,7.67017543502152,3.780520608648658,11.450696043670177,0.010764827951788902
58,3.0285183287528894,0.9132238450541516,0.2987529062773701,0.5585168538139438,0.2987529062773701,0.3376385191193311,0.8858531509591817,0.6933792173407446,0.0,0.0,0.9109189737748963,1.0,0.9533831483973756,2495335,2739360,0.0,0.0,0.0,6186,0,1.0,0.7337486905221371,0.8464302750834791,18137,13308,0.9969837370565006,0.3074901697516064,0.470017371673178,208540,64318,1.0,0.0481267217630854,0.09183378452966068,72600,3494,0.0,0.0,0.0,19740,0,0.0017152658662092624,0.0019047619047619048,0.0018050541516245488,525,583,0.339477002620697,0.6781583428382874,1554255,380,1.3141498286613982,0.7672916352748871,0.06758806854486465,0.9675427675247192,457617,112,1.2307170488725823,0.24534440506249666,0.02988901175558567,0.9914854764938354,406244,100,1.099026569587742,0.28952851239591837,0.48124247789382935,0.2829474210739136,59686,15,1.2010533789980766,0.12087447382509708,0.00011089604231528938,0.9999898076057434,10777209,2632,0.2308757878010555,6.119741978123784,7.542781004682183,0.041302130557596684,7.58408313523978,3.7781504709273577,11.362233606167138,0.01126829907298088
59,3.02611752112853,0.9415936475009598,0.35334612321820735,0.5632581010256538,0.35334612321820735,0.3888561191438376,0.9244492641281878,0.6924990659195778,0.0,0.0,0.938252475225188,1.0,0.9681426823573961,2495335,2659556,0.0,0.0,0.0,6186,0,1.0,0.7337486905221371,0.8464302750834791,18137,13308,0.9971468245469807,0.6921358012851252,0.8171054456524508,208540,144751,1.0,0.045633608815426996,0.08728412788323475,72600,3313,0.0,0.0,0.0,19740,0,0.007407407407407408,0.0019047619047619048,0.0030303030303030303,525,135,0.3396247923374176,0.6800299882888794,1554255,380,1.3309514557737543,0.7660577958449721,0.07210172712802887,0.9576611518859863,457617,112,1.4679503334259527,0.24579780362546444,0.03063332848250866,0.9912245273590088,406244,100,1.108459465514589,0.28257313929498196,0.4878840446472168,0.2829976975917816,59686,15,1.2045356172340704,0.11212713364511728,0.00010933401063084602,0.9999904036521912,10777209,2632,0.23028613981956525,6.107427209615707,7.513983082026243,0.06968828290700912,7.583671364933252,3.7905488684773445,11.374220233410597,0.02148739993572235
60,3.0009010310000956,0.9252976626186654,0.3362865851701517,0.5609323056257608,0.3362865851701517,0.3902835220895792,0.9063311213907841,0.6935681553644057,0.0,0.0,0.9222562863008813,1.0,0.9595560101672365,2495335,2705685,0.0,0.0,0.0,6186,0,1.0,0.7337486905221371,0.8464302750834791,18137,13308,0.9971269959365878,0.41773280905341903,0.5887970801439651,208540,87365,1.0,0.2006198347107438,0.3341937704353812,72600,14565,0.0,0.0,0.0,19740,0,0.007142857142857143,0.0019047619047619048,0.0030075187969924814,525,140,0.3400563895702362,0.6787618398666382,1554255,380,1.317572576486829,0.8080136859789491,0.0679595023393631,0.9660043716430664,457617,112,1.2479884414918119,0.24072325974702835,0.030385341495275497,0.9906632900238037,406244,100,1.1741647142551863,0.2617254192009568,0.5218558311462402,0.2835673391819,59686,15,1.188566054843556,0.1746593927964568,0.00010714970994740725,0.9999914765357971,10777209,2632,0.22178788527510498,5.990219782106578,7.475341539829969,0.016706423833966255,7.492047963663936,3.8435538886114955,11.335601852275431,0.01342505682259798
61,3.004726944367778,0.9282231555977304,0.352259306651407,0.5603078845529229,0.352259306651407,0.41066025489248525,0.9113904834585017,0.6935221727526495,0.0,0.0,0.9250834595344061,0.9999995992522046,0.9610838187858072,2495335,2697415,0.0,0.0,0.0,6186,0,1.0,0.7337486905221371,0.8464302750834791,18137,13308,0.9971155497052595,0.41772801381030017,0.5887903212179585,208540,87365,0.9999561826307949,0.3143388429752066,0.4783173691601518,72600,22822,0.0,0.0,0.0,19740,0,0.0,0.0,0.0,525,153,0.3393772542476654,0.679297149181366,1554255,380,1.307330946329026,0.8112761434167624,0.06761841475963593,0.962628185749054,457617,112,1.3506480071354188,0.2431301074102521,0.0315118245780468,0.9912171363830566,406244,100,1.1292533815170236,0.28518459666520357,0.5240027904510498,0.2843547761440277,59686,15,1.2177795010028014,0.17646185029298067,0.00010125988046638668,0.9999919533729553,10777209,2632,0.22576363642917913,6.0359659576788545,7.552018655464053,0.058694484643638134,7.610713140107691,3.799935920163989,11.41064906027168,0.015030385926365852
62,2.993898237420001,0.9257421759102863,0.3369870720311559,0.5599660148917819,0.3369870720311559,0.3909162929454441,0.9069835024720865,0.6935462018555799,0.0,0.0,0.9226760743573379,1.0,0.9597831758173264,2495335,2704454,0.0,0.0,0.0,6186,0,1.0,0.7337486905221371,0.8464302750834791,18137,13308,0.9970860298851354,0.4233288577730891,0.5943267615684716,208540,88539,1.0,0.20183195592286501,0.33587383814883154,72600,14653,0.0,0.0,0.0,19740,0,0.0,0.0,0.0,525,109,0.3385835587978363,0.6806946396827698,1554255,380,1.2956417594203877,0.7992978440597653,0.06880757957696915,0.9632575511932373,457617,112,1.3408180062801367,0.2622083593159914,0.030456259846687317,0.9913352727890015,406244,100,1.1367545847307685,0.2465624026954174,0.48440444469451904,0.2883758246898651,59686,15,1.2861452692220812,0.1603014376014471,0.00012478872667998075,0.9999907612800598,10777209,2632,0.22633568366674509,6.0704311253502965,7.538801169022918,0.024202316999435425,7.563003486022353,3.763709125109017,11.32671261113137,0.013661466538906097
63,2.986166571401178,0.945627233422295,0.3754128999616788,0.5627748239160113,0.3754128999616788,0.42425623551840574,0.9327494148546278,0.6942897006359775,0.0,0.0,0.9422830019107462,1.0,0.9702839400682218,2495335,2648180,0.0,0.0,0.0,6186,0,1.0,0.7337486905221371,0.8464302750834791,18137,13308,0.9971407655013329,0.6923372014961159,0.8172437410495452,208540,144794,1.0,0.2018044077134986,0.335835692427594,72600,14651,0.0,0.0,0.0,19740,0,0.0,0.0,0.0,525,130,0.33749276399612427,0.6806225776672363,1554255,380,1.281847893523862,0.7733530588448048,0.06932292878627777,0.9645249843597412,457617,112,1.3723672876331448,0.27257760893553495,0.03033776581287384,0.991463303565979,406244,100,1.1062196335591672,0.27212639059871435,0.5036866068840027,0.2894481122493744,59686,15,1.3003279924420938,0.1829082053154707,9.926351776812226e-05,0.9999924898147583,10777209,2632,0.221019136215365,6.314095892012119,7.815061155706644,0.08223727066069841,7.8972984263673425,3.7844814648851752,11.681779891252518,0.013908855617046356
64,2.9440754010633237,0.951287156649816,0.4118564391777415,0.5642197391216904,0.4118564391777415,0.4646787501306228,0.9426922625238982,0.6936949549711,0.0,0.0,0.9490594892941482,0.9999967940176369,0.9738625351686122,2495335,2629263,0.0,0.0,0.0,6186,0,1.0,0.7339140982521917,0.8465403205291274,18137,13311,0.9971580593804988,0.6847846935839647,0.8119641110782597,208540,143212,0.9997515142102811,0.44334710743801653,0.6142850326828571,72600,32195,0.0,0.0,0.0,19740,0,0.0035691109669046075,0.02095238095238095,0.006099251455503188,525,3082,0.33736661076545715,0.6805981397628784,1554255,380,1.2444860324739142,0.756574384868145,0.06622658669948578,0.9684933423995972,457617,112,1.2561728051503218,0.2654941454529762,0.02968881092965603,0.9915937781333923,406244,100,1.0965026439113787,0.26651022490113974,0.5294861197471619,0.2853097915649414,59686,15,1.347071648694261,0.10918933525681496,0.00012250832514837384,0.9999914169311523,10777209,2632,0.21850725664992018,6.459599802270532,7.857367892749608,0.025542395189404488,7.882910287939012,3.7679651509970427,11.650875438936055,0.01123708114027977
65,2.9545444886315124,0.942411424346071,0.4508713310410218,0.5657791359226502,0.4508713310410218,0.46148732229436895,0.9414854400006767,0.6943675159839612,0.0,0.0,0.9607298457330568,0.9999935880352738,0.9799685861057433,2495335,2597316,0.0,0.0,0.0,6186,0,1.0,0.7338589623421734,0.8465036410468407,18137,13310,0.9971083332577935,0.5274671525846361,0.6899519220214705,208540,110317,0.9995980808359919,0.5481129476584022,0.7080038075243086,72600,39809,0.0,0.0,0.0,19740,0,0.0030176916317089754,0.3466666666666667,0.005983299362219739,525,60311,0.33627045154571533,0.6807492971420288,1554255,380,1.3453414012826141,0.7709276117384434,0.0655195415019989,0.9693849086761475,457617,112,1.304821588569914,0.24731830321252346,0.029116827994585037,0.9923666715621948,406244,100,1.0856568373449063,0.2850342271849513,0.503154456615448,0.28871092200279236,59686,15,1.1837773810098087,0.0936628095805645,0.0001200512851937674,0.9999904036521912,10777209,2632,0.22508129683106445,6.703634829260409,8.100577780976892,0.0911541124805808,8.191731893457472,5.269718472845852,13.461450366303325,0.015951055102050304
66,3.0198077135494463,0.9184307475586331,0.3103784786244273,0.5603193449303281,0.3103784786244273,0.35251753375912764,0.8942086648838626,0.6936825096356932,0.0,0.0,0.915716913754717,1.0,0.9560044150364095,2495335,2725007,0.0,0.0,0.0,6186,0,1.0,0.7337486905221371,0.8464302750834791,18137,13308,0.9970398277717977,0.3730938908602666,0.5429973200826308,208540,78036,1.0,0.06199724517906336,0.1167559435026783,72600,4501,0.0,0.0,0.0,19740,0,0.009478672985781991,0.0038095238095238095,0.005434782608695652,525,211,0.3367069661617279,0.6812228560447693,1554255,380,1.2974238684838706,0.7750176275148988,0.06880083680152893,0.9616950750350952,457617,112,1.373746433953064,0.258364912122488,0.028076205402612686,0.9921672940254211,406244,100,1.1010831498420333,0.25870451144874096,0.4905976951122284,0.2876051366329193,59686,15,1.206894701730712,0.11104087252169847,9.063846664503217e-05,0.9999914169311523,10777209,2632,0.22786283953601166,5.911457717418671,7.314585641026497,0.07695609610527754,7.391541737131774,5.061870050616562,12.453411787748337,0.014197278767824173
67,3.0228277859215127,0.92054909798186,0.3136733643022032,0.5592534204104153,0.3136733643022032,0.35559648128896676,0.8973120494804694,0.6903320303463902,0.0,0.0,0.91770656382868,1.0,0.9570875765231662,2495335,2719099,0.0,0.0,0.0,6186,0,1.0,0.7336935546121188,0.846393588601959,18137,13307,0.9970673790442268,0.4026949266327803,0.5736887947671341,208540,84225,1.0,0.05932506887052342,0.11200540913050827,72600,4307,0.0,0.0,0.0,19740,0,0.0,0.0,0.0,525,125,0.3330594599246979,0.6825025677680969,1554255,380,1.229797917622958,0.7428363487124443,0.06574208289384842,0.9703879356384277,457617,112,1.2763980485604434,0.21717408206313848,0.030489204451441765,0.991714358329773,406244,100,1.1051652216981989,0.28603314608335495,0.5421372056007385,0.2867338955402374,59686,15,1.3087057777391655,0.17448936309665442,9.335847425973043e-05,0.9999932646751404,10777209,2632,0.22146170329183473,5.910289968363941,7.330822908319533,0.015744625590741634,7.3465675339102745,5.3764351811259985,12.723002715036273,0.010111610405147076
68,2.9909503937332915,0.9282504502735316,0.3364432127674086,0.5603138787294111,0.3364432127674086,0.38640982258169515,0.909789699991542,0.6944365124021259,0.0,0.0,0.9251414497819443,1.0,0.961115298708812,2495335,2697247,0.0,0.0,0.0,6186,0,1.0,0.7337486905221371,0.8464302750834791,18137,13308,0.997055701323933,0.47741440491032894,0.6456675551405021,208540,99854,1.0,0.14393939393939395,0.25165562913907286,72600,10450,0.0,0.0,0.0,19740,0,0.0,0.0,0.0,525,204,0.33453890681266785,0.6815477609634399,1554255,380,1.2821274695125784,0.8139478908851743,0.0662677139043808,0.966642439365387,457617,112,1.3158788910550223,0.2984085837379098,0.028943831101059914,0.9913623929023743,406244,100,1.1443444329828811,0.27426104713231325,0.4941279888153076,0.29142510890960693,59686,15,1.2410871960285486,0.17255988344550133,0.00010461821511853486,0.9999911189079285,10777209,2632,0.2178075685077089,6.101246986538172,7.66042439173907,0.09267814084887505,7.7531025325879455,5.199366790242493,12.952469322830439,0.014637365937232971
69,2.918045775742411,0.9412253466157969,0.4001691882903294,0.5645565542504525,0.4001691882903294,0.4207686683963667,0.9340485545147561,0.6906245159125862,0.0,0.0,0.9517052497328337,1.0,0.9752551004954373,2495335,2621962,0.0,0.0,0.0,6186,0,1.0,0.7340795059822462,0.8466503449810817,18137,13314,0.9971073031105983,0.6297592787954349,0.7719595239984599,208540,131711,1.0,0.2087741046831956,0.3454311336987363,72600,15157,0.0,0.0,0.0,19740,0,0.0030833269097356045,0.22857142857142856,0.0060845756008518406,525,38919,0.33675774931907654,0.681382417678833,1554255,380,1.2827203966128737,0.7643991373479366,0.06599725782871246,0.966688334941864,457617,112,1.3531863290571813,0.2424219874665141,0.028091419488191605,0.9918670058250427,406244,100,1.1108636363070017,0.28647308610379696,0.4784368872642517,0.29142510890960693,59686,15,1.3030052168027448,0.17684288136661053,0.0001212371134897694,0.9999899864196777,10777209,2632,0.22279413774591575,6.143124005757272,7.6132610980421305,0.051452720537781715,7.664713818579912,5.199833949096501,12.864547767676413,0.01245119795203209
70,2.9671733078161076,0.9243519198259663,0.38022179820840807,0.5631777101770828,0.38022179820840807,0.39131770430155477,0.914956617346899,0.6947607047169322,0.0,0.0,0.9424442172474731,1.0,0.970369402507689,2495335,2647727,0.0,0.0,0.0,6186,0,1.0,0.7339140982521917,0.8465403205291274,18137,13311,0.997059173711156,0.40156804449985617,0.5725429870440638,208540,83990,1.0,0.20797520661157023,0.3443368795539288,72600,15099,0.0,0.0,0.0,19740,0,0.0027405802809505053,0.3180952380952381,0.005434340476074258,525,60936,0.332658052444458,0.6813084483146667,1554255,380,1.2315192627691598,0.7850458985194564,0.06314422190189362,0.9730604887008667,457617,112,1.1230638838599516,0.24308044742792845,0.02727050520479679,0.9923691749572754,406244,100,1.0456729600457928,0.28450106643140316,0.4950030744075775,0.29053714871406555,59686,15,1.2760887269097194,0.16804022900760174,0.0001240971323568374,0.9999902844429016,10777209,2632,0.2281423916406954,6.176146883517504,7.6568145249038935,0.021193640306591988,7.6780081652104855,5.184549052268267,12.862557217478752,0.010699870064854622
71,2.9472408194871322,0.9204136880317809,0.3819308595078433,0.5639483391289247,0.3819308595078433,0.35727726290968986,0.9111662954064532,0.693610487805601,0.0,0.0,0.9476503893959435,1.0,0.9731216593650093,2495335,2633181,0.0,0.0,0.0,6186,0,1.0,0.7340243700722281,0.8466136724960255,18137,13313,0.9970576322874228,0.4013570538026278,0.572328248189657,208540,83946,1.0,0.054325068870523414,0.10305183946488294,72600,3944,0.0,0.0,0.0,19740,0,0.0029303522191072807,0.4838095238095238,0.0058254208522544836,525,86679,0.3356759250164032,0.680933952331543,1554255,380,1.2935560159044273,0.7806910630315542,0.06723456084728241,0.9653750061988831,457617,112,1.3603353132268774,0.3058753963559866,0.029328742995858192,0.9918792843818665,406244,100,1.1015590074159163,0.24770772270858288,0.48480224609375,0.2897329330444336,59686,15,1.2279835482726338,0.1417994536459446,0.0001308429054915905,0.9999911189079285,10777209,2632,0.22554900727093682,5.9999951627105474,7.476068798452616,0.0936354398727417,7.569704238325357,5.1870497008785605,12.756753939203918,0.019728361628949642
72,2.9641210437455445,0.9400977574765257,0.3774771598840093,0.563500309370926,0.3774771598840093,0.40800023499596305,0.9286639184845312,0.6944662101918031,0.0,0.0,0.9443355797555578,1.0,0.9713709810055318,2495335,2642424,0.0,0.0,0.0,6186,0,1.0,0.7338589623421734,0.8465036410468407,18137,13310,0.9971081984451872,0.636568524024168,0.7770542181898002,208540,133135,1.0,0.146198347107438,0.2551013050688586,72600,10614,0.0,0.0,0.0,19740,0,0.0030583873957367932,0.12571428571428572,0.005971499660710247,525,21580,0.33342304825782776,0.6820084452629089,1554255,380,1.280578647462799,0.7706584613770247,0.061865366995334625,0.9761089086532593,457617,112,1.1518024613900815,0.2556340154260397,0.02728871814906597,0.9918842315673828,406244,100,1.0888338515819536,0.26189829874783754,0.4660864472389221,0.2903863489627838,59686,15,1.1949955626809612,0.1786127695813775,8.885616989573464e-05,0.9999926090240479,10777209,2632,0.2263933405279211,6.1128573743626475,7.579660919494927,0.012818518094718456,7.592479437589645,5.237709052860737,12.830188490450382,0.030361220240592957
73,2.9108285903591935,0.9461316532101551,0.3858550842676051,0.5641660716592977,0.3858550842676051,0.4170911779929845,0.9352084224183139,0.6944884361101872,0.0,0.0,0.9490578394965001,1.0,0.9738631868838434,2495335,2629276,0.0,0.0,0.0,6186,0,1.0,0.7339140982521917,0.8465403205291274,18137,13311,0.9971006378596708,0.7173587800901505,0.8344074986125559,208540,150033,1.0,0.1487603305785124,0.2589928057553957,72600,10800,0.0,0.0,0.0,19740,0,0.0030040242589128834,0.10095238095238095,0.005834434169969176,525,17643,0.33526062965393066,0.682256817817688,1554255,380,1.2717010566850588,0.7511896695941687,0.06586505472660065,0.967470645904541,457617,112,1.358657006892304,0.29241341911256313,0.029795294627547264,0.9919728636741638,406244,100,1.0980028312925951,0.2899418817833066,0.5064792633056641,0.2846563756465912,59686,15,1.1860847882863315,0.1820628447458148,9.908319771056995e-05,0.9999926686286926,10777209,2632,0.20855942111699569,5.892673465423286,7.408281280659139,0.0966315483674407,7.50491282902658,5.122026314027607,12.626939143054187,0.009164974093437195
74,2.909244841632826,0.9557450507131532,0.44272323441187744,0.5657556082420612,0.44272323441187744,0.4789721747584763,0.9512835855190259,0.6945332749368681,0.0,0.0,0.9600384887509662,0.9999991985044092,0.9796114896430215,2495335,2599201,0.0,0.0,0.0,6186,0,1.0,0.7338589623421734,0.8465036410468407,18137,13310,0.9971007344805982,0.7173827563057447,0.8344237515965843,208540,150038,0.9999472392961722,0.5221074380165289,0.6860198901427059,72600,37907,0.0,0.0,0.0,19740,0,0.00320279516669093,0.12571428571428572,0.006246450880181715,525,20607,0.33445969223976135,0.6827206611633301,1554255,380,1.2351903470959167,0.798599754460156,0.0635567307472229,0.9728834629058838,457617,112,1.2087889746060188,0.23141379933804274,0.026641637086868286,0.9925143718719482,406244,100,1.044193541630502,0.21499937400221825,0.5103528499603271,0.2891632914543152,59686,15,1.2962955295510057,0.10253441147506237,0.00010703028965508565,0.9999924302101135,10777209,2632,0.22046638327969123,6.250129482708871,7.597676821984351,0.03905728179961443,7.636734103783965,3.8989252746105194,11.535659378394485,0.012413028627634048
75,2.946295559275519,0.9470837765764182,0.4230915670817469,0.5644884806802878,0.4230915670817469,0.46466185879410377,0.9410070529206829,0.6943998710505835,0.0,0.0,0.9514991248908496,1.0,0.9751468629985355,2495335,2622530,0.0,0.0,0.0,6186,0,1.0,0.7336935546121188,0.846393588601959,18137,13307,0.9971196338383839,0.6059029442792749,0.7537731909562727,208540,126720,1.0,0.5058539944903582,0.6718499885662017,72600,36725,0.0,0.0,0.0,19740,0,0.002800606032780864,0.11619047619047619,0.005469380435757195,525,21781,0.33276572823524475,0.6832495331764221,1554255,380,1.2469109834471852,0.7913146214559674,0.06523752957582474,0.9703682661056519,457617,112,1.2336327418213193,0.2811173712834716,0.02811492048203945,0.9925291538238525,406244,100,1.0846339629229558,0.2901756716892123,0.498063325881958,0.2879234552383423,59686,15,1.1975438446577569,0.10487432964146137,9.641313954489306e-05,0.9999904036521912,10777209,2632,0.22270237294373002,6.100494466722012,7.567976460792124,0.08252266142517328,7.6504991222172976,5.475778054445982,13.12627717666328,0.011291409842669964
76,2.9613992566422205,0.9462465035343061,0.39375030236357283,0.5628569390370296,0.39375030236357283,0.45014302240515985,0.9357548803841781,0.6904305494692997,0.0,0.0,0.9428900707544942,1.0,0.9706056816568485,2495335,2646475,0.0,0.0,0.0,6186,0,1.0,0.7337486905221371,0.8464302750834791,18137,13308,0.9971085025047127,0.6366356574278316,0.7771043258635777,208540,133149,1.0,0.38586776859504135,0.5568608742322142,72600,28014,0.0,0.0,0.0,19740,0,0.0,0.0,0.0,525,117,0.3357427418231964,0.6837771534919739,1554255,380,1.3002707142488663,0.8253051806241274,0.06611038744449615,0.9696493148803711,457617,112,1.3358894021943322,0.23669451288878918,0.02602360025048256,0.9925685524940491,406244,100,1.0936580747053464,0.2611933294683695,0.5082884430885315,0.287337064743042,59686,15,1.2199172461895518,0.10537069942802191,9.326004510512576e-05,0.9999911189079285,10777209,2632,0.21605455899887818,6.097799779847264,7.526363502256572,0.11336889117956161,7.639732393436134,5.197246592491865,12.836978985927999,0.07942498289048672
77,2.9065032232918457,0.9545908758506988,0.42339971443157104,0.5640652297478911,0.42339971443157104,0.476720888499473,0.9465393164690112,0.6947856506485275,0.0,0.0,0.9513677660900762,0.9999991985044092,0.9750774926854525,2495335,2622890,0.0,0.0,0.0,6186,0,1.0,0.7338589623421734,0.8465036410468407,18137,13310,0.9971407268573305,0.6990169751606407,0.8218791140328869,208540,146191,0.9999481152878305,0.5309228650137741,0.6935859717311308,72600,38547,0.0,0.0,0.0,19740,0,0.0,0.0,0.0,525,125,0.3332357704639435,0.683474063873291,1554255,380,1.2311681258505616,0.8278032680973411,0.06470581889152527,0.9675799012184143,457617,112,1.284554957722481,0.24611360393464565,0.029044480994343758,0.9922288656234741,406244,100,1.1091811747876013,0.29759588465094566,0.49896368384361267,0.2920282781124115,59686,15,1.228670273873346,0.11310771200805902,9.294519986724481e-05,0.999993085861206,10777209,2632,0.20826992549074497,6.109180748462677,7.593801217153668,0.06604836601763964,7.659849583171308,5.170133667998016,12.829983251169324,0.020194499753415585
78,2.9308839667974094,0.9626459954988599,0.4369735178988318,0.5652482002747937,0.4369735178988318,0.48545662594826083,0.9554835223848533,0.6947080636482807,0.0,0.0,0.9597021360225498,0.9999995992522046,0.9794365480719261,2495335,2600113,0.0,0.0,0.0,6186,0,1.0,0.7337486905221371,0.8464302750834791,18137,13308,0.9970622900065087,0.8153831399251942,0.8971169750000659,208540,170541,0.9999729758944979,0.5096831955922865,0.6752125834823547,72600,37004,0.0,0.0,0.0,19740,0,0.0,0.0,0.0,525,97,0.3347349762916565,0.682604193687439,1554255,380,1.2205048461099082,0.7369656935334206,0.06065085530281067,0.9793998599052429,457617,112,1.1127497290947541,0.23201794736087322,0.026592601090669632,0.9931396245956421,406244,100,1.047967701241398,0.2619860591366887,0.5095604062080383,0.28909626603126526,59686,15,1.239440481026444,0.1721024950966239,9.198920452035964e-05,0.9999921321868896,10777209,2632,0.21674777790064922,5.887344241142273,7.290416436269879,0.09954390488564968,7.389960341155529,5.175384432077408,12.565344773232937,0.014201737008988857
79,2.9417924655377043,0.9504789506650507,0.4022954583980329,0.5634742578461562,0.4022954583980329,0.456794413216274,0.9408404593517062,0.6948613290893804,0.0,0.0,0.9471780918840582,1.0,0.9728725850315868,2495335,2634494,0.0,0.0,0.0,6186,0,1.0,0.7338589623421734,0.8465036410468407,18137,13310,0.9971417130390356,0.6925673731658195,0.817404395243674,208540,144842,1.0,0.3896418732782369,0.5607802711918166,72600,28288,0.0,0.0,0.0,19740,0,0.0,0.0,0.0,525,129,0.3344056308269501,0.6837958097457886,1554255,380,1.2282556552886823,0.8380906386300921,0.06321520358324051,0.9732134342193604,457617,112,1.251898405717428,0.21126278769224882,0.026471108198165894,0.9927901029586792,406244,100,1.0627379133522712,0.21960924938321114,0.5073820948600769,0.2994001805782318,59686,15,1.260617717254148,0.10652476828545332,9.357701492263004e-05,0.9999914765357971,10777209,2632,0.21521938374209015,5.905792413279414,7.28127985727042,0.0880412058904767,7.369321063160896,4.9719060165807605,12.341227079741657,0.014338713139295578
80,2.9245757752851946,0.9622429559354045,0.4355834430379648,0.5651951592082602,0.4355834430379648,0.4843269234159431,0.9549965649762646,0.6949321380727317,0.0,0.0,0.959274186417886,1.0,0.9792138262911674,2495335,2601274,0.0,0.0,0.0,6186,0,1.0,0.7337486905221371,0.8464302750834791,18137,13308,0.997091928039936,0.8122086889805313,0.8952041690009831,208540,169872,1.0,0.5031267217630854,0.6694401935359718,72600,36527,0.0,0.0,0.0,19740,0,0.0,0.0,0.0,525,82,0.3340427279472351,0.6847267746925354,1554255,380,1.2373919467520844,0.7533559883013368,0.06402537226676941,0.9691358208656311,457617,112,1.3107450359576711,0.2771728839725256,0.027475599199533463,0.9926620721817017,406244,100,1.0677010187522649,0.2840718775987625,0.490027517080307,0.29256442189216614,59686,15,1.143048522170544,0.0952699389308691,9.538381709717214e-05,0.9999927878379822,10777209,2632,0.21182871137454184,6.2607055231928825,7.6705762119963765,0.03428564686328173,7.704861858859658,5.018538992851973,12.72340085171163,0.008989552035927773
81,2.8997245001545093,0.9614485745266944,0.43035567612131936,0.5650758756889976,0.43035567612131936,0.4793736733166729,0.9538325414015075,0.6949886889146192,0.0,0.0,0.9584690982266285,1.0,0.9787942011385438,2495335,2603459,0.0,0.0,0.0,6186,0,1.0,0.7338589623421734,0.8465036410468407,18137,13310,0.9970620315963548,0.8153112112784118,0.897073332876069,208540,170526,1.0,0.46331955922865015,0.6332445381552566,72600,33637,0.0,0.0,0.0,19740,0,0.0,0.0,0.0,525,131,0.3303886651992798,0.6844835877418518,1554255,380,1.22172875995709,0.7326068179681897,0.06313629448413849,0.9737684726715088,457617,112,1.2142379137850514,0.2576620941981673,0.028811154887080193,0.9927186965942383,406244,100,1.0761218258388523,0.274067017249763,0.49880892038345337,0.2992326617240906,59686,15,1.1719811224570058,0.12090873345732689,8.963096479419619e-05,0.9999921321868896,10777209,2632,0.21155351692016322,5.860500407405198,7.245745070278645,0.022571167908608913,7.2683162381872535,5.113968441262841,12.382284679450095,0.010905678384006023
82,2.9379439994147565,0.9532661978835637,0.4147133443812632,0.5638772809168972,0.4147133443812632,0.4687369391488045,0.9446521747361624,0.6949197444969831,0.0,0.0,0.9500073858392902,1.0,0.9743628590723554,2495335,2626648,0.0,0.0,0.0,6186,0,1.0,0.7337486905221371,0.8464302750834791,18137,13308,0.9971335805789896,0.7039416898436751,0.825270827126,208540,147222,1.0,0.46530303030303033,0.6350946127597973,72600,33781,0.0,0.0,0.0,19740,0,0.0,0.0,0.0,525,104,0.33334118127822876,0.6852871775627136,1554255,380,1.223172705624696,0.7792168837040663,0.06448660790920258,0.9723371863365173,457617,112,1.2330350022322032,0.22027855925261974,0.026259176433086395,0.9928565621376038,406244,100,1.0677030315112468,0.260209190659225,0.4971659481525421,0.29695406556129456,59686,15,1.1865434707708606,0.19481086265295744,9.186472016153857e-05,0.9999920725822449,10777209,2632,0.21785716045292272,5.884538653306663,7.3390541495755315,0.014664745889604092,7.353718895465136,4.993436416611075,12.347155312076211,0.011509289033710957
83,2.8778472796465215,0.9635860666706132,0.44346315534684905,0.708202764177125,0.44346315534684905,0.49160726469751237,0.9568097620537835,0.6948826853480707,0.0,0.0,0.9606995305688498,0.9999939887830692,0.9799530075593974,2495335,2597399,1.0,0.002748140963465891,0.005481218765113655,6186,17,1.0,0.7338589623421734,0.8465036410468407,18137,13310,0.9970916027388389,0.8121175793612736,0.8951486946111582,208540,169853,0.9996282159321865,0.5555234159779614,0.7141642909000762,72600,40346,0.0,0.0,0.0,19740,0,0.0,0.0,0.0,525,138,0.33324140310287476,0.685222864151001,1554255,380,1.2672869924005947,0.7759245568886399,0.061229266226291656,0.9772080779075623,457617,112,1.229435999724911,0.23469286505132914,0.026431094855070114,0.9928097724914551,406244,100,1.0728324033192103,0.27608915604650974,0.5011088848114014,0.29361993074417114,59686,15,1.1308063888325113,0.10761672630906105,9.796449012355879e-05,0.9999926090240479,10777209,2632,0.20699491300055536,5.982704388909042,7.377027693204582,0.09590290859341621,7.472930601797998,4.731558198109269,12.204488799907267,0.009035241790115833
84,2.8709022518480736,0.9631780644388304,0.4427374033755069,0.708161433457395,0.4427374033755069,0.49137681149638684,0.9563515475178059,0.6950053151412598,0.0,0.0,0.9602508101418484,0.9999963932698416,0.9797206649294438,2495335,2598619,1.0,0.004203039120594891,0.008370895041854474,6186,26,1.0,0.7339140982521917,0.8465403205291274,18137,13311,0.9971029432674534,0.8070538026277932,0.8920685232103294,208540,168792,0.9997762807924632,0.5539944903581268,0.7129372767639526,72600,40229,0.0,0.0,0.0,19740,0,0.0,0.0,0.0,525,86,0.33322107791900635,0.6823063492774963,1554255,380,1.2319572119881204,0.7635112581774592,0.06393781304359436,0.9691576361656189,457617,112,1.2755552121959335,0.23433716595172882,0.02581392042338848,0.9931002259254456,406244,100,1.0820046707359234,0.21898119989782572,0.5139747858047485,0.291157066822052,59686,15,1.165938394391395,0.10988899506628513,0.00010748727072495967,0.9999914765357971,10777209,2632,0.21764746908236915,6.028149056248367,7.354867675341666,0.07378176879137754,7.428649444133043,4.985068804584444,12.413718248717487,0.015729805454611778
85,2.9007861541621742,0.9626328798754229,0.43685033245411437,0.5652480659971192,0.43685033245411437,0.4853350609224701,0.9554540912025737,0.6949959574629841,0.0,0.0,0.9596733625824555,1.0,0.9794217555907367,2495335,2600192,0.0,0.0,0.0,6186,0,1.0,0.7338589623421734,0.8465036410468407,18137,13310,0.9970630993973785,0.815608516351779,0.8972536979595281,208540,170588,1.0,0.5084848484848485,0.6741663318601848,72600,36916,0.0,0.0,0.0,19740,0,0.0,0.0,0.0,525,57,0.3300463855266571,0.6845549941062927,1554255,380,1.2082609136607196,0.8326849723234773,0.05890630558133125,0.981252908706665,457617,112,1.0943792289386527,0.23664528410881758,0.026033051311969757,0.9933316111564636,406244,100,1.0367610965329068,0.2087047714740038,0.49426478147506714,0.29878029227256775,59686,15,1.2439241838599924,0.10866706538945436,0.00010135460615856573,0.9999904632568359,10777209,2632,0.21911506459937774,5.968682263046503,7.355384356342256,0.018334832042455673,7.373719188384712,4.94927613902837,12.322995327413082,0.014405963942408562
86,2.8357505275648704,0.9654162278545357,0.4975449967485629,0.7085127377838722,0.4975449967485629,0.5449689345791341,0.9589862843726198,0.6950772749269658,0.0,0.0,0.962576397921884,0.9999991985044092,0.9809310053318967,2495335,2592348,1.0,0.13611380536695764,0.2396129766647695,6186,842,1.0,0.9904614875668523,0.9952078889781446,18137,17964,0.9970637362637362,0.8157859403471756,0.8973613070826685,208540,170625,0.9999490303014857,0.5404545454545454,0.7016693639964592,72600,39239,0.0,0.0,0.0,19740,0,0.0,0.0,0.0,525,45,0.33075499534606934,0.684475839138031,1554255,380,1.2140324580588582,0.7559017762541771,0.06279454380273819,0.9739673733711243,457617,112,1.287006948618389,0.26279012858867645,0.02644280716776848,0.9928516149520874,406244,100,1.0639637578999832,0.20951107889413834,0.5149044394493103,0.29733940958976746,59686,15,1.1936107256073318,0.09383448120206594,0.00012384723231662065,0.9999911189079285,10777209,2632,0.20991203707575967,5.88797449041158,7.210011955350637,0.10446615982800722,7.314478115178645,4.967213341966271,12.281691457144916,0.009787959046661854
87,2.831101873189511,0.9651524974805596,0.4786790545053888,0.7084577750270474,0.4786790545053888,0.5116532091123959,0.958372949432224,0.6954261682971019,0.0,0.0,0.9623031589436817,0.9999983970088184,0.9807887207357416,2495335,2593082,1.0,0.002748140963465891,0.005481218765113655,6186,17,0.999888678615162,0.9904614875668523,0.9951527573885827,18137,17966,0.997063426471364,0.8156996259710367,0.8973089593218462,208540,170607,0.9999491611591256,0.5418457300275482,0.7028408075754868,72600,39340,0.0,0.0,0.0,19740,0,0.0,0.0,0.0,525,51,0.32879379391670227,0.6858295798301697,1554255,380,1.1732727163339516,0.7294244915246964,0.05972907692193985,0.9807831048965454,457617,112,1.047349381187875,0.24615265429019928,0.027368513867259026,0.9935531616210938,406244,100,1.0227318289202532,0.20148202683776617,0.46578532457351685,0.30712395906448364,59686,15,1.1565218916710764,0.10439069010317326,0.00013619096716865897,0.9999908208847046,10777209,2632,0.21496176803848416,6.089558526873589,7.371008389629424,0.099593885242939,7.470602274872363,5.052124849520624,12.522727124392986,0.016225993633270264
88,2.882849037909922,0.9615421562722988,0.4313246952499565,0.7079421779332401,0.4313246952499565,0.4808786619672868,0.9539449127715488,0.6950625204290789,0.0,0.0,0.9585313199835592,1.0,0.9788266444384516,2495335,2603290,1.0,0.004203039120594891,0.008370895041854474,6186,26,1.0,0.7342449137123008,0.8467603484453488,18137,13317,0.9970639255491222,0.8158386880214827,0.8973932949342786,208540,170636,1.0,0.4649862258953168,0.6347994509110739,72600,33758,0.0,0.0,0.0,19740,0,0.0,0.0,0.0,525,36,0.3291240930557251,0.6835699677467346,1554255,380,1.198367336922442,0.722635698504746,0.06180621683597565,0.9726737141609192,457617,112,1.2369316256740086,0.25476474594324827,0.028180206194519997,0.993567943572998,406244,100,1.0164652296916223,0.2433085972443223,0.4959595799446106,0.3067721128463745,59686,15,1.2613148548429975,0.09911059588193893,0.00011594496754696593,0.9999898076057434,10777209,2632,0.2226420391325557,5.895785401575267,7.215605039149523,0.09506056923419237,7.310665608383715,4.0445195361971855,11.3551851445809,0.013163506053388119
89,2.859002197467341,0.9642436202240078,0.4462677181134738,0.70831089963064,0.4462677181134738,0.49408156228608835,0.9575919513719866,0.6950895426201014,0.0,0.0,0.9613536099231133,0.9999959925220462,0.9802941363653149,2495335,2595637,1.0,0.004203039120594891,0.008370895041854474,6186,26,1.0,0.7338589623421734,0.8465036410468407,18137,13310,0.9970643384507207,0.8159537738563345,0.8974630801687764,208540,170660,0.9997583490406456,0.569862258953168,0.7259391833798319,72600,41382,0.0,0.0,0.0,19740,0,0.0,0.0,0.0,525,48,0.33089959621429443,0.6853965520858765,1554255,380,1.2433414437561714,0.7724106200039387,0.060636863112449646,0.9797319769859314,457617,112,1.138065702800366,0.2564337542280555,0.026309922337532043,0.9934990406036377,406244,100,1.012744699577956,0.26056652143597603,0.4715732932090759,0.3090171813964844,59686,15,1.3616896803232146,0.11077714432030916,9.604754450265318e-05,0.9999909996986389,10777209,2632,0.21103562133120862,5.962556508369744,7.362744548358023,0.030460210517048836,7.393204758875072,5.405297323130071,12.798502082005143,0.014632335864007473
90,2.8729860538563567,0.9616903273695058,0.43245370148408074,0.7137956778784432,0.43245370148408074,0.48221681952652046,0.9541517802421268,0.6946910077605052,0.0,0.0,0.9586893038083862,1.0,0.9789090101675181,2495335,2602861,1.0,0.002748140963465891,0.005481218765113655,6186,17,1.0,0.7339692341622098,0.8465769976787815,18137,13312,0.997064114810105,0.8158914356957898,0.8974252809299897,208540,170647,1.0,0.47075757575757576,0.6401565880292572,72600,34177,0.0,0.0,0.0,19740,0,0.04081632653061224,0.0038095238095238095,0.006968641114982578,525,49,0.3313571512699127,0.683264970779419,1554255,380,1.2969316145592547,0.7846571588888764,0.06077847257256508,0.972750186920166,457617,112,1.2304013283930584,0.2514748489484191,0.026397859677672386,0.9938288927078247,406244,100,0.9964239540870705,0.22931182011961937,0.5057271122932434,0.30492913722991943,59686,15,1.1779579702374392,0.12138382345438004,0.00010225092410109937,0.9999906420707703,10777209,2632,0.2156563563958496,5.855225761421025,7.24205341283232,0.020866439677774906,7.262919852510095,4.764142645522952,12.027062498033047,0.014329846017062664
91,2.8937313710758583,0.9598126663601628,0.42167893439690657,0.7076871828849721,0.42167893439690657,0.4713414480677553,0.9514321897973241,0.6952483716205956,0.0,0.0,0.9567463030266316,1.0,0.9778950920175676,2495335,2608147,1.0,0.004203039120594891,0.008370895041854474,6186,26,1.0,0.7338589623421734,0.8465036410468407,18137,13310,0.9970639771681737,0.8158530737508392,0.8974020185717037,208540,170639,1.0,0.3978374655647383,0.5692184897963206,72600,28883,0.0,0.0,0.0,19740,0,0.0,0.0,0.0,525,58,0.32975736260414124,0.6860470175743103,1554255,380,1.1947941162470335,0.7520088898018003,0.06100240349769592,0.9762706160545349,457617,112,1.1992398192802354,0.29025889188051224,0.025660142302513123,0.9932430386543274,406244,100,1.0502078635026408,0.27416620682924986,0.5146347880363464,0.29983580112457275,59686,15,1.2157782750350075,0.12478615995496511,9.054275142261758e-05,0.999991238117218,10777209,2632,0.218510507488894,6.131944976747036,7.573165125213563,0.030581410974264145,7.603746536187828,4.880259096622467,12.484005632810295,0.01001444086432457
92,2.8387586819333337,0.9650376471564087,0.4506703008340596,0.7084316718590925,0.4506703008340596,0.4976468547027436,0.9586065246034845,0.6950747088312303,0.0,0.0,0.9621865589055252,0.9999959925220462,0.9807269993957229,2495335,2593390,1.0,0.004203039120594891,0.008370895041854474,6186,26,1.0,0.7338589623421734,0.8465036410468407,18137,13310,0.9970644072563634,0.8159729548288098,0.897474710182382,208540,170664,0.9997707368517584,0.6006611570247934,0.750451737252405,72600,43618,0.0,0.0,0.0,19740,0,0.0,0.0,0.0,525,55,0.331912100315094,0.6867103576660156,1554255,380,1.2368271853959534,0.7715596798807383,0.06062166392803192,0.9746841192245483,457617,112,1.1853758242354444,0.2328042471781373,0.025125820189714432,0.9933193325996399,406244,100,1.0394236207793721,0.27421209681779146,0.5308626294136047,0.299685001373291,59686,15,1.1830818498232063,0.11935741547495127,9.36540964175947e-05,0.9999929666519165,10777209,2632,0.20736132095551926,5.887007901445031,7.2849413407966495,0.019592241384088993,7.3045335821807384,4.617151517421007,11.921685099601746,0.012077009305357933
93,2.907130719198219,0.9596974615597028,0.421095314135994,0.7076723064192413,0.421095314135994,0.47076404625087304,0.9512760795537419,0.6946343310462224,0.0,0.0,0.9566432349292371,1.0,0.9778412516411911,2495335,2608428,1.0,0.004203039120594891,0.008370895041854474,6186,26,1.0,0.7336384187021007,0.846356899786916,18137,13306,0.9970629100054521,0.8155557686774719,0.8972217020075597,208540,170577,1.0,0.39426997245179063,0.5655575752785901,72600,28624,0.0,0.0,0.0,19740,0,0.0,0.0,0.0,525,102,0.3298868238925934,0.6855915188789368,1554255,380,1.1980692638423398,0.7915046410635114,0.060999732464551926,0.9768322110176086,457617,112,1.2136342067892214,0.27809625305235386,0.025006109848618507,0.9937180876731873,406244,100,1.0422538207197534,0.29991072230041027,0.5041671395301819,0.298260897397995,59686,15,1.0891149585375193,0.11740887816995382,8.890090248314664e-05,0.9999906420707703,10777209,2632,0.21974253391128862,5.983556768856943,7.470477263443172,0.024036357179284096,7.494513620622456,4.565421286970377,12.059934907592833,0.0632866695523262
94,2.8535469397678073,0.9634744066332442,0.45970805380318996,0.71291457253132,0.45970805380318996,0.5230177143862996,0.9568491650559124,0.6951999186978887,0.0,0.0,0.9605510936879287,1.0,0.9798786645045474,2495335,2597816,1.0,0.1354671839637892,0.2386104783599089,6186,838,1.0,0.7339692341622098,0.8465769976787815,18137,13312,0.9970640287854103,0.8158674594801957,0.8974107420710898,208540,170642,1.0,0.5288429752066116,0.6918211795232174,72600,38394,0.0,0.0,0.0,19740,0,0.03278688524590164,0.0038095238095238095,0.006825938566552901,525,61,0.3308027386665344,0.6840415596961975,1554255,380,1.2474473101109131,0.774235618300736,0.05963680148124695,0.9805339574813843,457617,112,1.1589464335174355,0.26932013127952814,0.0257207490503788,0.9929845333099365,406244,100,1.067172247402753,0.2741969274356961,0.5363234877586365,0.29551318287849426,59686,15,1.3513525051361914,0.18027121853083372,0.00010054482845589519,0.9999926686286926,10777209,2632,0.2044750502700644,5.917205641046166,7.41522953659296,0.08253798168152571,7.497767518274486,4.462885834276676,11.960653352551162,0.015973595902323723
95,2.8422878662741216,0.9664803657344767,0.4864887206482153,0.7138419931509002,0.4864887206482153,0.5186683019569881,0.9600918673212696,0.6958723565724197,0.0,0.0,0.9636982190704748,0.9999959925220462,0.9815116339214228,2495335,2589322,1.0,0.002748140963465891,0.005481218765113655,6186,17,1.0,0.990075536196725,0.9950130215548291,18137,17957,0.997064390055255,0.815968159585691,0.8974718027019828,208540,170663,0.9997677065669354,0.5928236914600551,0.7443038850314313,72600,43049,0.0,0.0,0.0,19740,0,0.03636363636363636,0.0038095238095238095,0.006896551724137931,525,55,0.32872632145881653,0.6870018243789673,1554255,380,1.2015106901847343,0.8215059824287891,0.058775391429662704,0.9812901020050049,457617,112,1.0790781279647297,0.2259503547102213,0.02833816595375538,0.9935014843940735,406244,100,1.0062079260897412,0.273463218472898,0.4975489377975464,0.30109238624572754,59686,15,1.2374086072918422,0.11707626841962337,0.00010818833106895909,0.9999916553497314,10777209,2632,0.2105471568861005,6.079578125849366,7.517573949880898,0.03084966167807579,7.548423611558974,4.5960863176733255,12.1445099292323,0.07322389911860228
96,2.790758171578916,0.9674725449236689,0.5094485093523866,0.7139674768276381,0.5094485093523866,0.5552096987036353,0.9616262028675566,0.6960828923482693,0.0,0.0,0.9647439577778061,0.999992786539683,0.982052177143642,2495335,2586507,1.0,0.13611380536695764,0.2396129766647695,6186,842,1.0,0.9901858080167614,0.9950687056737588,18137,17959,0.9970644416579753,0.8159825453150474,0.8974805250971767,208540,170666,0.9996003019940489,0.6200550964187328,0.7653569546219631,72600,45034,0.0,0.0,0.0,19740,0,0.03636363636363636,0.0038095238095238095,0.006896551724137931,525,55,0.32951104640960693,0.6864736080169678,1554255,380,1.1839555369974022,0.8646276108920574,0.06073364242911339,0.976781964302063,457617,112,1.2482925270850322,0.2728913174942136,0.024862514808773994,0.9939322471618652,406244,100,1.0138169921607094,0.2688753427937627,0.48694485425949097,0.3029688596725464,59686,15,1.2100572097477322,0.17504272237420082,9.705212869448587e-05,0.9999926686286926,10777209,2632,0.19901094404744107,5.948071273043752,7.529508266597986,0.045170377008616924,7.574678643606603,4.552186859771609,12.126865503378212,0.011157480999827385
97,2.860099552925796,0.9623570973069371,0.4363464159106001,0.7131662260897087,0.4363464159106001,0.4860179028466819,0.9550819468112349,0.6954053310828027,0.0,0.0,0.9593851993081051,1.0,0.9792716609749647,2495335,2600973,1.0,0.004203039120594891,0.008370895041854474,6186,26,1.0,0.7339692341622098,0.8465769976787815,18137,13312,0.9970640976055695,0.8158866404526709,0.8974223731888835,208540,170646,1.0,0.4965564738292011,0.6635987114588127,72600,36050,0.0,0.0,0.0,19740,0,0.03571428571428571,0.0038095238095238095,0.0068846815834767644,525,56,0.3298889398574829,0.6866022944450378,1554255,380,1.2336735852676393,0.7690191231667995,0.05859413370490074,0.9825990200042725,457617,112,1.1100570606673483,0.2568444451317191,0.025164881721138954,0.9942744374275208,406244,100,0.97279885215695,0.2698002615943551,0.5025102496147156,0.29688704013824463,59686,15,1.1298445136256665,0.10277608130127192,9.938535367837176e-05,0.9999904632568359,10777209,2632,0.2236061901535763,5.877548119984567,7.275988031178713,0.02150091901421547,7.297488950192928,4.524372075684369,11.821861025877297,0.009566971100866795
98,2.910192657407753,0.958063680251026,0.41201248724329753,0.7074286096447846,0.41201248724329753,0.46082055973389163,0.948719822874696,0.6943712294739504,0.0,0.0,0.9549368582547322,1.0,0.9769490551293315,2495335,2613089,1.0,0.004203039120594891,0.008370895041854474,6186,26,1.0,0.7338589623421734,0.8465036410468407,18137,13310,0.9970634092587599,0.8156948307279179,0.8973060509671736,208540,170606,1.0,0.33033057851239667,0.4966142759520408,72600,23982,0.0,0.0,0.0,19740,0,0.0,0.0,0.0,525,50,0.32768842577934265,0.6877661943435669,1554255,380,1.209462873829724,0.7778046848252416,0.058991312980651855,0.9813621640205383,457617,112,1.096871993119854,0.26851901318877935,0.026318542659282684,0.9936048984527588,406244,100,1.0335919918461995,0.2611686997115612,0.4836837351322174,0.30313640832901,59686,15,1.1849353118667076,0.13255336321890354,8.955517114372924e-05,0.9999916553497314,10777209,2632,0.21157842223715465,5.775916437618434,7.21596219856292,0.020198711194097996,7.236160909757018,4.413770982064307,11.649931891821325,0.014569534920156002
99,2.8475651597389096,0.9654165823308448,0.49799075616158367,0.7151643746558476,0.49799075616158367,0.5459057377194723,0.9589840058816996,0.6957916104114711,0.0,0.0,0.9625745702266858,1.0,0.9809304419097862,2495335,2592355,1.0,0.13611380536695764,0.2396129766647695,6186,842,1.0,0.990075536196725,0.9950130215548291,18137,17957,0.9970644244572701,0.8159777500719286,0.8974776176474466,208540,170665,1.0,0.5399586776859504,0.7012638527383476,72600,39201,0.0,0.0,0.0,19740,0,0.046511627906976744,0.0038095238095238095,0.007042253521126761,525,43,0.32767555117607117,0.6878523826599121,1554255,380,1.1876124294288453,0.7863944852724671,0.05985989794135094,0.9752151370048523,457617,112,1.2265410630211588,0.2319690277799964,0.026213280856609344,0.9932405352592468,406244,100,1.0447876327060563,0.2543725958094001,0.5195597410202026,0.3021143972873688,59686,15,1.186388441734268,0.18171830661594868,9.785027214093134e-05,0.9999940991401672,10777209,2632,0.1988812768893694,6.11311078350991,7.567565198987722,0.08231214247643948,7.649877341464162,3.9401270961388946,11.590004437603056,0.012060070410370827
100,2.8780653366739224,0.9619799345140466,0.4617159392818127,0.7135024049846229,0.4617159392818127,0.4966326833357423,0.9539492153024401,0.6956946415328847,0.0,0.0,0.9589914225025663,1.0,0.9790664844029555,2495335,2602041,1.0,0.004203039120594891,0.008370895041854474,6186,26,1.0,0.990075536196725,0.9950130215548291,18137,17957,0.9970638739282554,0.8158243022921262,0.8973845711588114,208540,170633,1.0,0.418099173553719,0.5896614021796142,72600,30354,0.0,0.0,0.0,19740,0,0.038461538461538464,0.0038095238095238095,0.006932409012131715,525,52,0.32862186431884766,0.6880750060081482,1554255,380,1.1761026402610408,0.846251948736608,0.0565597340464592,0.9855644106864929,457617,112,1.0601003154115667,0.2557379240170121,0.02565929852426052,0.9937205910682678,406244,100,1.0198269060021494,0.23351957648992538,0.4982050955295563,0.3045772910118103,59686,15,1.0846970857095295,0.1892060488462448,0.00010042498615803197,0.999991238117218,10777209,2632,0.21680241171751835,6.302600452676415,7.827315950766206,0.0904478132724762,7.917763764038682,3.9811974270269275,11.89896119106561,0.018530025146901608
