round,val_loss,accuracy,balanced_accuracy,macro_precision,macro_recall,macro_f1,weighted_f1,macro_pr_auc,worst_class_f1,worst_class_recall,precision_c0,recall_c0,f1_c0,support_c0,predicted_count_c0,precision_c1,recall_c1,f1_c1,support_c1,predicted_count_c1,precision_c2,recall_c2,f1_c2,support_c2,predicted_count_c2,precision_c3,recall_c3,f1_c3,support_c3,predicted_count_c3,precision_c4,recall_c4,f1_c4,support_c4,predicted_count_c4,precision_c5,recall_c5,f1_c5,support_c5,predicted_count_c5,precision_c6,recall_c6,f1_c6,support_c6,predicted_count_c6,train_loss_client_0,train_accuracy_client_0,train_samples_client_0,train_batches_client_0,update_l2_client_0,train_seconds_client_0,train_loss_client_1,train_accuracy_client_1,train_samples_client_1,train_batches_client_1,update_l2_client_1,train_seconds_client_1,train_loss_client_2,train_accuracy_client_2,train_samples_client_2,train_batches_client_2,update_l2_client_2,train_seconds_client_2,train_loss_client_3,train_accuracy_client_3,train_samples_client_3,train_batches_client_3,update_l2_client_3,train_seconds_client_3,train_loss_client_4,train_accuracy_client_4,train_samples_client_4,train_batches_client_4,update_l2_client_4,train_seconds_client_4,round_train_seconds,aggregation_seconds,fl_round_seconds,validation_seconds,round_total_seconds,round_orchestration_seconds
1,4.66841754995399,0.8845371407870012,0.1428571428571428,0.1263624486838573,0.1428571428571428,0.1341044927680089,0.83034283219794,0.3738228121788099,0.0,0.0,0.8845371407870012,1.0,0.9387314493760626,2495335,2821063,0.0,0.0,0.0,6186,0,0.0,0.0,0.0,18137,0,0.0,0.0,0.0,208540,0,0.0,0.0,0.0,72600,0,0.0,0.0,0.0,19740,0,0.0,0.0,0.0,525,0,0.5957266688346863,0.8480485081672668,2173187,531,4.34609953197456,1.501700161956251,0.4609310030937195,0.298904150724411,1676678,410,4.3782544174099085,0.9305576253682376,0.488599568605423,0.12348373234272,495871,122,2.369250754920297,0.3095405576750636,0.4744451344013214,0.4560573101043701,515023,126,2.7175366788233872,0.3678874718025327,0.0065423813648521,0.9995898604393004,8394252,2050,2.615541572562008,4.640506468713284,7.750192285515368,0.0377379199489951,7.787930205464363,3.5285755386576056,11.316505744121969,2.484466565772891
2,3.966251633931343,0.8845371407870012,0.1428571428571428,0.1263624486838573,0.1428571428571428,0.1341044927680089,0.83034283219794,0.4543471888856857,0.0,0.0,0.8845371407870012,1.0,0.9387314493760626,2495335,2821063,0.0,0.0,0.0,6186,0,0.0,0.0,0.0,18137,0,0.0,0.0,0.0,208540,0,0.0,0.0,0.0,72600,0,0.0,0.0,0.0,19740,0,0.0,0.0,0.0,525,0,0.5136135816574097,0.929066836833954,2173187,531,3.496517374170432,1.1036569848656654,0.360615074634552,0.4213182330131531,1676678,410,3.4580420196401214,0.8705675145611167,0.3831233978271484,0.1511401087045669,495871,122,2.17555405134236,0.2491523576900363,0.3738875389099121,0.6162462830543518,515023,126,2.536069687067628,0.2752300454303622,0.0005270267138257,0.9999998807907104,8394252,2050,0.6452357567223774,4.36680871900171,6.865415621548891,0.0558605343103408,6.921276155859232,3.425975832156837,10.347251988016067,0.0118556320667266
3,3.050403103705047,0.8942990638635153,0.1970980213580706,0.2703265914715405,0.1970980213580706,0.2134109763808095,0.8488267828897231,0.5461715245298739,0.0,0.0,0.8932646493429319,0.9999891798095246,0.9436188326096348,2495335,2793470,0.0,0.0,0.0,6186,0,0.0,0.0,0.0,18137,0,0.0,0.0,0.0,208540,0,0.9990214909578516,0.3796969696969697,0.5502580020560318,72600,27593,0.0,0.0,0.0,19740,0,0.0,0.0,0.0,525,0,0.4834993481636047,0.9443066716194152,2173187,531,2.852257210879665,1.154667544178665,0.3176431953907013,0.429218977689743,1676678,410,2.7348755780192,0.8525383388623595,0.3126547336578369,0.1527171432971954,495871,122,1.8421224402954417,0.2563142916187644,0.2915928661823272,0.6733543872833252,515023,126,2.063732203595158,0.3907505730167031,0.0003764838911592,0.9999998807907104,8394252,2050,0.5036700544410194,4.722236122004688,7.3765068696811795,0.0541945463046431,7.430701415985823,3.7516771284863353,11.182378544472158,0.0210549822077155
4,2.599900980348231,0.9039936364412988,0.2420362761980511,0.4140789474887985,0.2420362761980511,0.2583779478327047,0.8642621768371476,0.7069031061952892,0.0,0.0,0.9021319318334238,0.9999807641058216,0.9485395691274668,2495335,2765989,0.0,0.0,0.0,6186,0,0.0,0.0,0.0,18137,0,0.9972744226079472,0.0333365301620792,0.0645164283957663,208540,6971,0.9991462779802186,0.6609366391184573,0.7955896373056994,72600,48025,0.0,0.0,0.0,19740,0,0.0,0.0,0.0,525,78,0.4602981209754944,0.9481245279312134,2173187,531,2.3494599517595223,1.1246418580412865,0.2891355752944946,0.4376654624938965,1676678,410,2.1930965943846457,0.8740914203226566,0.2843843102455139,0.1523581743240356,495871,122,1.6007587090576605,0.2981754085049033,0.2483759224414825,0.6652926206588745,515023,126,1.7301614216122865,0.2799198534339666,0.0003342480922583,0.9999966621398926,8394252,2050,0.4871678953496093,4.698150371201336,7.274978911504149,0.0133102796971797,7.288289191201329,3.765428396873176,11.053717588074504,0.0206441823393106
5,2.4502025410409267,0.9042722548202574,0.2454033489373574,0.5573293704281774,0.2454033489373574,0.2614118087655326,0.8646080336607295,0.7091075476305054,0.0,0.0,0.9027635926596038,0.9999783596190492,0.9488875308924128,2495335,2764047,0.0,0.0,0.0,6186,0,1.0,0.0057341346418922,0.0114028836138369,18137,104,0.9978314745972738,0.0308909561714778,0.059926696310629,208540,6456,0.9990858303707466,0.6774104683195592,0.8073876462138313,72600,49225,0.0,0.0,0.0,19740,0,0.0016246953696181,0.0038095238095238,0.0022779043280182,525,1231,0.4504002928733825,0.9548832774162292,2173187,531,2.029863601501168,1.1694853715598583,0.2759287357330322,0.4373058080673218,1676678,410,1.8821958723235124,0.8399954894557595,0.2598125040531158,0.1492263078689575,495871,122,1.4798275866404644,0.3038578238338232,0.2247162908315658,0.6630849838256836,515023,126,1.5490323469641434,0.296736478805542,0.0003257149655837,0.9999818205833436,8394252,2050,0.4890232718482896,4.322680645622313,6.932755809277296,0.0502537097781896,6.983009519055486,3.7047747261822224,10.687784245237708,0.0229874514043331
6,2.3465960033242634,0.9054157953934384,0.2496074036078993,0.5575785924486587,0.2496074036078993,0.2689799099987112,0.8669419670526706,0.711396031290109,0.0,0.0,0.9035343601449548,0.9999779588712536,0.9493129476511706,2495335,2761688,0.0,0.0,0.0,6186,0,1.0,0.0188013453162044,0.0369087563589133,18137,341,0.9975604346861832,0.0431380070969598,0.0826997858042453,208540,9018,0.999154231861294,0.6834297520661157,0.8116703064805045,72600,49659,0.0,0.0,0.0,19740,0,0.0028011204481792,0.0019047619047619,0.0022675736961451,525,357,0.4367583692073822,0.9588079452514648,2173187,531,1.8380277179175797,1.14856574870646,0.2656928300857544,0.4400213062763214,1676678,410,1.6563738144623543,0.8450963255017996,0.2533793151378631,0.1527010053396225,495871,122,1.3699296842025628,0.2441631918773055,0.2089232951402664,0.6473497748374939,515023,126,1.43845547727319,0.2841030498966574,0.0003190753632225,0.999972641468048,8394252,2050,0.4808192152479846,4.8895683363080025,7.411496652290225,0.0336088128387928,7.445105465129018,3.796446591615677,11.241552056744696,0.0327424919232726
7,2.269349897831988,0.9023194448333838,0.2485013041288692,0.5518141660919299,0.2485013041288692,0.2591007200701231,0.8608429795355624,0.7122244091561267,0.0,0.0,0.903259728126128,0.99997916111464,0.9491618843081964,2495335,2762531,0.0,0.0,0.0,6186,0,1.0,0.0245354799580967,0.0478958131525131,18137,445,0.9583333333333334,0.000441162366932,0.0008819187484422,208540,96,0.9991751332863896,0.6840771349862259,0.8121336004251666,72600,49705,0.0,0.0,0.0,19740,0,0.0019309678976587,0.0304761904761904,0.0036318238565429,525,8286,0.4292387962341308,0.959349513053894,2173187,531,1.6485033282022057,1.073458118364215,0.2628469467163086,0.4453127086162567,1676678,410,1.573574405214524,0.8634018898010254,0.2436371594667434,0.1506339311599731,495871,122,1.3630113208072818,0.2518537761643529,0.1977519690990448,0.6463769674301147,515023,126,1.3668319328338618,0.3405213542282581,0.0002985799219459,0.9999714493751526,8394252,2050,0.4707342106399941,4.475674140267074,7.004909278824925,0.0599648412317037,7.064874120056629,3.756658104248345,10.821532224304974,0.0168207483366131
8,2.227378281127984,0.9057582195080364,0.2521529783982353,0.5566191312734852,0.2521529783982353,0.2718821132970507,0.8681449462799348,0.7121549491504139,0.0,0.0,0.9047189831451162,0.9999783596190492,0.9499665740791502,2495335,2758073,0.0,0.0,0.0,6186,0,0.9933920704845814,0.0248662954182058,0.0485181001559894,18137,454,0.997364953886693,0.0471899875323678,0.0901161592806091,208540,9867,0.9991945714113124,0.6835123966942149,0.8117419006567809,72600,49663,0.0,0.0,0.0,19740,0,0.0016633399866932,0.0095238095238095,0.0028320589068252,525,3006,0.425870418548584,0.9622774720191956,2173187,531,1.608720281672139,1.0772505775094032,0.2586348056793213,0.4473154842853546,1676678,410,1.455874579667268,0.7912884587422013,0.2468656599521637,0.1517975479364395,495871,122,1.329206212399308,0.2798396730795502,0.1904841214418411,0.634963870048523,515023,126,1.3098682019243593,0.2849337588995695,0.0002939290134236,0.9999703764915466,8394252,2050,0.4703798616029541,4.368511328473687,6.801823796704412,0.091152437031269,6.892976233735681,3.767157055437565,10.660133289173244,0.0254648281261324
9,2.191401427088929,0.9030471846959816,0.2566554765718244,0.5544242501258494,0.2566554765718244,0.2628610120482479,0.8628422983666791,0.7125064754105174,0.0,0.0,0.9060648897413264,0.999962730455029,0.9507009358257188,2495335,2753933,0.0,0.0,0.0,6186,0,0.9919354838709676,0.0271268677289518,0.0528095314764128,18137,496,0.981651376146789,0.0015392730411431,0.0030737263426007,208540,327,0.9992234065272682,0.7089118457300275,0.8293972136946345,72600,51507,0.0,0.0,0.0,19740,0,0.0020945945945945,0.059047619047619,0.0040456769983686,525,14800,0.4293898046016693,0.9612241983413696,2173187,531,1.7554448421303477,1.0433138450607655,0.2510278522968292,0.4478480815887451,1676678,410,1.35595682107761,0.8068704660981894,0.2366795986890792,0.1500269174575805,495871,122,1.3235677037205456,0.2815279010683298,0.1850985735654831,0.6431169509887695,515023,126,1.285260564402637,0.3168893540278077,0.0003017216804437,0.9999685883522034,8394252,2050,0.4570070908857175,4.518424387089908,6.967025953345001,0.0266747493296861,6.993700702674687,3.7715529818087816,10.765253684483469,0.0201635109260678
10,2.091082166528282,0.9492521081592292,0.3469381736494794,0.56283608740697,0.3469381736494794,0.3765076766394978,0.9408950474115824,0.7053299669106161,0.0,0.0,0.9510450783041676,0.9999607267160522,0.9748896955546518,2495335,2623679,0.0,0.0,0.0,6186,0,0.9903288201160542,0.0282295859293157,0.0548943926235659,18137,517,0.9970136910778278,0.6243694255298744,0.767868937535384,208540,130596,0.9992300733355148,0.7150550964187328,0.8335889139563077,72600,51953,0.0,0.0,0.0,19740,0,0.0022349490152255,0.0609523809523809,0.0043117968065754,525,14318,0.4203009605407715,0.9672549962997437,2173187,531,1.4887931936954035,1.0769113870337603,0.2497254312038421,0.4483514726161957,1676678,410,1.3723908894942654,0.7801107680425048,0.2349808663129806,0.1501660645008087,495871,122,1.3342465796473708,0.2648214846849441,0.1799841821193695,0.6430955529212952,515023,126,1.2736359073090622,0.3146679038181901,0.0002913613279815,0.9999669194221495,8394252,2050,0.4577810749560534,4.817769763059914,7.254281306639314,0.0384184876456856,7.292699794284999,3.848340449854732,11.141040244139733,0.0193325970321893
11,2.135560315977955,0.91740312073853,0.2765006738990412,0.5574179914939442,0.2765006738990412,0.3101666229058476,0.8910651362260464,0.702265138566906,0.0,0.0,0.9148004109025558,0.9999695431675506,0.9554908118703676,2495335,2727654,0.0,0.0,0.0,6186,0,0.988909426987061,0.0294977118597342,0.0572866473926544,18137,541,0.9966803358719,0.1957993670279083,0.3273001266492457,208540,40968,0.9992421887144411,0.7083333333333334,0.8290076089760123,72600,51464,0.0,0.0,0.0,19740,0,0.0022935779816513,0.0019047619047619,0.0020811654526534,525,436,0.4125468134880066,0.9685903191566468,2173187,531,1.3816812030979884,1.0505522778257728,0.243844673037529,0.4543186128139496,1676678,410,1.255884194017603,0.9026968581601976,0.2341405749320984,0.1518398970365524,495871,122,1.3030929901116075,0.301981114782393,0.1765260100364685,0.6479827165603638,515023,126,1.242360019849575,0.3027029857039451,0.0002946254389826,0.99996417760849,8394252,2050,0.4690455545544357,4.694174864329398,7.252108100801706,0.052809776738286,7.304917877539992,3.817797373980284,11.122715251520276,0.0252440990880131
12,2.098944303759196,0.907710320542292,0.3938618689925883,0.5591775635155725,0.3938618689925883,0.3779363623357978,0.8758891331304338,0.7043089263383315,0.0,0.0,0.9221588420836728,0.999971947654323,0.9594903513207452,2495335,2705895,0.0,0.0,0.0,6186,0,0.999548124717578,0.731763797761482,0.8449466815215662,18137,13278,0.989983305509182,0.0028435791694638,0.0056708696130324,208540,599,0.9992420119723238,0.708168044077135,0.8288943346338632,72600,51452,0.0,0.0,0.0,19740,0,0.0033106603262505,0.3142857142857143,0.0065522992613771,525,49839,0.4116148948669433,0.9672006964683532,2173187,531,1.3668780398956424,1.0944647323340178,0.2427740544080734,0.4486944079399109,1676678,410,1.3693252655285943,0.8128157313913107,0.2327440679073333,0.1533624678850174,495871,122,1.2780955170166572,0.2897330848500132,0.1772317588329315,0.6410937309265137,515023,126,1.2303579363803323,0.2996541569009423,0.0002740633790381,0.999968945980072,8394252,2050,0.4514849353827401,4.38318242598325,6.879850131459534,0.0587119031697511,6.938562034629285,3.816710785031319,10.755272819660604,0.0206498736515641
13,2.111549222199137,0.907884722886373,0.3868012666590162,0.5588227103529282,0.3868012666590162,0.3783640198859198,0.8751521359830554,0.7012902198891372,0.0,0.0,0.9202917312089696,0.9999775581234585,0.9584812747335902,2495335,2711400,0.0,0.0,0.0,6186,0,0.9995476818695817,0.7310470309312456,0.8444685051907522,18137,13265,0.9895678092399404,0.0031840414309005,0.0063476585839176,208540,671,0.9992485693917266,0.7143526170798898,0.8331178062826805,72600,51901,0.0,0.0,0.0,19740,0,0.0031031807602792,0.259047619047619,0.006132894410498,525,43826,0.4082876443862915,0.9735733270645142,2173187,531,1.282637659516236,1.0581693518906832,0.2400953322649002,0.4519460797309875,1676678,410,1.232247184548206,0.8178902268409729,0.2269462645053863,0.1520798802375793,495871,122,1.2494667137540991,0.2831904795020818,0.1739530563354492,0.6346706748008728,515023,126,1.1638902562353912,0.2879421468824148,0.0002924482105299,0.9999640583992004,8394252,2050,0.4509950702685029,4.484956253319979,6.932148458436132,0.0253894487395882,6.95753790717572,3.883502140641213,10.841040047816932,0.01349295116961
14,2.02051695631759,0.9080406924623804,0.487988299098194,0.5652159933511685,0.487988299098194,0.3819839239065086,0.8959205575599554,0.7055082315228146,0.0,0.0,0.9645965049954868,0.999966737932983,0.9819632165000384,2495335,2586835,0.0,0.0,0.0,6186,0,0.9993989029979712,0.7333627391520097,0.8459581504801883,18137,13309,0.9902597402597404,0.0029250983024839,0.005832966780776,208540,616,0.999250144203038,0.7158539944903581,0.8341385121579328,72600,52010,0.0,0.0,0.0,19740,0,0.003006661001943,0.9638095238095238,0.0059946214266251,525,168293,0.406014621257782,0.9695115685462952,2173187,531,1.5168460445013787,1.0365869188681245,0.2412201166152954,0.4540889859199524,1676678,410,1.2772494020236171,0.8157374793663621,0.2263445854187011,0.152138352394104,495871,122,1.2804969036807952,0.2525086449459195,0.1721430420875549,0.6235993504524231,515023,126,1.1762370037365233,0.3518380746245384,0.0002735699526965,0.9999693036079408,8394252,2050,0.4310198882285211,4.48139741551131,6.938068533316255,0.0193646252155303,6.957433158531785,3.815264605917037,10.772697764448822,0.018176456913352
15,2.0557267906856063,0.9080133977865792,0.4906993433982954,0.5653267142162061,0.4906993433982954,0.3818553299096328,0.8961842878144359,0.7047919360613565,0.0,0.0,0.9652212830630678,0.9999715469065276,0.9822891726575372,2495335,2585173,0.0,0.0,0.0,6186,0,0.9995486006620524,0.7325357005017368,0.8454611982563874,18137,13292,0.990228013029316,0.0029155078162462,0.0058138978934182,208540,614,0.9992489456352188,0.7147107438016529,0.8333614396877785,72600,51927,0.0,0.0,0.0,19740,0,0.0030401571237879,0.9847619047619048,0.0060616008723077,525,170057,0.4016060829162597,0.9731035232543944,2173187,531,1.2516887805276165,1.109693380072713,0.2350545525550842,0.4580110311508178,1676678,410,1.1312504036320443,0.8655758490785956,0.2256698906421661,0.155302494764328,495871,122,1.1784472628867813,0.2697674511000514,0.1693678498268127,0.6277564764022827,515023,126,1.1821444241349386,0.2833636701107025,0.0002785570686683,0.999965488910675,8394252,2050,0.4621698969486543,4.440614579245448,6.969014929607511,0.0729885501787066,7.042003479786217,3.7850838201120496,10.827087299898269,0.0233959816396236
16,2.0286990618218,0.9080311216020344,0.4896887816178838,0.5653460911247336,0.4896887816178838,0.3819105892362545,0.8962083686284583,0.7011503139164962,0.0,0.0,0.9652386600039766,0.9999775581234585,0.982301071336412,2495335,2585142,0.0,0.0,0.0,6186,0,0.9995486685722884,0.7326459723217732,0.8455346632305686,18137,13294,0.9903691813804172,0.0029586650043157,0.0058997050147492,208540,623,0.999249350399384,0.7150964187327824,0.833623700373329,72600,51955,0.0,0.0,0.0,19740,0,0.0030167775170686,0.9771428571428572,0.0060149846987231,525,170049,0.4000454246997833,0.9745806455612184,2173187,531,1.1166129118506232,1.0786516359075904,0.2332969605922699,0.4584535658359527,1676678,410,1.110697240374506,0.7899951096624136,0.2240937352180481,0.1552903950214386,495871,122,1.2249088529571837,0.2662270842120051,0.1694813817739486,0.6354435086250305,515023,126,1.1689357155650508,0.2945852307602763,0.000258055399172,0.999968945980072,8394252,2050,0.4425978011869251,4.535556262359023,6.9650153229013085,0.0662281475961208,7.031243470497429,3.838414578698576,10.869658049196005,0.0510842585936188
17,1.982939290979196,0.9080669237092542,0.4911460763616259,0.5651894370598113,0.4911460763616259,0.3821912557840621,0.8962703760358296,0.7028211740491841,0.0,0.0,0.9652914519948904,0.999959524472666,0.9823197066151158,2495335,2584954,0.0,0.0,0.0,6186,0,0.9995493803980472,0.7338038264321552,0.8463054813684344,18137,13315,0.9892141756548536,0.0030785460822863,0.0061379900472778,208540,649,0.9992315376930762,0.7164187327823691,0.8345152905689439,72600,52052,0.0,0.0,0.0,19740,0,0.0030395136778115,0.9847619047619048,0.0060603218886635,525,170093,0.3980847299098968,0.9774335622787476,2173187,531,1.1298652983868385,1.1461662016808989,0.2318681329488754,0.4595635235309601,1676678,410,1.1797215246826416,0.8134730914607644,0.219677984714508,0.1542598754167556,495871,122,1.5357811689614524,0.2378582870587706,0.1674020290374755,0.6477031111717224,515023,126,1.112535062231368,0.3429873418062925,0.0002548166085034,0.9999688267707824,8394252,2050,0.4351772340315674,4.5021576983854175,7.042642620392144,0.0878929691389203,7.130535589531064,3.814616425894201,10.945152015425265,0.0170243857428431
18,2.037589773066751,0.9080194238838338,0.4636304621501823,0.564015455554485,0.4636304621501823,0.3814111553344371,0.891881199694316,0.7011153592899217,0.0,0.0,0.9557779574664006,0.999961528211643,0.9773706508234196,2495335,2610689,0.0,0.0,0.0,6186,0,0.9995495833646124,0.7341346418922644,0.8465255260982898,18137,13321,0.9906687402799378,0.0030545698666922,0.0060903610714063,208540,643,0.9992309614903966,0.7158815426997245,0.8341505300410069,72600,52013,0.0,0.0,0.0,19740,0,0.0028809462800473,0.7923809523809524,0.0057410193069375,525,144397,0.3968699276447296,0.9782701134681702,2173187,531,1.1489885951784506,1.0153580475598574,0.2332462519407272,0.4613957107067108,1676678,410,1.1932844093176536,0.8146739089861512,0.2271002382040023,0.1538202464580536,495871,122,1.2191250010958747,0.2567322915419936,0.1657683700323104,0.6419849395751953,515023,126,1.111820728141148,0.3026550142094493,0.0002847479190677,0.9999627470970154,8394252,2050,0.4400924821201668,4.410138053819537,6.799557316116989,0.0475562810897827,6.847113597206771,3.775516918860376,10.622630516067147,0.0175538174808025
19,1.971438421906216,0.9084437320258356,0.4932279885069532,0.5654816048640383,0.4932279885069532,0.3836285131905605,0.8967101385354249,0.7016225261797926,0.0,0.0,0.9656911577231468,0.9999587229770752,0.9825262437103988,2495335,2583882,0.0,0.0,0.0,6186,0,0.9995493465525012,0.7337486905221371,0.8462687990842899,18137,13314,0.9908256880733946,0.0031073175409993,0.0061952063634712,208540,654,0.9992656888403532,0.7310192837465564,0.8443493409486839,72600,53111,0.0,0.0,0.0,19740,0,0.0030393528588729,0.9847619047619048,0.0060600022270801,525,170102,0.4018629193305969,0.9763968586921692,2173187,531,1.530185819891523,1.0663250647485256,0.2285518646240234,0.4585746526718139,1676678,410,1.0730774243605783,0.8282775683328509,0.2172527611255645,0.155586838722229,495871,122,1.175539305101604,0.2500136969611048,0.1653913855552673,0.6260244846343994,515023,126,1.1143056732182897,0.2733759190887213,0.0002602902532089,0.9999622702598572,8394252,2050,0.4419767890684522,4.404553689062595,6.822545938193798,0.0578650925308465,6.880411030724645,3.807804422453046,10.68821545317769,0.0285053672268986
20,2.0026856056489515,0.9084692543200914,0.4905362405046834,0.5654997895843138,0.4905362405046834,0.3836434270002559,0.8967351461112998,0.701390006670885,0.0,0.0,0.9656970273027452,0.9999779588712536,0.9825385672021328,2495335,2583916,0.0,0.0,0.0,6186,0,0.999549211119459,0.7335281468820642,0.8461220466181194,18137,13310,0.9910044977511244,0.003169655701544,0.0063191002213119,208540,667,0.99926603432701,0.7313636363636363,0.8445791181523191,72600,53136,0.0,0.0,0.0,19740,0,0.0029817565898584,0.9657142857142856,0.0059451568079081,525,170034,0.3968386948108673,0.9774782061576844,2173187,531,1.0756747071829398,1.036176860332489,0.227850005030632,0.4609472155570984,1676678,410,1.066282006596151,0.8612032318487763,0.2167291939258575,0.1564257591962814,495871,122,1.1613826306508828,0.2664638543501496,0.1655984967947006,0.6270380616188049,515023,126,1.0705641329773912,0.258031421341002,0.0002810813311953,0.9999648928642272,8394252,2050,0.4500554024078656,4.563184870406985,6.985060238279402,0.06303614936769,7.048096387647092,3.7788286060094833,10.826924993656576,0.02400185726583
21,1.9826469127251949,0.9247003700378192,0.4856794657028209,0.5663319595773542,0.4856794657028209,0.4348375493241275,0.923254600506434,0.704478617207361,0.0,0.0,0.9656746037888896,0.9999779588712536,0.9825269608417362,2495335,2583976,0.0,0.0,0.0,6186,0,0.9995490417136416,0.7332524673319734,0.8459385535271293,18137,13305,0.9968166474383626,0.2237316581950705,0.3654414010793198,208540,46806,0.999265079993216,0.7304132231404958,0.8439447110219866,72600,53067,0.0,0.0,0.0,19740,0,0.0030183441073691,0.7123809523809523,0.0060112187987206,525,123909,0.3961517810821533,0.9768473505973816,2173187,531,1.332162602721825,1.145495880395174,0.2287543565034866,0.4584893584251404,1676678,410,1.1097171819869764,0.8049018364399672,0.2203571498394012,0.1561515033245086,495871,122,1.2054797983868475,0.2772414050996303,0.1647385507822036,0.6359541416168213,515023,126,1.1086730318605749,0.2846012189984321,0.0002433022455079,0.9999681115150452,8394252,2050,0.4256349728469895,4.786447887308896,7.298688228242099,0.0799636151641607,7.37865184340626,3.94159197434783,11.32024381775409,0.0177858602255582
22,1.9751668512142555,0.9100966550552044,0.5300902222429088,0.7086317106445897,0.5300902222429088,0.4056866494501155,0.8984716770865013,0.7016124306063716,0.0,0.0,0.9674196191001248,0.999977157375663,0.9834289984251124,2495335,2579313,1.0,0.0027481409634658,0.0054812187651136,6186,17,0.9996658684635518,0.9897447207366158,0.994680556325151,18137,17957,0.9910313901345292,0.0031792461877817,0.0063381594482072,208540,669,0.9992648860573388,0.7302203856749311,0.8438159057085783,72600,53053,0.0,0.0,0.0,19740,0,0.0030402107565832,0.9847619047619048,0.0060617074786462,525,170054,0.3918572962284088,0.9783005118370056,2173187,531,1.0381863618149436,1.017609634436667,0.2280480116605758,0.4626750349998474,1676678,410,1.071950049595049,0.808220555074513,0.2164757698774337,0.1592289060354232,495871,122,1.1490856984259106,0.2431244729086756,0.1635316908359527,0.6329503655433655,515023,126,1.0905877008761682,0.2878297371789813,0.0002414796181255,0.9999672770500184,8394252,2050,0.4217792955429799,4.522141222842038,6.878925622440875,0.024724151007831,6.903649773448706,3.819723762571812,10.723373536020516,0.024216161109507
23,1.9581557674548944,0.9110781999551232,0.5309188358899758,0.709410816801119,0.5309188358899758,0.4095059265273861,0.9003810059318564,0.7032341902695991,0.0,0.0,0.9674864932561276,0.9999567192380984,0.9834536657117458,2495335,2579082,1.0,0.0027481409634658,0.0054812187651136,6186,17,0.9996659986639946,0.9901306721067432,0.9948754882136228,18137,17964,0.9963985594237696,0.0159202071545027,0.0313396767859839,208540,3332,0.9992671101589808,0.7324380165289256,0.8452954361199867,72600,53214,0.0,0.0,0.0,19740,0,0.0030575561049601,0.9752380952380952,0.00609600009525,525,167454,0.3982560336589813,0.9786023497581482,2173187,531,1.3054144313248044,1.0854722894728184,0.2257111370563507,0.4630036354064941,1676678,410,1.1253498521851597,0.8725557420402765,0.2127220779657364,0.1583133488893509,495871,122,1.1862135894659822,0.2604045793414116,0.163833737373352,0.6229954957962036,515023,126,1.0637682605764889,0.3247313369065523,0.0002424755366519,0.999967396259308,8394252,2050,0.4158740799052812,4.642274426296353,7.185438374057412,0.0249717701226472,7.210410144180059,3.851221607066691,11.06163175124675,0.0222350219264626
24,1.9398827697287095,0.9104532582221666,0.5495089498608057,0.7087164962311402,0.5495089498608057,0.439414788955236,0.8992057499028104,0.7023989397510725,0.0,0.0,0.9677971104316822,0.9999779588712536,0.9836243930397954,2495335,2578309,1.0,0.1361138053669576,0.2396129766647695,6186,842,0.9997216190635264,0.9900204002867068,0.994847359964541,18137,17961,0.9911894273127754,0.0032367891052076,0.0064525071575033,208540,681,0.9992671239312224,0.7324517906336088,0.8453046139172594,72600,53215,0.0,0.0,0.0,19740,0,0.0030401928787745,0.9847619047619048,0.0060616719427834,525,170055,0.3912874460220337,0.9800246953964232,2173187,531,1.073126664335352,1.1819424610584974,0.2253730446100235,0.4643294811248779,1676678,410,1.0381083992926052,0.8841982427984476,0.2172901630401611,0.1598278582096099,495871,122,1.1499640130354651,0.2983702886849642,0.164762794971466,0.6263759136199951,515023,126,1.075295563596727,0.2883051671087742,0.000284035311779,0.999960958957672,8394252,2050,0.4275916789070995,4.724757479503751,7.377573639154434,0.0726338317617774,7.450207470916212,3.8469294607639313,11.297136931680145,0.0142143871635198
25,1.9080458022639688,0.9116138136581848,0.546608810843238,0.7010512287982437,0.546608810843238,0.4395002541826372,0.9014844945518048,0.7014136313881344,0.0,0.0,0.9682255871561342,0.9999779588712536,0.9838456477995184,2495335,2577168,1.0,0.1361138053669576,0.2396129766647695,6186,842,0.9401539347609824,0.9900204002867068,0.9644430121387904,18137,19099,0.9967254408060452,0.0189747770211949,0.0372406004423321,208540,3970,0.999267275391726,0.732603305785124,0.8454055600591293,72600,53226,0.0,0.0,0.0,19740,0,0.0029863634728168,0.9485714285714286,0.0059539821739208,525,166758,0.3903892934322357,0.981773316860199,2173187,531,0.9462541085589292,1.100192217156291,0.2261930704116821,0.4647475779056549,1676678,410,1.0086931929035596,0.8349436335265636,0.2158968150615692,0.1589365005493164,495871,122,1.1755076922640777,0.2902592346072197,0.1630119085311889,0.6354279518127441,515023,126,1.054486132313102,0.3200647002086043,0.000251946185017,0.9999685883522034,8394252,2050,0.4130442656922902,4.995698628947139,7.5411584144458175,0.0693074334412813,7.610465847887099,3.8563988842070094,11.466864732094107,0.0191758954897522
26,1.9077767422591665,0.910461411177276,0.5496655208995076,0.7002950816835438,0.5496655208995076,0.4352104552634608,0.8992316222192352,0.7030061429727442,0.0,0.0,0.9682532229693732,0.9999603259682568,0.9838513803371354,2495335,2577049,1.0,0.1361138053669576,0.2396129766647695,6186,842,0.9401758609860776,0.990406351656834,0.9646376500281932,18137,19106,0.9913294797687862,0.0032895367795147,0.006557314368739,208540,692,0.9992677981375788,0.7331267217630854,0.84575414733363,72600,53264,0.0,0.0,0.0,19740,0,0.003039209922991,0.9847619047619048,0.006059718111759,525,170110,0.3920623064041137,0.981883704662323,2173187,531,1.4050801620092148,1.0635599177330732,0.2268150895833969,0.4637109935283661,1676678,410,1.0997596920864452,0.8918536268174648,0.2121457904577255,0.1583093255758285,495871,122,1.142416532207638,0.2718629008159041,0.1626702547073364,0.6190907955169678,515023,126,1.0374184630997385,0.3161548441275954,0.0002444716519676,0.9999694228172302,8394252,2050,0.4163929787640348,4.758040042594075,7.301471332088113,0.0730778602883219,7.374549192376435,3.8293776949867606,11.203926887363195,0.0330037409439682
27,1.9140669062358917,0.9309115039260024,0.5419142589514278,0.7011023840320977,0.5419142589514278,0.4968547147876999,0.9311382424380028,0.7043888993662462,0.0,0.0,0.9682502418454524,0.9999611274638476,0.983850229300011,2495335,2577059,1.0,0.1361138053669576,0.2396129766647695,6186,842,0.9402188137988796,0.9902960798367976,0.964607948442535,18137,19103,0.996919358681962,0.2808717751990026,0.4382664781102456,208540,58754,0.9992674955861912,0.7328236914600551,0.8455523593077033,72600,53242,0.0,0.0,0.0,19740,0,0.0030607783121993,0.6533333333333333,0.0060930116886346,525,112063,0.3875021040439605,0.9819656610488892,2173187,531,1.0462473243789687,1.0794114349409938,0.2236528396606445,0.4620487987995147,1676678,410,1.2660125886574092,0.9067825051024556,0.2092297524213791,0.1612435430288314,495871,122,1.1335339098922734,0.2801993731409311,0.1617965549230575,0.6192131638526917,515023,126,1.0540101406090108,0.3426018320024013,0.0002698286552913,0.9999555945396424,8394252,2050,0.4446932945972193,4.585398081690073,7.194393226876855,0.0129425907507538,7.207335817627609,3.824482899159193,11.031818716786802,0.0432750442996621
28,1.8983401863308955,0.9414387413538796,0.539317657414292,0.7011278357170033,0.539317657414292,0.519043677086598,0.9427253658063603,0.7056989247815195,0.0,0.0,0.9683152510091512,0.9999735506455044,0.9838898020268312,2495335,2576918,1.0,0.1354671839637892,0.2386104783599089,6186,838,0.9401695979899496,0.9902960798367976,0.9645820466689938,18137,19104,0.9969983863505568,0.4236741152776446,0.5946513482680988,208540,88619,0.999267151474153,0.7324793388429752,0.8453229690741315,72600,53217,0.0,0.0,0.0,19740,0,0.0031444631952116,0.4933333333333333,0.0062490952082227,525,82367,0.3906579613685608,0.9791513085365297,2173187,531,1.1586526047599388,1.0592944910749793,0.223657950758934,0.4653827548027038,1676678,410,1.0422905304451298,0.8116022618487477,0.2133320868015289,0.1620824784040451,495871,122,1.1671307214206734,0.2598753189668059,0.1611827164888382,0.6535261869430542,515023,126,0.9806370106354207,0.283194400370121,0.000247611751547,0.9999639391899108,8394252,2050,0.4212277967505601,4.853226964361966,7.26719343662262,0.0661878865212202,7.33338132314384,3.891668485477567,11.225049808621408,0.0162380170077085
29,1.8936727631138563,0.9490305604660372,0.5380781598998565,0.7011120316559852,0.5380781598998565,0.5327255698342829,0.9496857761520568,0.7045487830691597,0.0,0.0,0.9682379911714856,0.9999659364373922,0.9838462325520326,2495335,2577104,1.0,0.1361138053669576,0.2396129766647695,6186,842,0.9399298833132752,0.990406351656834,0.9645081615120276,18137,19111,0.9970502010401444,0.5267670470892875,0.6893388178227079,208540,110177,0.9992670137387938,0.7323415977961433,0.8452311874537983,72600,53207,0.0,0.0,0.0,19740,0,0.0032991323281976,0.3809523809523809,0.0065416128346443,525,60622,0.3933608531951904,0.9781270623207092,2173187,531,1.8701933959791603,1.1310682632029057,0.2222703695297241,0.4646730124950409,1676678,410,1.0182108824601317,0.852688348852098,0.2157132178544998,0.16066275537014,495871,122,1.1910749916858698,0.2872485676780343,0.1619820743799209,0.6404471397399902,515023,126,1.0326596973566264,0.3010924663394689,0.0002434545604046,0.999965250492096,8394252,2050,0.422434674276425,4.649518379941583,7.22161602601409,0.04561323300004,7.26722925901413,3.8466090401634574,11.113838299177589,0.0170061141252517
30,1.8915519138457864,0.949129104879969,0.5380429962077936,0.7011301648827084,0.5380429962077936,0.5329187367666461,0.9497729747024032,0.7064835863650396,0.0,0.0,0.9682551569993948,0.9999743521410952,0.9838591676745692,2495335,2577080,1.0,0.1361138053669576,0.2396129766647695,6186,842,0.94002825893558,0.990406351656834,0.9645599527466036,18137,19109,0.9970648983585172,0.5277836386304786,0.690212210906537,208540,110388,0.9992676468931329,0.7329752066115702,0.8456532621391624,72600,53253,0.0,0.0,0.0,19740,0,0.0032951929923332,0.379047619047619,0.0065335872348808,525,60391,0.3891916573047638,0.984890341758728,2173187,531,0.9589275238371224,1.1526679350063205,0.2224720418453216,0.4680123627185821,1676678,410,1.0406591921707726,0.8723904322832823,0.2160444557666778,0.1624474972486496,495871,122,1.139965880213041,0.2668869737535715,0.1614728271961212,0.638181209564209,515023,126,1.0137401251886695,0.2777129560708999,0.0002613786200527,0.9999622702598572,8394252,2050,0.4214098325624998,4.909455278888345,7.479113576002419,0.0263333274051547,7.505446903407574,3.8379672495648265,11.3434141529724,0.0130016589537262
31,1.894531920494765,0.9454138386842122,0.5375518329226596,0.701116230408018,0.5375518329226596,0.526481958373005,0.9464780459609112,0.7034752761535873,0.0,0.0,0.9682265844509556,0.999961528211643,0.9838382101931648,2495335,2577123,1.0,0.1361138053669576,0.2396129766647695,6186,842,0.9401695979899496,0.9902960798367976,0.9645820466689938,18137,19104,0.9969891870805118,0.4779514721396374,0.6461445708932849,208540,99973,0.9992665450510596,0.7318732782369146,0.8449190207755242,72600,53173,0.0,0.0,0.0,19740,0,0.0031616982836495,0.4266666666666667,0.0062768834152971,525,70848,0.3889327943325043,0.9814659357070924,2173187,531,1.234196287811098,1.0940866330638528,0.2226997017860412,0.4671117663383484,1676678,410,1.0210381457709738,0.8862668313086033,0.2108179926872253,0.1629677861928939,495871,122,1.182165073627762,0.2733805375173688,0.1604484915733337,0.6350027322769165,515023,126,1.0101834715585158,0.332486811093986,0.0002411623427178,0.999965250492096,8394252,2050,0.4182403199709164,4.665887467563152,7.252108280546963,0.0614603301510214,7.313568610697985,3.8786195646971455,11.192188175395133,0.0197774423286318
32,1.8709825480105564,0.922739407095836,0.5454190616361821,0.7010775150740856,0.5454190616361821,0.4757627554560438,0.9202129296641663,0.7039675912134171,0.0,0.0,0.968250968644441,0.9999603259682568,0.983850216564578,2495335,2577055,1.0,0.1362754607177497,0.2398634229620145,6186,843,0.94002825893558,0.990406351656834,0.9645599527466036,18137,19109,0.996935189090398,0.170020140021099,0.2904979414596177,208540,35565,0.9992673717430915,0.7326997245179063,0.8454697893239452,72600,53233,0.0,0.0,0.0,19740,0,0.003060817105088,0.7885714285714286,0.0060979651355471,525,135258,0.3860331773757934,0.9844799041748048,2173187,531,0.972097972474812,1.0385637180879712,0.2207532227039337,0.4637193381786346,1676678,410,1.043134854694715,0.8222092539072037,0.2127921134233474,0.1634437143802642,495871,122,1.1590900378441236,0.2518217451870441,0.1617540270090103,0.6539086699485779,515023,126,1.0004480208622522,0.3007812853902578,0.0002334116143174,0.9999672770500184,8394252,2050,0.414784190795198,4.458266125060618,6.871642127633095,0.084448111243546,6.956090238876641,3.8565686121582985,10.81265885103494,0.0348808616399765
33,1.858541453812247,0.912302561126781,0.5509982423571306,0.7011966784490323,0.5509982423571306,0.4420768812073651,0.9028294718629244,0.7071697244471997,0.0,0.0,0.9683285012831354,0.9999767566278676,0.9838981938107648,2495335,2576891,1.0,0.1361138053669576,0.2396129766647695,6186,842,0.9400774544693322,0.990406351656834,0.9645858504497248,18137,19108,0.9976202617712052,0.0281432818643905,0.0547422617909459,208540,5883,0.9992674955861912,0.7328236914600551,0.8455523593077033,72600,53242,0.0,0.0,0.0,19740,0,0.0030830360333622,0.9695238095238096,0.0061465264276485,525,165097,0.3853045105934143,0.985373079776764,2173187,531,0.922001761272128,0.97417984995991,0.2195739895105362,0.464648574590683,1676678,410,0.9794903419530488,0.8608036721125245,0.2073100954294204,0.1659584790468216,495871,122,1.105551019040395,0.2749644666910171,0.1611052602529525,0.6547203063964844,515023,126,0.9746351329442268,0.3305831113830209,0.000254444516031,0.9999626278877258,8394252,2050,0.4142956032572518,4.374748192727566,6.815279292874038,0.0097953919321298,6.825074684806168,3.862534488551319,10.687609173357489,0.0111289219930768
34,1.8378730207609768,0.9171383269356268,0.550371549347072,0.7011503454671608,0.550371549347072,0.4588090235632224,0.9114593606873288,0.706126933333148,0.0,0.0,0.9683386544646084,0.999964734194006,0.9838976153786704,2495335,2576833,1.0,0.1362754607177497,0.2398634229620145,6186,843,0.9399298833132752,0.990406351656834,0.9645081615120276,18137,19111,0.997398622800306,0.093766183945526,0.1714173004010607,208540,19605,0.9992678118839764,0.7331404958677686,0.8457633178405435,72600,53265,0.0,0.0,0.0,19740,0,0.00311744580796,0.8990476190476191,0.0062133468482403,525,151406,0.3928603827953338,0.9817981123924256,2173187,531,1.7321407185121789,1.035738450475037,0.2203105688095092,0.4642227292060852,1676678,410,0.9746856855473106,0.8647779887542129,0.2067612707614898,0.165488600730896,495871,122,1.1286376440526849,0.2220448991283774,0.1604532599449157,0.6410335302352905,515023,126,0.9982109816727848,0.3019683556631207,0.0002541063004173,0.99996680021286,8394252,2050,0.3997420463048645,4.289792540483177,6.714322234503925,0.0802709953859448,6.79459322988987,3.736263350583613,10.530856580473484,0.014698589220643
35,1.8714547831622288,0.926973626608126,0.5425484147660667,0.7010840077526713,0.5425484147660667,0.48709955381212,0.92615491928497,0.706388324728496,0.0,0.0,0.9682892870114832,0.9999723484021183,0.9838758169586732,2495335,2576984,1.0,0.1362754607177497,0.2398634229620145,6186,843,0.9401476671728544,0.9899101284666704,0.9643873878713004,18137,19097,0.996852574593982,0.2278124100891915,0.3708694056940335,208540,47658,0.9992661586226362,0.7314876033057851,0.8446618155791483,72600,53145,0.0,0.0,0.0,19740,0,0.0030323668677434,0.7123809523809523,0.0060390276196704,525,123336,0.3856558501720428,0.986750304698944,2173187,531,0.9689606929666388,1.0775350853800774,0.2192487716674804,0.4679735898971557,1676678,410,0.9644737122873436,0.8170865476131439,0.2080890983343124,0.1655007004737854,495871,122,1.1477273307157234,0.3334934692829847,0.158624991774559,0.6317251920700073,515023,126,0.9618604959783384,0.2594825690612197,0.0002473910280968,0.9999628663063048,8394252,2050,0.4289326539797636,4.3711305456236005,6.858728216961026,0.01541811786592,6.874146334826946,3.799112590029836,10.673258924856782,0.0207970552146434
36,1.8278777513050173,0.9417276395458024,0.5688239633063646,0.689450797818627,0.5688239633063646,0.5130784659294524,0.9495607657277116,0.7066864127422744,0.0,0.0,0.9836010516896806,0.9999731498977092,0.9917195344784244,2495335,2536870,1.0,0.1362754607177497,0.2398634229620145,6186,843,0.8420287816997141,0.990406351656834,0.9102102862933874,18137,21333,0.998205815400832,0.4268581567085451,0.5979974270867972,208540,89177,0.9992676881478144,0.7330165289256199,0.8456807780320366,72600,53256,0.0,0.0,0.0,19740,0,0.0030522477923468,0.6952380952380952,0.0060778126535063,525,119584,0.3861176073551178,0.9861810803413392,2173187,531,1.005156591875803,1.053066316060722,0.2185063362121582,0.4690346121788025,1676678,410,1.0137370507560366,0.8298701271414757,0.2076204419136047,0.1677472591400146,495871,122,1.116860026184868,0.2542405342683196,0.1599858403205871,0.6438994407653809,515023,126,0.9941767965155356,0.3899108339101076,0.0002308604016434,0.9999651312828064,8394252,2050,0.4023640557195057,4.422333483584225,6.94942129496485,0.0709627624601125,7.0203840574249625,3.8168805250898,10.837264582514765,0.0151271671056747
37,1.854204852032096,0.9453330180857358,0.5679869425903692,0.689459560030527,0.5679869425903692,0.5197549737642807,0.952993975714058,0.7075407207504798,0.0,0.0,0.9836228033522284,0.9999755543844816,0.9917317729680424,2495335,2536820,1.0,0.1362754607177497,0.2398634229620145,6186,843,0.8421472105016409,0.990406351656834,0.9102794739909292,18137,21330,0.9981075857626028,0.4754771266903232,0.644112717776825,208540,99344,0.9992684436607828,0.7337741046831956,0.8461850036930848,72600,53311,0.0,0.0,0.0,19740,0,0.0030708769364346,0.64,0.0061124249590685,525,109415,0.3833208978176117,0.986025094985962,2173187,531,0.9115226806905584,1.0307860039174557,0.218318834900856,0.4672984480857849,1676678,410,0.960220407595892,0.8395798290148377,0.2054487615823745,0.1693283170461654,495871,122,1.1180963050102537,0.228038334287703,0.1594104915857315,0.6250866651535034,515023,126,0.9424737649224036,0.3054059520363807,0.0002481730189174,0.9999695420265198,8394252,2050,0.4032695945619717,4.463157631456852,6.866967750713229,0.0866090208292007,6.95357677154243,3.828938814811409,10.782515586353838,0.0156715884804725
38,1.8186082764625195,0.9599636732678426,0.5646812274591776,0.6894382424094082,0.5646812274591776,0.5428613720348492,0.9648774647435876,0.7071415926127943,0.0,0.0,0.9836768709547962,0.9999619289594384,0.99175255232482,2495335,2536646,1.0,0.136598771419334,0.2403641018347319,6186,845,0.842083059904378,0.9905166234768704,0.9102885662891744,18137,21334,0.997819741635833,0.6737412486813081,0.8043646897515092,208540,140809,0.9992694713969956,0.7348071625344352,0.8468718746527392,72600,53386,0.0,0.0,0.0,19740,0,0.0032185529738547,0.4171428571428571,0.0063878193909695,525,68043,0.3861982822418213,0.9876692295074464,2173187,531,1.14754438543236,1.0230765007436275,0.2199173420667648,0.4704028069972992,1676678,410,1.0100594615075047,0.8316664658486843,0.2062812596559524,0.1692395806312561,495871,122,1.1435839810516402,0.2584738600999117,0.1603789329528808,0.639517068862915,515023,126,0.9907534845029436,0.281350321136415,0.0002288421092089,0.9999682307243348,8394252,2050,0.3999686078539386,4.349566354416311,6.744133502244949,0.0874548181891441,6.8315883204340935,3.822637700475752,10.654226020909846,0.0171798560768365
39,1.8573276182459144,0.9442749063030496,0.5684708979728684,0.6894630739992216,0.5684708979728684,0.5179200462160505,0.952015992459012,0.7075071793596154,0.0,0.0,0.983646100446829,0.9999775581234585,0.991744599670118,2495335,2536765,1.0,0.1364371160685418,0.2401137980085348,6186,844,0.842107730533027,0.990406351656834,0.9102564102564102,18137,21331,0.998151263995347,0.4608420446916658,0.6305581618124676,208540,96282,0.9992691565316792,0.7344903581267218,0.8466613211816169,72600,53363,0.0,0.0,0.0,19740,0,0.0030672664876686,0.6571428571428571,0.0061060325832057,525,112478,0.386890172958374,0.9863053560256958,2173187,531,0.8685309114540958,0.990605236031115,0.2180739194154739,0.4673336446285248,1676678,410,0.9424269413869192,0.7873449707403779,0.208895206451416,0.1704233586788177,495871,122,1.16225445747331,0.2705908715724945,0.1597894877195358,0.6406121850013733,515023,126,0.9614843299362336,0.2985247876495123,0.0002448082668706,0.9999666810035706,8394252,2050,0.4050768346637197,4.3598238741979,6.7068897401914,0.0336776031181216,6.740567343309522,3.845528211444616,10.586095554754138,0.0170231387019157
40,1.8474544954002368,0.9155988363251724,0.5514534222370351,0.6873650642800925,0.5514534222370351,0.446102964818878,0.9088925205960752,0.7074598325841318,0.0,0.0,0.9692163139203416,0.999969943915346,0.9843529825746256,2495335,2574513,1.0,0.136598771419334,0.2403641018347319,6186,845,0.8422409751523675,0.9905166234768704,0.9103808244862795,18137,21330,0.9977071732721912,0.0730315526997218,0.1361006233104711,208540,15265,0.9992671101589808,0.7324380165289256,0.8452954361199867,72600,53214,0.0,0.0,0.0,19740,0,0.003123877456766,0.9276190476190476,0.0062267854060516,525,155896,0.3838641345500946,0.9871782660484314,2173187,531,0.997519566560952,1.01443827804178,0.2165180146694183,0.466492086648941,1676678,410,0.9514946287164724,0.7915378278121352,0.2026610970497131,0.1709174364805221,495871,122,1.1001457816754043,0.32758604362607,0.163804143667221,0.6375657320022583,515023,126,1.0324577516549427,0.2763476567342877,0.0002200277231168,0.9999709725379944,8394252,2050,0.3982091284564187,4.738061707466841,7.147971513681114,0.0777436671778559,7.22571518085897,3.803355886600912,11.02907106745988,0.0123391402885317
41,1.8424315556239161,0.9391622944967908,0.5685547805960561,0.6894833111451273,0.5685547805960561,0.5081608278305411,0.9469751838758212,0.7075470049727562,0.0,0.0,0.9836135816878917,0.9999807641058215,0.9917296478353768,2495335,2536857,1.0,0.136598771419334,0.2403641018347319,6186,845,0.842201490788055,0.9905166234768705,0.9103577581838451,18137,21331,0.9982897421175436,0.39186247242735206,0.5628049683366678,208540,81859,0.9992679768004955,0.7333057851239669,0.8458733525584499,72600,53277,0.0,0.0,0.0,19740,0,0.003010386621904897,0.7276190476190476,0.005995966064715624,525,126894,0.381355345249176,0.9890952706336975,2173187,531,0.7867590429865459,1.2470399038866162,0.21637378633022308,0.4678763747215271,1676678,410,0.9426204683149438,0.8919022157788277,0.20782746374607086,0.17169585824012756,495871,122,1.085914711061299,0.28597432281821966,0.1585140824317932,0.6504234075546265,515023,126,0.9400951631300682,0.2922172974795103,0.00023238910944201052,0.9999675154685974,8394252,2050,0.3931275176587303,4.6762149864807725,7.393348726443946,0.06936211511492729,7.462710841558874,3.87728273216635,11.339993573725224,2.1524170441552997
42,1.820680791067444,0.949837348545566,0.5655732413020268,0.6894376103811322,0.5655732413020268,0.5274849499952443,0.9569692206310305,0.707733598212667,0.0,0.0,0.9836123926624136,0.9999791611146399,0.991728255147708,2495335,2536856,1.0,0.136598771419334,0.2403641018347319,6186,845,0.8421620101256329,0.9905166234768705,0.910334693050242,18137,21332,0.9979670628516402,0.536707586074614,0.6980196013009327,208540,112153,0.9992679768004955,0.7333057851239669,0.8458733525584499,72600,53277,0.0,0.0,0.0,19740,0,0.0030538302277432713,0.5619047619047619,0.006074646074646074,525,96600,0.3808165490627289,0.9883847832679749,2173187,531,0.8732006254439404,1.1230207299813628,0.21460865437984467,0.47024238109588623,1676678,410,0.8884533791694567,0.8718614745885134,0.20292949676513672,0.17364394664764404,495871,122,1.0795770598663548,0.30031558964401484,0.16007530689239502,0.6246691942214966,515023,126,0.947127598607092,0.2751783328130841,0.00022759890998713672,0.9999688267707825,8394252,2050,0.38908195382936034,4.360991039313376,6.931367166340351,0.04175074025988579,6.973117906600237,3.8327597342431545,10.805877640843391,0.01411980576813221
43,1.8096597415724456,0.9512736865500699,0.5662993632824024,0.6894458346791936,0.5662993632824024,0.5299371064068782,0.9581804463528705,0.7080418266643337,0.0,0.0,0.9836395215359289,0.9999783596190491,0.991741649988802,2495335,2536784,1.0,0.1369220821209182,0.24086449594767526,6186,847,0.8421620101256329,0.9905166234768705,0.910334693050242,18137,21332,0.9979511724802865,0.5558933537930373,0.714041095890411,208540,116164,0.999268786560672,0.7341184573002755,0.8464140515817559,72600,53336,0.0,0.0,0.0,19740,0,0.003099352051835853,0.5466666666666666,0.006163758389261745,525,92600,0.38309457898139954,0.9880488514900208,2173187,531,0.8988970353577405,1.1304000914096832,0.21538464725017548,0.46878889203071594,1676678,410,0.9078981123210856,0.9162710029631853,0.2099965512752533,0.1725025326013565,495871,122,1.1116338076480636,0.25130727607756853,0.15791389346122742,0.6354337930679321,515023,126,0.9650101445807823,0.32538893446326256,0.00022706126037519425,0.9999702572822571,8394252,2050,0.38786356722706977,4.562202012166381,7.1855693170800805,0.030491631478071213,7.216060948558152,3.867156562395394,11.083217510953546,0.023739079013466835
44,1.7907857493956878,0.9742799079637711,0.5630357936265574,0.6895548183805005,0.5630357936265574,0.5607973649659365,0.9740436619167865,0.7083208100389238,0.0,0.0,0.9836859894963996,0.9999743521410953,0.9917632967798617,2495335,2536654,1.0,0.136598771419334,0.2403641018347319,6186,845,0.842169408897014,0.9905717593868887,0.9103623004813782,18137,21333,0.9977173481540293,0.8677184233240626,0.9281881879828062,208540,181368,0.9992696218888701,0.7349586776859505,0.8469725469654039,72600,53397,0.0,0.0,0.0,19740,0,0.00404136022718998,0.21142857142857144,0.007931120717373442,525,27466,0.3826334774494171,0.9872021675109863,2173187,531,0.9405610264167356,1.1162552554160357,0.21483993530273438,0.46581336855888367,1676678,410,0.9302197904012941,0.9342036163434386,0.20563071966171265,0.1751846820116043,495871,122,1.0996751028781124,0.27520785201340914,0.15793058276176453,0.6346027255058289,515023,126,0.890175025500709,0.33385929744690657,0.00023056963982526213,0.9999688267707825,8394252,2050,0.3844559695426003,4.516344144940376,7.175870166160166,0.022891448810696602,7.198761614970863,3.8549476647749543,11.053709279745817,0.013457168824970722
45,1.837726624433502,0.9646512679794815,0.5633279744125326,0.689454208902409,0.5633279744125326,0.5490585110184609,0.9680928031795851,0.7073931813014538,0.0,0.0,0.983657759036306,0.9999791611146399,0.9917513136730501,2495335,2536739,1.0,0.136598771419334,0.2403641018347319,6186,845,0.842169408897014,0.9905717593868887,0.9103623004813782,18137,21333,0.9977745192182917,0.7374172820562003,0.848063221053096,208540,154124,0.9992686357243319,0.7339669421487603,0.8463132817153067,72600,53325,0.0,0.0,0.0,19740,0,0.003309139440919977,0.34476190476190477,0.006555358371663467,525,54697,0.38230088353157043,0.9861341714859009,2173187,531,1.0784353689731168,1.0746941035613418,0.21604008972644806,0.4720304310321808,1676678,410,0.8819970620560128,0.8430579314008355,0.1999591588973999,0.17516854405403137,495871,122,1.0585213131420599,0.28682356234639883,0.15781430900096893,0.6412160396575928,515023,126,0.9100383106038151,0.2959504332393408,0.0002418843359919265,0.9999673962593079,8394252,2050,0.39793291497328276,4.5603775242343545,7.060903554782271,0.035249496810138226,7.09615305159241,3.898870851844549,10.995023903436959,0.016349224373698235
46,1.8188184749781935,0.9838571488832402,0.556005350248623,0.6998512900424253,0.556005350248623,0.5760814157129129,0.9791766388415662,0.7078670724785596,0.0,0.0,0.9836708852775421,0.9999755543844815,0.9917562113587933,2495335,2536696,1.0,0.1367604267701261,0.24061433447098976,6186,846,0.8422162846294473,0.9906268952969068,0.9104129718773752,18137,21333,0.997569615884262,0.9978996835139542,0.9977346224011084,208540,208609,0.999269060649224,0.7343939393939394,0.8465972244275779,72600,53356,0.0,0.0,0.0,19740,0,0.07623318385650224,0.03238095238095238,0.045454545454545456,525,223,0.38460972905158997,0.98846435546875,2173187,531,1.0273038317898977,1.132614441215992,0.2156137228012085,0.4706723988056183,1676678,410,0.904206406329607,0.8869905592873693,0.20584803819656372,0.17681816220283508,495871,122,1.136096981749898,0.2410479448735714,0.15816441178321838,0.6394646763801575,515023,126,0.9075806371291717,0.2663331404328346,0.00022831688693258911,0.9999701380729675,8394252,2050,0.3823101292616838,4.507215092889965,7.034201178699732,0.03872407414019108,7.072925252839923,3.858503389172256,10.931428642012179,0.015721234492957592
47,1.817812947986557,0.98321767362161,0.5576331864819805,0.6909951461529732,0.5576331864819805,0.5720576021252158,0.9788350952016388,0.7074762899794217,0.0,0.0,0.9836441616701553,0.9999775581234583,0.9917436142528823,2495335,2536770,1.0,0.136598771419334,0.2403641018347319,6186,845,0.8423199549887472,0.9905166234768705,0.9104269605979982,18137,21328,0.9976020691822379,0.989493622326652,0.9935313022858312,208540,206845,0.9992869340038656,0.7335123966942149,0.8460175866424129,72600,53291,0.0,0.0,0.0,19740,0,0.014112903225806451,0.05333333333333334,0.022319649262654444,525,1984,0.3780679404735565,0.9865952134132385,2173187,531,0.9301380094733877,1.1355277188122272,0.2153843492269516,0.47043323516845703,1676678,410,0.9142256279414287,0.7953598760068417,0.2015180140733719,0.17626157402992249,495871,122,1.1145399385896007,0.25020958576351404,0.15676841139793396,0.6338047385215759,515023,126,0.8762908098644424,0.2483603172004223,0.0002260580367874354,0.9999662041664124,8394252,2050,0.4004565963824619,4.43965232744813,6.869109825231135,0.026336095295846462,6.895445920526981,3.828066248446703,10.723512168973684,0.011620827950537205
48,1.784360853581852,0.9838649473620404,0.555999272235042,0.7033306967992866,0.555999272235042,0.5765968744687741,0.979174128439072,0.7076994088905978,0.0,0.0,0.9836588901227603,0.999977157375663,0.9917509031081866,2495335,2536731,1.0,0.1369220821209182,0.24086449594767526,6186,847,0.8422162846294473,0.9906268952969068,0.9104129718773752,18137,21333,0.9975606249400939,0.9981346504267766,0.9978475551294343,208540,208660,0.9992873619263732,0.7339531680440772,0.846310840751888,72600,53323,0.0,0.0,0.0,19740,0,0.10059171597633136,0.03238095238095238,0.04899135446685879,525,169,0.3841325044631958,0.987076997756958,2173187,531,1.1946608268379253,1.1237887386232615,0.21467053890228271,0.46913301944732666,1676678,410,0.9040311341534361,0.885080961510539,0.20537418127059937,0.17779624462127686,495871,122,1.1133755656495814,0.2633472429588437,0.15851826965808868,0.6536640524864197,515023,126,0.9373148218693254,0.32553779426962137,0.00022726574388798326,0.9999691843986511,8394252,2050,0.38704029506446586,4.628688459284604,7.226443196646869,0.021885808557271957,7.248329005204141,3.90892734285444,11.157256348058581,0.014387059025466442
49,1.8146706471165703,0.9832818338335585,0.558169403888013,0.6910418012496775,0.558169403888013,0.5723049861337622,0.9789093653114317,0.707925738506894,0.0,0.0,0.983728837080211,0.9999619289594384,0.9917789630726054,2495335,2536512,1.0,0.1367604267701261,0.24061433447098976,6186,846,0.8423347398030943,0.9906268952969068,0.9104821749816302,18137,21330,0.9975990338164251,0.9902320897669512,0.9939019107667132,208540,207000,0.9992877626375274,0.734366391184573,0.8465856311481267,72600,53353,0.0,0.0,0.0,19740,0,0.014342235410484669,0.05523809523809524,0.022771888496270123,525,2022,0.3782244026660919,0.9874658584594727,2173187,531,0.8446263700392681,1.1341922394931316,0.21577252447605133,0.4722689986228943,1676678,410,0.9275788237017186,0.8351203491911292,0.20261885225772858,0.17990364134311676,495871,122,2.5507418314004187,0.2760822521522641,0.15851695835590363,0.6376569867134094,515023,126,0.9016243442780657,0.29579255264252424,0.00021038053091615438,0.9999718070030212,8394252,2050,0.3940321713720787,4.473795614205301,7.01498300768435,0.04133518133312464,7.056318189017475,3.9056345466524363,10.961952735669911,0.011508138850331306
50,1.797204297491356,0.9838692010777498,0.5560745221827569,0.7011722866697886,0.5560745221827569,0.5763622475467599,0.9791855686485856,0.7083675077942261,0.0,0.0,0.983674640778628,0.9999679401763691,0.9917543752963532,2495335,2536667,1.0,0.1369220821209182,0.24086449594767526,6186,847,0.8422557659853741,0.9906268952969068,0.9104360384098913,18137,21332,0.997560554794061,0.9981058789680637,0.9978331423750102,208540,208654,0.999287909452065,0.7345179063360882,0.8466863548315392,72600,53364,0.0,0.0,0.0,19740,0,0.08542713567839195,0.03238095238095238,0.04696132596685083,525,199,0.38236093521118164,0.9880322813987732,2173187,531,0.9480321302336137,1.116344016045332,0.21406729519367218,0.46764257550239563,1676678,410,0.9509146183857582,0.9032992953434587,0.20971710979938507,0.1753218024969101,495871,122,1.2536810177990085,0.28478289395570755,0.15821602940559387,0.6445906758308411,515023,126,0.8926919399209953,0.30332341603934765,0.00021237044711597264,0.9999679923057556,8394252,2050,0.3940477121285095,4.518982131965458,7.126731753349304,0.04805331490933895,7.174785068258643,3.907689593732357,11.082474661991,0.01013403944671154
51,1.7813040526859905,0.9838904696562962,0.5557785599995383,0.7086717026908307,0.5557785599995383,0.5767420099088645,0.9791915726838456,0.7084855766611259,0.0,0.0,0.9836662899330119,0.9999791611146399,0.9917556495839073,2495335,2536717,1.0,0.1367604267701261,0.24061433447098976,6186,846,0.8422557659853741,0.9906268952969068,0.9104360384098913,18137,21332,0.9975611859631639,0.9983648220964803,0.9979628422425033,208540,208708,0.9992876424715057,0.7342424242424243,0.8465032077748841,72600,53344,0.0,0.0,0.0,19740,0,0.13793103448275862,0.030476190476190476,0.0499219968798752,525,116,0.38158276677131653,0.9898954629898071,2173187,531,0.8311422942859089,1.0926059177145362,0.21315820515155792,0.47289523482322693,1676678,410,0.8646225154378306,0.8761356305330992,0.20661060512065887,0.18123464286327362,495871,122,1.1504198307028153,0.3074179729446769,0.1572810709476471,0.6488467454910278,515023,126,0.8959139560189552,0.29811807069927454,0.00021332423784770072,0.9999697804450989,8394252,2050,0.38920041489897106,4.55145239084959,7.125729982741177,0.035873246379196644,7.161603229120374,3.8436868051066995,11.005290034227073,0.009813581593334675
52,1.7822045481456759,0.9706961524786933,0.5617327056748672,0.6894953707189552,0.5617327056748672,0.556548305209095,0.971918461777955,0.7077888570874532,0.0,0.0,0.9836534549800847,0.9999767566278676,0.9917479435438116,2495335,2536744,1.0,0.1367604267701261,0.24061433447098976,6186,846,0.8422631603618806,0.9906820312069251,0.9104636432733721,18137,21333,0.9977289843480901,0.8195070490073847,0.8998786295938436,208540,171289,0.9993059333320827,0.7337741046831956,0.8461984449086245,72600,53309,0.0,0.0,0.0,19740,0,0.003516062010548186,0.25142857142857145,0.006935140673023879,525,37542,0.38072511553764343,0.989642858505249,2173187,531,0.8822649253424253,1.069532479159534,0.21586981415748596,0.47084295749664307,1676678,410,0.990522702411292,0.8712032148614526,0.20643487572669983,0.18054695427417755,495871,122,1.1689833847576572,0.24570483062416315,0.15789099037647247,0.661918044090271,515023,126,0.8914242089649819,0.2941345851868391,0.00020948787278030068,0.9999733567237854,8394252,2050,0.38512044170349125,4.700630532577634,7.181205642409623,0.04249623976647854,7.223701882176101,3.874068506062031,11.097770388238132,0.009762700647115707
53,1.79679643715656,0.9748247380508694,0.5621910219712187,0.6895629290610047,0.5621910219712187,0.5614358827063956,0.9743485090667122,0.7085591243244683,0.0,0.0,0.9836728885272643,0.9999795618624353,0.9917592004508712,2495335,2536701,1.0,0.1369220821209182,0.24086449594767526,6186,847,0.8422631603618806,0.9906820312069251,0.9104636432733721,18137,21333,0.9976986990270034,0.8752229788050254,0.9324563196076427,208540,182940,0.9992878293789123,0.734435261707989,0.8466314168214801,72600,53358,0.0,0.0,0.0,19740,0,0.00401792613197342,0.1980952380952381,0.007876102843727518,525,25884,0.3809894025325775,0.9878174066543579,2173187,531,0.9100741719823103,1.0656932927668095,0.21354711055755615,0.47013381123542786,1676678,410,0.9052853948714935,0.8128251396119595,0.1989574134349823,0.18170854449272156,495871,122,1.0808270459394655,0.23155016265809536,0.1572316437959671,0.6508058905601501,515023,126,0.9236037972947139,0.31760857347398996,0.00021194784494582564,0.9999726414680481,8394252,2050,0.3858278782948457,4.5407487619668245,6.968425930477679,0.01970107015222311,6.988127000629902,3.9368301266804338,10.924957127310336,0.015708505176007748
54,1.816271716027502,0.9755957240231785,0.5610939040279971,0.6895599528200146,0.5610939040279971,0.5621394879190534,0.9747594488888939,0.7080665898653843,0.0,0.0,0.9836217563497278,0.9999827678447984,0.9917347882903936,2495335,2536841,1.0,0.136598771419334,0.2403641018347319,6186,845,0.8422557659853741,0.9906268952969068,0.9104360384098913,18137,21332,0.9977050720607373,0.8859978900930278,0.9385392564974564,208540,185191,0.9993056728405487,0.7334986225895317,0.8460151403220297,72600,53289,0.0,0.0,0.0,19740,0,0.004031402503713134,0.18095238095238095,0.0078870900788709,525,23565,0.37828901410102844,0.9909805059432983,2173187,531,0.7767112161627431,1.0806361883878708,0.21462537348270416,0.4722367823123932,1676678,410,0.8612875555825354,0.8792492374777794,0.2048257291316986,0.17931881546974182,495871,122,1.1584856081245838,0.31905677169561386,0.15670576691627502,0.6654110550880432,515023,126,0.8793084713024171,0.3157871440052986,0.00020723944180645049,0.9999712109565735,8394252,2050,0.38252687077107045,4.470303128473461,7.065032470040023,0.054803418926894665,7.119835888966918,3.8745755841955543,10.994411473162472,0.016721275635063648
55,1.7781719690010722,0.9839677454916816,0.555969069056606,0.7246947889609101,0.555969069056606,0.5775000155248753,0.9792609667715368,0.7085692499673126,0.0,0.0,0.9837302892033838,0.9999799626102307,0.9917885708528149,2495335,2536554,1.0,0.1369220821209182,0.24086449594767526,6186,847,0.8422631603618806,0.9906820312069251,0.9104636432733721,18137,21333,0.9975635674350923,0.9993430516927209,0.9984525166965303,208540,208912,0.9993065057260135,0.7343801652892562,0.8466015100870959,72600,53353,0.0,0.0,0.0,19740,0,0.25,0.030476190476190476,0.05432937181663837,525,64,0.380917489528656,0.9893492460250854,2173187,531,0.9383967032676754,1.1029580980539322,0.21259662508964539,0.46875789761543274,1676678,410,0.8625628737194956,0.82758560590446,0.20232348144054413,0.18551196157932281,495871,122,1.0861707207955473,0.294623295776546,0.15759973227977753,0.6488234400749207,515023,126,0.9225025743282848,0.2732339445501566,0.0001998874213313684,0.999973475933075,8394252,2050,0.3719242504170562,4.443855011835694,6.942255956120789,0.05710983648896217,6.999365792609751,3.874489665031433,10.873855457641184,0.009730160236358643
56,1.8020612379254561,0.9838794808907139,0.5556786041585373,0.7211617026583447,0.5556786041585373,0.5772277698900498,0.979169113647464,0.708377853085563,0.0,0.0,0.9836353014543507,0.9999811648536169,0.9917408846380772,2495335,2536802,1.0,0.1369220821209182,0.24086449594767526,6186,847,0.8422631603618806,0.9906820312069251,0.9104636432733721,18137,21333,0.9975760362923894,0.9985758127937087,0.9980756741730551,208540,208749,0.9993053078237359,0.7331129476584022,0.8457584160303827,72600,53261,0.0,0.0,0.0,19740,0,0.22535211267605634,0.030476190476190476,0.053691275167785234,525,71,0.378300279378891,0.990495502948761,2173187,531,0.8415696231219743,1.1221547797322273,0.21150727570056915,0.4718198776245117,1676678,410,0.8348802745069978,0.8479829467833042,0.19720253348350525,0.18423138558864594,495871,122,1.1089243132896658,0.2641848726198077,0.15709814429283142,0.6453071236610413,515023,126,0.8609524040394649,0.3366170544177294,0.00020451169984880835,0.9999727606773376,8394252,2050,0.38639097775826675,4.470331558026373,7.041271211579442,0.04165505152195692,7.082926263101399,3.8564844615757465,10.939410724677145,0.010004810988903046
57,1.757451569483591,0.9838872793695143,0.5558751083846344,0.7012611139604635,0.5558751083846344,0.5761327961355933,0.9792033759193616,0.7087550446096789,0.0,0.0,0.9836895567670363,0.9999791611146399,0.9917674749880365,2495335,2536657,1.0,0.1369220821209182,0.24086449594767526,6186,847,0.8422631603618806,0.9906820312069251,0.9104636432733721,18137,21333,0.9975651723790854,0.9980387455644001,0.9978019027803413,208540,208639,0.9992884028388982,0.7350275482093664,0.8470250236109237,72600,53401,0.0,0.0,0.0,19740,0,0.08602150537634409,0.030476190476190476,0.0450070323488045,525,186,0.38303422927856445,0.9906243681907654,2173187,531,0.9473634802032913,1.0678932704031467,0.21327908337116241,0.4719463288784027,1676678,410,0.8824037079082958,0.8101167818531394,0.1979670524597168,0.18443909287452698,495871,122,1.0494983585458928,0.2881580600515008,0.1577603816986084,0.6511068344116211,515023,126,0.8941112697435515,0.2875010212883353,0.00020042361575178802,0.9999741911888123,8394252,2050,0.3677859997604383,4.595832331106067,7.049501464702189,0.05799983628094196,7.107501300983131,3.892198847606778,10.999700148589909,0.018315923400223255
58,1.7656886644553647,0.9837476157037258,0.5594136625781733,0.6915729031414106,0.5594136625781733,0.5741502625624096,0.9793273808766895,0.7091270102959945,0.0,0.0,0.9840216546448527,0.9999815656014123,0.991937416992007,2495335,2535807,1.0,0.1369220821209182,0.24086449594767526,6186,847,0.8422631603618806,0.9906820312069251,0.9104636432733721,18137,21333,0.9976176582641698,0.9919679677759662,0.9947847914998593,208540,207359,0.9992996295408887,0.7468181818181818,0.8548050166723161,72600,54257,0.0,0.0,0.0,19740,0,0.01780821917808219,0.049523809523809526,0.02619647355163728,525,1460,0.3801664710044861,0.9918092489242554,2173187,531,0.7745014258049354,1.1558982394635677,0.21158258616924286,0.4711495041847229,1676678,410,0.8589847252876709,0.8054750161245465,0.19586783647537231,0.1859757900238037,495871,122,1.088585454903853,0.2808781275525689,0.1564706265926361,0.6586191654205322,515023,126,0.8711274518990328,0.33473999705165625,0.00021789121092297137,0.9999708533287048,8394252,2050,0.3737255071124263,4.350425079464912,6.927416459657252,0.0403860816732049,6.967802541330457,3.8543982934206724,10.82220083475113,0.015777135267853737
59,1.764431610136647,0.9828493727364472,0.5573959528508439,0.6902962859906486,0.5573959528508439,0.5709504373984363,0.9786745996333869,0.7086630650892605,0.0,0.0,0.9836895760567045,0.9999803633580261,0.9917680760811567,2495335,2536660,1.0,0.1369220821209182,0.24086449594767526,6186,847,0.8422631603618806,0.9906820312069251,0.9104636432733721,18137,21333,0.9976030727343446,0.983921549822576,0.9907150789435566,208540,205680,0.9992884028388982,0.7350275482093664,0.8470250236109237,72600,53401,0.0,0.0,0.0,19740,0,0.009229789942711649,0.05523809523809524,0.015816743932369783,525,3142,0.3770325779914856,0.9901692271232605,2173187,531,0.9169826844772125,1.0846137451007962,0.21087881922721863,0.4681883156299591,1676678,410,0.8484065722216868,0.8210020819678903,0.20122963190078735,0.1854635626077652,495871,122,1.1034282430299942,0.2429420528933406,0.15658196806907654,0.6517961621284485,515023,126,0.8764554923788636,0.3105248296633363,0.0002062807761831209,0.999971330165863,8394252,2050,0.3754706135215722,4.794051854871213,7.253134564496577,0.07723989803344011,7.330374462530017,3.904527496546507,11.234901959076524,0.009860540740191936
60,1.7761671114207218,0.9569938707501392,0.5659145600224503,0.689474926356913,0.5659145600224503,0.5386550266982726,0.9626908392936199,0.7090755123377211,0.0,0.0,0.9836484785555788,0.9999807641058215,0.991747385088776,2495335,2536767,1.0,0.1369220821209182,0.24086449594767526,6186,847,0.8422557659853741,0.9906268952969068,0.9104360384098913,18137,21332,0.99790806038682,0.6336242447492088,0.7750980340398823,208540,132413,0.9993057510085374,0.7335812672176308,0.8460701378132571,72600,53295,0.0,0.0,0.0,19740,0,0.003206428562080383,0.4666666666666667,0.006369095588426444,525,76409,0.3800867199897766,0.991929829120636,2173187,531,0.8161182911002327,1.1389491949230433,0.2113552838563919,0.4748568534851074,1676678,410,0.8244818209981735,0.8360039386898279,0.1955951750278473,0.18719182908535004,495871,122,1.028758174962545,0.25118238478899,0.15638017654418945,0.670731246471405,515023,126,0.8715373687627491,0.3122932184487581,0.0002167398779420182,0.9999679923057556,8394252,2050,0.37785863100545997,4.670057821087539,7.2084865579381585,0.05126731190830469,7.259753869846463,3.882107329554856,11.141861199401319,0.014289475046098232
61,1.7559149330134036,0.9627002303741533,0.5643795237904162,0.6894770226180471,0.5643795237904162,0.5466989898637674,0.9668004890784145,0.7094656930370705,0.0,0.0,0.9837018633932151,0.9999727491499137,0.9917705761431367,2495335,2536609,1.0,0.1369220821209182,0.24086449594767526,6186,847,0.8422631603618806,0.9906820312069251,0.9104636432733721,18137,21333,0.997804565964038,0.7104824014577539,0.8299806738929502,208540,148490,0.9992888156909717,0.7354545454545455,0.8473086200330074,72600,53432,0.0,0.0,0.0,19740,0,0.0032807529162248144,0.37714285714285717,0.006504919756229775,525,60352,0.37908735871315,0.9900845885276794,2173187,531,0.9918444544507738,1.1197666935622692,0.2116941511631012,0.47281113266944885,1676678,410,0.8393685831950548,0.8670031679794192,0.2019987851381302,0.18783514201641083,495871,122,1.1271968967138872,0.29454001504927874,0.15642927587032318,0.6377890110015869,515023,126,0.8713905295058146,0.2752200113609433,0.0002155448164558038,0.9999706149101257,8394252,2050,0.3664039904050961,4.639833108521998,7.196362996473908,0.07232582196593285,7.268688818439841,3.854617123492062,11.123305941931903,0.01640709489583969
62,1.7571154206290167,0.9562360004012672,0.5761689160824837,0.68975401319112,0.5761689160824837,0.5412686267447656,0.962747191817006,0.7094339484557907,0.0,0.0,0.9855521693863977,0.9999811648536169,0.9927142389117766,2495335,2531868,1.0,0.1369220821209182,0.24086449594767526,6186,847,0.8422631603618806,0.9906820312069251,0.9104636432733721,18137,21333,0.9979415167351497,0.5997746235734152,0.749244477723699,208540,125335,0.9993470229401151,0.801060606060606,0.8892847585916893,72600,58195,0.0,0.0,0.0,19740,0,0.0031742229142959814,0.5047619047619047,0.006308772765147006,525,83485,0.3786379098892212,0.9913247227668762,2173187,531,0.8661214025299266,1.052918084897101,0.2114405333995819,0.47202804684638977,1676678,410,0.8028763740598468,0.7890849318355322,0.20143122971057892,0.18950290977954865,495871,122,1.0232719722504287,0.2677305703982711,0.156489297747612,0.6450080871582031,515023,126,0.8706996147954393,0.23003776464611292,0.0002153991226805374,0.9999716877937317,8394252,2050,0.36937258212437635,4.434595230966806,6.7743665827438235,0.02684014569967985,6.801206728443503,3.8885732321068645,10.689779960550368,0.014804464764893055
63,1.7369594192342321,0.9864185946928516,0.5698888640893383,0.7037557228284678,0.5698888640893383,0.5853975424305864,0.9820361825527026,0.7099449492057645,0.0,0.0,0.9864556776371421,0.9999803633580261,0.9931719789638841,2495335,2529547,1.0,0.1369220821209182,0.24086449594767526,6186,847,0.8422631603618806,0.9906820312069251,0.9104636432733721,18137,21333,0.9975702448445579,0.9981586266423708,0.9978643490099544,208540,208663,0.9993720461380837,0.8330027548209367,0.9086347040882251,72600,60514,0.0,0.0,0.0,19740,0,0.10062893081761007,0.030476190476190476,0.04678362573099415,525,159,0.379788875579834,0.9862602353096008,2173187,531,1.0182798141363567,1.0431853039190173,0.21072931587696075,0.4716421663761139,1676678,410,0.8270059967347572,0.780036230571568,0.200638547539711,0.1867058128118515,495871,122,1.0881455634670283,0.28186104726046324,0.15657925605773926,0.6410082578659058,515023,126,0.8455358289120292,0.30263069551438093,0.00021694786846637726,0.9999712109565735,8394252,2050,0.3622529503481471,4.496633043512702,6.9043463207781315,0.06457025930285454,6.968916580080986,3.8543865038082004,10.823303083889186,0.02547503635287285
64,1.7623466515609547,0.9768807006436935,0.5732850494334704,0.6898922097959019,0.5732850494334704,0.5688144688258582,0.9766615646338976,0.7089859143573365,0.0,0.0,0.9859139347776182,0.9999819663492077,0.9928981217903673,2495335,2530941,1.0,0.1369220821209182,0.24086449594767526,6186,847,0.8422631603618806,0.9906820312069251,0.9104636432733721,18137,21333,0.9977099695573519,0.8753620408554714,0.9325401589243615,208540,182967,0.9993741860189774,0.8138567493112948,0.8971250275198712,72600,59123,0.0,0.0,0.0,19740,0,0.003984217855485069,0.1961904761904762,0.007809834325359214,525,25852,0.37794816493988037,0.9917908310890198,2173187,531,0.788336632430497,1.0632492750883102,0.21051695942878723,0.4734320044517517,1676678,410,0.8218277940093268,0.8600205956026912,0.20277439057826996,0.19080567359924316,495871,122,1.0836054410248763,0.2762129819020629,0.15619443356990814,0.6436275839805603,515023,126,0.8174196170054541,0.31746270321309566,0.00020905226119793952,0.9999716877937317,8394252,2050,0.38017693750179676,4.529858811758459,7.046804367564619,0.03268263954669237,7.079487007111311,3.861829137429595,10.941316144540906,0.014956116676330566
65,1.7236270926160768,0.9799401856676012,0.5730653833783228,0.6899589685198808,0.5730653833783228,0.5732337485892003,0.9786260514477705,0.7094320880475797,0.0,0.0,0.9864388340180331,0.9999747528888907,0.993160674885585,2495335,2529576,1.0,0.1369220821209182,0.24086449594767526,6186,847,0.8422631603618806,0.9906820312069251,0.9104636432733721,18137,21333,0.9976409146315833,0.9105159681595857,0.9520894130389,208540,190328,0.9993715996097303,0.8324104683195592,0.9082820449233867,72600,60471,0.0,0.0,0.0,19740,0,0.0039982710179381886,0.14095238095238094,0.007775968055482583,525,18508,0.3801080286502838,0.9899962544441223,2173187,531,1.2678952779155062,1.0532353157177567,0.21308614313602448,0.47312963008880615,1676678,410,0.9694951646669105,0.773885446600616,0.19672998785972595,0.19052737951278687,495871,122,1.077643022834235,0.2475535785779357,0.15648528933525085,0.6513359546661377,515023,126,0.8690064460606336,0.3359347563236952,0.00020785414380952716,0.9999718070030212,8394252,2050,0.3673349552694418,4.4486274076625705,6.859236504882574,0.035690647549927235,6.894927152432501,3.9021278601139784,10.79705501254648,0.018651889637112617
66,1.7458891457536458,0.9858220110646235,0.5719135092827299,0.6914346066020182,0.5719135092827299,0.5813088309016988,0.9817455167801415,0.7099012848990472,0.0,0.0,0.9864911664800653,0.9999803633580261,0.9931899655129934,2495335,2529456,1.0,0.1369220821209182,0.24086449594767526,6186,847,0.8422631603618806,0.9906820312069251,0.9104636432733721,18137,21333,0.9976089035736023,0.9903279946293277,0.9939551157720463,208540,207018,0.9993714021041488,0.8321487603305785,0.9081261461684154,72600,60452,0.0,0.0,0.0,19740,0,0.01430761369443025,0.05333333333333334,0.022562449637389202,525,1957,0.3792855143547058,0.9901379346847534,2173187,531,0.9226101776590651,1.0273453397676349,0.21045932173728943,0.47396281361579895,1676678,410,0.8268542650492674,0.8080464545637369,0.19664345681667328,0.193548321723938,495871,122,1.0480365909778488,0.3400970110669732,0.1556655615568161,0.648807942867279,515023,126,0.8201153342263998,0.27643668092787266,0.00022302869183477014,0.9999696612358093,8394252,2050,0.38966504129728197,4.345999954268336,6.797925440594554,0.06958061549812555,6.8675060560926795,3.854688203893602,10.722194259986281,0.010466479696333408
67,1.7771821853434662,0.9764248441101812,0.561779475729982,0.6895992243958992,0.561779475729982,0.5636147949999984,0.9753449400175549,0.7101052854059283,0.0,0.0,0.9838478577494877,0.9999827678447984,0.991849698495089,2495335,2536258,1.0,0.1369220821209182,0.24086449594767526,6186,847,0.8422557659853741,0.9906268952969068,0.9104360384098913,18137,21332,0.9976954336434606,0.8947396182986478,0.9434169278996866,208540,187020,0.9993123826869111,0.7406611570247934,0.8507622083870611,72600,53809,0.0,0.0,0.0,19740,0,0.004083130706060467,0.16952380952380952,0.007974195860585969,525,21797,0.3747884929180145,0.9928105473518372,2173187,531,0.7730815714494593,1.0738998455926776,0.20963570475578308,0.470596045255661,1676678,410,0.7887825115043092,0.870736476033926,0.2002009153366089,0.19140663743019104,495871,122,1.0848262486089337,0.2353191403672099,0.1558310091495514,0.6429247260093689,515023,126,0.8194540368354285,0.2885913513600826,0.00019414309645071626,0.9999706149101257,8394252,2050,0.3792033487046415,4.470254357904196,6.938801171258092,0.0691995145753026,7.0080006858333945,3.881602708250284,10.889603394083679,0.01666304189711809
68,1.7390581830532155,0.9864015798300144,0.5698232872744616,0.7018689900042193,0.5698232872744616,0.5851328156251002,0.982022331134092,0.7107465964633144,0.0,0.0,0.9864463237259109,0.9999807641058215,0.9931674357356266,2495335,2529572,1.0,0.1369220821209182,0.24086449594767526,6186,847,0.8422631603618806,0.9906820312069251,0.9104636432733721,18137,21333,0.9975699653468431,0.9980435408075189,0.9978066968855096,208540,208639,0.9993717866058291,0.8326584022038568,0.9084296974205232,72600,60489,0.0,0.0,0.0,19740,0,0.08743169398907104,0.030476190476190476,0.04519774011299435,525,183,0.378594309091568,0.992931067943573,2173187,531,0.9870207634890081,1.0184976169839501,0.2106897532939911,0.4701862931251526,1676678,410,0.8237645001439484,0.79859818238765,0.1923990398645401,0.1914590746164322,495871,122,1.0490543292036765,0.2802403178066015,0.15646229684352875,0.6440741419792175,515023,126,0.8620873989654012,0.3649307880550623,0.00018436508253216743,0.9999783635139465,8394252,2050,0.3575100399154765,4.527532204054296,6.98979910928756,0.09045300539582968,7.08025211468339,3.8484026500955224,10.928654764778912,0.011002001352608204
69,1.7442523946895203,0.94683280734957,0.5823435010308315,0.6899003830317418,0.5823435010308315,0.5271126864460641,0.9548902271917622,0.7105036674458097,0.0,0.0,0.9864346302562101,0.9999811648536169,0.9931617066718037,2495335,2529603,1.0,0.1369220821209182,0.24086449594767526,6186,847,0.8422631603618806,0.9906820312069251,0.9104636432733721,18137,21333,0.9981739518379797,0.46133595473290495,0.6310248816914434,208540,96383,0.9993714748838055,0.8322451790633609,0.9081835877317581,72600,60459,0.0,0.0,0.0,19740,0,0.003059463882317366,0.6552380952380953,0.0060904898063967846,525,112438,0.37687164545059204,0.9919726252555847,2173187,531,0.8061689765596008,0.997432897798717,0.21040013432502747,0.4730401635169983,1676678,410,0.8380825983219661,0.8053041771054268,0.20122720301151276,0.1934172362089157,495871,122,1.0584278381369567,0.2791129881516099,0.15539082884788513,0.6730204224586487,515023,126,0.8508060090698288,0.28606251161545515,0.0002013504708884284,0.9999719262123108,8394252,2050,0.36511339371116097,4.596359809860587,6.964272384531796,0.03919573314487934,7.003468117676675,3.8486243188381195,10.852092436514795,0.019564122892916203
70,1.7544773593487917,0.9531697803274864,0.576470984852915,0.6897735134965748,0.576470984852915,0.5367659182010082,0.9603277738880169,0.7105345839141307,0.0,0.0,0.9857149177626121,0.9999819663492077,0.9927971883431703,2495335,2531452,1.0,0.1369220821209182,0.24086449594767526,6186,847,0.8422557659853741,0.9906268952969068,0.9104360384098913,18137,21332,0.9979865945052959,0.5561858636232857,0.7142914327767189,208540,116221,0.9993687299529107,0.8068181818181818,0.8928299240923087,72600,58612,0.0,0.0,0.0,19740,0,0.003088586269830128,0.5447619047619048,0.006142347837292212,525,92599,0.37522706389427185,0.9920752048492432,2173187,531,0.7816643453584757,1.0890600010752678,0.21057787537574768,0.4746880531311035,1676678,410,0.7932706637490441,0.8454951280727983,0.19674760103225708,0.19542784988880157,495871,122,1.0541659747911936,0.24872577749192715,0.15533031523227692,0.6656829118728638,515023,126,0.8258731681937438,0.2860975721850991,0.00018948022625409067,0.999973714351654,8394252,2050,0.36808222871800667,4.423908811062574,6.893287289887667,0.024329178035259247,6.917616467922926,3.954203429631889,10.871819897554815,0.017416464164853096
71,1.707867524542965,0.9528181398288518,0.5796395839489764,0.6898742861228417,0.5796395839489764,0.5374401342186962,0.9602153248023879,0.7104296991008132,0.0,0.0,0.9864685308741492,0.9999791611146399,0.9931779003774444,2495335,2529511,1.0,0.1369220821209182,0.24086449594767526,6186,847,0.8422631603618806,0.9906820312069251,0.9104636432733721,18137,21333,0.9979698657463392,0.5421645727438381,0.7026190601958159,208540,113293,0.9993723780266244,0.8334435261707989,0.908897000285401,72600,60546,0.0,0.0,0.0,19740,0,0.003046067850899689,0.5542857142857143,0.006058839451164921,525,95533,0.37844887375831604,0.99032062292099,2173187,531,0.8723805143899719,1.0609871074557304,0.2122487872838974,0.47147276997566223,1676678,410,0.8819940959582518,0.8114568516612053,0.19973884522914886,0.19491158425807953,495871,122,1.099141826967909,0.28251018561422825,0.1556859016418457,0.620646059513092,515023,126,0.913721734038557,0.2921092268079519,0.00020422074885573238,0.9999769330024719,8394252,2050,0.3485316410579508,4.387670994736254,6.83473436627537,0.06520276889204979,6.89993713516742,3.846044580452144,10.745981715619564,0.01606383454054594
72,1.7264494520114604,0.9527745392428315,0.5796983830175009,0.6898715394468172,0.5796983830175009,0.537309354858446,0.9601701374503983,0.7107914178381319,0.0,0.0,0.9864322797968222,0.9999803633580261,0.9931601200571071,2495335,2529607,1.0,0.1369220821209182,0.24086449594767526,6186,847,0.8422557659853741,0.9906268952969068,0.9104360384098913,18137,21332,0.9979692742362706,0.5420063297209169,0.702486016159105,208540,113260,0.9993879441540395,0.8321625344352617,0.9081411778853381,72600,60452,0.0,0.0,0.0,19740,0,0.0030555119552137288,0.5561904761904762,0.006077635550005203,525,95565,0.3753213584423065,0.9920743107795715,2173187,531,0.719730236789429,1.0583364786580205,0.2104978710412979,0.4719027876853943,1676678,410,0.8930566097867246,0.8302716929465532,0.19196949899196625,0.19703108072280884,495871,122,1.0701754196818305,0.2628095345571637,0.15526099503040314,0.6600870490074158,515023,126,0.8049757826470993,0.32141696847975254,0.00021503430616576225,0.9999708533287048,8394252,2050,0.381334896216075,4.544433819130063,7.017268493771553,0.09151969384402037,7.108788187615573,3.928615555167198,11.037403742782772,0.01713095512241125
73,1.7699083725929396,0.9480908437705928,0.5809918368392742,0.6898783279136342,0.5809918368392742,0.5292483726295582,0.9560449936684062,0.7103118758490984,0.0,0.0,0.9863628996873258,0.999982367097003,0.9931259421407428,2495335,2529790,1.0,0.1369220821209182,0.24086449594767526,6186,847,0.8422409751523675,0.9905166234768705,0.9103808244862797,18137,21330,0.9981126046056442,0.4792797544835523,0.6475939328361594,208540,100138,0.9993861773781479,0.8297658402203857,0.9067114194975843,72600,60278,0.0,0.0,0.0,19740,0,0.0030456385719543613,0.6304761904761905,0.0060619934984661875,525,108680,0.3749615252017975,0.9922123551368713,2173187,531,0.8612835111871233,1.0980165535584092,0.20892170071601868,0.4678197205066681,1676678,410,0.7886516645212205,0.8131976285949349,0.19705572724342346,0.19912639260292053,495871,122,1.0259067135818258,0.3132157474756241,0.1551622897386551,0.6428567171096802,515023,126,0.8191549302399639,0.28118951711803675,0.00019634520867839456,0.9999733567237854,8394252,2050,0.3740105349728066,4.3479238525033,6.853543299250305,0.08828678634017706,6.941830085590482,3.8644758639857173,10.806305949576199,0.015405294485390186
74,1.7477656794824028,0.9550591390550299,0.5792039882144068,0.6898595124097147,0.5792039882144068,0.5408140131075218,0.9620330314095854,0.7104401232567338,0.0,0.0,0.9863461289129081,0.9999819663492077,0.993117243665733,2495335,2529832,1.0,0.1369220821209182,0.24086449594767526,6186,847,0.8422409751523675,0.9905166234768705,0.9103808244862797,18137,21330,0.9979491967687344,0.5740241680253189,0.7288252717713923,208540,119953,0.9993857391881796,0.8291735537190082,0.9063575111981029,72600,60235,0.0,0.0,0.0,19740,0,0.0030945468458127966,0.5238095238095238,0.006152744683469253,525,88866,0.3758324384689331,0.9936710000038147,2173187,531,0.7650189543402468,1.0029843412339687,0.20890501141548157,0.47064435482025146,1676678,410,0.8224116895611512,0.7752761151641607,0.1963890939950943,0.19664590060710907,495871,122,1.0166583507994424,0.289715688675642,0.15681317448616028,0.629783570766449,515023,126,0.8338860486201332,0.2822442762553692,0.00018474875832907856,0.9999735951423645,8394252,2050,0.35722135839978514,4.613340224139392,6.963560645468533,0.03539700713008642,6.9989576525986195,3.888969781808555,10.887927434407175,0.013991916552186012
75,1.7545444330454834,0.9538081921601893,0.5799590815660356,0.6898743090441313,0.5799590815660356,0.5389308534039957,0.961024173530865,0.7106232065105258,0.0,0.0,0.9863999414949233,0.999982367097003,0.9931447175439748,2495335,2529695,1.0,0.1369220821209182,0.24086449594767526,6186,847,0.8422557659853741,0.9906268952969068,0.9104360384098913,18137,21332,0.9979873218478794,0.5563872638342764,0.7144576866592981,208540,116263,0.999387112804373,0.8310330578512397,0.9074678498909529,72600,60370,0.0,0.0,0.0,19740,0,0.003090021176368901,0.5447619047619048,0.0061451853761777375,525,92556,0.37724775075912476,0.9910292625427246,2173187,531,1.0715681414971594,1.0582836382091045,0.21054953336715698,0.47046005725860596,1676678,410,1.07696563815823,0.8556753294542432,0.1990392506122589,0.2002536952495575,495871,122,1.114640494485925,0.25067207496613264,0.15407122671604156,0.6610909104347229,515023,126,0.8255065325446972,0.25306903291493654,0.00018698227358981967,0.9999752640724182,8394252,2050,0.3583818527329033,4.401528093032539,6.819228168576956,0.056844946928322315,6.876073115505278,3.8916000789031386,10.767673194408417,0.012309680692851543
76,1.7463503675043972,0.9864370274609252,0.5700674628625829,0.7043725747965812,0.5700674628625829,0.5857203948598311,0.9820519414354939,0.7107600508323655,0.0,0.0,0.9864782805676726,0.9999791611146399,0.993182841737049,2495335,2529486,1.0,0.1369220821209182,0.24086449594767526,6186,847,0.8422557659853741,0.9906268952969068,0.9104360384098913,18137,21332,0.9975481158323716,0.9988827083533135,0.9982149660124737,208540,208819,0.9993875895857126,0.8316804407713498,0.9078538833382199,72600,60417,0.0,0.0,0.0,19740,0,0.10493827160493827,0.03238095238095238,0.049490538573508006,525,162,0.3768145740032196,0.9928832650184631,2173187,531,0.8021160834173007,1.1692134467884898,0.20835168659687042,0.47021016478538513,1676678,410,0.8353264543997871,0.8515559332445264,0.19832339882850647,0.20254865288734436,495871,122,1.063835255634054,0.2883853493258357,0.15547342598438263,0.6420606374740601,515023,126,0.821236460177114,0.369583074003458,0.0001976511557586491,0.9999696612358093,8394252,2050,0.35779269061579344,4.641555196605623,7.320292999967933,0.06135931331664324,7.381652313284576,3.8627367159351707,11.244389029219747,0.011937701143324375
77,1.731097147256575,0.9781759570771726,0.575236808315456,0.6899747463013651,0.575236808315456,0.5712859501675756,0.9776558621008212,0.7104785574212718,0.0,0.0,0.9864601753468372,0.999966737932983,0.993167538204232,2495335,2529501,1.0,0.1369220821209182,0.24086449594767526,6186,847,0.8422557659853741,0.9906268952969068,0.9104360384098913,18137,21332,0.9976918140292406,0.8871151817397142,0.9391598788731036,208540,185427,0.999387143259404,0.8310743801652892,0.9074924984771344,72600,60373,0.0,0.0,0.0,19740,0,0.004028325488699487,0.18095238095238095,0.007881201260992201,525,23583,0.37641918659210205,0.9927442669868469,2173187,531,0.932131043397223,1.0900764800608158,0.20923283696174622,0.4720739722251892,1676678,410,0.8310770957427035,0.8446812508627772,0.1982513815164566,0.2018226534128189,495871,122,1.0693449747234962,0.2667209804058075,0.15466445684432983,0.6534407138824463,515023,126,0.813953642719457,0.3086045701056719,0.00018425429880153388,0.9999733567237854,8394252,2050,0.365345711140938,4.497505471110344,7.007588752545416,0.08346701227128506,7.091055764816701,3.8855362655594945,10.976592030376196,0.012960359454154968
78,1.7377361834241107,0.9863282032340291,0.5693655874544937,0.7045025222712786,0.5693655874544937,0.5851586254389548,0.981936129575248,0.7106625371789672,0.0,0.0,0.9863527084685545,0.9999783596190491,0.9931188000495906,2495335,2529806,1.0,0.1369220821209182,0.24086449594767526,6186,847,0.8422483709155689,0.9905717593868887,0.9104084321475626,18137,21331,0.9975704194979825,0.9982305552891532,0.9979003782195399,208540,208678,0.9993858921161826,0.8293801652892562,0.9064809936018066,72600,60250,0.0,0.0,0.0,19740,0,0.10596026490066225,0.030476190476190476,0.047337278106508875,525,151,0.3755197823047638,0.9931625723838806,2173187,531,0.7533028141285972,1.0440987832844257,0.20852777361869812,0.46932387351989746,1676678,410,0.7799165008370846,0.7905900198966265,0.1973005086183548,0.20173996686935425,495871,122,1.0521985072021014,0.2819907274097204,0.15441952645778656,0.6553823947906494,515023,126,0.8021412227715773,0.29357212502509356,0.00020002205565106124,0.9999715685844421,8394252,2050,0.37046255401846384,4.441949464380741,6.852201119996607,0.022204848937690258,6.874405968934298,3.8912203600630164,10.765626328997314,0.017132303677499294
79,1.7354991775301412,0.9863796022988498,0.5695190494238305,0.7350833573816338,0.5695190494238305,0.5864323542383865,0.9819725097769284,0.7113573652883497,0.0,0.0,0.9863699125335851,0.9999819663492077,0.9931292991630425,2495335,2529771,1.0,0.1369220821209182,0.24086449594767526,6186,847,0.8422557659853741,0.9906268952969068,0.9104360384098913,18137,21332,0.99757151342134,0.9986813081423228,0.998126102292769,208540,208772,0.9993863097311373,0.8299449035812673,0.9068183699422835,72600,60291,0.0,0.0,0.0,19740,0,0.32,0.030476190476190476,0.05565217391304348,525,50,0.37722331285476685,0.9924230575561523,2173187,531,0.8384888481921267,1.0738377561792731,0.20904967188835144,0.47158730030059814,1676678,410,0.8520183912312872,0.7999765118584037,0.1947508007287979,0.20335933566093445,495871,122,1.1326526101498946,0.2500990657135844,0.1553451120853424,0.6502816677093506,515023,126,0.8100148908335806,0.2965569132938981,0.0001853294379543513,0.9999752640724182,8394252,2050,0.3626696685454303,4.3958116471767426,6.816281894221902,0.07238126173615456,6.8886631559580564,3.8621437856927514,10.750806941650808,0.01002528890967369
80,1.7474156181883815,0.9863150876105922,0.5692850977857918,0.7039224395730114,0.5692850977857918,0.58505246961163,0.9819229654523551,0.7110385863741889,0.0,0.0,0.9863399015751922,0.9999827678447984,0.993114482352391,2495335,2529850,1.0,0.1369220821209182,0.24086449594767526,6186,847,0.8422409751523675,0.9905166234768705,0.9103808244862797,18137,21330,0.9975798064803677,0.9981586266423708,0.9978691326243225,208540,208661,0.9993855657776745,0.828939393939394,0.9062175307563733,72600,60218,0.0,0.0,0.0,19740,0,0.10191082802547771,0.030476190476190476,0.0469208211143695,525,157,0.3744966983795166,0.9932982921600342,2173187,531,0.7658496975216784,1.0272653391584754,0.20871402323246002,0.4712693989276886,1676678,410,0.7956560093316105,0.8314596218988299,0.20436806976795197,0.19992901384830475,495871,122,1.105173437569919,0.27596690226346254,0.15465378761291504,0.6457808613777161,515023,126,0.8441491777736111,0.29360829573124647,0.000186310731805861,0.9999753832817078,8394252,2050,0.3630865199064885,4.481238828040659,6.909538987092674,0.07012535352259874,6.9796643406152725,3.91154083609581,10.891205176711082,0.024304046295583248
81,1.7359996851891617,0.9860853869622904,0.5708221094816576,0.6931540103794588,0.5708221094816576,0.5828920269408581,0.9818154597162119,0.7114274351933622,0.0,0.0,0.9863589521822158,0.9999787603668445,0.99312216250896,2495335,2529791,1.0,0.1369220821209182,0.24086449594767526,6186,847,0.8422557659853741,0.9906268952969068,0.9104360384098913,18137,21332,0.99761010583817,0.9948307279179054,0.9962184783156742,208540,207959,0.9993860449680577,0.8295867768595041,0.9066044481240356,72600,60265,0.0,0.0,0.0,19740,0,0.026467203682393557,0.04380952380952381,0.03299856527977044,525,869,0.3749351501464844,0.9936627149581909,2173187,531,0.7760213771536986,1.0277107460424304,0.2099154144525528,0.46537619829177856,1676678,410,0.8900017220083332,0.8815507860854268,0.1996067315340042,0.20300239324569702,495871,122,1.039124384808298,0.2743272576481104,0.1551850289106369,0.6440955400466919,515023,126,0.8307800015515835,0.33962763473391533,0.00017785555974114686,0.9999772906303406,8394252,2050,0.35575472907059497,4.441936786286533,6.965153210796416,0.09002515394240618,7.055178364738822,3.861284540966153,10.916462905704975,0.014101594686508179
82,1.7253708473946614,0.9857691940945664,0.571842991106583,0.6914211554003025,0.571842991106583,0.5812612243759008,0.9816944425926416,0.7117728005035391,0.0,0.0,0.9864351956722925,0.9999651349418014,0.9931540871691673,2495335,2529561,1.0,0.1369220821209182,0.24086449594767526,6186,847,0.8422631603618806,0.9906820312069251,0.9104636432733721,18137,21333,0.9976123731271146,0.989766951184425,0.9936741767764298,208540,206900,0.9993879947731446,0.8322314049586776,0.9081822076253034,72600,60457,0.0,0.0,0.0,19740,0,0.014249363867684479,0.05333333333333334,0.02248995983935743,525,1965,0.37443432211875916,0.9932683706283569,2173187,531,0.8895658691312699,1.0685302261263132,0.208265483379364,0.47154852747917175,1676678,410,0.8174494627300654,0.8668594788759947,0.19559934735298157,0.2016310691833496,495871,122,1.0885260411065796,0.30856539495289326,0.15647479891777039,0.6445984244346619,515023,126,0.8305796146183552,0.30069451220333576,0.00019272566714789718,0.9999755024909973,8394252,2050,0.3531300038008506,4.752104067243636,7.296753679402173,0.09022976458072662,7.386983443982899,3.8913651015609503,11.27834854554385,0.033420138992369175
83,1.7326807590077016,0.9863430912390116,0.5694070627164648,0.7077983675469195,0.5694070627164648,0.5854642015766753,0.9819471229187183,0.711726436565061,0.0,0.0,0.9863585622849625,0.9999787603668445,0.9931219648777035,2495335,2529792,1.0,0.1369220821209182,0.24086449594767526,6186,847,0.8422409751523675,0.9905166234768705,0.9103808244862797,18137,21330,0.9975707221711132,0.9983552316102426,0.9979628227128491,208540,208704,0.9993860551554774,0.8296005509641873,0.9066126774344075,72600,60266,0.0,0.0,0.0,19740,0,0.12903225806451613,0.030476190476190476,0.04930662557781202,525,124,0.3753415644168854,0.9933613538742065,2173187,531,0.8033105738332632,1.0306871719658375,0.20688745379447937,0.4674672484397888,1676678,410,0.7933840832555799,0.8607785049825907,0.19837728142738342,0.19939056038856506,495871,122,1.1566231574904255,0.2806384116411209,0.1551104038953781,0.6566192507743835,515023,126,0.8030579505338123,0.30284724943339825,0.00019839152810163796,0.9999690651893616,8394252,2050,0.36747239922841174,4.637145028449595,7.112096366472542,0.06183923128992319,7.1739355977624655,3.885069898329675,11.05900549609214,0.01617342419922352
84,1.7387356854217542,0.9864526244185259,0.569746641042132,0.7370008849758042,0.569746641042132,0.5865898319572657,0.9820465702345549,0.7117087473383866,0.0,0.0,0.986449363107811,0.9999747528888907,0.9931660113944919,2495335,2529549,1.0,0.1369220821209182,0.24086449594767526,6186,847,0.8422631603618806,0.9906820312069251,0.9104636432733721,18137,21333,0.9975734892936796,0.9994964994725233,0.9985340685346913,208540,208942,0.9993868487339255,0.8306749311294765,0.9072541822120592,72600,60344,0.0,0.0,0.0,19740,0,0.3333333333333333,0.030476190476190476,0.055846422338568937,525,48,0.3735544979572296,0.9944790601730347,2173187,531,0.7839000988516108,1.1034308932721615,0.20931407809257507,0.4735703766345978,1676678,410,0.806882223451335,0.8591406773775816,0.1929435133934021,0.20410549640655518,495871,122,1.0390660691020732,0.2643486764281988,0.15547195076942444,0.6499341130256653,515023,126,0.814147658662253,0.3153476482257247,0.0001785607310011983,0.9999764561653137,8394252,2050,0.3537991071100985,4.450792716816068,6.993060612119734,0.08655674755573273,7.079617359675467,3.929588256403804,11.00920561607927,0.009908019565045834
85,1.7178219201391836,0.9864441169871073,0.5696937654749453,0.7369995050557056,0.5696937654749453,0.5865581410969625,0.9820372958389728,0.7120830476313235,0.0,0.0,0.9864400521509087,0.9999783596190491,0.993163071151225,2495335,2529582,1.0,0.1369220821209182,0.24086449594767526,6186,847,0.8422631603618806,0.9906820312069251,0.9104636432733721,18137,21333,0.9975733847692801,0.9994533422844538,0.998512478651314,208540,208933,0.9993866047745358,0.8303443526170798,0.9070568763165814,72600,60320,0.0,0.0,0.0,19740,0,0.3333333333333333,0.030476190476190476,0.055846422338568937,525,48,0.37502768635749817,0.9940874576568604,2173187,531,0.7572292819305148,1.0765420189127326,0.20777970552444458,0.47081074118614197,1676678,410,0.8011401825806291,0.8231001412495971,0.19330526888370514,0.20602737367153168,495871,122,1.072363141147322,0.2573156524449587,0.15491309762001038,0.647974967956543,515023,126,0.8448895980632669,0.30861491430550814,0.00018535567505750805,0.9999727606773376,8394252,2050,0.3569890080696068,4.370660993270576,6.8362337201833725,0.06693388521671295,6.9031676054000854,3.908227765932679,10.811395371332765,0.019570453092455864
86,1.7120195897131845,0.9864207215507063,0.5696254646815165,0.725091851949332,0.5696254646815165,0.5863024095596917,0.9820159497725477,0.7120222970608542,0.0,0.0,0.9864205544521891,0.9999783596190491,0.993153188866713,2495335,2529632,1.0,0.1369220821209182,0.24086449594767526,6186,847,0.8422631603618806,0.9906820312069251,0.9104636432733721,18137,21333,0.997572827153697,0.9992231706147502,0.9983973168832725,208540,208885,0.9993864216775563,0.8300964187327824,0.9069088501301711,72600,60302,0.0,0.0,0.0,19740,0,0.25,0.030476190476190476,0.05432937181663837,525,64,0.3751440942287445,0.9936655163764954,2173187,531,0.7651694375390153,1.0389231648296118,0.20681984722614288,0.46856045722961426,1676678,410,0.8361914206719488,0.8454406997188926,0.19711950421333313,0.20390988886356354,495871,122,1.113164006300246,0.2986632939428091,0.15507787466049194,0.6529495120048523,515023,126,0.7825948155563479,0.30779318418353796,0.00018198411271441728,0.9999733567237854,8394252,2050,0.35734561395826203,4.47418097499758,6.9650013176724315,0.0936080701649189,7.05860938783735,3.8934316504746675,10.952041038312018,0.017190594226121902
87,1.7219908828388522,0.9864356095556888,0.5696645790695534,0.7225065405656705,0.5696645790695534,0.5862600698757952,0.9820319070766144,0.7122141057254722,0.0,0.0,0.9864389144332029,0.9999807641058215,0.9931636804203684,2495335,2529591,1.0,0.1369220821209182,0.24086449594767526,6186,847,0.8422631603618806,0.9906820312069251,0.9104636432733721,18137,21333,0.9975731176104543,0.9993430516927209,0.9984573002754821,208540,208910,0.9993865335831413,0.8302479338842975,0.9069993153416145,72600,60313,0.0,0.0,0.0,19740,0,0.2318840579710145,0.030476190476190476,0.05387205387205387,525,69,0.3759457767009735,0.994254469871521,2173187,531,0.7280553784207962,1.0435592895373702,0.20775362849235535,0.4723924398422241,1676678,410,0.7782702292263413,0.8526110826060176,0.1931772381067276,0.20741885900497437,495871,122,1.0215687753371432,0.3059779265895486,0.15472795069217682,0.6605316996574402,515023,126,0.7894076248238482,0.3326003309339285,0.00017867375572677702,0.9999764561653137,8394252,2050,0.3550689361071007,4.56444441806525,7.099193047732115,0.07318686041980982,7.172379908151925,3.8853267384693027,11.057706646621227,0.014877118170261383
88,1.6770836759422971,0.98649870633871,0.5700390161991119,0.7194622507297409,0.5700390161991119,0.586396949078602,0.9821021482979344,0.7121930244715073,0.0,0.0,0.9865133277404081,0.9999751536366861,0.9931986273466726,2495335,2529386,1.0,0.1369220821209182,0.24086449594767526,6186,847,0.8422631603618806,0.9906820312069251,0.9104636432733721,18137,21333,0.9975444911400645,0.9993526421789585,0.9984477480369283,208540,208918,0.9993884600763598,0.8328650137741047,0.9085595365994756,72600,60503,0.0,0.0,0.0,19740,0,0.21052631578947367,0.030476190476190476,0.05324459234608985,525,76,0.3753456473350525,0.9936829805374146,2173187,531,0.8388269595757789,1.0011399611830711,0.20772786438465118,0.4693799614906311,1676678,410,0.7984031383843168,0.794291309081018,0.2022574543952942,0.2076890915632248,495871,122,1.108948282156348,0.2679201140999794,0.15752805769443512,0.6443440318107605,515023,126,0.8359050056456707,0.2948949867859483,0.00018388112948741764,0.9999780058860779,8394252,2050,0.3393456701195074,4.651195684447885,7.009442055597901,0.06467190850526094,7.074113964103162,3.890568893402815,10.964682857505977,0.015233205631375313
89,1.7008851459567713,0.9864426990818709,0.5700160510700447,0.7201176816964497,0.5700160510700447,0.5866508022732386,0.982042116696877,0.7119623305399385,0.0,0.0,0.9864535938932456,0.9999703446631414,0.99316598147372,2495335,2529527,1.0,0.1369220821209182,0.24086449594767526,6186,847,0.8422631603618806,0.9906820312069251,0.9104636432733721,18137,21333,0.9975302141916956,0.9993718231514338,0.9984501694752853,208540,208925,0.9993869300106044,0.8307851239669422,0.9073199350141404,72600,60352,0.0,0.0,0.0,19740,0,0.21518987341772153,0.03238095238095238,0.056291390728476824,525,79,0.3756551146507263,0.9920986890792847,2173187,531,0.9918539653383808,1.1398671278730035,0.2092166393995285,0.4707511067390442,1676678,410,0.8093235596949796,0.8765893103554845,0.19804997742176056,0.2045915126800537,495871,122,1.1281792426541764,0.30874164402484894,0.1552017480134964,0.6498719453811646,515023,126,0.8077555901667833,0.3017600616440177,0.00018789194291457534,0.9999739527702332,8394252,2050,0.3645523097826031,4.3779492154717445,7.004907359369099,0.07471565809100866,7.079623017460108,3.828268592245877,10.907891609705985,0.01979093160480261
90,1.705854437407145,0.9853041211770173,0.5709902748561914,0.6907026643179498,0.5709902748561914,0.5797232943310451,0.981422665332295,0.7120418017570168,0.0,0.0,0.9863717866415364,0.9999763558800722,0.9931274821709555,2495335,2529752,1.0,0.1369220821209182,0.24086449594767526,6186,847,0.8422631603618806,0.9906820312069251,0.9104636432733721,18137,21333,0.9975695946569969,0.984113359547329,0.9907957911202195,208540,205727,0.9993863504436521,0.83,0.9068512735618345,72600,60295,0.0,0.0,0.0,19740,0,0.009327758121582503,0.05523809523809524,0.015960374243258118,525,3109,0.3725672662258148,0.9944993257522583,2173187,531,0.700410051150886,1.047317967750132,0.2073763757944107,0.4689171314239502,1676678,410,0.8136952227687033,0.8931559752672911,0.20036384463310242,0.2099880874156952,495871,122,1.0837651692663084,0.2815385702997446,0.1556667536497116,0.6530756950378418,515023,126,0.7913877141858652,0.26004698034375906,0.0001921286020660773,0.9999722838401794,8394252,2050,0.3676207421751316,4.348892614245415,6.8309521079063416,0.07656343653798103,6.907515544444323,3.8719508312642574,10.77946637570858,0.01479310542345047
91,1.7124372425944476,0.9864873630968185,0.5702282322545854,0.7305445811046261,0.5702282322545854,0.5870549738079067,0.9820868873966747,0.7120616969948478,0.0,0.0,0.9864949971001407,0.9999751536366861,0.9931893372987569,2495335,2529433,1.0,0.1369220821209182,0.24086449594767526,6186,847,0.8422631603618806,0.9906820312069251,0.9104636432733721,18137,21333,0.9975303324000288,0.9994197755826221,0.9984741601293491,208540,208935,0.9993879846499933,0.8322176308539945,0.9081740019240019,72600,60456,0.0,0.0,0.0,19740,0,0.288135593220339,0.03238095238095238,0.05821917808219178,525,59,0.379108190536499,0.9899010062217712,2173187,531,0.9676593312435873,1.0445353789255023,0.20773865282535553,0.47478586435317993,1676678,410,0.8069237467342616,0.7662602057680488,0.2021171897649765,0.21008890867233276,495871,122,1.0859972582299153,0.22613282408565283,0.15460392832756042,0.6484565138816833,515023,126,0.78367214713987,0.30681724566966295,0.00018112541874870658,0.9999775290489197,8394252,2050,0.34447591117827114,4.462644185870886,6.806389840319753,0.09753758739680052,6.903927427716553,3.8629122395068407,10.766839667223394,0.014194796793162823
92,1.6940125858150188,0.9865128853910742,0.570428695711987,0.714168313644891,0.570428695711987,0.5866576692255118,0.9821220901656124,0.7126078485500525,0.0,0.0,0.9865382045509717,0.9999687416719599,0.9932080719796698,2495335,2529306,1.0,0.1369220821209182,0.24086449594767526,6186,847,0.8422631603618806,0.9906820312069251,0.9104636432733721,18137,21333,0.9975348472083939,0.9993142802340078,0.9984237708766517,208540,208912,0.9993725956378886,0.833732782369146,0.909069063656912,72600,60567,0.0,0.0,0.0,19740,0,0.17346938775510204,0.03238095238095238,0.05457463884430177,525,98,0.37426242232322693,0.993370532989502,2173187,531,0.7471200254829102,1.0971943391487002,0.20808649063110352,0.47393539547920227,1676678,410,0.7811528371949323,0.8369562588632107,0.1934027075767517,0.21104077994823456,495871,122,1.0784445441122927,0.3159149382263422,0.1551375538110733,0.6639567613601685,515023,126,0.7910335509305912,0.28676148504018784,0.00019594615150708705,0.9999750256538391,8394252,2050,0.3464128948572549,4.37264734134078,6.909474362619221,0.0722906906157732,6.981765053234994,3.8398673720657825,10.821632425300777,0.02091407962143421
93,1.6887616731762134,0.9864607773736354,0.5702339481176085,0.7028029819523763,0.5702339481176085,0.5856306762326168,0.9820814469476966,0.7125343252063514,0.0,0.0,0.986512943051837,0.9999755543844815,0.9931986300538358,2495335,2529388,1.0,0.1369220821209182,0.24086449594767526,6186,847,0.8422631603618806,0.9906820312069251,0.9104636432733721,18137,21333,0.9975336784587167,0.998839551165244,0.9981861877116015,208540,208813,0.9993884398604982,0.8328374655647383,0.9085431364152035,72600,60501,0.0,0.0,0.0,19740,0,0.09392265193370165,0.03238095238095238,0.04815864022662889,525,181,0.3733084499835968,0.994520902633667,2173187,531,0.6470525677830263,1.0784616274759173,0.20767459273338318,0.47276341915130615,1676678,410,0.8206817233115316,0.8141978699713945,0.19885246455669403,0.20619677007198334,495871,122,1.1268719143092667,0.28626177553087473,0.15426087379455566,0.6544445753097534,515023,126,0.8007789838572745,0.3335398994386196,0.00018416022066958249,0.9999746680259705,8394252,2050,0.3559425960041795,4.443031284958124,6.95549245737493,0.053734918124973774,7.009227375499904,3.854632898233831,10.863860273733735,0.016372544690966606
94,1.694609490280254,0.968474649449516,0.5769189900505455,0.6898817351071396,0.5769189900505455,0.5598174941169841,0.9718050164373174,0.7125598067338031,0.0,0.0,0.9864852042934235,0.999971947654323,0.9931827928956164,2495335,2529450,1.0,0.1369220821209182,0.24086449594767526,6186,847,0.8422631603618806,0.9906820312069251,0.9104636432733721,18137,21333,0.9977129462447337,0.7551740673252134,0.8596640146294199,208540,157845,0.999387731462329,0.8318732782369146,0.9079688192977576,72600,60431,0.0,0.0,0.0,19740,0,0.0033231033876106888,0.3238095238095238,0.006578692775047405,525,51157,0.3731827139854431,0.9942112565040588,2173187,531,0.7025261746280449,1.0522849317640066,0.209187850356102,0.47157296538352966,1676678,410,1.1287950387545624,0.8406359246000648,0.2002991884946823,0.20983682572841644,495871,122,1.0905163357632492,0.27547280583530664,0.15653878450393677,0.6349988579750061,515023,126,0.7898653444145448,0.35028534568846226,0.00018183846259489655,0.9999739527702332,8394252,2050,0.35522801276343013,4.588720654137433,7.107399662025273,0.021251319907605648,7.1286509819328785,4.064332497306168,11.192983479239047,0.010485379956662655
95,1.658434526334234,0.9539003560005572,0.5808882872825608,0.6898767425262177,0.5808882872825608,0.5391886700541172,0.961142066180001,0.7125052245489228,0.0,0.0,0.9865191461097944,0.9999727491499137,0.9932003900730392,2495335,2529365,1.0,0.1369220821209182,0.24086449594767526,6186,847,0.8422236805099841,0.9906820312069251,0.9104405766258772,18137,21334,0.99789536981359,0.5570394168984367,0.7149715340821665,208540,116410,0.9993885813434685,0.833030303030303,0.9086579273560456,72600,60515,0.0,0.0,0.0,19740,0,0.003110419906687403,0.5485714285714286,0.006185766294017204,525,92592,0.37659716606140137,0.9926605224609375,2173187,531,0.9740236807280352,1.0215933416038752,0.20760762691497803,0.47015172243118286,1676678,410,0.8241572972977241,0.7896354328840971,0.19289687275886536,0.21101254224777222,495871,122,1.106831297251323,0.2524008685722947,0.15461573004722595,0.6395559310913086,515023,126,0.7816057906021444,0.2746107168495655,0.0001796062133507803,0.9999755024909973,8394252,2050,0.3484575661945444,4.317959194071591,6.656199553981423,0.029088402166962624,6.685287956148386,3.869018394500017,10.554306350648403,0.01077756006270647
96,1.7280453599080408,0.9863849194434864,0.5698258166273267,0.7015799747126241,0.5698258166273267,0.585213280731056,0.9820022404716091,0.7123321810987783,0.0,0.0,0.9864353887200215,0.9999795618624353,0.9931613004912305,2495335,2529597,1.0,0.1369220821209182,0.24086449594767526,6186,847,0.8422631603618806,0.9906820312069251,0.9104636432733721,18137,21333,0.9975477165505184,0.9987196700872735,0.9981333493080932,208540,208785,0.9993864216775563,0.8300964187327824,0.9069088501301711,72600,60302,0.0,0.0,0.0,19740,0,0.08542713567839195,0.03238095238095238,0.04696132596685083,525,199,0.3729681372642517,0.9942567944526672,2173187,531,0.7062349043294105,1.067790106870234,0.20745272934436798,0.47104811668395996,1676678,410,0.7743905251474967,0.8771538902074099,0.19687415659427643,0.21119403839111328,495871,122,1.0482089032403907,0.2959858672693372,0.1543862521648407,0.6296942234039307,515023,126,0.7773375184441955,0.33035113383084536,0.00018371222540736198,0.9999750256538391,8394252,2050,0.3677109168654937,4.522113027982414,7.09339402616024,0.07848413474857807,7.171878160908818,3.871364900842309,11.043243061751127,0.038429892621934414
97,1.6873856454048557,0.9865033145307283,0.5705773145380924,0.7353036958960006,0.5705773145380924,0.5876365991395175,0.9821038068486029,0.7127049869743035,0.0,0.0,0.9865106029349322,0.9999755543844815,0.9931974440810639,2495335,2529394,1.0,0.1369220821209182,0.24086449594767526,6186,847,0.8422631603618806,0.9906820312069251,0.9104636432733721,18137,21333,0.9975351775629367,0.999448547041335,0.9984909456740443,208540,208940,0.999388358983684,0.8327272727272728,0.9084775307491754,72600,60493,0.0,0.0,0.0,19740,0,0.32142857142857145,0.03428571428571429,0.06196213425129088,525,56,0.3734946846961975,0.993408739566803,2173187,531,0.8170889314158788,1.0402063941583037,0.2078252136707306,0.47198569774627686,1676678,410,0.7849006930836593,0.8138431310653687,0.19555510580539703,0.21135133504867554,495871,122,1.0363785913317418,0.2578470138832927,0.15467923879623413,0.640705406665802,515023,126,0.8034711592494106,0.23936770111322403,0.00018891104264184833,0.9999749064445496,8394252,2050,0.3382354299007592,4.503503716550767,6.8547679567709565,0.045175657607614994,6.8999436143785715,3.8767437264323235,10.776687340810895,0.012150774709880352
98,1.7162062972477607,0.9864111506903603,0.5699650422429913,0.7445671245302491,0.5699650422429913,0.5871217732571387,0.98200598063053,0.7122906803366617,0.0,0.0,0.9864034239890326,0.9999803633580261,0.9931454944621072,2495335,2529681,1.0,0.1369220821209182,0.24086449594767526,6186,847,0.8422631603618806,0.9906820312069251,0.9104636432733721,18137,21333,0.9975525178891305,0.9987292605735111,0.9981405424056973,208540,208786,0.9993871331080634,0.831060606060606,0.9074842824053184,72600,60372,0.0,0.0,0.0,19740,0,0.38636363636363635,0.03238095238095238,0.05975395430579965,525,44,0.3747708797454834,0.9951996803283691,2173187,531,0.6666573103404009,1.0895386170595884,0.2091575562953949,0.47330257296562195,1676678,410,0.8219254304186646,0.8064185064285994,0.1951340138912201,0.21599367260932922,495871,122,1.01047458238955,0.2758558662608266,0.15480761229991913,0.6339134573936462,515023,126,0.747819262367695,0.3056689063087106,0.00020013260655105114,0.9999756217002869,8394252,2050,0.35373367354193586,4.447767268866301,6.9252491649240255,0.04566969629377127,6.970918861217797,3.8436629874631763,10.814581848680973,0.015300367027521133
99,1.692673997895797,0.9864426990818709,0.5699425538177254,0.7629674022461058,0.5699425538177254,0.5872668526075692,0.9820332944888931,0.7125011252622089,0.0,0.0,0.9864353672705451,0.9999779588712537,0.9931604990161053,2495335,2529593,1.0,0.1369220821209182,0.24086449594767526,6186,847,0.8422631603618806,0.9906820312069251,0.9104636432733721,18137,21333,0.9975353309117362,0.9995108852018797,0.9985221309099793,208540,208953,0.9993864420270628,0.8301239669421487,0.9069252994642749,72600,60304,0.0,0.0,0.0,19740,0,0.5151515151515151,0.03238095238095238,0.06093189964157706,525,33,0.3730315864086151,0.9936926364898682,2173187,531,0.9355874441027292,1.0747106205672026,0.20630332827568054,0.4686666429042816,1676678,410,0.7806584717581615,0.8820216562598944,0.19738808274269104,0.2115267813205719,495871,122,1.1356552095638588,0.29270573891699314,0.15391558408737183,0.6377579569816589,515023,126,0.7883617557789842,0.331652631983161,0.00018475820252206177,0.9999744296073914,8394252,2050,0.3420568329110159,4.589137634262443,7.170228281989694,0.05047562159597874,7.220703903585672,3.8427779991179705,11.063481902703643,0.010306940414011478
100,1.6882228256024905,0.9864504975606713,0.5699819957774878,0.770327800733798,0.5699819957774878,0.5873377893538861,0.9820412303924988,0.7125705044119718,0.0,0.0,0.9864427765307519,0.9999779588712537,0.9931642543178394,2495335,2529574,1.0,0.1369220821209182,0.24086449594767526,6186,847,0.8422631603618806,0.9906820312069251,0.9104636432733721,18137,21333,0.9975353662972108,0.9995252709312362,0.9985293272270872,208540,208956,0.9993866352800755,0.8303856749311295,0.9070815434499673,72600,60323,0.0,0.0,0.0,19740,0,0.5666666666666667,0.03238095238095238,0.06126126126126126,525,30,0.3750116229057312,0.9937878847122192,2173187,531,1.2116062336650948,1.0920181842520833,0.2065182626247406,0.4710129499435425,1676678,410,0.8105910530460188,0.8687815181910992,0.19557489454746246,0.215562105178833,495871,122,1.0415514006518294,0.25495442654937506,0.15414732694625854,0.6608967185020447,515023,126,0.7827521991680186,0.26818197313696146,0.00018042229930870235,0.9999750256538391,8394252,2050,0.34696800137282063,4.442725013941526,6.926661116071045,0.08374122902750969,7.010402345098555,3.8636524993926287,10.874054844491184,0.025645255111157894
