round,val_loss,accuracy,balanced_accuracy,macro_precision,macro_recall,macro_f1,weighted_f1,macro_pr_auc,worst_class_f1,worst_class_recall,precision_c0,recall_c0,f1_c0,support_c0,predicted_count_c0,precision_c1,recall_c1,f1_c1,support_c1,predicted_count_c1,precision_c2,recall_c2,f1_c2,support_c2,predicted_count_c2,precision_c3,recall_c3,f1_c3,support_c3,predicted_count_c3,precision_c4,recall_c4,f1_c4,support_c4,predicted_count_c4,precision_c5,recall_c5,f1_c5,support_c5,predicted_count_c5,precision_c6,recall_c6,f1_c6,support_c6,predicted_count_c6,precision_c7,recall_c7,f1_c7,support_c7,predicted_count_c7,precision_c8,recall_c8,f1_c8,support_c8,predicted_count_c8,precision_c9,recall_c9,f1_c9,support_c9,predicted_count_c9,train_loss_client_0,train_accuracy_client_0,train_samples_client_0,train_batches_client_0,update_l2_client_0,train_seconds_client_0,train_loss_client_1,train_accuracy_client_1,train_samples_client_1,train_batches_client_1,update_l2_client_1,train_seconds_client_1,train_loss_client_2,train_accuracy_client_2,train_samples_client_2,train_batches_client_2,update_l2_client_2,train_seconds_client_2,train_loss_client_3,train_accuracy_client_3,train_samples_client_3,train_batches_client_3,update_l2_client_3,train_seconds_client_3,train_loss_client_4,train_accuracy_client_4,train_samples_client_4,train_batches_client_4,update_l2_client_4,train_seconds_client_4,round_train_seconds,aggregation_seconds,fl_round_seconds,validation_seconds,round_total_seconds,round_orchestration_seconds
1,7.146676511900514,0.9602333896726184,0.1,0.0960233389672618,0.1,0.0979713328761315,0.940753450583922,0.112943973843283,0.0,0.0,0.9602333896726184,1.0,0.979713328761315,344284,358542,0.0,0.0,0.0,345,0,0.0,0.0,0.0,325,0,0.0,0.0,0.0,869,0,0.0,0.0,0.0,4733,0,0.0,0.0,0.0,3347,0,0.0,0.0,0.0,2484,0,0.0,0.0,0.0,1917,0,0.0,0.0,0.0,214,0,0.0,0.0,0.0,24,0,2.0944831371307373,0.0297705605626106,281251,69,1.401635200511148,1.096921999938786,0.178199291229248,0.9893977642059326,373694,92,2.3221273068237265,1.3688343750545755,0.1297051310539245,0.9926052689552308,516043,126,2.3922749759370103,1.8771761669777336,0.177373394370079,0.989581286907196,374806,92,2.3202930539533275,1.3666096669621766,2.1494946479797363,0.0624504499137401,127397,32,0.9745255733584676,0.5407975829439238,6.250339791877195,0.001979042077437,6.252318833954632,1.526362666976638,7.77868150093127,0.4465672501828521
2,6.555780278386062,0.9602333896726184,0.1,0.0960233389672618,0.1,0.0979713328761315,0.940753450583922,0.1377565901419191,0.0,0.0,0.9602333896726184,1.0,0.979713328761315,344284,358542,0.0,0.0,0.0,345,0,0.0,0.0,0.0,325,0,0.0,0.0,0.0,869,0,0.0,0.0,0.0,4733,0,0.0,0.0,0.0,3347,0,0.0,0.0,0.0,2484,0,0.0,0.0,0.0,1917,0,0.0,0.0,0.0,214,0,0.0,0.0,0.0,24,0,2.101377487182617,0.646625280380249,281251,69,2.090790674444073,1.005734125035815,0.0131617318838834,1.0,373694,92,0.5887596924251253,1.3192895000101998,0.0104037011042237,1.0,516043,126,0.6488756471876681,1.819332875078544,0.0131125440821051,1.0,374806,92,0.587743182243725,1.3071791660040617,2.3184611797332764,0.6700550317764282,127397,32,1.7537733109395548,0.4611978330649435,5.912733499193564,0.0012400420382618,5.913973541231826,1.4952914169989526,7.409264958230779,0.0168587927473709
3,5.46147683949664,0.9602333896726184,0.1,0.0960233389672618,0.1,0.0979713328761315,0.940753450583922,0.1925414674583438,0.0,0.0,0.9602333896726184,1.0,0.979713328761315,344284,358542,0.0,0.0,0.0,345,0,0.0,0.0,0.0,325,0,0.0,0.0,0.0,869,0,0.0,0.0,0.0,4733,0,0.0,0.0,0.0,3347,0,0.0,0.0,0.0,2484,0,0.0,0.0,0.0,1917,0,0.0,0.0,0.0,214,0,0.0,0.0,0.0,24,0,2.0148348808288574,0.6924206614494324,281251,69,1.952198398135881,1.0072128750616685,0.008069310337305,1.0,373694,92,0.3962575194184252,1.3269632090814412,0.0065446780063211,1.0,516043,126,0.4481081029642204,1.798248833976686,0.0080290008336305,1.0,374806,92,0.3954045690781,1.3085171669954434,2.2070069313049316,0.648500382900238,127397,32,1.728932357919338,0.4733175409492105,5.9142596260644495,0.0021092910319566,5.916368917096406,1.522847207961604,7.43921612505801,0.0159829990006983
4,4.361585480464614,0.9602333896726184,0.1,0.0960233389672618,0.1,0.0979713328761315,0.940753450583922,0.2077247900678078,0.0,0.0,0.9602333896726184,1.0,0.979713328761315,344284,358542,0.0,0.0,0.0,345,0,0.0,0.0,0.0,325,0,0.0,0.0,0.0,869,0,0.0,0.0,0.0,4733,0,0.0,0.0,0.0,3347,0,0.0,0.0,0.0,2484,0,0.0,0.0,0.0,1917,0,0.0,0.0,0.0,214,0,0.0,0.0,0.0,24,0,1.9398149251937864,0.6655336618423462,281251,69,1.9075240036565289,0.9782692909939216,0.006580248940736,1.0,373694,92,0.3438573657417105,1.3554538330063224,0.0054118419066071,1.0,516043,126,0.3918390410145119,1.841172582935542,0.0065446072258055,1.0,374806,92,0.3427097741669099,1.3436114590149373,2.067710876464844,0.6238608360290527,127397,32,1.6634444820736598,0.4654026669450104,5.983909832895733,0.0013400410534814,5.985249873949215,1.5575825410196558,7.542832414968871,0.0182499580550938
5,3.879392080555966,0.9606405944073496,0.1450426068872362,0.1287098786295564,0.1450426068872362,0.1322728066905475,0.942440241949214,0.2133058616207839,0.0,0.0,0.9629833713270772,0.999991286263666,0.9811384741215076,344284,357515,0.1931330472103004,0.1304347826086956,0.1557093425605536,345,233,0.1309823677581864,0.32,0.1858802502234137,325,794,0.0,0.0,0.0,869,0,0.0,0.0,0.0,4733,0,0.0,0.0,0.0,3347,0,0.0,0.0,0.0,2484,0,0.0,0.0,0.0,1917,0,0.0,0.0,0.0,214,0,0.0,0.0,0.0,24,0,1.8742263317108152,0.7360507249832153,281251,69,1.6825130173578495,1.0904973339056596,0.0057275244034826,1.0,373694,92,0.3171700354904068,1.4102300830418244,0.0047412146814167,1.0,516043,126,0.3627168831036917,1.8559797909110785,0.005686230957508,0.9999973177909852,374806,92,0.3162456972686806,1.3407532919663936,1.955019235610962,0.6571583151817322,127397,32,1.5048144186965977,0.4515380829107016,6.148998582735658,0.0016477500321343,6.150646332767792,1.5349559580208734,7.685602290788665,0.0172905842773616
6,3.520244835813701,0.9606712742161309,0.1492298978571358,0.1085280344820611,0.1492298978571358,0.1176442350972589,0.9427014791398088,0.2348986585017722,0.0,0.0,0.9637921139929734,0.999991286263666,0.981558063518266,344284,357215,0.0,0.0,0.0,345,10,0.1214882308276385,0.4923076923076923,0.1948842874543239,325,1317,0.0,0.0,0.0,869,0,0.0,0.0,0.0,4733,0,0.0,0.0,0.0,3347,0,0.0,0.0,0.0,2484,0,0.0,0.0,0.0,1917,0,0.0,0.0,0.0,214,0,0.0,0.0,0.0,24,0,1.821267247200012,0.7542728781700134,281251,69,1.553406184991062,1.0057548340409994,0.0050840489566326,1.0,373694,92,0.2946635612644393,1.3413854170357808,0.0042067398317158,1.0,516043,126,0.3364901944687512,1.878762542037293,0.0050642611458897,0.9999973177909852,374806,92,0.2946361355942491,1.3444807920604944,1.8978300094604492,0.6645368337631226,127397,32,1.3721770248456318,0.4462122080149129,6.016595793189481,0.0012175830779597,6.017813376267441,1.5546672919299451,7.572480668197386,0.0215684158029034
7,3.323745428399139,0.9606991649513864,0.1541512320329459,0.1086430646207799,0.1541512320329459,0.1181267973205792,0.9428626307751216,0.2496023395669608,0.0,0.0,0.9641234884593628,0.999973858790998,0.981721487945022,344284,357086,0.0,0.0,0.0,345,16,0.1223071577484364,0.5415384615384615,0.1995464852607709,325,1439,0.0,0.0,0.0,869,1,0.0,0.0,0.0,4733,0,0.0,0.0,0.0,3347,0,0.0,0.0,0.0,2484,0,0.0,0.0,0.0,1917,0,0.0,0.0,0.0,214,0,0.0,0.0,0.0,24,0,1.7682350873947144,0.7643635272979736,281251,69,1.495359048647019,1.049790707998909,0.0047164382413029,0.9999786019325256,373694,92,0.28638629581012,1.3942090419586748,0.0039080893620848,0.9999883770942688,516043,126,0.3276887474307338,1.8523446670733392,0.0047148242592811,0.9999893307685852,374806,92,0.2867278439654338,1.4116007080301642,1.848469614982605,0.680667519569397,127397,32,1.292491694460355,0.4643424999667331,6.1722876250278205,0.0012579170288518,6.173545542056672,1.4992830409901217,7.672828583046794,0.0181260000681504
8,3.1898200856096057,0.9606935868043354,0.1548802391575607,0.1145771672193202,0.1548802391575607,0.1179556485682614,0.9429394614478672,0.2795880223937686,0.0,0.0,0.964287714973951,0.9999593358971082,0.9817996189954712,344284,357020,0.0,0.0,0.0,345,10,0.1189839572192513,0.5476923076923077,0.1954969796814936,325,1496,0.0625,0.001150747986191,0.0022598870056497,869,16,0.0,0.0,0.0,4733,0,0.0,0.0,0.0,3347,0,0.0,0.0,0.0,2484,0,0.0,0.0,0.0,1917,0,0.0,0.0,0.0,214,0,0.0,0.0,0.0,24,0,1.7418162822723389,0.7615688443183899,281251,69,1.4260421791779907,1.0417593750171363,0.0043006921187043,0.9999759197235109,373694,92,0.2744722930293271,1.3700074999360368,0.0036114051472395,0.99997478723526,516043,126,0.3136368298014948,1.878559042001143,0.0043571637943387,0.999951958656311,374806,92,0.2758724808999634,1.340584250050597,1.7974584102630615,0.6905735731124878,127397,32,1.1889682213580586,0.4634984589647501,6.094408625969663,0.0011547500034794,6.095563375973143,1.506112499977462,7.601675875950605,0.0171202491037547
9,3.0770493551291667,0.9606880086572842,0.1567240693406921,0.1120354480857122,0.1567240693406921,0.1182448008681927,0.942976558892894,0.2861097425281826,0.0,0.0,0.9643787572343394,0.9999360992668844,0.9818356049522148,344284,356978,0.0,0.0,0.0,345,6,0.1202614379084967,0.5661538461538461,0.1983827493261455,325,1530,0.0357142857142857,0.001150747986191,0.0022296544035674,869,28,0.0,0.0,0.0,4733,0,0.0,0.0,0.0,3347,0,0.0,0.0,0.0,2484,0,0.0,0.0,0.0,1917,0,0.0,0.0,0.0,214,0,0.0,0.0,0.0,24,0,1.7131019830703735,0.7796416878700256,281251,69,1.3401697612987329,1.033182124956511,0.0040921000763773,0.9999358057975768,373694,92,0.2689465736915033,1.3672591670183465,0.0033799044322222,0.9999592900276184,516043,126,0.3044713228502269,1.9014494169969112,0.0040363664738833,0.9999679923057556,374806,92,0.2683112421712292,1.347166083054617,1.758662462234497,0.7031798362731934,127397,32,1.1369765479291685,0.4416820830665529,6.0907388750929385,0.0012093340046703,6.091948209097609,1.525852999999188,7.617801209096797,0.0169642919208854
10,2.9989037590411765,0.9606740632896564,0.1562225976924154,0.1142105454896847,0.1562225976924154,0.1182394166988442,0.9429877083651632,0.2927842081838344,0.0,0.0,0.964405374211405,0.9999244809517724,0.9818437984849868,344284,356964,0.0,0.0,0.0,345,11,0.1188765512736773,0.56,0.1961206896551724,325,1531,0.0588235294117647,0.002301495972382,0.0044296788482834,869,34,0.0,0.0,0.0,4733,2,0.0,0.0,0.0,3347,0,0.0,0.0,0.0,2484,0,0.0,0.0,0.0,1917,0,0.0,0.0,0.0,214,0,0.0,0.0,0.0,24,0,1.686832308769226,0.7871189713478088,281251,69,1.3042067003053384,1.0272287500556558,0.0038379710167646,0.999941110610962,373694,92,0.2628518251192269,1.3594223340041935,0.0031876028515398,0.9999651312828064,516043,126,0.2988576780927098,1.8735385000472888,0.0038465827237814,0.9999279379844666,374806,92,0.2619796580470553,1.3251122499350458,1.7276115417480469,0.7056995034217834,127397,32,1.1510575988869418,0.4306432500015944,6.0159450840437785,0.0011567500187084,6.017101834062487,1.5111687920289114,7.528270626091398,0.0176867499249055
11,2.9103612313909872,0.9606712742161309,0.1568371109341666,0.1137654429576598,0.1568371109341666,0.1183163791365086,0.9429962939809088,0.2990847116562504,0.0,0.0,0.964429391066586,0.9999157672154384,0.9818520441049804,344284,356952,0.0,0.0,0.0,345,7,0.1191709844559585,0.5661538461538461,0.1968967362225789,325,1544,0.054054054054054,0.002301495972382,0.0044150110375275,869,37,0.0,0.0,0.0,4733,2,0.0,0.0,0.0,3347,0,0.0,0.0,0.0,2484,0,0.0,0.0,0.0,1917,0,0.0,0.0,0.0,214,0,0.0,0.0,0.0,24,0,1.6580924987792969,0.793739378452301,281251,69,1.2485064710977665,1.0102331660455093,0.0037149395793676,0.9999090433120728,373694,92,0.2570378356219631,1.3012060830369592,0.003068006131798,0.9999380111694336,516043,126,0.2911519492956539,1.861002416932024,0.0036399462260305,0.9999279379844666,374806,92,0.2551208130312087,1.3406577910063788,1.6952365636825562,0.7175208330154419,127397,32,1.114368217608618,0.4597118750680238,5.972811332088895,0.0012780419783666,5.974089374067262,1.5159345000283793,7.490023874095641,0.0154922098154202
12,2.880607852590631,0.9606880086572842,0.1568388536814334,0.1158953140969019,0.1568388536814334,0.1185003942533184,0.9429822165261168,0.3066568078387474,0.0,0.0,0.9643813589709112,0.9999331946881064,0.9818355531471922,344284,356976,0.0,0.0,0.0,345,9,0.120497707924034,0.5661538461538461,0.1987041036717062,325,1527,0.074074074074074,0.002301495972382,0.0044642857142857,869,27,0.0,0.0,0.0,4733,2,0.0,0.0,0.0,3347,0,0.0,0.0,0.0,2484,0,0.0,0.0,0.0,1917,0,0.0,0.0,0.0,214,1,0.0,0.0,0.0,24,0,1.6454384326934814,0.8147171139717102,281251,69,1.2026899560628608,0.9772118750261144,0.0035515695344656,0.9999090433120728,373694,92,0.252338246539795,1.3465902080060914,0.0029266241472214,0.999922513961792,516043,126,0.2882187971368072,1.908208458102308,0.0035362038761377,0.9998879432678224,374806,92,0.2528135887483275,1.337879459024407,1.6777935028076172,0.7278428673744202,127397,32,1.059343814812829,0.4602139999624342,6.030104000121355,0.0015531659591943,6.031657166080549,1.48054341704119,7.512200583121739,0.0165206668898463
13,2.8003926774464833,0.9606852195837586,0.1572903364584744,0.1338673122956166,0.1572903364584744,0.1187746480297196,0.9430063483188876,0.3111462334891572,0.0,0.0,0.9644187831621648,0.9999215763729944,0.9818493473009318,344284,356958,0.0,0.0,0.0,345,7,0.1202860858257477,0.5692307692307692,0.1986044015029522,325,1538,0.1111111111111111,0.003452243958573,0.0066964285714285,869,27,0.0,0.0,0.0,4733,2,0.1428571428571428,0.0002987750224081,0.0005963029218843,3347,7,0.0,0.0,0.0,2484,0,0.0,0.0,0.0,1917,0,0.0,0.0,0.0,214,3,0.0,0.0,0.0,24,0,1.6277552843093872,0.8028949499130249,281251,69,1.238509490687274,1.0109557079849765,0.0033928207121789,0.9998849034309388,373694,92,0.246266361636967,1.5847304159542546,0.0027879755944013,0.999955415725708,516043,126,0.2787303194629413,1.8648575419792903,0.0033663865178823,0.9998986124992372,374806,92,0.2447781514423579,1.3377085420070216,1.6469420194625854,0.7281176447868347,127397,32,1.0513300247080255,0.437498249928467,6.23575045785401,0.001247041975148,6.236997499829158,1.5212812500540167,7.758278749883175,0.017676250077784
14,2.767162792095676,0.9606907977308098,0.1575427089720293,0.1440296214152583,0.1575427089720293,0.1186223679036759,0.9430358163955092,0.3159965858008574,0.0,0.0,0.964467417493136,0.9999215763729944,0.9818745507854836,344284,356940,0.0,0.0,0.0,345,0,0.1197681905988409,0.5723076923076923,0.1980830670926517,325,1553,0.0833333333333333,0.002301495972382,0.0044792833146696,869,24,0.0,0.0,0.0,4733,4,0.2727272727272727,0.0008963250672243,0.0017867778439547,3347,11,0.0,0.0,0.0,2484,0,0.0,0.0,0.0,1917,0,0.0,0.0,0.0,214,10,0.0,0.0,0.0,24,0,1.6094372272491455,0.8200788497924805,281251,69,1.167760244707462,1.0026144159492103,0.0032966299913823,0.9998769164085388,373694,92,0.2430561147549867,1.340266874991357,0.0027532936073839,0.999922513961792,516043,126,0.2756409293837948,1.8394395409850404,0.0032727834768593,0.9998852610588074,374806,92,0.2419805191452403,1.329657332971692,1.6199852228164673,0.7487146258354187,127397,32,0.9920394605859202,0.4331963749136776,5.945174539810978,0.0014844170073047,5.946658956818283,1.5093030830612406,7.455962039879523,0.0206112512387335
15,2.680119419553353,0.9606935868043354,0.1639431168280302,0.1581670519852305,0.1639431168280302,0.1278942247560395,0.943260772991792,0.3218281300450253,0.0,0.0,0.9648144307359428,0.9998721985337686,0.9820305301264624,344284,356794,0.0,0.0,0.0,345,2,0.1198717948717948,0.5753846153846154,0.1984084880636605,325,1560,0.0659340659340659,0.0069044879171461,0.0125,869,91,0.0,0.0,0.0,4733,7,0.2666666666666666,0.0011951000896325,0.0023795359904818,3347,15,0.0,0.0,0.0,2484,0,0.0,0.0,0.0,1917,0,0.1643835616438356,0.0560747663551401,0.0836236933797909,214,73,0.0,0.0,0.0,24,0,1.5914161205291748,0.8255935311317444,281251,69,1.1184735956666592,1.0289360829629004,0.0031853066757321,0.9998769164085388,373694,92,0.2397004218019013,1.336179208010435,0.0026605718303471,0.9998992085456848,516043,126,0.2709316864456931,1.8257602920057252,0.0031719463877379,0.999909281730652,374806,92,0.2371215447188928,1.3411142909899354,1.6234620809555054,0.7305509448051453,127397,32,1.0225304668289794,0.4623955840943381,5.994385458063334,0.0014992499491199,5.995884708012454,1.5133785419166088,7.509263249929063,0.0172670418396592
16,2.703551658995317,0.9606963758778608,0.1575432898877849,0.1444378715494359,0.1575432898877849,0.1186863685672737,0.9430365033352192,0.3276819571794823,0.0,0.0,0.9644622125599532,0.9999273855305504,0.9818746541780988,344284,356944,0.0,0.0,0.0,345,2,0.1202327084680025,0.5723076923076923,0.1987179487179487,325,1547,0.0869565217391304,0.002301495972382,0.0044843049327354,869,23,0.0,0.0,0.0,4733,5,0.2727272727272727,0.0008963250672243,0.0017867778439547,3347,11,0.0,0.0,0.0,2484,0,0.0,0.0,0.0,1917,0,0.0,0.0,0.0,214,10,0.0,0.0,0.0,24,0,1.571944236755371,0.8361712694168091,281251,69,1.0940327023548255,0.9835303330328315,0.0032016490586102,0.9998635053634644,373694,92,0.24125269840106,1.3284596661105752,0.0026535377837717,0.9998953342437744,516043,126,0.2738954398492018,1.889525958104059,0.0031657537911087,0.9998639225959778,374806,92,0.2420015261553456,1.329027707921341,1.5967962741851809,0.7618311047554016,127397,32,0.95954025603107,0.4557174999499693,5.986261165118776,0.0011621250305324,5.987423290149309,1.4915056250756606,7.478928915224969,0.0157977929338812
17,2.645626526736242,0.9607242666131164,0.1645912648017546,0.2552797494851475,0.1645912648017546,0.1280151869387021,0.9432191317065964,0.3339916735422449,0.0,0.0,0.9647263892119416,0.9999070534791044,0.982001731507881,344284,356839,0.0,0.0,0.0,345,2,0.1203055378739656,0.5815384615384616,0.1993670886075949,325,1571,0.0512820512820512,0.002301495972382,0.0044052863436123,869,39,0.0,0.0,0.0,4733,7,0.2307692307692307,0.0008963250672243,0.0017857142857142,3347,13,0.0,0.0,0.0,2484,0,1.0,0.0005216484089723,0.0010427528675703,1917,1,0.1857142857142857,0.0607476635514018,0.0915492957746478,214,70,0.0,0.0,0.0,24,0,1.57869553565979,0.8445267677307129,281251,69,1.090498999876946,1.015892666997388,0.003073044354096,0.9998555183410645,373694,92,0.2334095965195773,1.3772893330315128,0.0025174689944833,0.9998992085456848,516043,126,0.2625668871636801,1.8391793339978904,0.0029985471628606,0.9998959302902222,374806,92,0.2284848729200294,1.3333515420090407,1.5588090419769287,0.7619253396987915,127397,32,0.9473772882736096,0.4432985839666798,6.009011460002512,0.0011424589902162,6.010153918992728,1.525291582918726,7.535445501911454,0.0159220399800688
18,2.596544928687177,0.9607214775395908,0.1636569758203801,0.2651512487115681,0.1636569758203801,0.1274222904593313,0.9431660400697444,0.3364175535740979,0.0,0.0,0.9646237649841122,0.9999099580578824,0.9819499630613182,344284,356878,0.0,0.0,0.0,345,2,0.1203055378739656,0.5815384615384616,0.1993670886075949,325,1571,0.08,0.002301495972382,0.0044742729306487,869,25,0.0,0.0,0.0,4733,7,0.2307692307692307,0.0008963250672243,0.0017857142857142,3347,13,0.0,0.0,0.0,2484,0,1.0,0.0005216484089723,0.0010427528675703,1917,1,0.2558139534883721,0.0514018691588785,0.0856031128404669,214,43,0.0,0.0,0.0,24,2,1.5543419122695925,0.844793438911438,281251,69,1.0779959231660723,1.012390292016789,0.0030488700140267,0.9998555183410645,373694,92,0.2316084334204685,1.3410173750016838,0.0025047911331057,0.9999011754989624,516043,126,0.2669135503250742,1.852596249897033,0.0030841727275401,0.9998292326927184,374806,92,0.2335537886995052,1.3354032080387697,1.5796406269073486,0.748424232006073,127397,32,1.028220261944086,0.435653958003968,5.977061082958244,0.0012979590101167,5.9783590419683605,1.5108848749659956,7.489243916934356,0.0202581260818988
19,2.5107981419521033,0.9607354229072188,0.1702958120911272,0.2937803087090542,0.1702958120911272,0.1360206566002052,0.9432272309753814,0.3387836176383563,0.0,0.0,0.9647288950666412,0.9999012443215484,0.9820002282062984,344284,356836,0.0,0.0,0.0,345,2,0.1217827997489014,0.5969230769230769,0.2022940563086548,325,1593,0.074074074074074,0.002301495972382,0.0044642857142857,869,27,0.0,0.0,0.0,4733,6,0.2307692307692307,0.0008963250672243,0.0017857142857142,3347,13,0.0,0.0,0.0,2484,0,1.0,0.0005216484089723,0.0010427528675703,1917,1,0.2131147540983606,0.0607476635514018,0.0945454545454545,214,61,0.3333333333333333,0.0416666666666666,0.074074074074074,24,3,1.5503180027008057,0.8557693958282471,281251,69,1.0785233074565366,1.00822879106272,0.0029958277009427,0.9998661875724792,373694,92,0.2316118931812689,1.3349979589693248,0.0024941735900938,0.9998934268951416,516043,126,0.2626543611386805,1.8304243750171736,0.0030789936427026,0.9998586177825928,374806,92,0.2338351159668955,1.3413961250334978,1.5510916709899902,0.7583459615707397,127397,32,1.0155985168525454,0.461894917069003,5.976942167151719,0.0012097499566152,5.978151917108335,1.499543583020568,7.4776955001289025,0.0166628328152
20,2.467548145075617,0.9607995715983064,0.1881599858851518,0.305748978282955,0.1881599858851518,0.1581113108567166,0.9434407225463805,0.337284936424418,0.0,0.0,0.9649964259183988,0.9998954351639924,0.9821360048729064,344284,356735,0.0,0.0,0.0,345,3,0.121571072319202,0.6,0.2021772939346811,325,1604,0.081967213114754,0.0057537399309551,0.010752688172043,869,61,0.0,0.0,0.0,4733,4,0.2307692307692307,0.0008963250672243,0.0017857142857142,3347,13,0.0,0.0,0.0,2484,0,1.0,0.0005216484089723,0.0010427528675703,1917,1,0.2831858407079646,0.1495327102803738,0.1957186544342507,214,113,0.375,0.125,0.1875,24,8,1.5405150651931765,0.8558831810951233,281251,69,1.055898697650439,0.9869745419127868,0.0030819287057965,0.9998501539230348,373694,92,0.2347961016684706,1.3347460420336574,0.0025091350544244,0.9998934268951416,516043,126,0.2649665603954243,1.8456578749464825,0.0030590065289288,0.9998666048049928,374806,92,0.2337689703101096,1.363659083028324,1.5214903354644775,0.7739114761352539,127397,32,1.3447714994093138,0.4774392079561949,6.008476749877445,0.0011280420003458,6.009604791877791,1.480597000103444,7.490201791981235,0.0163144161924719
21,2.5145815360309203,0.9607605245689488,0.181502943279061,0.3094561638545327,0.181502943279061,0.1526185862535653,0.9433000483212372,0.335435829888161,0.0,0.0,0.964731400963476,0.9998954351639924,0.9819987248918512,344284,356833,0.1904761904761904,0.0347826086956521,0.0588235294117647,345,63,0.1233681462140992,0.5815384615384616,0.2035541195476575,325,1532,0.0714285714285714,0.002301495972382,0.0044593088071348,869,28,0.0,0.0,0.0,4733,6,0.2307692307692307,0.0008963250672243,0.0017857142857142,3347,13,0.0,0.0,0.0,2484,0,1.0,0.0005216484089723,0.0010427528675703,1917,1,0.2830188679245283,0.0700934579439252,0.1123595505617977,214,53,0.2307692307692307,0.125,0.1621621621621621,24,13,1.5266730785369873,0.8560787439346313,281251,69,1.0418436843745955,0.9978060419671236,0.0031314687803387,0.9998367428779602,373694,92,0.238058361302988,1.34514637500979,0.0025331873912364,0.999891459941864,516043,126,0.2651524034184865,1.810384292039089,0.0031482765916734,0.9998265504837036,374806,92,0.2398121366757134,1.3199752499349415,1.5255731344223022,0.7858269810676575,127397,32,0.8879680990780242,0.4223410000558942,5.8956529590068385,0.0010883340146392,5.896741293021478,1.5110444580204785,7.407785751041956,0.0173032489838078
22,2.4519898488498684,0.9607549464218976,0.1838858069865993,0.2814450435968087,0.1838858069865993,0.1504700542713588,0.9433710559657744,0.3371943166928096,0.0,0.0,0.9649662781505962,0.9998838168488806,0.9821147860421724,344284,356742,0.0,0.0,0.0,345,4,0.1209876543209876,0.6030769230769231,0.2015424164524421,325,1620,0.0363636363636363,0.002301495972382,0.0043290043290043,869,55,0.0,0.0,0.0,4733,6,0.2,0.0005975500448162,0.0011915400655347,3347,10,0.0,0.0,0.0,2484,3,1.0,0.0005216484089723,0.0010427528675703,1917,1,0.2613636363636363,0.1074766355140186,0.152317880794702,214,88,0.2307692307692307,0.125,0.1621621621621621,24,13,1.520758867263794,0.8626991510391235,281251,69,1.0277593627757002,1.0346970839891585,0.0028754621744155,0.9998661875724792,373694,92,0.2243131058410277,1.34848933306057,0.0023920200765132,0.9998837113380432,516043,126,0.2547430048042538,1.9115709170000628,0.0029413325246423,0.9998586177825928,374806,92,0.2241077287954569,1.3804163340246305,1.510741949081421,0.7837232947349548,127397,32,0.8890309902475252,0.465115875005722,6.140289543080144,0.0010645838920027,6.141354126972146,1.630490000010468,7.771844126982614,0.015361331985332
23,2.4342830487123814,0.9607661027159998,0.1865279818509406,0.2790512445613471,0.1865279818509406,0.1501172034960765,0.9433899420883892,0.3418010471432714,0.0,0.0,0.9649632785782364,0.9998751031125466,0.9821090290774638,344284,356740,0.0,0.0,0.0,345,3,0.1200980392156862,0.6030769230769231,0.2003065917220235,325,1632,0.1428571428571428,0.0057537399309551,0.0110619469026548,869,35,0.1428571428571428,0.000211282484682,0.00042194092827,4733,7,0.0,0.0,0.0,3347,2,0.0,0.0,0.0,2484,3,1.0,0.0005216484089723,0.0010427528675703,1917,1,0.2947368421052631,0.1308411214953271,0.1812297734627831,214,95,0.125,0.125,0.125,24,24,1.515532612800598,0.8556378483772278,281251,69,1.0985650495188264,1.0160787079948932,0.0029585659503936,0.9998340606689452,373694,92,0.2286514171437949,1.3365520000224933,0.0024194840807467,0.9998779296875,516043,126,0.2587074741596882,1.8467100840061903,0.0029427462723106,0.9998425841331482,374806,92,0.2287191580900233,1.3363729999400675,1.486415982246399,0.7936528921127319,127397,32,0.8991769872714599,0.4519112498965114,5.987625041860156,0.0013400410534814,5.988965082913637,1.5088142500026152,7.497779332916252,0.0154536662157624
24,2.410140807787571,0.9607716808630508,0.1883965598136897,0.2774028209462062,0.1883965598136897,0.1522788064694963,0.94341691508394,0.3456654506600979,0.0,0.0,0.9650090687119626,0.9998692939549908,0.982129942011826,344284,356721,0.0,0.0,0.0,345,1,0.1199510403916768,0.6030769230769231,0.2001020929045431,325,1634,0.1612903225806451,0.0057537399309551,0.0111111111111111,869,31,0.1111111111111111,0.000211282484682,0.0004217629692113,4733,9,0.0,0.0,0.0,3347,2,0.0,0.0,0.0,2484,3,1.0,0.0005216484089723,0.0010427528675703,1917,1,0.2666666666666666,0.1495327102803738,0.1916167664670658,214,120,0.15,0.125,0.1363636363636363,24,20,1.4998952150344849,0.8642706871032715,281251,69,1.0073085988026829,0.9917867910116912,0.0028985051903873,0.9998314380645752,373694,92,0.2292860382285688,1.3731038749683648,0.0023523226846009,0.9998643398284912,516043,126,0.2558165500287444,1.845193124958314,0.0031121962238103,0.9998078942298888,374806,92,0.2280148209425112,1.3590428750030696,1.4862468242645264,0.8018163442611694,127397,32,0.8612479088208371,0.4640601659193635,6.033186831860803,0.0012610419653356,6.034447873826139,1.5119599169120193,7.546407790738158,0.0152252932311967
25,2.4173723056871532,0.9607661027159998,0.1913626303145925,0.2860400491439027,0.1913626303145925,0.1562287268244042,0.9434417273114486,0.3468695661382527,0.0,0.0,0.9650494527675608,0.9998634847974348,0.9821480538896528,344284,356704,0.0,0.0,0.0,345,3,0.1201478743068391,0.6,0.2002053388090349,325,1623,0.0961538461538461,0.0057537399309551,0.01085776330076,869,52,0.2142857142857142,0.000633847454046,0.0012639561828523,4733,14,0.0,0.0,0.0,3347,5,0.0,0.0,0.0,2484,3,1.0,0.0005216484089723,0.0010427528675703,1917,1,0.2542372881355932,0.1401869158878504,0.180722891566265,214,118,0.2105263157894736,0.1666666666666666,0.1860465116279069,24,19,1.4962122440338137,0.8686582446098328,281251,69,0.9721899988081936,1.0098141659982502,0.0029182105790823,0.9997993111610411,373694,92,0.2239898403010799,1.344318000017665,0.0023980762343853,0.9998546838760376,516043,126,0.2579833076953773,1.8523069589864465,0.0029530336614698,0.9998319149017334,374806,92,0.2279094777130646,1.352643083082512,1.4758098125457764,0.7964237928390503,127397,32,0.895195509784096,0.4387322920374572,5.997814500122331,0.0011494579957798,5.998963958118111,1.5443347920663657,7.543298750184476,0.016416874830611
26,2.3523948799268815,0.9608107278924088,0.2035599788438128,0.299052606503806,0.2035599788438128,0.1598061970718829,0.943586784917302,0.3460399917357322,0.0,0.0,0.9652320944865992,0.9998228206945428,0.9822230085061336,344284,356622,0.0,0.0,0.0,345,2,0.12,0.6092307692307692,0.200506329113924,325,1650,0.1612903225806451,0.0057537399309551,0.0111111111111111,869,31,0.3333333333333333,0.0012676949080921,0.0025257840454641,4733,18,0.0,0.0,0.0,3347,2,0.0,0.0,0.0,2484,3,1.0,0.0005216484089723,0.0010427528675703,1917,1,0.3176470588235294,0.2523364485981308,0.28125,214,170,0.0930232558139534,0.1666666666666666,0.1194029850746268,24,43,1.494006633758545,0.8680146932601929,281251,69,1.016810222615796,1.032150667044334,0.0029794659931212,0.9998260736465454,373694,92,0.2283267775290052,1.3614639160223303,0.0022947192192077,0.9998643398284912,516043,126,0.25060266224213,1.87050645891577,0.0028268329333513,0.9998319149017334,374806,92,0.2271117777056764,1.3428195000160486,1.4565752744674685,0.7982919812202454,127397,32,1.001108324636361,0.4569242909783497,6.063864832976833,0.0012107080547139,6.065075541031547,1.4983492080355063,7.563424749067053,0.0177830009488388
27,2.377746101538453,0.9608581421423432,0.2036583430767167,0.3215147452121479,0.2036583430767167,0.1786405138710375,0.9436786056486036,0.352131428745786,0.0,0.0,0.96508954705005,0.9998489619035448,0.9821618105248742,344284,356684,0.1576576576576576,0.2028985507246377,0.1774397972116603,345,444,0.1204717775905644,0.44,0.1891534391534391,325,1187,0.1785714285714285,0.0057537399309551,0.0111482720178372,869,28,0.3157894736842105,0.0012676949080921,0.0025252525252525,4733,19,0.0,0.0,0.0,3347,3,0.0,0.0,0.0,2484,3,1.0,0.0005216484089723,0.0010427528675703,1917,1,0.3175675675675675,0.219626168224299,0.2596685082872928,214,148,0.16,0.1666666666666666,0.1632653061224489,24,25,1.493078351020813,0.8735257983207703,281251,69,0.955494618728458,1.0268092920305207,0.0027956855483353,0.9997805953025818,373694,92,0.2506417007739043,1.364721417077817,0.0023519995156675,0.9998353123664856,516043,126,0.2540944973088375,1.82453624997288,0.0028698353562504,0.999802589416504,374806,92,0.2291927170583036,1.364590708981268,1.4784482717514038,0.7805442810058594,127397,32,0.9039827685951358,0.4727976659778505,6.053455334040336,0.001265334081836,6.054720668122172,1.561779999989085,7.616500668111257,0.0164633329259231
28,2.356580487486716,0.9608692984364454,0.2111153502952827,0.316286350159393,0.2111153502952827,0.183920813114455,0.9437562051746382,0.3548553459848753,0.0,0.0,0.9652396295143476,0.999805393221875,0.982218500007847,344284,356613,0.1566951566951566,0.3188405797101449,0.210124164278892,345,702,0.1179540709812108,0.3476923076923077,0.1761496492595479,325,958,0.1785714285714285,0.0057537399309551,0.0111482720178372,869,28,0.2666666666666666,0.000845129938728,0.0016849199663016,4733,15,0.0,0.0,0.0,3347,4,0.0,0.0,0.0,2484,3,1.0,0.0005216484089723,0.0010427528675703,1917,1,0.2959183673469387,0.2710280373831775,0.2829268292682926,214,196,0.1818181818181818,0.1666666666666666,0.1739130434782608,24,22,1.4764009714126587,0.8723915815353394,281251,69,0.9690450406035556,1.001764666987583,0.0028150894213467,0.9998287558555604,373694,92,0.2186141723295823,1.354595708893612,0.0022923746146261,0.9998469352722168,516043,126,0.2522177139783174,1.887659166008234,0.0027854039799422,0.9998158812522888,374806,92,0.2183328886935107,1.367362166987732,1.4589781761169434,0.8062513470649719,127397,32,0.8579357997728835,0.4672342910198495,6.078615999897011,0.0012729160953313,6.079888915992342,1.5447854589438066,7.6246743749361485,0.0179107921430841
29,2.3423918186707327,0.9608553530688176,0.2048304837928226,0.3050362306316677,0.2048304837928226,0.1792716412227992,0.9436880268379372,0.3566186809842575,0.0,0.0,0.9651352533476886,0.9998402481672108,0.9821812745025308,344284,356664,0.1582181259600614,0.2985507246376812,0.2068273092369477,345,651,0.1161161161161161,0.3569230769230769,0.175226586102719,325,999,0.1851851851851851,0.0057537399309551,0.0111607142857142,869,27,0.1666666666666666,0.000422564969364,0.0008429926238145,4733,12,0.0,0.0,0.0,3347,5,0.0,0.0,0.0,2484,3,1.0,0.0005216484089723,0.0010427528675703,1917,1,0.3051948051948052,0.219626168224299,0.2554347826086957,214,154,0.1538461538461538,0.1666666666666666,0.16,24,26,1.473185896873474,0.8757373094558716,281251,69,0.958286515116786,1.0063434169860557,0.0028573684394359,0.9997511506080629,373694,92,0.2207650758609864,1.344139917055145,0.0023129561450332,0.9998410940170288,516043,126,0.2509175932429623,1.9163768329890445,0.0028233975172042,0.9998078942298888,374806,92,0.2225649179326497,1.3286453330656514,1.4539225101470947,0.8022323846817017,127397,32,0.8651960651837576,0.436104292050004,6.0316097921459,0.0013409170787781,6.032950709224679,1.5152056249789894,7.548156334203668,0.0173166658496484
30,2.3348243027020774,0.9607856262306786,0.2014672568922141,0.282815909894032,0.2014672568922141,0.1590459668271948,0.9435616529139376,0.3587392434444325,0.0,0.0,0.96524813944489,0.9998170115369868,0.9822285125653092,344284,356614,0.0,0.0,0.0,345,1,0.1203871748336358,0.6123076923076923,0.2012133468149646,325,1653,0.1041666666666666,0.0057537399309551,0.0109051254089422,869,48,0.2307692307692307,0.000633847454046,0.0012642225031605,4733,13,0.0,0.0,0.0,3347,6,0.0,0.0,0.0,2484,3,1.0,0.0005216484089723,0.0010427528675703,1917,1,0.2899408284023668,0.2289719626168224,0.2558746736292428,214,169,0.1176470588235294,0.1666666666666666,0.1379310344827586,24,34,1.4695926904678345,0.8792359828948975,281251,69,0.9872976533014728,1.015759541885927,0.0026932940818369,0.9998233914375304,373694,92,0.2194182304187146,1.3392202920513228,0.0023219166323542,0.9998469352722168,516043,126,0.2510741659566466,1.860774707980454,0.0027198195457458,0.9998372197151184,374806,92,0.2173751272422206,1.3448264159960672,1.4352879524230957,0.8084648847579956,127397,32,0.8424751763991748,0.4361985829891637,5.996779540902935,0.0012778750387951,5.99805741594173,1.5082526250043884,7.5063100409461185,0.0189665420912206
31,2.285871132480142,0.9608358295541388,0.2071508640746525,0.3481092163047668,0.2071508640746525,0.1602992479213412,0.9437698513692878,0.3620922390386368,0.0,0.0,0.965482615085999,0.9997850611704292,0.9823344748858448,344284,356516,0.0,0.0,0.0,345,0,0.120453190220632,0.6215384615384615,0.2017982017982018,325,1677,0.1052631578947368,0.0069044879171461,0.0129589632829373,869,57,0.3684210526315789,0.0014789773927741,0.0029461279461279,4733,19,0.5454545454545454,0.0035853002688975,0.0071237756010685,3347,22,0.0,0.0,0.0,2484,3,1.0,0.0005216484089723,0.0010427528675703,1917,1,0.2871287128712871,0.2710280373831775,0.2788461538461538,214,202,0.0888888888888888,0.1666666666666666,0.1159420289855072,24,45,1.459586262702942,0.8800715208053589,281251,69,0.9523639635541392,1.0035128330346197,0.0027643661014735,0.9997993111610411,373694,92,0.2180364960053682,1.3350060840602964,0.0023056014906615,0.99982750415802,516043,126,0.2480490624104191,1.825908500002697,0.0027765487320721,0.9997865557670592,374806,92,0.2171732043524529,1.370937958941795,1.4248710870742798,0.8060943484306335,127397,32,0.8779787565973205,0.4766100839478895,6.011975459987298,0.0010694999946281,6.013044959981926,1.5045005409047008,7.517545500886627,0.0165718320058658
32,2.314213744571026,0.9608330404806132,0.2015763003040917,0.362187909329246,0.2015763003040917,0.1579697482548748,0.9437181582927192,0.3637678844884406,0.0,0.0,0.965318032547822,0.999802488643097,0.9822576894046944,344284,356583,0.0,0.0,0.0,345,0,0.1202645820805772,0.6153846153846154,0.2012072434607646,325,1663,0.1224489795918367,0.0069044879171461,0.0130718954248366,869,49,0.3684210526315789,0.0014789773927741,0.0029461279461279,4733,19,0.6428571428571429,0.0053779504033462,0.0106666666666666,3347,28,0.0,0.0,0.0,2484,3,1.0,0.0005216484089723,0.0010427528675703,1917,1,0.3241379310344827,0.219626168224299,0.2618384401114206,214,145,0.0784313725490196,0.1666666666666666,0.1066666666666666,24,51,1.447584629058838,0.88028484582901,281251,69,0.9373446161923012,0.9876660419395192,0.0027887166943401,0.9997993111610411,373694,92,0.2214367318673691,1.3243433750467375,0.0023214221000671,0.9998469352722168,516043,126,0.2518243387753361,1.8831741670146585,0.0028143876697868,0.9997678995132446,374806,92,0.2240806552327811,1.360618709004484,1.4305256605148315,0.8107019662857056,127397,32,0.8581458876782472,0.46450633299537,6.020308626000769,0.0011478329543024,6.021456458955072,1.4850897499127311,7.506546208867803,0.0188422489445656
33,2.290943211345507,0.9608246732600364,0.2436288297692562,0.3100229164030855,0.2436288297692562,0.1754783819010127,0.9436418812754386,0.3679290183100623,0.0,0.0,0.9653290556703806,0.999808297800653,0.9822661996247494,344284,356581,0.0,0.0,0.0,345,0,0.1209053007742704,0.6246153846153846,0.2025948103792415,325,1679,0.1578947368421052,0.0069044879171461,0.0132304299889746,869,38,0.3333333333333333,0.0014789773927741,0.0029448885149347,4733,21,0.0,0.0,0.0,3347,4,0.0,0.0,0.0,2484,3,1.0,0.0005216484089723,0.0010427528675703,1917,1,0.3309859154929577,0.219626168224299,0.2640449438202247,214,142,0.1917808219178082,0.5833333333333334,0.2886597938144329,24,73,1.4559781551361084,0.8816822171211243,281251,69,0.935995798074498,1.002650500042364,0.0027786015998572,0.999804675579071,373694,92,0.216170568795591,1.3351434590294955,0.0022784247994422,0.9998314380645752,516043,126,0.2460562741557666,1.8774793340126052,0.0027482002042233,0.9997625350952148,374806,92,0.2184851842427752,1.3744771250057966,1.410574436187744,0.8076092600822449,127397,32,0.866889048728009,0.4479350419715047,6.037685460061766,0.0012790830805897,6.038964543142356,1.5439687920734286,7.582933335215785,0.0163169569568708
34,2.3085862682864726,0.9608190951129854,0.2454505839370105,0.3063602600017818,0.2454505839370105,0.1744055228762842,0.9436060271846024,0.3686338327245305,0.0,0.0,0.965269890944373,0.9998199161157648,0.982241175874708,344284,356607,0.0,0.0,0.0,345,0,0.1204093919325707,0.6153846153846154,0.2014098690835851,325,1661,0.1818181818181818,0.0069044879171461,0.0133037694013303,869,33,0.2727272727272727,0.0012676949080921,0.0025236593059936,4733,22,0.0,0.0,0.0,3347,4,0.0,0.0,0.0,2484,3,1.0,0.0005216484089723,0.0010427528675703,1917,1,0.3358778625954198,0.205607476635514,0.2550724637681159,214,131,0.1875,0.625,0.2884615384615384,24,80,1.4398151636123655,0.8829017281532288,281251,69,0.9367936654891272,1.0148855419829488,0.0027752153109759,0.9997618198394777,373694,92,0.2228500807815902,1.357390834018588,0.002236486878246,0.9998469352722168,516043,126,0.2444264420929255,1.900509624974802,0.0027139468584209,0.9997919201850892,374806,92,0.2126959089479017,1.3514245839323848,1.436558485031128,0.8111650943756104,127397,32,0.8371705410043442,0.4487412499729544,6.072951834881678,0.0011736669111996,6.074125501792878,1.5333374579204246,7.6074629597133026,0.0176717072026804
35,2.2440651909624356,0.9607828371571532,0.2561343224495775,0.2925441664486693,0.2561343224495775,0.1807008119460602,0.9437013244832398,0.3700133355996869,0.0,0.0,0.9655155969479352,0.9997182558585354,0.9823192972241724,344284,356480,0.0,0.0,0.0,345,0,0.1196228638774307,0.6246153846153846,0.2007912957467853,325,1697,0.1304347826086956,0.0069044879171461,0.0131147540983606,869,46,0.2,0.000845129938728,0.0016831474857984,4733,20,0.0,0.0,0.0,3347,11,0.0,0.0,0.0,2484,3,1.0,0.0005216484089723,0.0010427528675703,1917,1,0.3125,0.3037383177570093,0.3080568720379147,214,208,0.1973684210526315,0.625,0.3,24,76,1.4462803602218628,0.8825106620788574,281251,69,0.9770910935328442,1.03657141700387,0.0027454395312815,0.9997939467430116,373694,92,0.211820977299847,1.365128249977715,0.0022121940273791,0.9998372197151184,516043,126,0.240158138254538,1.899229583912529,0.0027250405400991,0.9998132586479188,374806,92,0.2135958659045933,1.3123190000187606,1.4124221801757812,0.8148857355117798,127397,32,0.8662444681260008,0.4624969169963151,6.07574516790919,0.0023984590079635,6.078143626917154,1.507604792015627,7.585748418932781,0.0183681240305304
36,2.270832819310858,0.9607744699365764,0.2418514009657369,0.325602409650864,0.2418514009657369,0.1616111464198252,0.9436700759695394,0.3698729527554868,0.0,0.0,0.96543628867136,0.9997763474340952,0.9823062895433023,344284,356530,0.0,0.0,0.0,345,0,0.1202872531418312,0.6184615384615385,0.2014028056112224,325,1671,0.1521739130434782,0.0080552359033371,0.0153005464480874,869,46,0.238095238095238,0.00105641242341,0.0021034917963819,4733,21,0.3888888888888889,0.0020914251568568,0.0041604754829123,3347,18,0.0,0.0,0.0,2484,3,1.0,0.0005216484089723,0.0010427528675703,1917,1,0.2671755725190839,0.1635514018691588,0.2028985507246377,214,131,0.1239669421487603,0.625,0.2068965517241379,24,121,1.4488097429275513,0.8826884031295776,281251,69,0.9364494718653316,0.9816609169356524,0.0027765841223299,0.9997591376304626,373694,92,0.2251569104660633,1.343531374935992,0.002253406913951,0.9998217225074768,516043,126,0.2500300040158883,1.832920458051376,0.0027648545801639,0.9997732043266296,374806,92,0.2270648382178283,1.3418218749575317,1.41582190990448,0.8131117820739746,127397,32,1.1695119055089094,0.4725057500181719,5.972440374898724,0.0011106659658253,5.97355104086455,1.4761449579382315,7.449695998802781,0.0167492920299991
37,2.222249771116715,0.960777259010102,0.2479313002961816,0.3080564283177711,0.2479313002961816,0.1645431721411852,0.9437239011366708,0.3688850139565356,0.0,0.0,0.9655519679981148,0.9997531108038712,0.9823549473930558,344284,356479,0.0,0.0,0.0,345,4,0.120260663507109,0.6246153846153846,0.2016890213611525,325,1688,0.1555555555555555,0.0080552359033371,0.0153172866520787,869,45,0.1904761904761904,0.000845129938728,0.0016827934371055,4733,21,0.2142857142857142,0.0008963250672243,0.0017851829812555,3347,14,0.0,0.0,0.0,2484,3,1.0,0.0005216484089723,0.0010427528675703,1917,1,0.3309859154929577,0.219626168224299,0.2640449438202247,214,142,0.1034482758620689,0.625,0.1775147928994082,24,145,1.4376732110977173,0.882400393486023,281251,69,0.9636854961427652,1.005353374988772,0.0026913012843579,0.9997966289520264,373694,92,0.2150148998285883,1.404886084026657,0.002245238982141,0.9998120069503784,516043,126,0.2419837702348696,1.866387665970251,0.0027433035429567,0.9997305274009703,374806,92,0.2184255991344784,1.3515131250023842,1.4103095531463623,0.8141793012619019,127397,32,0.8475689760669521,0.4306736249709502,6.058813874959014,0.0012381670530885,6.060052042012103,1.5215514169540256,7.581603458966128,0.0173326251097023
38,2.244228338269533,0.9608051497453576,0.2406981514083916,0.2533230780094216,0.2406981514083916,0.1575679777319055,0.9438230716809544,0.3678887685297738,0.0,0.0,0.9655576750448832,0.9997618245402052,0.982362107642516,344284,356480,0.0,0.0,0.0,345,4,0.1199040767386091,0.6153846153846154,0.2007024586051179,325,1668,0.1521739130434782,0.0080552359033371,0.0153005464480874,869,46,0.2692307692307692,0.0014789773927741,0.0029417944946417,4733,26,0.6666666666666666,0.0077681505826112,0.015357353809805,3347,39,0.0,0.0,0.0,2484,3,0.0,0.0,0.0,1917,0,0.2622950819672131,0.1495327102803738,0.1904761904761904,214,122,0.0974025974025974,0.625,0.1685393258426966,24,154,1.4365350008010864,0.8872928619384766,281251,69,0.9453222832390248,1.0582256659399718,0.002756307600066,0.9997404217720032,373694,92,0.2196536661132417,1.3898263339651749,0.0021862380672246,0.999813973903656,516043,126,0.2458221466139846,1.9950212079565972,0.0027123414911329,0.9997625350952148,374806,92,0.2174868549633814,1.427696832921356,1.3922563791275024,0.8179863095283508,127397,32,0.8723508446632279,0.4772339999908581,6.348004040773958,0.00146891688928,6.349472957663238,1.644192000036128,7.993664957699366,0.017330793198198
39,2.209912225310491,0.960796782524781,0.2502646582576951,0.2296655782947978,0.2502646582576951,0.1745795732373934,0.943846292621366,0.3716168373386626,0.0,0.0,0.9655922123099366,0.9997414924887592,0.9823701665658214,344284,356460,0.2049180327868852,0.072463768115942,0.1070663811563169,345,122,0.11857958148383,0.5753846153846154,0.1966351209253417,325,1577,0.1555555555555555,0.0080552359033371,0.0153172866520787,869,45,0.2592592592592592,0.0014789773927741,0.0029411764705882,4733,27,0.1666666666666666,0.0008963250672243,0.0017830609212481,3347,18,0.0,0.0,0.0,2484,3,0.0,0.0,0.0,1917,0,0.3219178082191781,0.219626168224299,0.2611111111111111,214,146,0.1041666666666666,0.625,0.1785714285714285,24,144,1.4302102327346802,0.8870795369148254,281251,69,0.9244183677058874,1.0724882499780506,0.0027701929211616,0.9997885823249816,373694,92,0.2106540255474969,1.3440648330142722,0.002294291742146,0.9998217225074768,516043,126,0.2424214371515291,1.8719627079553904,0.0027444325387477,0.9998185634613036,374806,92,0.2142215801576546,1.4107139579718933,1.3914968967437744,0.8094853162765503,127397,32,0.892430727628911,0.4671699580503627,6.166399706969969,0.0011443329276517,6.167544039897621,1.518165708053857,7.685709747951478,0.0172128770500421
40,2.2043273012818485,0.960796782524781,0.2562286043180193,0.2202727462800111,0.2562286043180193,0.1721012539462101,0.9438286288923448,0.3752693807924125,0.0,0.0,0.9656750379471236,0.9997066375434236,0.98239620037648,344284,356417,0.0,0.0,0.0,345,2,0.1188235294117647,0.6215384615384615,0.1995061728395061,325,1700,0.1702127659574468,0.0092059838895281,0.0174672489082969,869,47,0.2727272727272727,0.0019015423621381,0.0037767519932857,4733,33,0.2222222222222222,0.0011951000896325,0.0023774145616641,3347,18,0.0,0.0,0.0,2484,3,0.0,0.0,0.0,1917,0,0.3367875647668393,0.3037383177570093,0.3194103194103194,214,193,0.1162790697674418,0.625,0.196078431372549,24,129,1.4170085191726685,0.886549711227417,281251,69,0.8977562350567942,0.9958872080314904,0.0027342392131686,0.9997671842575072,373694,92,0.2132471910942163,1.357213374925777,0.0022480234038084,0.999833345413208,516043,126,0.2443776807272521,1.8765144170029089,0.0027017497923225,0.9997545480728148,374806,92,0.216564662770399,1.3779167080065235,1.3814619779586792,0.8205373883247375,127397,32,0.8277412795800042,0.4991294589126482,6.1066611668793485,0.0015836670063436,6.108244833885692,1.5204630000516772,7.628707833937369,0.0178540002088993
41,2.2090242524618917,0.9607995715983064,0.25598400629785384,0.2294366102186219,0.25598400629785384,0.17376889584842153,0.9438284153280792,0.378599942631746,0.0,0.0,0.9656451391168458,0.9997037329646454,0.9823793261415905,344284,356427,0.0,0.0,0.0,345,6,0.11865407319952774,0.6184615384615385,0.19910846953937592,325,1694,0.16326530612244897,0.009205983889528193,0.017429193899782137,869,49,0.36363636363636365,0.002535389816184238,0.005035669324381032,4733,33,0.2222222222222222,0.0011951000896325067,0.00237741456166419,3347,18,0.0,0.0,0.0,2484,3,0.0,0.0,0.0,1917,0,0.33163265306122447,0.3037383177570093,0.3170731707317073,214,196,0.12931034482758622,0.625,0.21428571428571427,24,116,1.4036420583724976,0.8883950710296631,281251,69,0.9045533281072617,2.1803930409951136,0.00265880161896348,0.9997538328170776,373694,92,0.2099386339900013,1.3227487079566345,0.0022391988895833492,0.9998314380645752,516043,126,0.24345881302786343,1.8256407920271158,0.002778904279693961,0.9997438788414001,374806,92,0.2205046195157194,1.3669703339692205,1.3792707920074463,0.8161259889602661,127397,32,0.8496401825065771,0.4958830840187147,7.191635958966799,0.0028564580716192722,7.194492417038418,1.4618652909994125,8.656357708037831,0.4613355410983786
42,2.16437246278992,0.9608051497453576,0.24896252612653766,0.23571254703260885,0.24896252612653766,0.16750540633905298,0.9438492330140797,0.38419394929110684,0.0,0.0,0.9656516176817157,0.9997356833312033,0.9823981048064847,344284,356436,0.0,0.0,0.0,345,5,0.11861421021726365,0.6215384615384615,0.1992110453648915,325,1703,0.14545454545454545,0.009205983889528193,0.017316017316017316,869,55,0.4,0.003380519754912318,0.006704378797402053,4733,40,0.2857142857142857,0.00179265013444876,0.0035629453681710215,3347,21,0.0,0.0,0.0,2484,3,0.0,0.0,0.0,1917,0,0.32450331125827814,0.22897196261682243,0.2684931506849315,214,151,0.1171875,0.625,0.19736842105263158,24,128,1.4132459163665771,0.8858279585838318,281251,69,1.0969546993147328,0.9870128330076113,0.0026434753090143204,0.9997671842575073,373694,92,0.2151019314243481,1.3058554580202326,0.0022096335887908936,0.9998236298561096,516043,126,0.2429685269664081,1.8675811659777537,0.0026922798715531826,0.9997625350952148,374806,92,0.21709154194484243,1.358785790973343,1.3656762838363647,0.8203647136688232,127397,32,0.8392731652288192,0.41802574996836483,5.937260997947305,0.0011814999161288142,5.938442497863434,1.4577529169619083,7.396195414825343,0.01574025209993124
43,2.1542254436264785,0.9608330404806131,0.25315967480727836,0.24071706746151147,0.25315967480727836,0.1715582861858183,0.9438856050782781,0.3856660184303966,0.0,0.0,0.965678806599949,0.9997385879099813,0.9824135770667223,344284,356427,0.0,0.0,0.0,345,6,0.11875367430922987,0.6215384615384615,0.19940769990128332,325,1701,0.14285714285714285,0.009205983889528193,0.017297297297297298,869,56,0.4358974358974359,0.0035918022395943377,0.007124895222129086,4733,39,0.2777777777777778,0.0014938751120406335,0.0029717682020802376,3347,18,0.0,0.0,0.0,2484,3,0.0,0.0,0.0,1917,0,0.34523809523809523,0.27102803738317754,0.3036649214659686,214,168,0.12096774193548387,0.625,0.20270270270270271,24,124,1.4103155136108398,0.8900341391563416,281251,69,0.9118788481976596,1.0064153339480981,0.0026587520260363817,0.9997645020484924,373694,92,0.21538272754753632,1.2848750000121072,0.0022338200360536575,0.999808132648468,516043,126,0.24390458116466004,1.7526126250158995,0.002614098135381937,0.9997545480728149,374806,92,0.21838371010049124,1.2970364999491721,1.38047456741333,0.8227823376655579,127397,32,0.8172222253727108,0.45504475000780076,5.795984208933078,0.001254500006325543,5.797238708939403,1.5178412919631228,7.315080000902526,0.016409625066444278
44,2.0943341078452513,0.9609362362010587,0.2623244256866153,0.315523709666237,0.2623244256866153,0.17617941567533388,0.9443106110210995,0.38664072375635017,0.0,0.0,0.9661185373987345,0.9996746871768656,0.9826102100421683,344284,356242,0.0,0.0,0.0,345,14,0.1175115207373272,0.6276923076923077,0.19796215429403202,325,1736,0.16666666666666666,0.01380897583429229,0.025504782146652496,869,72,0.4716981132075472,0.005282062117050497,0.010447137484329294,4733,53,0.6111111111111112,0.00985957573946818,0.019406057042046457,3347,54,0.4,0.0008051529790660225,0.0016070711128967456,2484,5,0.0,0.0,0.0,1917,0,0.29918032786885246,0.3411214953271028,0.31877729257641924,214,244,0.12295081967213115,0.625,0.2054794520547945,24,122,1.3958536386489868,0.8885017037391663,281251,69,0.9954611148363293,0.9650393329793587,0.0026539124082773924,0.9997671842575073,373694,92,0.21277442615984749,1.3085952081019059,0.002171197207644582,0.9998023509979248,516043,126,0.23895486949983416,1.8433915000641719,0.0026212448719888926,0.9997598528862,374806,92,0.21361363948816572,1.3171232920140028,1.370343565940857,0.8195326328277588,127397,32,0.8156048563729714,0.4533359999768436,5.887485333136283,0.001327000092715025,5.888812333228998,1.4669655830366537,7.355777916265652,0.020206541870720685
45,2.139351967526345,0.9608469858482409,0.2568991784302932,0.275085712077271,0.2568991784302932,0.17195711430229715,0.9439733718378692,0.3855658098063757,0.0,0.0,0.9657863280000449,0.9997124467009795,0.9824565910524619,344284,356378,0.0,0.0,0.0,345,7,0.11878291398478642,0.6246153846153846,0.19960668633235004,325,1709,0.14545454545454545,0.009205983889528193,0.017316017316017316,869,55,0.47619047619047616,0.0042256496936403974,0.008376963350785341,4733,42,0.3333333333333333,0.002091425156856887,0.004156769596199525,3347,21,0.25,0.00040257648953301127,0.0008038585209003215,2484,4,0.0,0.0,0.0,1917,0,0.35714285714285715,0.3037383177570093,0.3282828282828283,214,182,0.10416666666666667,0.625,0.17857142857142858,24,144,1.4088412523269653,0.8895079493522644,281251,69,0.9129116616214535,0.9960779160028324,0.002952940994873643,0.9997082948684692,373694,92,0.2557850158746576,1.3190130000002682,0.0022787428461015224,0.9997965097427368,516043,126,0.24898157808093987,1.8317925829906017,0.0029620963614434004,0.9997225403785706,374806,92,0.22059806672102933,1.3245379579020664,1.3706830739974976,0.8185043334960938,127397,32,0.8215452794155268,0.431846542051062,5.903267998946831,0.0013389999512583017,5.904606998898089,1.4823851250112057,7.386992123909295,0.016592292115092278
46,2.078719669729925,0.9608190951129854,0.2591411026878937,0.23547149093195538,0.2591411026878937,0.16474188424623926,0.9440828541396733,0.3940635244972207,0.0,0.0,0.966096746938237,0.9996717825980876,0.982597536447248,344284,356249,0.0,0.0,0.0,345,5,0.11836734693877551,0.6246153846153846,0.19901960784313724,325,1715,0.14,0.00805523590333717,0.015233949945593036,869,50,0.3902439024390244,0.003380519754912318,0.006702974444909929,4733,41,0.3870967741935484,0.00358530026889752,0.007104795737122558,3347,31,0.0,0.0,0.0,2484,3,0.0,0.0,0.0,1917,0,0.2755905511811024,0.32710280373831774,0.29914529914529914,214,254,0.07731958762886598,0.625,0.13761467889908258,24,194,1.3998260498046875,0.8938919305801392,281251,69,0.9423938439272025,0.9911266659619287,0.0026411102153360844,0.9997190237045288,373694,92,0.2110808981141036,1.3124378330539912,0.002177936490625143,0.9998178482055664,516043,126,0.23800470816342179,1.806175542064011,0.00274713896214962,0.9997278451919556,374806,92,0.2214351185360249,1.3358508750097826,1.3537862300872803,0.8242266178131104,127397,32,0.813473842577377,0.4597157089738175,5.905306625063531,0.0012437080731615424,5.906550333136693,1.524994541076012,7.431544874212705,0.018385999952442944
47,2.086306179504977,0.960897189171701,0.25906961993762656,0.30468646147526746,0.25906961993762656,0.1696674108184704,0.9442216772033544,0.38852256920572725,0.0,0.0,0.9660646820072643,0.9996863054919776,0.9825879665976732,344284,356266,0.0,0.0,0.0,345,7,0.1179546775130738,0.6246153846153846,0.198435972629521,325,1721,0.12698412698412698,0.009205983889528193,0.017167381974248927,869,63,0.40540540540540543,0.003169237270230298,0.006289308176100629,4733,37,0.625,0.010457125784284434,0.020570085218924478,3347,56,0.4,0.0008051529790660225,0.0016070711128967456,2484,5,0.0,0.0,0.0,1917,0,0.3192488262910798,0.3177570093457944,0.3185011709601874,214,213,0.08620689655172414,0.625,0.15151515151515152,24,174,1.4008727073669434,0.8866421580314636,281251,69,0.9573719208995217,0.9741778330644593,0.0026717986911535263,0.999745786190033,373694,92,0.21592799534209764,1.310366207966581,0.002224187133833766,0.9997965097427368,516043,126,0.2443431668551847,1.8444360839203,0.0026283932384103537,0.9997625350952148,374806,92,0.21737830564326763,1.3202722088899463,1.360863447189331,0.8226488828659058,127397,32,0.8525464165753812,0.4547570829745382,5.904009416815825,0.0012976250145584345,5.905307041830383,1.472055625054054,7.377362666884437,0.017237749183550477
48,2.062169497183199,0.9609139236128543,0.25815716567579433,0.3213863108027323,0.25815716567579433,0.16824750710496203,0.9443026645175132,0.3834919424642315,0.0,0.0,0.9661488451475988,0.9996892100707555,0.9826329012733398,344284,356236,0.0,0.0,0.0,345,7,0.11822947000582411,0.6246153846153846,0.19882468168462292,325,1717,0.15714285714285714,0.012658227848101266,0.023429179978700747,869,70,0.391304347826087,0.0038030847242763576,0.007532956685499058,4733,46,0.6140350877192983,0.010457125784284434,0.020564042303172738,3347,57,0.5714285714285714,0.001610305958132045,0.003211561621838619,2484,7,0.0,0.0,0.0,1917,0,0.32019704433497537,0.3037383177570093,0.3117505995203837,214,203,0.07537688442211055,0.625,0.13452914798206278,24,199,1.3967905044555664,0.8858208656311035,281251,69,0.9922045416194469,1.0028153330786154,0.002673633163794875,0.999745786190033,373694,92,0.21070618959207316,1.3214035830460489,0.0022393008694052696,0.9998042583465576,516043,126,0.24439586136425567,1.8553441249532625,0.002625703113153577,0.9997385144233704,374806,92,0.21220797944175254,1.3354222499765456,1.3535882234573364,0.8266521096229553,127397,32,0.8134206126367473,0.4334967499598861,5.948482041014358,0.0011845839908346534,5.949666625005193,1.5170297500444576,7.466696375049651,0.01786649995483458
49,2.082646172621968,0.9609055563922776,0.2583940644193715,0.3334619648808066,0.2583940644193715,0.1694807132921419,0.9442385825082029,0.3869481886402723,0.0,0.0,0.9660511240039183,0.9996863054919776,0.9825809536724455,344284,356271,0.0,0.0,0.0,345,7,0.11888111888111888,0.6276923076923077,0.19990200881920628,325,1716,0.16923076923076924,0.012658227848101266,0.023554603854389723,869,65,0.38636363636363635,0.0035918022395943377,0.0071174377224199285,4733,44,0.6666666666666666,0.009560800717060053,0.01885125184094256,3347,48,0.625,0.002012882447665056,0.0040128410914927765,2484,8,0.0,0.0,0.0,1917,0,0.31862745098039214,0.3037383177570093,0.31100478468899523,214,204,0.08379888268156424,0.625,0.1477832512315271,24,179,1.37871253490448,0.8931061625480652,281251,69,0.8914504521161052,1.0004928749985993,0.002676906995475292,0.999745786190033,373694,92,0.21606687851530537,1.3331528339767829,0.0022696685045957565,0.9997829794883728,516043,126,0.24728485555900181,1.827987500000745,0.002751338528469205,0.9996985197067261,374806,92,0.22144430871586868,1.3305549160577357,1.3648746013641357,0.8245327472686768,127397,32,0.8352173785095881,0.4542864579707384,5.946474583004601,0.0014880000380799174,5.947962583042681,1.512315750005655,7.460278333048336,0.019537124899215996
50,2.0847948732165245,0.9608218841865109,0.2576559304248067,0.28922261400152327,0.2576559304248067,0.16722322889185298,0.944050489744768,0.39225245174408074,0.0,0.0,0.9659912824067967,0.9996804963344216,0.982547193376869,344284,356291,0.0,0.0,0.0,345,8,0.11878291398478642,0.6246153846153846,0.19960668633235004,325,1709,0.15873015873015872,0.011507479861910242,0.02145922746781116,869,63,0.3170731707317073,0.002746672300866258,0.005446166736489317,4733,41,0.37037037037037035,0.002987750224081267,0.005927682276229994,3347,27,0.5714285714285714,0.001610305958132045,0.003211561621838619,2484,7,0.0,0.0,0.0,1917,0,0.30697674418604654,0.308411214953271,0.3076923076923077,214,215,0.08287292817679558,0.625,0.14634146341463414,24,181,1.3879426717758179,0.8934972882270813,281251,69,0.90538719202229,0.9791941250441596,0.0025717720855027437,0.9997404217720032,373694,92,0.21170361431106313,1.3362864169757813,0.0021872837096452713,0.999808132648468,516043,126,0.23824229982252737,1.8609166250098497,0.002647332614287734,0.9997171759605408,374806,92,0.21325358355301496,1.3407119578914717,1.3431847095489502,0.8250037431716919,127397,32,0.7878989097597469,0.4649777499726042,5.9820868748938665,0.001298791030421853,5.983385665924288,1.5463393749669194,7.529725040891208,0.017058833152987063
51,2.0633446447176076,0.9608525639952921,0.2591601630587904,0.2770087775205456,0.2591601630587904,0.16711931911760602,0.9440914586752127,0.39874603451323776,0.0,0.0,0.9660352362320752,0.9996979238070896,0.9825783474766795,344284,356281,0.0,0.0,0.0,345,4,0.11878291398478642,0.6246153846153846,0.19960668633235004,325,1709,0.12,0.006904487917146145,0.013057671381936888,869,50,0.3469387755102041,0.0035918022395943377,0.007109995817649519,4733,49,0.43333333333333335,0.003884075291305647,0.007699141249629849,3347,30,0.4,0.0008051529790660225,0.0016070711128967456,2484,5,0.0,0.0,0.0,1917,0,0.30303030303030304,0.32710280373831774,0.3146067415730337,214,231,0.08196721311475409,0.625,0.14492753623188406,24,183,1.3707329034805298,0.8926154971122742,281251,69,0.9132927989209111,0.9713326670462266,0.0026151021011173725,0.9997779130935669,373694,92,0.2087805483883499,1.299855999997817,0.0021592238917946815,0.9998100996017456,516043,126,0.23767068622405263,1.810191832948476,0.002754666144028306,0.9997278451919556,374806,92,0.21291985380852418,1.3213112910743803,1.3498008251190186,0.82599276304245,127397,32,0.7895591106694968,0.43228216702118516,5.834973958088085,0.0012092080432921648,5.836183166131377,1.4949930839939043,7.3311762501252815,0.015434458968229592
52,2.07393879184496,0.9608386186276643,0.2572893285966817,0.2786814600839379,0.2572893285966817,0.1674705143000806,0.9440643158042382,0.3963891873689834,0.0,0.0,0.9659726860921353,0.9996921146495336,0.9825431852763258,344284,356302,0.0,0.0,0.0,345,5,0.1188235294117647,0.6215384615384615,0.19950617283950617,325,1700,0.14754098360655737,0.010356731875719217,0.01935483870967742,869,61,0.35294117647058826,0.0038030847242763576,0.007525083612040134,4733,51,0.4074074074074074,0.0032865252464893933,0.006520450503852994,3347,27,0.4,0.0008051529790660225,0.0016070711128967456,2484,5,0.0,0.0,0.0,1917,0,0.30985915492957744,0.308411214953271,0.3091334894613583,214,213,0.08426966292134831,0.625,0.1485148514851485,24,178,1.3736605644226074,0.894517719745636,281251,69,0.8827135225212911,1.0433051249710843,0.0026096603833138943,0.9997431039810181,373694,92,0.20699567618501338,1.363805333035998,0.002166078193113208,0.9997848868370056,516043,126,0.23805141748317127,1.8932279169093817,0.0025895058643072844,0.9997545480728149,374806,92,0.20835455880098439,1.387671250035055,1.3495944738388062,0.8195405006408691,127397,32,0.7887624371303946,0.47503441595472395,6.163044040906243,0.0014092079363763332,6.164453248842619,1.580593999940902,7.745047248783521,0.019777876092121005
53,2.0501021210624657,0.9608748765834965,0.262765239188486,0.2818646132726653,0.262765239188486,0.1674141839489532,0.9442074433018586,0.4022166208152581,0.0,0.0,0.9662136554663133,0.9996804963344216,0.982662210757281,344284,356209,0.0,0.0,0.0,345,8,0.11836734693877551,0.6246153846153846,0.19901960784313724,325,1715,0.14285714285714285,0.009205983889528193,0.017297297297297298,869,56,0.38596491228070173,0.004648214663004437,0.00918580375782881,4733,57,0.4482758620689655,0.003884075291305647,0.007701421800947867,3347,29,0.4,0.0008051529790660225,0.0016070711128967456,2484,5,0.0,0.0,0.0,1917,0,0.275,0.3598130841121495,0.3117408906882591,214,280,0.08196721311475409,0.625,0.14492753623188406,24,183,1.3639476299285889,0.8949407935142517,281251,69,0.8703524076799164,1.022279291995801,0.0025735460221767426,0.9997779130935669,373694,92,0.2038106021538815,1.4114782500546426,0.0021072342060506344,0.999808132648468,516043,126,0.236112245147321,1.9719422919442877,0.0026390838902443647,0.9997411966323853,374806,92,0.21137420944026852,1.4437227919697762,1.3310829401016235,0.8280336260795593,127397,32,0.8100000697190349,0.5056956670014188,6.355118292965926,0.0019390409579500556,6.357057333923876,1.6136262499494478,7.970683583873324,0.016529373009689152
54,1.9769973430592456,0.9609697050833654,0.2675866225940991,0.3018454936557309,0.2675866225940991,0.165935815155747,0.9445953639746512,0.4057818817595825,0.0,0.0,0.966646912276464,0.9996514505466417,0.9828721889756584,344284,356039,0.0,0.0,0.0,345,8,0.11740890688259109,0.6246153846153846,0.1976630963972736,325,1729,0.14814814814814814,0.009205983889528193,0.01733477789815818,869,54,0.3728813559322034,0.004648214663004437,0.009181969949916527,4733,59,0.676056338028169,0.01434120107559008,0.028086600351082503,3347,71,0.42857142857142855,0.0012077294685990338,0.0024086712163789645,2484,7,0.0,0.0,0.0,1917,0,0.24147727272727273,0.397196261682243,0.3003533568904594,214,352,0.06726457399103139,0.625,0.1214574898785425,24,223,1.3616811037063599,0.8968216776847839,281251,69,0.9550296406930819,1.102841957937926,0.0026777037419378757,0.9997243881225586,373694,92,0.21021563805828183,1.4433605000376701,0.00213997601531446,0.9997984766960144,516043,126,0.23451918578873,1.9630514160962775,0.0026334086433053017,0.9997518658638,374806,92,0.21250860800733923,1.4245772080030292,1.3497228622436523,0.8228843808174133,127397,32,0.8121804803487673,0.4888603329891339,6.422691415064037,0.0012267089914530516,6.42391812405549,1.635355709004216,8.059273833059706,0.01727262686472386
55,2.008777624591151,0.9609752832304165,0.26562837464208994,0.31831645945329345,0.26562837464208994,0.16844077168848504,0.9445053388541861,0.40644102972007523,0.0,0.0,0.9664439895428801,0.9996717825980876,0.982777107530643,344284,356121,0.0,0.0,0.0,345,8,0.11768115942028985,0.6246153846153846,0.1980487804878049,325,1725,0.1509433962264151,0.009205983889528193,0.01735357917570499,869,53,0.42028985507246375,0.006127192055778576,0.012078300708038317,4733,69,0.6896551724137931,0.011951000896325068,0.023494860499265784,3347,58,0.5,0.0012077294685990338,0.0024096385542168677,2484,6,0.0,0.0,0.0,1917,0,0.25878594249201275,0.37850467289719625,0.30740037950664134,214,313,0.07936507936507936,0.625,0.14084507042253522,24,189,1.3724547624588013,0.8953532576560974,281251,69,0.8832421852717653,1.1102200839668512,0.0026917599607259035,0.9997109770774841,373694,92,0.21727934264324414,1.4573810839792714,0.002220868831500411,0.9997926354408264,516043,126,0.24475175971574178,2.0385429579764605,0.002727343700826168,0.9997892379760742,374806,92,0.21585079556085587,1.433322458062321,1.3216673135757446,0.8292110562324524,127397,32,0.7964825265581386,0.5134794160258025,6.5529460000107065,0.0013315409887582064,6.554277540999465,1.625509416917339,8.179786957916804,0.01864220795687288
56,2.030440544352723,0.9612541905829721,0.26519206231854864,0.35287024524721045,0.26519206231854864,0.1736831822973687,0.9451128770294048,0.407652451814145,0.0,0.0,0.9665638813531715,0.9996863054919776,0.9828461118900689,344284,356082,0.0,0.0,0.0,345,8,0.1179546775130738,0.6246153846153846,0.198435972629521,325,1721,0.11538461538461539,0.006904487917146145,0.013029315960912053,869,52,0.7745664739884393,0.02831185294739066,0.05462698736241337,4733,173,0.6851851851851852,0.011054675829100687,0.02175830638047633,3347,54,0.5,0.0012077294685990338,0.0024096385542168677,2484,6,0.0,0.0,0.0,1917,0,0.2857142857142857,0.35514018691588783,0.31666666666666665,214,266,0.08333333333333333,0.625,0.14705882352941177,24,180,1.3610557317733765,0.8968145847320557,281251,69,0.863660618981728,1.096801209030673,0.002551636891439557,0.9997859001159668,373694,92,0.20974733311589086,1.4438834170578048,0.0022306707687675953,0.9997674822807312,516043,126,0.2391699149010788,2.0229225830407813,0.0026283750776201487,0.9997358918190002,374806,92,0.22135794662802227,1.4608168340055272,1.3277947902679443,0.8253883719444275,127397,32,0.8145726788546398,0.4982427499489859,6.522666793083772,0.0010914580198004842,6.5237582511035725,1.6275198750663549,8.151278126169927,0.016750372829847038
57,2.014976321087991,0.9613852770386733,0.27834145828333867,0.36385916895014975,0.27834145828333867,0.193418090557107,0.9455041223680222,0.4111360135475766,0.0,0.0,0.9668756777408825,0.9996717825980876,0.9830002599086607,344284,355962,0.15711947626841244,0.2782608695652174,0.200836820083682,345,611,0.11494252873563218,0.4,0.17857142857142858,325,1131,0.11320754716981132,0.006904487917146145,0.013015184381778741,869,53,0.7857142857142857,0.03021339530952884,0.058189216683621564,4733,182,0.6612903225806451,0.012249775918733195,0.024053974772660604,3347,62,0.5,0.0012077294685990338,0.0024096385542168677,2484,6,0.0,0.0,0.0,1917,0,0.24797843665768193,0.42990654205607476,0.3145299145299145,214,371,0.09146341463414634,0.625,0.1595744680851064,24,164,1.360125184059143,0.8991434574127197,281251,69,0.8872893391830332,1.0967655419372022,0.0025494215078651905,0.9997323751449585,373694,92,0.2047872502098711,1.4408891249913722,0.0021495618857443333,0.9997732639312744,516043,126,0.23652301488251104,2.002167708007619,0.0025167278945446014,0.9997572302818298,374806,92,0.2074856051594118,1.4649104159325361,1.3244036436080933,0.829595685005188,127397,32,0.7706995841436547,0.48827662493567914,6.4930094158044085,0.0013121659867465496,6.494321581791155,1.6102940830169246,8.10461566480808,0.017801376176066697
58,2.026267405620781,0.9612765031711766,0.26667924264287135,0.34574213960383793,0.26667924264287135,0.18693930631849895,0.9452150833486325,0.41761979494311596,0.0,0.0,0.9665504972071589,0.9996921146495336,0.9828419999057645,344284,356089,0.15363128491620112,0.15942028985507245,0.15647226173541964,345,358,0.1197954711468225,0.5046153846153846,0.1936245572609209,325,1369,0.14035087719298245,0.009205983889528193,0.017278617710583154,869,57,0.7772020725388601,0.031692372702302976,0.06090133982947625,4733,193,0.4375,0.004182850313713774,0.008286475288546907,3347,32,0.5,0.0012077294685990338,0.0024096385542168677,2484,6,0.0,0.0,0.0,1917,0,0.28174603174603174,0.3317757009345794,0.30472103004291845,214,252,0.08064516129032258,0.625,0.14285714285714285,24,186,1.363209843635559,0.8984003663063049,281251,69,0.8849336562480022,1.0981474160216749,0.0025810550432652235,0.9997671842575073,373694,92,0.20709431904716782,1.3940716249635443,0.0021471846848726273,0.9997868537902832,516043,126,0.23846141338852367,1.8816744170617312,0.0025165483821183443,0.9997438788414001,374806,92,0.20704758798656892,1.3939701669150963,1.3247345685958862,0.8292816877365112,127397,32,0.8058490748817367,0.4846530830254778,6.252516707987525,0.0012784170685335994,6.253795125056058,1.5977923340396956,7.851587459095754,0.01793425006326288
59,2.0296926673131153,0.9612514015094465,0.26581571795540526,0.3273316675574497,0.26581571795540526,0.1756498639144771,0.9450582926284891,0.414673615894053,0.0,0.0,0.9665072576500883,0.9996979238070896,0.9828224520303659,344284,356107,0.0,0.0,0.0,345,8,0.11812391430225826,0.6276923076923077,0.19883040935672514,325,1727,0.1509433962264151,0.009205983889528193,0.01735357917570499,869,53,0.7819148936170213,0.03105852524825692,0.059743954480796585,4733,188,0.4838709677419355,0.0044816253361219,0.008880994671403197,3347,31,0.375,0.0012077294685990338,0.002407704654895666,2484,8,0.0,0.0,0.0,1917,0,0.3092369477911647,0.3598130841121495,0.3326133909287257,214,249,0.08771929824561403,0.625,0.15384615384615385,24,171,1.3522419929504395,0.8992217183113098,281251,69,0.8821486869523314,1.0263991249958053,0.002659559715539217,0.999775230884552,373694,92,0.20689978226557865,1.3586629580240697,0.0021251689177006483,0.999808132648468,516043,126,0.24980105961062157,1.9657512500416487,0.0025738098192960024,0.9997171759605408,374806,92,0.20811198254068308,1.4377877920633182,1.325400710105896,0.8287322521209717,127397,32,0.8002372912018887,0.48828595795203,6.276887083076872,0.0011087919119745493,6.2779958749888465,1.5900387919973582,7.868034666986205,0.017682457924820483
60,2.023957277456731,0.9612430342888699,0.2632732980931224,0.32763405249915517,0.2632732980931224,0.17594629764221878,0.9450410664087587,0.41069602941689975,0.0,0.0,0.9664311747825257,0.9996950192283115,0.9827817103501052,344284,356134,0.0,0.0,0.0,345,9,0.1179546775130738,0.6246153846153846,0.198435972629521,325,1721,0.14814814814814814,0.009205983889528193,0.01733477789815818,869,54,0.7760416666666666,0.03148109021762096,0.06050761421319797,4733,192,0.4722222222222222,0.005079175380938153,0.010050251256281407,3347,36,0.375,0.0012077294685990338,0.002407704654895666,2484,8,0.0,0.0,0.0,1917,0,0.3333333333333333,0.3364485981308411,0.33488372093023255,214,216,0.0872093023255814,0.625,0.15306122448979592,24,172,1.3621697425842285,0.8976821303367615,281251,69,0.9001370952769384,1.04830895899795,0.0026465069968253374,0.9997832179069519,373694,92,0.22656118060110111,1.4394227910088375,0.0021027622278779745,0.999794602394104,516043,126,0.23023484768305646,1.9359722499502823,0.002522003138437867,0.9996985197067261,374806,92,0.20426551658128353,1.4087145840749145,1.311353325843811,0.8326334357261658,127397,32,0.7963669749326231,0.49489770899526775,6.327316293027252,0.0014692919794470072,6.328785585006699,1.6386274578981102,7.967413042904809,0.018155914964154363
61,1.9885642693310686,0.9613462300093155,0.2702044347659525,0.35151702964010456,0.2702044347659525,0.17304719721252343,0.9454338976823892,0.410964582887423,0.0,0.0,0.9669381551333234,0.9996717825980876,0.9830325482025012,344284,355939,0.0,0.0,0.0,345,9,0.11778290993071594,0.6276923076923077,0.19834710743801653,325,1732,0.17307692307692307,0.010356731875719217,0.019543973941368076,869,52,0.7623762376237624,0.03253750264103106,0.062411347517730496,4733,202,0.6721311475409836,0.012249775918733195,0.024061032863849766,3347,61,0.5,0.002012882447665056,0.00400962309542903,2484,10,0.0,0.0,0.0,1917,0,0.24633431085043989,0.3925233644859813,0.3027027027027027,214,341,0.07653061224489796,0.625,0.13636363636363635,24,196,1.359703779220581,0.8964447975158691,281251,69,0.9132724025883519,1.0222764579812065,0.0025206739082932472,0.9997484683990479,373694,92,0.20015499251218283,1.3669519169488922,0.0020430816803127527,0.9998178482055664,516043,126,0.23095075642124654,1.8988432500045747,0.00244880560785532,0.9997758865356445,374806,92,0.20926011788836887,1.3598451670259237,1.317662239074707,0.8312990069389343,127397,32,0.7763273537811344,0.467307208920829,6.115224000881426,0.0011700000613927841,6.116394000942819,1.5337154580047354,7.650109458947554,0.019857541075907648
62,2.007987910734117,0.961323917421111,0.278670577175278,0.34238569405931085,0.278670577175278,0.17325706198406843,0.9453726777921725,0.4122602161378768,0.0,0.0,0.9671011776474588,0.9996717825980876,0.9831167885192448,344284,355879,0.0,0.0,0.0,345,9,0.11778290993071594,0.6276923076923077,0.19834710743801653,325,1732,0.15384615384615385,0.009205983889528193,0.01737242128121607,869,52,0.774869109947644,0.03126980773293894,0.06011372867587327,4733,191,0.525,0.00627427547057066,0.012400354295837024,3347,40,0.5714285714285714,0.001610305958132045,0.003211561621838619,2484,7,0.0,0.0,0.0,1917,0,0.23318385650224216,0.48598130841121495,0.3151515151515151,214,446,0.08064516129032258,0.625,0.14285714285714285,24,186,1.339626669883728,0.9005905985832214,281251,69,0.8652145324804122,1.046270209015347,0.002598914783447981,0.9997377395629883,373694,92,0.2066925724618963,1.3751756249694154,0.0021288935095071793,0.999788761138916,516043,126,0.24114150571192652,1.8707334999926388,0.0026410494465380907,0.9997332096099854,374806,92,0.2086443430538908,1.3418672500411049,1.3067899942398071,0.8312205076217651,127397,32,0.7855485459793164,0.4528575000585988,6.086904084077105,0.0010509579442441463,6.087955042021349,1.527110542054288,7.615065584075637,0.01842262491118163
63,1.967244999248893,0.9614103787004032,0.28172722782644727,0.32653824168664924,0.28172722782644727,0.15607194949492537,0.9465778266098225,0.4168510275182153,0.0,0.0,0.9693582958491884,0.9996398322315297,0.9842662117505073,344284,355039,0.0,0.0,0.0,345,9,0.11818703384968446,0.6338461538461538,0.19922630560928434,325,1743,0.15384615384615385,0.009205983889528193,0.01737242128121607,869,52,0.77,0.03253750264103106,0.06243665112507602,4733,200,0.6022727272727273,0.015835076187630713,0.030858806404657935,3347,88,0.5,0.0012077294685990338,0.0024096385542168677,2484,6,0.0,0.0,0.0,1917,0,0.09312445604873804,0.5,0.15700660308143802,214,1149,0.05859375,0.625,0.10714285714285714,24,256,1.358637809753418,0.8989870548248291,281251,69,0.9332955472228016,1.0247440830571577,0.0025707166641950607,0.9997511506080627,373694,92,0.2034849347969961,1.3793651249725372,0.0020852508023381233,0.999788761138916,516043,126,0.23339740969170228,1.947850750060752,0.002576124621555209,0.9997332096099854,374806,92,0.20357628598870464,1.4033321669558063,1.3205069303512573,0.8313539624214172,127397,32,0.7987839831162243,0.4602932919515297,6.215585416997783,0.0013733330415561795,6.216958750039339,1.5752550829201937,7.792213832959533,0.017007249989546835
64,1.9472549495490419,0.9614717383179655,0.2841772848792898,0.35941421437289617,0.2841772848792898,0.1754112171041487,0.9458336269046057,0.41821974648227644,0.0,0.0,0.9674727041705553,0.9996427368103078,0.983294667550456,344284,355732,0.0,0.0,0.0,345,7,0.1182237600922722,0.6307692307692307,0.19912578921806703,325,1734,0.19696969696969696,0.014959723820483314,0.027807486631016044,869,66,0.7710280373831776,0.03486160997253328,0.0667070952092177,4733,214,0.6883116883116883,0.015835076187630713,0.030957943925233645,3347,77,0.5555555555555556,0.002012882447665056,0.004011231448054553,2484,9,0.0,0.0,0.0,1917,0,0.22515212981744423,0.5186915887850467,0.314002828854314,214,493,0.07142857142857142,0.625,0.1282051282051282,24,210,1.3509979248046875,0.9011949896812439,281251,69,0.9442665583500964,1.0139222090365365,0.0026403639931231737,0.9996735453605652,373694,92,0.20831888956395037,1.3723360419971868,0.0021390002220869064,0.9997636079788208,516043,126,0.2349409542624253,1.8501092909136787,0.0025902651250362396,0.9997118711471558,374806,92,0.21321166570854802,1.3431005000602454,1.3017792701721191,0.8303335309028625,127397,32,0.8344695909822168,0.46391970792319626,6.043387749930844,0.0014585000462830067,6.044846249977127,1.5258297079708427,7.570675957947969,0.019062083098106086
65,1.9425820974791883,0.9613378627887388,0.27975162861781416,0.33948731361400436,0.27975162861781416,0.16782501408821393,0.9456951679376329,0.4119268259783381,0.0,0.0,0.9675972784525416,0.9996253093376398,0.9833505723151477,344284,355680,0.0,0.0,0.0,345,7,0.11809191390343222,0.6246153846153846,0.19863013698630136,325,1719,0.2,0.01380897583429229,0.02583423035522067,869,60,0.7623762376237624,0.03253750264103106,0.062411347517730496,4733,202,0.5849056603773585,0.009262025694651926,0.018235294117647058,3347,53,0.5,0.002012882447665056,0.00400962309542903,2484,10,0.0,0.0,0.0,1917,0,0.21560574948665298,0.49065420560747663,0.2995720399429387,214,487,0.046296296296296294,0.625,0.08620689655172414,24,324,1.3467628955841064,0.9026598930358887,281251,69,0.9396877092592579,1.0060514169745147,0.003320162184536457,0.9997350573539734,373694,92,0.23422833668177315,1.3543035830371082,0.0021911475341767073,0.9997810125350952,516043,126,0.23518036788174126,1.8497397910105065,0.002722108270972967,0.9997305274009705,374806,92,0.20898779736484036,1.3557691660244018,1.3141098022460938,0.8338422179222107,127397,32,0.8038516161943656,0.4683767081005499,6.034240665147081,0.0012947500217705965,6.035535415168852,1.5125414999201894,7.548076915089041,0.01858575188089162
66,1.983568651581911,0.9612792922447021,0.26634409218543287,0.33563279552737274,0.26634409218543287,0.16731848741293073,0.9453703064461372,0.41458312884511955,0.0,0.0,0.96702527893366,0.9996775917556436,0.9830803792668593,344284,355909,0.0,0.0,0.0,345,7,0.11809191390343222,0.6246153846153846,0.19863013698630136,325,1719,0.19672131147540983,0.01380897583429229,0.025806451612903226,869,61,0.77,0.03253750264103106,0.06243665112507602,4733,200,0.5555555555555556,0.005975500448162534,0.01182382500738989,3347,36,0.45454545454545453,0.002012882447665056,0.004008016032064128,2484,11,0.0,0.0,0.0,1917,0,0.240625,0.3598130841121495,0.2883895131086142,214,320,0.053763440860215055,0.625,0.09900990099009901,24,279,1.3523125648498535,0.9008110165596008,281251,69,0.8715329239204896,1.0210135410306975,0.0026186825707554817,0.999713659286499,373694,92,0.20822309604895675,1.3529973330441862,0.002178708789870143,0.9998100996017456,516043,126,0.24389880100979092,1.8756798750255257,0.0027264796663075686,0.9996771812438965,374806,92,0.21239845893036696,1.358574999962002,1.2976274490356445,0.8341169953346252,127397,32,0.8176877183451744,0.44633770803920925,6.054603457101621,0.0014697910519316792,6.056073248153552,1.5255758749553934,7.581649123108946,0.01711470982991159
67,1.9374777895890514,0.9642636009170473,0.3131915656541611,0.400835015558088,0.3131915656541611,0.22751177840168818,0.9511655824980384,0.41022790980238194,0.0,0.0,0.9702060963474348,0.9996630688617537,0.9847143361930472,344284,354737,0.0,0.0,0.0,345,16,0.11774842044801838,0.6307692307692307,0.1984511132623427,325,1741,0.19672131147540983,0.01380897583429229,0.025806451612903226,869,61,0.7511961722488039,0.033171350095077115,0.06353702954269526,4733,209,0.6986301369863014,0.015237526142814461,0.02982456140350877,3347,73,0.9942418426103646,0.4170692431561997,0.5876347135564379,2484,1042,0.0,0.0,0.0,1917,0,0.22788203753351208,0.397196261682243,0.28960817717206133,214,373,0.05172413793103448,0.625,0.09554140127388536,24,290,1.3476758003234863,0.9011310338973999,281251,69,0.9212686622767734,1.0226841669064015,0.0024974411353468895,0.9997618198394775,373694,92,0.19914281352695543,1.3472368330694735,0.0020747585222125053,0.9998255968093872,516043,126,0.22716459996468943,1.8528628749772906,0.0025683778803795576,0.9997251629829407,374806,92,0.198823698128974,1.3489736670162529,1.29957914352417,0.8355534076690674,127397,32,0.7827425637693979,0.462361125042662,6.0341186670120806,0.0012246669502928853,6.035343333962373,1.5283139169914648,7.563657250953838,0.01880037400405854
68,1.9508570764316076,0.9613518081563667,0.27316792236582066,0.35695520436255335,0.27316792236582066,0.16880526041477048,0.9456599483021985,0.4157701446302401,0.0,0.0,0.9673500593073131,0.9996340230739739,0.983227104039951,344284,355774,0.0,0.0,0.0,345,9,0.11771494518176573,0.6276923076923077,0.19825072886297376,325,1733,0.203125,0.014959723820483314,0.027867095391211148,869,64,0.7788944723618091,0.03274878512571308,0.06285482562854826,4733,199,0.6764705882352942,0.013743651030773827,0.026939970717423132,3347,68,0.5555555555555556,0.002012882447665056,0.004011231448054553,2484,9,0.0,0.0,0.0,1917,0,0.21549636803874092,0.4158878504672897,0.2838915470494418,214,413,0.054945054945054944,0.625,0.10101010101010101,24,273,1.334236979484558,0.9000856876373291,281251,69,0.8893316544494022,1.0050397500162944,0.0025247582234442234,0.9997323751449585,373694,92,0.20902238322216946,1.3283284170320258,0.002190754748880863,0.9997597336769104,516043,126,0.23591568136716967,1.8710620420752093,0.002652555238455534,0.9997198581695557,374806,92,0.20980783025503902,1.3651976670371369,1.2978540658950806,0.838512659072876,127397,32,0.7781617635517085,0.4750093329930678,6.044637209153734,0.001215458963997662,6.045852668117732,1.5407412080094218,7.586593876127154,0.018593415850773454
69,1.95863176198506,0.9614215349945056,0.27941267474718423,0.3518110901897974,0.27941267474718423,0.170437538844087,0.9457840846288358,0.4176603369259607,0.0,0.0,0.9675166773960492,0.9996572597041977,0.9833244048256798,344284,355721,0.0,0.0,0.0,345,9,0.11754487550665894,0.6246153846153846,0.19785575048732942,325,1727,0.2,0.01380897583429229,0.02583423035522067,869,60,0.7783251231527094,0.03338263257975914,0.0640194489465154,4733,203,0.7272727272727273,0.01434120107559008,0.028127746850278346,3347,66,0.45454545454545453,0.002012882447665056,0.004008016032064128,2484,11,0.0,0.0,0.0,1917,0,0.21775898520084566,0.48130841121495327,0.29985443959243085,214,473,0.05514705882352941,0.625,0.10135135135135136,24,272,1.3248873949050903,0.9004305601119995,281251,69,0.8813026062713583,0.9976024169009179,0.002745348261669278,0.9997270703315735,373694,92,0.24123240543790592,1.3370931249810383,0.0021245263051241636,0.999788761138916,516043,126,0.23256620722314916,1.8439349579857662,0.0025627491995692253,0.9997225403785706,374806,92,0.20059134306061505,1.3310229579219595,1.2920868396759033,0.8361029028892517,127397,32,0.8185470167914266,0.4335112919798121,5.943164749769494,0.0011510420590639114,5.944315791828558,1.4932597919832915,7.437575583811849,0.015283917309716344
70,1.9512166028279712,0.9614550038768122,0.28539191273830067,0.35845297706224816,0.28539191273830067,0.17244727228958664,0.9458362763177638,0.42178965784196387,0.0,0.0,0.9676118823906479,0.9996572597041977,0.9833735731531351,344284,355686,0.0,0.0,0.0,345,9,0.11764705882352941,0.6276923076923077,0.19815444390480816,325,1734,0.21666666666666667,0.014959723820483314,0.02798708288482239,869,60,0.7772277227722773,0.033171350095077115,0.06362715298885512,4733,202,0.7704918032786885,0.014042426053181954,0.027582159624413145,3347,61,0.45454545454545453,0.002012882447665056,0.004008016032064128,2484,11,0.0,0.0,0.0,1917,0,0.2237354085603113,0.5373831775700935,0.3159340659340659,214,514,0.05660377358490566,0.625,0.10380622837370242,24,265,1.3251267671585083,0.9011274576187134,281251,69,0.8728959525953033,1.0190540829207748,0.002647177781909704,0.9997217059135437,373694,92,0.21120954416027354,1.325926374993287,0.0020667370408773422,0.9997791051864624,516043,126,0.22693163555409127,1.8659121660748497,0.0026005487889051437,0.9996958374977112,374806,92,0.2058773666929671,1.3603210840374231,1.3043971061706543,0.839933454990387,127397,32,0.7462935202090308,0.44988524995278567,6.02109895797912,0.0011782089713960886,6.022277166950516,1.5014947910094634,7.52377195795998,0.01668316696304828
71,1.895395814191098,0.9653067144156054,0.34587332584718056,0.3871105105653322,0.34587332584718056,0.2290742438340923,0.9536944689586836,0.42853222402665725,0.0,0.0,0.9736156416299117,0.9995846452347481,0.9864292562819688,344284,353467,0.0,0.0,0.0,345,8,0.11444444444444445,0.6338461538461538,0.19388235294117648,325,1800,0.1746031746031746,0.012658227848101266,0.023605150214592276,869,63,0.783410138248848,0.035918022395943376,0.06868686868686869,4733,217,0.6746987951807228,0.016731401254855095,0.0326530612244898,3347,83,0.9949531362653208,0.5555555555555556,0.7129940583828468,2484,1387,0.0,0.0,0.0,1917,0,0.0992,0.5794392523364486,0.16939890710382513,214,1250,0.056179775280898875,0.625,0.10309278350515463,24,267,1.3395839929580688,0.894044816493988,281251,69,1.0134301898938498,0.9853041250025854,0.0024954434484243393,0.9997511506080627,373694,92,0.20109671556138428,1.3199879579478875,0.0021410600747913122,0.9997810125350952,516043,126,0.22979483748690524,1.8355349160265177,0.0025595934130251408,0.9996985197067261,374806,92,0.20519040467031294,1.3139524590224028,1.2865124940872192,0.8356633186340332,127397,32,0.798320673499502,0.46407470805570483,5.918854166055098,0.001389667042531073,5.920243833097629,1.531533999950625,7.451777833048254,0.015299083897843957
72,1.8590227289531376,0.9654378008713066,0.34811814128081,0.37680934820681855,0.34811814128081,0.2372345266780019,0.955054389994753,0.41652271289369464,0.0,0.0,0.9747108004657791,0.9992651415691697,0.9868352549548864,344284,352957,0.0,0.0,0.0,345,6,0.11506276150627615,0.676923076923077,0.19669199821189093,325,1912,0.20967741935483872,0.014959723820483314,0.027926960257787327,869,62,0.7692307692307693,0.035918022395943376,0.06863140896245458,4733,221,0.5608919382504288,0.09769943232745743,0.166412213740458,3347,583,0.9944838455476753,0.5080515297906603,0.6725286437516653,2484,1269,0.0,0.0,0.0,1917,0,0.08888888888888889,0.5233644859813084,0.1519674355495251,214,1260,0.05514705882352941,0.625,0.10135135135135136,24,272,1.3370884656906128,0.8902866244316101,281251,69,1.4961095602430199,1.0404726249398664,0.0026982570998370647,0.999713659286499,373694,92,0.2134259303607333,1.3797794169513509,0.0021736419294029474,0.9997616410255432,516043,126,0.23819578988972506,1.93162254197523,0.0025907419621944427,0.9996878504753113,374806,92,0.20815355363465263,1.3808957500150427,1.279876708984375,0.836982011795044,127397,32,0.8217111357992405,0.46495212498120964,6.1977224588627,0.0013192499754950404,6.199041708838195,1.5812934580026194,7.780335166840814,0.017522375099360943
73,1.9109348253233158,0.9619458808173101,0.2944283872004693,0.3321931213256745,0.2944283872004693,0.183129354102692,0.947756864056237,0.41153643102857124,0.0,0.0,0.9691936719700726,0.9993377560386193,0.9840349161132371,344284,354992,0.0,0.0,0.0,345,9,0.11567164179104478,0.6676923076923077,0.19718309859154928,325,1876,0.22807017543859648,0.014959723820483314,0.028077753779697623,869,57,0.7692307692307693,0.03380519754912318,0.06476421776968225,4733,208,0.5654450261780105,0.09680310726023304,0.1653061224489796,3347,573,0.4166666666666667,0.002012882447665056,0.004006410256410256,2484,12,0.0,0.0,0.0,1917,0,0.20610687022900764,0.5046728971962616,0.2926829268292683,214,524,0.05154639175257732,0.625,0.09523809523809523,24,291,1.3350403308868408,0.8963808417320251,281251,69,0.9015837029099284,1.054991584038362,0.0034501892514526844,0.9994915723800659,373694,92,0.22380024681123542,1.3897859998978674,0.0026775009464472532,0.9995911121368408,516043,126,0.2570150535172415,1.8687304159393534,0.0034959495533257723,0.9994450211524963,374806,92,0.22882949853780668,1.3475802500033751,1.2958028316497803,0.8408439755439758,127397,32,0.7410097788452927,0.4622807080158964,6.123368957894854,0.0011939590331166983,6.124562916927971,1.517697292030789,7.64226020895876,0.017734583117999136
74,1.9298199305686168,0.9615581995972577,0.28086942482581,0.3447787592637462,0.28086942482581,0.17449499439927427,0.9464640962521472,0.41942176380054114,0.0,0.0,0.968001822841213,0.9995062216077425,0.983501792724212,344284,355489,0.0,0.0,0.0,345,10,0.11582381729200653,0.6553846153846153,0.19685767097966728,325,1839,0.22807017543859648,0.014959723820483314,0.028077753779697623,869,57,0.7751196172248804,0.03422776251848722,0.06556050182112505,4733,209,0.676056338028169,0.04302360322677024,0.08089887640449438,3347,213,0.4166666666666667,0.002012882447665056,0.004006410256410256,2484,12,0.0,0.0,0.0,1917,0,0.21428571428571427,0.43457943925233644,0.28703703703703703,214,434,0.053763440860215055,0.625,0.09900990099009901,24,279,1.3210810422897339,0.9052092432975769,281251,69,0.8518166797032142,0.9937449159333482,0.002894762670621276,0.9996119737625122,373694,92,0.215904838528549,1.3425248749554157,0.00239063473418355,0.9996705651283264,516043,126,0.2391105779061945,1.8643792499788105,0.002843622351065278,0.9996345043182373,374806,92,0.20625435276387383,1.3434943750035018,1.2871201038360596,0.8369271159172058,127397,32,0.7863239666041915,0.4687314999755472,6.0128749158466235,0.0011995409149676561,6.014074456761591,1.491441374993883,7.505515831755474,0.01798791717737913
75,1.884457528463965,0.9614884727591189,0.28430586584252426,0.33085101779386894,0.28430586584252426,0.1711557394641929,0.9460447311557273,0.428090210540007,0.0,0.0,0.9678232161035777,0.9996282139164179,0.9834686418567702,344284,355598,0.0,0.0,0.0,345,9,0.11774744027303755,0.6369230769230769,0.1987518002880461,325,1758,0.2,0.011507479861910242,0.02176278563656148,869,50,0.7644444444444445,0.03634058736530742,0.06938281565147236,4733,225,0.6781609195402298,0.017627726322079474,0.0343622597553873,3347,87,0.3125,0.002012882447665056,0.004,2484,16,0.0,0.0,0.0,1917,0,0.21611001964636542,0.514018691588785,0.30428769017980634,214,509,0.05172413793103448,0.625,0.09554140127388536,24,290,1.3251725435256958,0.9035132527351379,281251,69,0.8887645185828223,1.000306083005853,0.002604076871648431,0.9997082948684692,373694,92,0.19972553501178675,1.3325728749623522,0.0021898262202739716,0.9997481107711792,516043,126,0.23293959502294315,1.8449637499870732,0.0026993206702172756,0.9996665120124817,374806,92,0.20333869539901084,1.3338283749762923,1.2917397022247314,0.8344152569770813,127397,32,0.7769797841269638,0.4385327909840271,5.950203873915598,0.0014040409587323666,5.95160791487433,1.5086197080090642,7.460227622883394,0.01698341709561646
76,1.9076964879999725,0.9614215349945056,0.2721061566360782,0.3438696527618907,0.2721061566360782,0.1688098575562697,0.9457988195010266,0.4306661427683552,0.0,0.0,0.9674325517070785,0.9996630688617537,0.9832837645956363,344284,355754,0.0,0.0,0.0,345,8,0.11804767309875142,0.64,0.19932918064206995,325,1762,0.16666666666666666,0.010356731875719217,0.01950162513542795,869,54,0.7685185185185185,0.035072892457215295,0.0670842594463528,4733,216,0.6875,0.016432626232446967,0.03209804493726291,3347,80,0.45454545454545453,0.002012882447665056,0.004008016032064128,2484,11,0.0,0.0,0.0,1917,0,0.2222222222222222,0.3925233644859813,0.28378378378378377,214,378,0.053763440860215055,0.625,0.09900990099009901,24,279,1.3187488317489624,0.9044981002807617,281251,69,0.8733322623315272,1.017470958060585,0.0026272085960954428,0.9997404217720032,373694,92,0.20232576035453956,1.3410831249784678,0.002287347102537751,0.9997577667236328,516043,126,0.24965575600718654,1.842122875037603,0.002715921960771084,0.9996371269226074,374806,92,0.20396154729678687,1.333349832915701,1.2745418548583984,0.8409774303436279,127397,32,0.7781121449433186,0.46039041702169925,5.994417208014056,0.0011240419698879123,5.995541249983944,1.522208624985069,7.517749874969013,0.01974479202181101
77,1.9035525178296187,0.9614745273914911,0.2825515310712391,0.35597577979117345,0.2825515310712391,0.17181315460321533,0.9459732123109352,0.4357539130210295,0.0,0.0,0.9677311415853806,0.9996427368103078,0.9834281297460713,344284,355637,0.0,0.0,0.0,345,8,0.1177136389360498,0.64,0.1988527724665392,325,1767,0.2112676056338028,0.01726121979286536,0.031914893617021274,869,71,0.771689497716895,0.03570673991126136,0.06825525040387723,4733,219,0.7183098591549296,0.015237526142814461,0.02984201287302516,3347,71,0.5,0.002012882447665056,0.00400962309542903,2484,10,0.0,0.0,0.0,1917,0,0.2196652719665272,0.49065420560747663,0.30346820809248554,214,478,0.05338078291814947,0.625,0.09836065573770492,24,281,1.3262499570846558,0.9057319164276123,281251,69,1.0048507265004614,0.9949727080529556,0.0025866900105029345,0.9997190237045288,373694,92,0.20189388294704952,1.3349746249150485,0.0022002877667546272,0.9997674822807312,516043,126,0.23929171790279039,1.862777208094485,0.0026549468748271465,0.9996691346168518,374806,92,0.20662886534783445,1.3426335420226678,1.2747358083724976,0.8421940803527832,127397,32,0.8077921539461542,0.46405516704544425,5.999413250130601,0.0011385839898139238,6.000551834120415,1.491478875046596,7.492030709167011,0.017889833892695606
78,1.9349374735940374,0.9614856836855933,0.2710640387399508,0.37851251664956964,0.2710640387399508,0.18227851500744358,0.9459484682097145,0.4317329522963084,0.0,0.0,0.9673436463591496,0.9996892100707555,0.9832504856587818,344284,355796,0.16300940438871472,0.15072463768115943,0.1566265060240964,345,319,0.11901408450704225,0.52,0.19369627507163323,325,1420,0.2,0.014959723820483314,0.027837259100642397,869,65,0.771551724137931,0.037819564758081556,0.07210473313192346,4733,232,0.7538461538461538,0.014639976097998207,0.028722157092614303,3347,65,0.5555555555555556,0.002012882447665056,0.004011231448054553,2484,9,0.0,0.0,0.0,1917,0,0.19733333333333333,0.34579439252336447,0.25127334465195245,214,375,0.05747126436781609,0.625,0.10526315789473684,24,261,1.305058479309082,0.90486079454422,281251,69,0.8310235938857179,1.0084264170145616,0.0026501105166971684,0.9997003078460693,373694,92,0.20504163249922983,1.3393892080057412,0.0020849141292274,0.9997713565826416,516043,126,0.23625920071163986,1.8606068750377744,0.002535223728045821,0.999706506729126,374806,92,0.1996511525304858,1.3412172920070589,1.2685060501098633,0.8400276303291321,127397,32,0.7501857696379131,0.44068629189860076,5.990326083963737,0.0013668329920619726,5.991692916955799,1.5140858329832554,7.505778749939054,0.018452791031450033
79,1.9169371310579737,0.96144384758271,0.27280914777978704,0.3643271568201939,0.27280914777978704,0.1823216474823106,0.9457808825746155,0.43181770680886516,0.0,0.0,0.9672131608232821,0.9996892100707555,0.9831830750948398,344284,355844,0.20238095238095238,0.09855072463768116,0.13255360623781676,345,168,0.11760966306420852,0.5692307692307692,0.19494204425711276,325,1573,0.18333333333333332,0.012658227848101266,0.023681377825618945,869,60,0.7615062761506276,0.03845341221212761,0.07320997586484312,4733,239,0.6170212765957447,0.008664475649835674,0.01708898055391868,3347,47,0.5,0.002012882447665056,0.00400962309542903,2484,10,0.0,0.0,0.0,1917,0,0.23738872403560832,0.37383177570093457,0.29038112522686027,214,337,0.056818181818181816,0.625,0.10416666666666667,24,264,1.3060550689697266,0.9044519066810608,281251,69,0.8584424735568502,1.012282499927096,0.002771278377622366,0.9996762275695801,373694,92,0.19712973470935674,1.338467666064389,0.0020871444139629602,0.999775230884552,516043,126,0.22436824494065738,1.8257814580574632,0.002627020701766014,0.999701201915741,374806,92,0.19731500952863323,1.3240649159997702,1.2597306966781616,0.8434421420097351,127397,32,0.7334053884321596,0.45740020903758705,5.9579967490863055,0.0012412910582497716,5.959238040144555,1.5230379170970991,7.482275957241654,0.020125708892010152
80,1.9251505637896633,0.9643556403433907,0.31371271162456316,0.38898728482387473,0.31371271162456316,0.2263252185991152,0.9512376339152103,0.427466420000458,0.0,0.0,0.9702969459644613,0.9996834009131995,0.9847709926394324,344284,354711,0.0,0.0,0.0,345,5,0.11761331038439472,0.6307692307692307,0.19825918762088976,325,1743,0.19607843137254902,0.011507479861910242,0.021739130434782608,869,51,0.7601809954751131,0.035495457426579335,0.06782398062171982,4733,221,0.5909090909090909,0.007768150582611294,0.015334709525213801,3347,44,0.9944700460829493,0.43438003220611915,0.6046511627906976,2484,1085,0.0,0.0,0.0,1917,0,0.20537897310513448,0.3925233644859813,0.2696629213483146,214,409,0.054945054945054944,0.625,0.10101010101010101,24,273,1.3002779483795166,0.9054439067840576,281251,69,0.8728492817771036,1.003722207969986,0.002680762903764844,0.9997163414955139,373694,92,0.20069713145153023,1.3517076669959351,0.002102302387356758,0.9997636079788208,516043,126,0.22821397630710866,1.8604951669694856,0.0026580896228551865,0.9997091889381409,374806,92,0.2050242702411219,1.3406256249872968,1.2749624252319336,0.8407027125358582,127397,32,0.8099117936453224,0.46015866601374,6.016709332936443,0.001176375080831349,6.017885708017275,1.5130457079503685,7.530931415967643,0.018070374964736402
81,1.909853852727489,0.9643082260934562,0.3173911501505713,0.3946369368214745,0.3173911501505713,0.2277916657812001,0.9513397057814578,0.42999134768260017,0.0,0.0,0.9704703815558319,0.9996253093376398,0.9848321173940602,344284,354627,0.125,0.002898550724637681,0.0056657223796034,345,8,0.11761331038439472,0.6307692307692307,0.19825918762088976,325,1743,0.22413793103448276,0.014959723820483314,0.028047464940668825,869,58,0.6917293233082706,0.038875977181491654,0.07361472294458891,4733,266,0.56,0.008365700627427548,0.016485133941713276,3347,50,0.9952696310312205,0.42351046698872785,0.5941824343405817,2484,1057,0.0,0.0,0.0,1917,0,0.2119815668202765,0.42990654205607476,0.2839506172839506,214,434,0.05016722408026756,0.625,0.09287925696594428,24,299,1.300837755203247,0.9077443480491638,281251,69,0.8512451981706296,1.0046961669577286,0.002544525545090437,0.999713659286499,373694,92,0.19803184408680993,1.3465884579345584,0.002069349866360426,0.9997791051864624,516043,126,0.2232574339257241,1.864739999989979,0.0024229285772889853,0.9997118711471558,374806,92,0.199573611890463,1.3366117079276592,1.2664021253585815,0.8326961994171143,127397,32,0.8145377963578893,0.436570959049277,5.989207291859202,0.0012145829387009144,5.990421874797903,1.5091521249851212,7.499573999783024,0.016901333117857575
82,1.8878068295796497,0.9651086901952909,0.3358040422096245,0.39431042825312307,0.3358040422096245,0.23943118737607078,0.952519118439085,0.4289758080023221,0.0,0.0,0.97148381815359,0.9996195001800838,0.985350853710387,344284,354255,0.1,0.002898550724637681,0.005633802816901409,345,10,0.11431742508324085,0.6338461538461538,0.19370004701457452,325,1802,0.21428571428571427,0.01380897583429229,0.025945945945945945,869,56,0.71900826446281,0.03676315233467146,0.06994974874371859,4733,242,0.5576923076923077,0.008664475649835674,0.01706384230656075,3347,52,0.996268656716418,0.5374396135265701,0.6982217573221757,2484,1340,0.0,0.0,0.0,1917,0,0.21971252566735114,0.5,0.30527817403708984,214,487,0.050335570469798654,0.625,0.09316770186335403,24,298,1.286581039428711,0.9060732126235962,281251,69,0.8305812662803563,1.0123415829148144,0.0026784795336425304,0.9997270703315735,373694,92,0.20091062146415772,1.345049624913372,0.0020881756208837032,0.999755859375,516043,126,0.22531328874673906,1.84066324995365,0.002559784334152937,0.9996824860572815,374806,92,0.19905564926472652,1.35006774996873,1.2628307342529297,0.8194305896759033,127397,32,0.9072490998333893,0.4627270420314744,6.010849249782041,0.0013237909879535437,6.012173040769994,1.5146547500044107,7.526827790774405,0.0215204592095688
83,1.907259290975544,0.9647767904457497,0.31283108591178743,0.3925980644407034,0.31283108591178743,0.2312112476976615,0.9518667114317501,0.42717811991186927,0.0,0.0,0.9706141142496164,0.9996746871768656,0.9849300877408868,344284,354592,0.0,0.0,0.0,345,6,0.1175115207373272,0.6276923076923077,0.19796215429403202,325,1736,0.22807017543859648,0.014959723820483314,0.028077753779697623,869,57,0.7272727272727273,0.0371857173040355,0.0707537688442211,4733,242,0.62,0.009262025694651926,0.01825139829261113,3347,50,0.9951612903225806,0.4967793880837359,0.6627282491944146,2484,1240,0.0,0.0,0.0,1917,0,0.21864951768488747,0.3177570093457944,0.259047619047619,214,311,0.048701298701298704,0.625,0.09036144578313253,24,308,1.3009707927703857,0.9035701155662537,281251,69,0.8493985722998361,0.9923501659650356,0.0026998340617865324,0.999713659286499,373694,92,0.20929313106205644,1.3340028339298442,0.002069347072392702,0.9997791051864624,516043,126,0.24043354991290294,1.8578460839344189,0.00259758741594851,0.999701201915741,374806,92,0.20433851284106253,1.34117954201065,1.2623242139816284,0.8411422371864319,127397,32,0.8016421092852123,0.4615568749140948,5.9869355007540435,0.0015260830987244844,5.988461583852768,1.4945740420371294,7.483035625889897,0.01787095726467669
84,1.8710185872582612,0.9647907358133775,0.3387424759046381,0.39731384990225915,0.3387424759046381,0.22342699028158258,0.9529005692610026,0.4324380906526925,0.0,0.0,0.9729441665983438,0.999590454392304,0.9860873327535792,344284,353713,0.12903225806451613,0.011594202898550725,0.02127659574468085,345,31,0.11503928170594838,0.6307692307692307,0.19458946369245372,325,1782,0.20754716981132076,0.012658227848101266,0.02386117136659436,869,53,0.7787610619469026,0.0371857173040355,0.0709820528332325,4733,226,0.6206896551724138,0.01075590080669256,0.021145374449339206,3347,58,0.9966914805624483,0.4851046698872786,0.6525859734633089,2484,1209,0.0,0.0,0.0,1917,0,0.1111111111111111,0.5747663551401869,0.186222558667676,214,1107,0.04132231404958678,0.625,0.07751937984496124,24,363,1.3042620420455933,0.9070047736167908,281251,69,0.8852913528240127,1.0461660830769688,0.002530209254473448,0.9997404217720032,373694,92,0.19840588367641523,1.311539167072624,0.0020228761713951826,0.9997771382331848,516043,126,0.22243146237707745,1.8697940830606967,0.002523406408727169,0.9997305274009705,374806,92,0.2031857117260427,1.348644334007986,1.2553306818008423,0.8431517481803894,127397,32,0.7629938899646644,0.44110770791303366,6.017251375131309,0.001245458028279245,6.018496833159588,1.5609790419694036,7.579475875128992,0.017726208781823516
85,1.8789266599087509,0.9651114792688165,0.3298133541440899,0.4033982044875023,0.3298133541440899,0.23763594779824956,0.9524569755482797,0.4335002704082574,0.0,0.0,0.971306490259108,0.9996514505466417,0.9852751515498522,344284,354331,0.08333333333333333,0.002898550724637681,0.0056022408963585435,345,12,0.11757990867579908,0.6338461538461538,0.1983630235917188,325,1752,0.22641509433962265,0.01380897583429229,0.026030368763557483,869,53,0.7322175732217573,0.036974434819353474,0.07039420756234915,4733,239,0.6458333333333334,0.009262025694651926,0.01826215022091311,3347,48,0.9955257270693513,0.5374396135265701,0.6980392156862745,2484,1341,0.0,0.0,0.0,1917,0,0.21658986175115208,0.4392523364485981,0.29012345679012347,214,434,0.045180722891566265,0.625,0.08426966292134831,24,332,1.3119652271270752,0.8987665772438049,281251,69,0.8854335388569875,1.0078657090198249,0.0026347211096435785,0.9996895790100098,373694,92,0.23615004641855944,1.3244300830410793,0.0020946520380675793,0.999750018119812,516043,126,0.22915135111252877,1.8258214578963816,0.002624805551022291,0.9997225403785706,374806,92,0.20912052802750597,1.324076250079088,1.2701642513275146,0.8374373316764832,127397,32,0.786375818840945,0.45544254197739065,5.937636042013764,0.0011982909636572003,5.938834332977422,1.4916143330046907,7.430448665982112,0.015030749957077205
86,1.8813019013225518,0.9652202531363132,0.3205474516731125,0.39442679399917097,0.3205474516731125,0.23631353356842838,0.9525509114100811,0.43163217622426686,0.0,0.0,0.9711705864924731,0.9996921146495336,0.9852249745591323,344284,354395,0.0,0.0,0.0,345,7,0.11778158947970269,0.6338461538461538,0.19864995178399228,325,1749,0.2153846153846154,0.01611047180667434,0.029978586723768737,869,65,0.7255639097744361,0.040777519543629834,0.07721544308861772,4733,266,0.6666666666666666,0.009560800717060053,0.01885125184094256,3347,48,0.9956172388604821,0.5487117552334944,0.7075006488450558,2484,1369,0.0,0.0,0.0,1917,0,0.2,0.3317757009345794,0.24956063268892795,214,355,0.052083333333333336,0.625,0.09615384615384616,24,288,1.298181414604187,0.9068092107772827,281251,69,0.9145317121473937,0.9828610420227051,0.0023922829423099756,0.9997350573539734,373694,92,0.23353725041563314,1.3259232500568032,0.002091676229611039,0.999750018119812,516043,126,0.22722776389601596,1.9089850829914212,0.002455739537253976,0.9997198581695557,374806,92,0.1959222781686919,1.3322809590026736,1.2603977918624878,0.8409303426742554,127397,32,0.8373607180289704,0.45290762500371784,6.002957959077321,0.0011714160209521651,6.004129375098273,1.467601208947599,7.471730584045872,0.01629279088228941
87,1.8466469855218937,0.9654573243859854,0.34233774735033,0.3795729403313139,0.34233774735033,0.22902738309843276,0.9538076560761396,0.4357922083170725,0.0,0.0,0.9735695655371802,0.999613691022528,0.9864197495478505,344284,353494,0.0,0.0,0.0,345,5,0.11764705882352941,0.6338461538461538,0.19845857418111754,325,1751,0.22641509433962265,0.01380897583429229,0.026030368763557483,869,53,0.693950177935943,0.041200084512993874,0.07778220981252493,4733,281,0.6481481481481481,0.010457125784284434,0.020582181711261395,3347,54,0.9909972299168975,0.5760869565217391,0.7286150712830958,2484,1444,0.0,0.0,0.0,1917,0,0.0984182776801406,0.5233644859813084,0.16568047337278108,214,1138,0.046583850931677016,0.625,0.08670520231213873,24,322,1.2894479036331177,0.9076234102249146,281251,69,0.9450583712405516,1.023721875040792,0.0025002683978527784,0.9997377395629883,373694,92,0.19578312551359953,1.4861320829950273,0.0021460577845573425,0.9997616410255432,516043,126,0.22863386047088236,1.9703016249695793,0.0025632851757109165,0.9996931552886963,374806,92,0.19916462703591042,1.3466407500673085,1.2543085813522339,0.8476337790489197,127397,32,0.7276648124725936,0.4388474590377882,6.265643792110495,0.0012851250357925892,6.266928917146288,1.5381829160032794,7.805111833149567,0.017258123960345984
88,1.8565279910394807,0.9655186840035477,0.3395839133843491,0.39118519800046575,0.3395839133843491,0.24239023270589724,0.9531946707454652,0.43974383352203583,0.0,0.0,0.9719780840488025,0.9996340230739739,0.9856120876792045,344284,354080,0.0,0.0,0.0,345,5,0.11463550361713967,0.6338461538461538,0.1941564561734213,325,1797,0.22916666666666666,0.012658227848101266,0.023991275899672846,869,48,0.7033333333333334,0.04458060426790619,0.08384661235843434,4733,300,0.6415094339622641,0.010158350761876307,0.02,3347,53,0.9917298414886285,0.5793075684380032,0.7313850063532401,2484,1451,0.0,0.0,0.0,1917,0,0.2112676056338028,0.49065420560747663,0.29535864978902954,214,497,0.04823151125401929,0.625,0.08955223880597014,24,311,1.2912468910217285,0.9099238514900208,281251,69,0.8668831522625473,1.0088684170041233,0.002677963115274906,0.9997082948684692,373694,92,0.20060752823084652,1.339317625039257,0.002065154490992427,0.999755859375,516043,126,0.23295793952859498,1.839398166979663,0.0026016216725111008,0.9996744990348816,374806,92,0.20350054280143104,1.3443916670512408,1.253020167350769,0.8460010886192322,127397,32,0.7491509426641467,0.4600277910940349,5.992003667168319,0.0014874590560793877,5.993491126224399,1.5002047920133919,7.4936959182377905,0.018130249809473753
89,1.8545922226616836,0.9655995671357889,0.3358945178497116,0.3895006521478644,0.3358945178497116,0.24209371240154348,0.953277991169264,0.4346372419348235,0.0,0.0,0.9720331467370121,0.9996398322315297,0.9856432198365853,344284,354062,0.0,0.0,0.0,345,7,0.11419068736141907,0.6338461538461538,0.1935180836073274,325,1804,0.21311475409836064,0.014959723820483314,0.02795698924731183,869,61,0.721830985915493,0.04331290935981407,0.08172214470799283,4733,284,0.6190476190476191,0.007768150582611294,0.015343759221009147,3347,42,0.9959893048128342,0.5998389694041868,0.7487437185929648,2484,1496,0.0,0.0,0.0,1917,0,0.21678321678321677,0.43457943925233644,0.2892690513219285,214,429,0.04201680672268908,0.625,0.07874015748031496,24,357,1.2996559143066406,0.9103754162788391,281251,69,0.8982735390945138,1.000348333036527,0.002479417948052287,0.999713659286499,373694,92,0.19328610121307654,1.3289549170294777,0.0021656008902937174,0.99973064661026,516043,126,0.22803311256426398,1.8630671669961885,0.0026113074272871017,0.9996718168258667,374806,92,0.20335079351636032,1.3508047090144828,1.2430540323257446,0.843308687210083,127397,32,0.7852921596608036,0.4651752080535516,6.008350334130228,0.0013691660715267062,6.009719500201754,1.48308916692622,7.492808667127974,0.017041498911567032
90,1.8660416163947888,0.9651839951804809,0.3279297501500535,0.4009349821956034,0.3279297501500535,0.2373267560117455,0.9528413597397652,0.43967603092349705,0.0,0.0,0.9716050567729477,0.9996398322315297,0.9854230911293024,344284,354218,0.0,0.0,0.0,345,6,0.11430149088901159,0.6369230769230769,0.19382022471910113,325,1811,0.2,0.014959723820483314,0.027837259100642397,869,65,0.7189542483660131,0.046482146630044366,0.08731891248263544,4733,306,0.7538461538461538,0.014639976097998207,0.028722157092614303,3347,65,0.9969465648854962,0.5257648953301127,0.6884554559831313,2484,1310,0.0,0.0,0.0,1917,0,0.20892018779342722,0.4158878504672897,0.278125,214,426,0.04477611940298507,0.625,0.08356545961002786,24,335,1.2774763107299805,0.9074954390525818,281251,69,0.8636375410500998,1.0176173750078306,0.0025745632592588663,0.99968421459198,373694,92,0.19726581790355183,1.34434454201255,0.0021601347252726555,0.999750018119812,516043,126,0.22967764394257895,1.8550189590314403,0.0024780333042144775,0.9997411966323853,374806,92,0.1965374384151235,1.340597040951252,1.2375478744506836,0.8474611043930054,127397,32,0.7679719208999204,0.4343887909781188,5.991966707981192,0.0012581669725477695,5.993224874953739,1.5129557499894872,7.506180624943227,0.016672292025759816
91,1.8897350567201732,0.9651616825922765,0.31652213490264386,0.39239616560117824,0.31652213490264386,0.23730935301588724,0.9525315199255957,0.4313903394847668,0.0,0.0,0.9710830660019355,0.9996979238070896,0.9851827574411811,344284,354429,0.0,0.0,0.0,345,5,0.11457174638487208,0.6338461538461538,0.1940650023551578,325,1798,0.22413793103448276,0.014959723820483314,0.028047464940668825,869,58,0.7152103559870551,0.04669342911472639,0.08766362554541848,4733,309,0.5952380952380952,0.007469375560203167,0.014753614635585718,3347,42,0.994748687171793,0.533816425120773,0.6947864815299973,2484,1333,0.0,0.0,0.0,1917,0,0.2620967741935484,0.3037383177570093,0.2813852813852814,214,248,0.046875,0.625,0.0872093023255814,24,320,1.2899038791656494,0.9085869789123535,281251,69,0.8637447819956717,1.008570458041504,0.002476509427651763,0.9997270703315735,373694,92,0.20202199233927962,1.3392138329800218,0.002069919602945447,0.9997810125350952,516043,126,0.22478219755032228,1.8419553330168128,0.0025517954491078854,0.9996931552886963,374806,92,0.20052214263152093,1.334052124992013,1.2402657270431519,0.8430339694023132,127397,32,0.7725109097439932,0.46423012507148087,5.9880218741018325,0.0013733749510720372,5.9893952490529045,1.519098374992609,7.508493624045514,0.0181655838387087
92,1.8488650477418593,0.9659342559588556,0.3331715861966075,0.3854619157496502,0.3331715861966075,0.2455042706369001,0.953732926896112,0.43593275396931785,0.0,0.0,0.9723793432748108,0.9996456413890857,0.9858239929420729,344284,353938,0.1111111111111111,0.002898550724637681,0.005649717514124294,345,9,0.11367380560131796,0.6369230769230769,0.1929170549860205,325,1821,0.24,0.01380897583429229,0.026115342763873776,869,50,0.550761421319797,0.04584829917599831,0.08464989272479033,4733,394,0.6046511627906976,0.007768150582611294,0.015339233038348082,3347,43,0.9926153846153846,0.6493558776167472,0.7851058651740083,2484,1625,0.0,0.0,0.0,1917,5,0.22255192878338279,0.35046728971962615,0.27223230490018147,214,337,0.046875,0.625,0.0872093023255814,24,320,1.2935247421264648,0.9110794067382812,281251,69,0.9467755040273356,0.9958374169655144,0.0024095335975289345,0.9997377395629883,373694,92,0.19364488539710392,1.3343847909709439,0.0020608988124877214,0.9997577667236328,516043,126,0.2200651117059376,1.8567625830182806,0.0025162738747894764,0.9996931552886963,374806,92,0.19222290673432238,1.3315174999879673,1.2371069192886353,0.8485442996025085,127397,32,0.7591265921259002,0.45841070800088346,5.97691299894359,0.0013997909845784307,5.978312789928168,1.4850325410952792,7.463345331023447,0.016767376102507114
93,1.8251333695220195,0.9658115367237311,0.3421156010765043,0.38272250115739065,0.3421156010765043,0.24741732032005528,0.9537001512728551,0.4403894073121529,0.0,0.0,0.972485256426559,0.999599168128638,0.9858558195961711,344284,353883,0.09090909090909091,0.002898550724637681,0.0056179775280898875,345,11,0.11349862258953168,0.6338461538461538,0.1925233644859813,325,1815,0.20634920634920634,0.014959723820483314,0.027896995708154508,869,63,0.5511811023622047,0.04436932178322417,0.08212749315604223,4733,381,0.6271186440677966,0.011054675829100687,0.02172636523781562,3347,59,0.994888178913738,0.6268115942028986,0.7690787848851568,2484,1565,0.0,0.0,0.0,1917,5,0.2234762979683973,0.46261682242990654,0.3013698630136986,214,443,0.0473186119873817,0.625,0.08797653958944282,24,317,1.287880778312683,0.9092589616775513,281251,69,0.8443012782167625,1.008024208014831,0.002520160749554634,0.9997056126594543,373694,92,0.19313611604604014,1.3393913339823484,0.002104047918692231,0.9997461438179016,516043,126,0.2257372579040053,1.8591534580336884,0.0024549539666622877,0.9997225403785706,374806,92,0.1926693392245588,1.32967991696205,1.228893518447876,0.8478849530220032,127397,32,0.7440193401579743,0.43357508396729827,5.969824000960216,0.0011667079525068402,5.970990708912723,1.5082302499795333,7.479220958892256,0.016955290106125176
94,1.845483563470963,0.9657055519297599,0.3411732707302265,0.37407251999729885,0.3411732707302265,0.24404670019623942,0.9534645513986673,0.4367909592568748,0.0,0.0,0.9722661679454873,0.9996253093376398,0.9857559405146537,344284,353972,0.0,0.0,0.0,345,5,0.11495535714285714,0.6338461538461538,0.19461502125649505,325,1792,0.22033898305084745,0.014959723820483314,0.028017241379310345,869,59,0.7126865671641791,0.04035495457426579,0.07638472305538892,4733,268,0.46987951807228917,0.011652225873916941,0.022740524781341108,3347,83,0.9954337899543378,0.6143317230273752,0.7597709733632064,2484,1533,0.0,0.0,0.0,1917,5,0.21218487394957983,0.4719626168224299,0.2927536231884058,214,476,0.04297994269340974,0.625,0.08042895442359249,24,349,1.282814860343933,0.9109265208244324,281251,69,0.8471367052449369,1.0324871659977362,0.0025700987316668034,0.9997190237045288,373694,92,0.19874201406864628,1.338234291994013,0.002211812185123563,0.9997286796569824,516043,126,0.24441075770331955,1.8324779589893296,0.002531725913286209,0.9996878504753113,374806,92,0.19978578814074602,1.334074666025117,1.2392323017120361,0.8457577228546143,127397,32,0.7724521337458388,0.4587176669156179,5.995991749921814,0.0013040000339969993,5.997295749955811,1.5054977079853415,7.502793457941152,0.01758541609160602
95,1.8269136712954464,0.9660151390910967,0.3445823508732951,0.3884589064010792,0.3445823508732951,0.24840750273914236,0.9538885846247621,0.4372876716135045,0.0,0.0,0.9725052700587195,0.9996282139164179,0.9858802297434722,344284,353886,0.0,0.0,0.0,345,9,0.11476323119777158,0.6338461538461538,0.19433962264150945,325,1795,0.22033898305084745,0.014959723820483314,0.028017241379310345,869,59,0.7170542635658915,0.03908725966617367,0.07413344019234622,4733,258,0.6055045871559633,0.01971915147893636,0.03819444444444445,3347,109,0.9956896551724138,0.6509661835748792,0.7872444011684518,2484,1624,0.0,0.0,0.0,1917,5,0.21382289416846653,0.46261682242990654,0.29246676514032494,214,463,0.04491017964071856,0.625,0.08379888268156424,24,334,1.2727046012878418,0.9085407853126526,281251,69,0.9027633865259599,0.9885449160356075,0.0025286765303462744,0.9996922612190247,373694,92,0.20300940946558618,1.3298864159733057,0.0020837525371462107,0.9997519850730896,516043,126,0.22485368919676502,1.8418579589342698,0.0024942948948591948,0.9997198581695557,374806,92,0.20716982673448595,1.334754416020587,1.2317619323730469,0.8462836742401123,127397,32,0.7208813508953572,0.45613012509420514,5.951173832057975,0.001039167051203549,5.952212999109179,1.4818566670874134,7.434069666196592,0.019858209998346865
96,1.8269441354830942,0.9662856792230757,0.35259773645265363,0.4018944625405929,0.35259773645265363,0.25544532032369716,0.954534364296128,0.44513669097358965,0.0,0.0,0.9728375169606512,0.999613691022528,0.9860438596993886,344284,353760,0.0,0.0,0.0,345,9,0.11438089950027762,0.6338461538461538,0.19379115710253997,325,1801,0.18518518518518517,0.011507479861910242,0.021668472372697724,869,54,0.7204724409448819,0.03866469469680964,0.07339081612191699,4733,254,0.7568807339449541,0.049297878697340904,0.09256661991584852,3347,218,0.995679012345679,0.6493558776167472,0.7860623781676414,2484,1620,0.0,0.0,0.0,1917,5,0.2288659793814433,0.5186915887850467,0.31759656652360513,214,485,0.044642857142857144,0.625,0.08333333333333333,24,336,1.2711495161056519,0.9106491804122925,281251,69,0.8381351175926974,1.0082578749861568,0.0024760975502431393,0.9997377395629883,373694,92,0.19931646888597357,1.3384640000294894,0.002078148303553462,0.9997713565826416,516043,126,0.2250467760605387,1.8434437920805067,0.002504393458366394,0.9996718168258667,374806,92,0.19664866301959832,1.34564345900435,1.236208200454712,0.8489446640014648,127397,32,0.7374675959175324,0.4362989170476794,5.972108043148182,0.0011604169849306345,5.973268460133113,1.517036624951288,7.490305085084401,0.01686791586689651
97,1.8127975316895522,0.9663052027377546,0.3560944859091552,0.40391234140587723,0.3560944859091552,0.2571305647247774,0.9545952096298261,0.43724054630702536,0.0,0.0,0.9729056588838285,0.999590454392304,0.9860675548093082,344284,353727,0.0,0.0,0.0,345,6,0.11349862258953168,0.6338461538461538,0.1925233644859813,325,1815,0.18867924528301888,0.011507479861910242,0.021691973969631236,869,53,0.7078651685393258,0.03993238960490175,0.0756,4733,267,0.7761904761904762,0.048700328652524646,0.09165026707899916,3347,210,0.9956896551724138,0.6509661835748792,0.7872444011684518,2484,1624,0.0,0.0,0.0,1917,5,0.24081632653061225,0.5514018691588785,0.3352272727272727,214,490,0.043478260869565216,0.625,0.08130081300813008,24,345,1.2681796550750732,0.9123736619949341,281251,69,0.9271278938780226,1.013487874995917,0.002505494514480233,0.9997190237045288,373694,92,0.19324204589078245,1.3296266660327092,0.0020685368217527866,0.999755859375,516043,126,0.22465314775477827,1.8186704590916634,0.002519710920751095,0.9996451735496521,374806,92,0.19538499693661088,1.332517332979478,1.2362046241760254,0.8519588112831116,127397,32,0.7667590432082112,0.45976762496866286,5.95406995806843,0.0010690419003367424,5.955138999968767,1.5173095000209287,7.472448499989696,0.01904100098181516
98,1.8355300604383755,0.9663275153259591,0.3586952596688374,0.3923194283511306,0.3586952596688374,0.24257363361347717,0.9552913809919164,0.4388061234923918,0.0,0.0,0.974512246920572,0.999607881864972,0.9869005525970916,344284,353150,0.0,0.0,0.0,345,4,0.11324903793293019,0.6338461538461538,0.1921641791044776,325,1819,0.17307692307692307,0.010356731875719217,0.019543973941368076,869,52,0.7269230769230769,0.03993238960490175,0.07570598838373724,4733,260,0.7804878048780488,0.04780400358530027,0.09009009009009009,3347,205,0.9963031423290203,0.6509661835748792,0.787436084733382,2484,1623,0.0,0.0,0.0,1917,5,0.11386593204775022,0.5794392523364486,0.1903300076745971,214,1089,0.04477611940298507,0.625,0.08356545961002786,24,335,1.2666051387786865,0.9129282832145691,281251,69,0.8541918106734765,0.9951782079879194,0.00249402760528028,0.9997003078460693,373694,92,0.19760257330241904,1.3195298339705914,0.0021853020880371332,0.9997732639312744,516043,126,0.2364359441725267,1.8432329170173034,0.002436631126329303,0.9997118711471558,374806,92,0.20550651106703755,1.335935959010385,1.2249196767807007,0.8492429256439209,127397,32,0.7466107416589112,0.45900258293841034,5.95287950092461,0.0011606250191107392,5.95404012594372,1.48183204093948,7.4358721668832,0.01638612407259643
99,1.8119146626048699,0.9663637732817912,0.36218893669095165,0.39048556592091965,0.36218893669095165,0.2438496547791087,0.9553884060101391,0.4443816045054504,0.0,0.0,0.9746169029959587,0.999599168128638,0.9869499693859847,344284,353109,0.0,0.0,0.0,345,5,0.11337369290038525,0.6338461538461538,0.19234360410831,325,1817,0.18,0.010356731875719217,0.01958650707290533,869,50,0.7018181818181818,0.040777519543629834,0.07707667731629393,4733,275,0.7757009345794392,0.04959665371974903,0.09323223813535524,3347,214,0.9963008631319359,0.6505636070853462,0.7871407696054554,2484,1622,0.0,0.0,0.0,1917,5,0.11717352415026834,0.6121495327102804,0.1966966966966967,214,1118,0.045871559633027525,0.625,0.08547008547008547,24,327,1.2650015354156494,0.9124305248260498,281251,69,0.8307031965107718,0.9958571250317618,0.0023820772767066956,0.9997350573539734,373694,92,0.18908334883227956,1.3262922500725836,0.002043728018179536,0.9997577667236328,516043,126,0.22230131822708407,1.8434634999139234,0.0024426167365163565,0.999706506729126,374806,92,0.19484617741725768,1.335170166916214,1.2254807949066162,0.8497060537338257,127397,32,0.8266313745565845,0.4362731659784913,5.937056207912974,0.001333083026111126,5.938389290939085,1.5100864580599591,7.448475748999044,0.017491625039838254
100,1.8213488906731676,0.9663414606935868,0.35909999330196274,0.4005415925518358,0.35909999330196274,0.25644758971462184,0.9549257517595374,0.4421837296126589,0.0,0.0,0.9735832616665913,0.9996107864437499,0.9864253653055726,344284,353488,0.0,0.0,0.0,345,4,0.10033931168201649,0.6369230769230769,0.17336683417085427,325,2063,0.16071428571428573,0.010356731875719217,0.01945945945945946,869,56,0.7192307692307692,0.03950982463553771,0.07490486681353896,4733,260,0.7649769585253456,0.04959665371974903,0.0931537598204265,3347,217,0.9969154842689698,0.6505636070853462,0.7873325213154689,2484,1621,0.0,0.0,0.0,1917,5,0.2421875,0.5794392523364486,0.3415977961432507,214,512,0.04746835443037975,0.625,0.08823529411764706,24,316,1.2651164531707764,0.9146954417228699,281251,69,0.8452617347421397,1.0027963749598712,0.002555441576987505,0.9996976256370544,373694,92,0.19751942443571294,1.3320039169630036,0.002160593867301941,0.9997345209121704,516043,126,0.23168795948682677,1.8380893339635804,0.0025548271369189024,0.9996665120124817,374806,92,0.19757198292729464,1.3394589580129832,1.226477861404419,0.8478378653526306,127397,32,0.7433979422075679,0.4577028750209138,5.970051458920352,0.0012702920939773321,5.9713217510143295,1.5049702080432326,7.476291959057562,0.018391250050626695
