round,val_loss,accuracy,balanced_accuracy,macro_precision,macro_recall,macro_f1,weighted_f1,macro_pr_auc,worst_class_f1,worst_class_recall,precision_c0,recall_c0,f1_c0,support_c0,predicted_count_c0,precision_c1,recall_c1,f1_c1,support_c1,predicted_count_c1,precision_c2,recall_c2,f1_c2,support_c2,predicted_count_c2,precision_c3,recall_c3,f1_c3,support_c3,predicted_count_c3,precision_c4,recall_c4,f1_c4,support_c4,predicted_count_c4,precision_c5,recall_c5,f1_c5,support_c5,predicted_count_c5,precision_c6,recall_c6,f1_c6,support_c6,predicted_count_c6,precision_c7,recall_c7,f1_c7,support_c7,predicted_count_c7,precision_c8,recall_c8,f1_c8,support_c8,predicted_count_c8,precision_c9,recall_c9,f1_c9,support_c9,predicted_count_c9,train_loss_client_0,train_accuracy_client_0,train_samples_client_0,train_batches_client_0,update_l2_client_0,train_seconds_client_0,train_loss_client_1,train_accuracy_client_1,train_samples_client_1,train_batches_client_1,update_l2_client_1,train_seconds_client_1,train_loss_client_2,train_accuracy_client_2,train_samples_client_2,train_batches_client_2,update_l2_client_2,train_seconds_client_2,train_loss_client_3,train_accuracy_client_3,train_samples_client_3,train_batches_client_3,update_l2_client_3,train_seconds_client_3,train_loss_client_4,train_accuracy_client_4,train_samples_client_4,train_batches_client_4,update_l2_client_4,train_seconds_client_4,round_train_seconds,aggregation_seconds,fl_round_seconds,validation_seconds,round_total_seconds,round_orchestration_seconds
1,5.1668772147468545,0.9602333896726184,0.1,0.0960233389672618,0.1,0.0979713328761315,0.940753450583922,0.1165969366172882,0.0,0.0,0.9602333896726184,1.0,0.979713328761315,344284,358542,0.0,0.0,0.0,345,0,0.0,0.0,0.0,325,0,0.0,0.0,0.0,869,0,0.0,0.0,0.0,4733,0,0.0,0.0,0.0,3347,0,0.0,0.0,0.0,2484,0,0.0,0.0,0.0,1917,0,0.0,0.0,0.0,214,0,0.0,0.0,0.0,24,0,2.0739214420318604,0.045509785413742,266602,66,1.6358670762055372,2.036553957965225,2.162527084350586,0.0437712594866752,93189,23,0.7672462720468737,0.3499399580759927,1.952408790588379,0.018565135076642,298732,73,1.4931473126042667,1.0545322500402108,0.1130705028772354,0.9935352802276612,596161,146,2.4231396634128264,2.0684552079765126,0.1682837903499603,0.9905879497528076,418507,103,2.3078416028315276,1.4521434999769554,6.9616248740348965,0.0020296250004321,6.963654499035329,1.4952819170430305,8.458936416078359,0.5404702509986237
2,4.626134998248126,0.9602333896726184,0.1,0.0960233389672618,0.1,0.0979713328761315,0.940753450583922,0.1929140159501186,0.0,0.0,0.9602333896726184,1.0,0.979713328761315,344284,358542,0.0,0.0,0.0,345,0,0.0,0.0,0.0,325,0,0.0,0.0,0.0,869,0,0.0,0.0,0.0,4733,0,0.0,0.0,0.0,3347,0,0.0,0.0,0.0,2484,0,0.0,0.0,0.0,1917,0,0.0,0.0,0.0,214,0,0.0,0.0,0.0,24,0,1.9381284713745115,0.8371317386627197,266602,66,1.947486120766457,0.9347685419488698,2.210585832595825,0.5991265177726746,93189,23,1.403479115507367,0.3120657920371741,1.8778653144836424,0.8628971576690674,298732,73,1.844696008824023,1.0198401249945164,0.014661781489849,1.0,596161,146,0.9627158642813928,2.0447743749246,0.0251440163701772,0.999997615814209,418507,103,0.8938865941544955,1.4103240000549704,5.721772833960131,0.001287541934289,5.72306037589442,1.4269255829276517,7.149985958822072,0.0190716660581529
3,3.3318214718909567,0.9602333896726184,0.1,0.0960233389672618,0.1,0.0979713328761315,0.940753450583922,0.2426226697063313,0.0,0.0,0.9602333896726184,1.0,0.979713328761315,344284,358542,0.0,0.0,0.0,345,0,0.0,0.0,0.0,325,0,0.0,0.0,0.0,869,0,0.0,0.0,0.0,4733,0,0.0,0.0,0.0,3347,0,0.0,0.0,0.0,2484,0,0.0,0.0,0.0,1917,0,0.0,0.0,0.0,214,0,0.0,0.0,0.0,24,0,1.8000538349151611,0.8459951281547546,266602,66,1.786648514217397,0.9031598750734702,2.099128246307373,0.6125723123550415,93189,23,1.4095792098291136,0.3347725409548729,1.754812240600586,0.8697662353515625,298732,73,1.8160815966585209,1.0184039160376417,0.0083230445161461,1.0,596161,146,0.6377437910489792,2.021468290942721,0.0164217576384544,0.999997615814209,418507,103,0.5458521925730893,1.4389954170910642,5.71680004009977,0.0013170420425012,5.718117082142271,1.4349861670052633,7.153103249147534,0.0193327509332448
4,2.7774633310705794,0.9608692984364454,0.1777096263175614,0.172151900124477,0.1777096263175614,0.142748109999527,0.943660152853149,0.2886233009382511,0.0,0.0,0.9652467216401192,0.9999360992668844,0.9822852422671808,344284,356657,0.0,0.0,0.0,345,16,0.117684887459807,0.563076923076923,0.1946808510638298,325,1555,0.2,0.001150747986191,0.0022883295194508,869,5,0.0,0.0,0.0,4733,0,0.0,0.0,0.0,3347,0,0.0,0.0,0.0,2484,15,0.1811023622047244,0.0119979134063641,0.022504892367906,1917,127,0.2574850299401197,0.2009345794392523,0.2257217847769028,214,167,0.0,0.0,0.0,24,0,1.683527946472168,0.8716439008712769,266602,66,1.5536254662094588,0.9072330830385908,1.9300100803375244,0.6754338145256042,93189,23,1.1931512872858427,0.3116055420832708,1.640376329421997,0.8823627829551697,298732,73,1.5733521998423832,1.029784708051011,0.0064137396402657,0.9999966621398926,596161,146,0.5349220151345321,2.0652701660292223,0.0168875642120838,0.999995231628418,418507,103,0.444939705128878,1.441505790920928,5.755399290123023,0.0012184580555185,5.756617748178542,1.4358862499939278,7.192503998172469,0.0191182928392663
5,2.5604681970680936,0.9620825454200624,0.264558292269969,0.3182338242796302,0.264558292269969,0.2357961688719555,0.950007740831316,0.3027151092298365,0.0,0.0,0.9706276884763414,0.9962153338522848,0.9832550699210486,344284,353360,0.0,0.0,0.0,345,4,0.1198776758409786,0.6030769230769231,0.2,325,1635,0.032258064516129,0.002301495972382,0.0042964554242749,869,62,0.0,0.0,0.0,4733,2,0.6666666666666666,0.0005975500448162,0.0011940298507462,3347,3,0.4606791778373548,0.4150563607085346,0.4366793731469716,2484,2238,0.6640471512770137,0.3526343244653104,0.4606473594548552,1917,1018,0.2681818181818182,0.2757009345794392,0.271889400921659,214,220,0.0,0.0,0.0,24,0,1.6140581369400024,0.8749108910560608,266602,66,1.4184399808952106,0.9333374999696388,1.8365379571914673,0.6845765113830566,93189,23,1.0958873284551378,0.3135353330289945,1.573415994644165,0.9017915725708008,298732,73,1.4018331470791785,1.0348518340615556,0.005538863595575,0.9999379515647888,596161,146,0.4956717174393475,2.0852328339824453,0.0114327762275934,0.9998996257781982,418507,103,0.4216054285814631,1.4507926249643788,5.817750126007013,0.0012829999905079,5.819033125997521,1.4633267499739304,7.282359875971451,0.0185269160429015
6,2.399855961469502,0.9619988732142956,0.2775240148574274,0.2800548676493463,0.2775240148574274,0.2317938154048837,0.9504975638173528,0.3116626072429485,0.0,0.0,0.9720920474809416,0.995942303447154,0.9838726569729488,344284,352731,0.1459762944479101,0.6782608695652174,0.2402464065708419,345,1603,0.1052631578947368,0.0061538461538461,0.0116279069767441,325,19,0.0192307692307692,0.002301495972382,0.0041109969167523,869,104,0.0,0.0,0.0,4733,2,0.4222222222222222,0.0056767254257544,0.0112028301886792,3347,45,0.454750112561909,0.4066022544283413,0.4293304994686504,2484,2221,0.526116578349735,0.362545644235785,0.429277331686226,1917,1321,0.1548974943052392,0.3177570093457944,0.2082695252679939,214,439,0.0,0.0,0.0,24,57,1.5865848064422607,0.8851584196090698,266602,66,1.2825335177338106,0.9423060830449684,1.752065658569336,0.6793076395988464,93189,23,1.0449412513433758,0.3163324169581756,1.5460258722305298,0.8928069472312927,298732,73,1.371977457454496,1.0437096670502797,0.0048969974741339,0.999849021434784,596161,146,0.4605668707463031,2.0988108329474926,0.0097549566999077,0.9997897148132324,418507,103,0.4057023381371216,1.452810124959797,5.853969124960713,0.0011855830671265,5.85515470802784,1.4736736670602113,7.328828375088051,0.0185935420449823
7,2.2474993883255316,0.9609920176715698,0.2813473051347911,0.2677981116555484,0.2813473051347911,0.23099226403019,0.950276838739622,0.314194096496644,0.0,0.0,0.973112993065818,0.9945829605790568,0.9837308450307686,344284,351880,0.1458985597996243,0.6753623188405797,0.2399588053553038,345,1597,0.08,0.0123076923076923,0.0213333333333333,325,50,0.027027027027027,0.003452243958573,0.0061224489795918,869,111,0.0,0.0,0.0,4733,7,0.4193548387096774,0.0038840752913056,0.0076968620485494,3347,31,0.4393700787401575,0.4492753623188406,0.4442675159235669,2484,2540,0.4349442379182156,0.3661971830985915,0.3976210705182668,1917,1614,0.158273381294964,0.308411214953271,0.2091917591125198,214,417,0.0,0.0,0.0,24,295,1.52676260471344,0.8949745297431946,266602,66,1.1803829755395727,0.9180430830456316,1.707525610923767,0.7107061743736267,93189,23,0.9869760547436224,0.3462558339815587,1.5052844285964966,0.9025380611419678,298732,73,1.320680013765806,1.049746875069104,0.0044300104491412,0.9998037219047546,596161,146,0.4404525000253037,2.0785345420008525,0.0124692935496568,0.9997586607933044,418507,103,0.3806894338930053,1.4676222919952124,5.860202626092359,0.0012383329449221,5.861440959037282,1.4823602919932457,7.343801251030527,0.0196094159036874
8,2.204948569996902,0.9611593620831032,0.2859200367564372,0.2723908010523196,0.2859200367564372,0.2350004071826159,0.9501345177678396,0.3201811532134412,0.0,0.0,0.972456646824552,0.9950447886047564,0.9836210547472238,344284,352281,0.1486048020765736,0.663768115942029,0.2428419936373276,345,1541,0.1494252873563218,0.04,0.0631067961165048,325,87,0.029126213592233,0.003452243958573,0.0061728395061728,869,103,0.0,0.0,0.0,4733,8,0.3773584905660377,0.0059755004481625,0.0117647058823529,3347,53,0.4632216014897579,0.4005636070853462,0.4296200345423143,2484,2148,0.4311414392059553,0.362545644235785,0.3938792859166903,1917,1612,0.1525735294117647,0.3878504672897196,0.2189973614775725,214,544,0.0,0.0,0.0,24,165,1.4974850416183472,0.9066436290740968,266602,66,1.125251696332186,0.9277864580508322,1.6631407737731934,0.7155565619468689,93189,23,0.9700358013945748,0.3188724999781698,1.465748906135559,0.9173272252082824,298732,73,1.1491443111693296,1.052483084029518,0.0042557083070278,0.9997484087944032,596161,146,0.4328145530631332,2.1085100419586524,0.0126717444509267,0.9996392130851746,418507,103,0.3949094717448528,1.5185679169371724,5.926220000954345,0.0012142499908804,5.927434250945225,1.4445460409624502,7.371980291907676,0.0175248330924659
9,2.1214426802144732,0.9595221759236016,0.2603106696540436,0.2213483430769151,0.2603106696540436,0.1928911483590492,0.9483963308856944,0.3290181004378795,0.0,0.0,0.9726653679924124,0.9948995596658572,0.983656836645904,344284,352154,0.1483190507580751,0.6521739130434783,0.2416756176154672,345,1517,0.1473684210526315,0.043076923076923,0.0666666666666666,325,95,0.048076923076923,0.0057537399309551,0.0102774922918807,869,104,0.0,0.0,0.0,4733,9,0.2916666666666667,0.0041828503137137,0.0082474226804123,3347,48,0.4861294583883752,0.4444444444444444,0.4643533123028391,2484,2271,0.0483193277310924,0.0239958268127282,0.0320669222725688,1917,952,0.0709382151029748,0.4345794392523364,0.1219672131147541,214,1311,0.0,0.0,0.0,24,81,1.475244164466858,0.9081364870071412,266602,66,1.0872527260661733,0.941397791961208,1.636910319328308,0.7262552380561829,93189,23,0.9436940997270205,0.3172287920024246,1.4349322319030762,0.9144048690795898,298732,73,1.0963100152533929,1.0405410409439355,0.0038966811262071,0.9997802376747132,596161,146,0.4099813372174054,2.1207759169628844,0.0105909816920757,0.9996774196624756,418507,103,0.3775304816277841,1.4561528330668807,5.876096374937333,0.0011697500012814,5.877266124938615,1.535350166959688,7.412616291898303,0.0165485000470653
10,2.0487426446155466,0.9597704034673762,0.2593443319170673,0.228828233099216,0.2593443319170673,0.1946252816035866,0.9485940028530304,0.3272092081646298,0.0,0.0,0.9726656977074272,0.9952219679102136,0.9838145608655204,344284,352268,0.1497617426820966,0.6376811594202898,0.2425578831312017,345,1469,0.1118421052631579,0.0523076923076923,0.0712788259958071,325,152,0.1149425287356321,0.0115074798619102,0.0209205020920502,869,87,0.1538461538461538,0.000422564969364,0.000842815002107,4733,13,0.1621621621621621,0.0035853002688975,0.0070154925460391,3347,74,0.5051401869158878,0.4351851851851852,0.4675605536332179,2484,2140,0.0474137931034482,0.0229525299947835,0.0309314586994727,1917,928,0.070507960576194,0.4345794392523364,0.12133072407045,214,1319,0.0,0.0,0.0,24,92,1.45665180683136,0.9116322994232178,266602,66,1.037400656006331,0.9712267919676378,1.5982085466384888,0.7345072627067566,93189,23,0.8940002357233047,0.3264558339724317,1.415218472480774,0.9120348691940308,298732,73,1.1326205251249528,1.114446916966699,0.0037910819519311,0.9997400045394896,596161,146,0.4077131131415271,2.1528440000256523,0.0113507015630602,0.9995914101600648,418507,103,0.349370755279285,1.469234082964249,6.03420762589667,0.0012950000818818,6.035502625978552,1.4887145420070738,7.524217167985626,0.0188261240255087
11,2.012566322154255,0.9619347245232078,0.2923455387074044,0.2892230819727325,0.2923455387074044,0.246878409846512,0.9510530920000764,0.3374658120943973,0.0062709030100334,0.0031692372702302,0.9728454772264752,0.99554437615457,0.9840640481423368,344284,352317,0.1519434628975265,0.6231884057971014,0.2443181818181818,345,1415,0.1065573770491803,0.08,0.0913884007029877,325,244,0.0763358778625954,0.0115074798619102,0.02,869,131,0.2941176470588235,0.0031692372702302,0.0062709030100334,4733,51,0.1632653061224489,0.007170600537795,0.0137378362907842,3347,147,0.5306522805296714,0.4355877616747182,0.4784435109440637,2484,2039,0.4262295081967213,0.3661971830985915,0.3939393939393939,1917,1647,0.1494505494505494,0.3177570093457944,0.2032884902840059,214,455,0.0208333333333333,0.0833333333333333,0.0333333333333333,24,96,1.432958960533142,0.9153944849967957,266602,66,0.96526396583315,0.9270323750097303,1.5913894176483154,0.7330586314201355,93189,23,0.9327802310846214,0.3446033749496564,1.4004485607147217,0.9186494946479796,298732,73,1.111810704083871,1.0301115839974957,0.0036979911383241,0.9997684955596924,596161,146,0.4045981854254,2.115892875008285,0.0132178161293268,0.9996153116226196,418507,103,0.3367773948470397,1.4784590000053868,5.896099208970554,0.0011957499664276,5.897294958936982,1.483863624976948,7.38115858391393,0.0196249160217121
12,1.966357334159974,0.9624534921989614,0.2961703878913159,0.3181751915258222,0.2961703878913159,0.2566845732112773,0.9522209264926206,0.3420061179353117,0.0079282286668057,0.0040143672089583,0.973596469305221,0.9957331737751391,0.98454040517177,344284,352112,0.1525668835864063,0.6115942028985507,0.2442129629629629,345,1383,0.106060606060606,0.1076923076923077,0.1068702290076335,325,330,0.0984848484848484,0.0149597238204833,0.0259740259740259,869,132,0.3166666666666666,0.0040143672089583,0.0079282286668057,4733,60,0.3771712158808933,0.0454138034060352,0.0810666666666666,3347,403,0.5645502645502646,0.429549114331723,0.4878829446730681,2484,1890,0.4092235843549329,0.3656755346896192,0.3862258953168044,1917,1713,0.1683937823834196,0.3037383177570093,0.2166666666666666,214,386,0.0150375939849624,0.0833333333333333,0.0254777070063694,24,133,1.4071022272109983,0.918781578540802,266602,66,0.9688922773755384,0.9242279160534964,1.567915439605713,0.746246874332428,93189,23,0.8675348728808246,0.3198949579382315,1.393929362297058,0.9227334260940552,298732,73,1.0562435962550598,1.06900887505617,0.0035946622956544,0.9997349977493286,596161,146,0.3984458010290319,2.138988333987072,0.0092390114441514,0.9996272325515748,418507,103,0.3433827565635675,1.4913818340282887,5.943501917063259,0.0021152079571038,5.945617125020362,1.4633258749963716,7.408943000016734,0.0194874168373644
13,1.95541568159334,0.9638675524764184,0.2855245464891733,0.3375089472109287,0.2855245464891733,0.2667401441587719,0.9526321628719888,0.3471853857344226,0.0072666294019005,0.0038840752913056,0.9725691927885488,0.9978012338650648,0.9850236559139784,344284,353216,0.1469594594594594,0.2521739130434782,0.1856990394877267,345,592,0.1168384879725085,0.4184615384615384,0.1826729348556078,325,1164,0.1265822784810126,0.0115074798619102,0.0210970464135021,869,79,0.3535353535353535,0.0073948869638706,0.0144867549668874,4733,99,0.0562770562770562,0.0038840752913056,0.0072666294019005,3347,231,0.9173478655767484,0.4066022544283413,0.5634588563458857,2484,1101,0.4121105232216343,0.3656755346896192,0.3875069098949696,1917,1701,0.1987951807228915,0.308411214953271,0.2417582417582417,214,332,0.074074074074074,0.0833333333333333,0.0784313725490196,24,27,1.40629243850708,0.9200755953788756,266602,66,0.9674361841338358,0.9603409169940278,1.5340641736984253,0.7481462359428406,93189,23,0.8410970806110449,0.3227066670078784,1.361900806427002,0.9239284992218018,298732,73,0.9874789794438024,1.0575959580019116,0.003530528396368,0.9996829628944396,596161,146,0.3929103046741595,2.1175125419395044,0.0100396461784839,0.9995770454406738,418507,103,0.3582868025395631,1.4577887089690194,5.915944792912342,0.0012530829990282,5.91719787591137,1.4869705829769373,7.404168458888307,0.018805832020007
14,1.936865914296769,0.9629499472865104,0.3388679016171107,0.3355544731843031,0.3388679016171107,0.2858797259424501,0.9524960728265222,0.3496121615341624,0.0246406570841889,0.0128882315656032,0.9733406354548266,0.9963111849519584,0.9846919661888378,344284,352409,0.1477398015435501,0.3884057971014493,0.2140575079872204,345,907,0.1077844311377245,0.2769230769230769,0.1551724137931034,325,835,0.1142857142857142,0.0138089758342922,0.0246406570841889,869,105,0.4066666666666667,0.0128882315656032,0.0249846405898013,4733,150,0.1713483146067415,0.0182252763668957,0.0329462597893599,3347,356,0.624929178470255,0.4440418679549114,0.519180983760885,2484,1765,0.4565643370346179,0.3646322378716745,0.4054524361948955,1917,1531,0.1723300970873786,0.3317757009345794,0.2268370607028754,214,412,0.1805555555555555,0.5416666666666666,0.2708333333333333,24,72,1.3902298212051392,0.9228363037109376,266602,66,0.9742792244964869,0.9937276659766212,1.515797734260559,0.7563660740852356,93189,23,0.838243453559362,0.318178458022885,1.3545712232589722,0.9263921976089478,298732,73,1.011442988235419,1.0969587500439957,0.0034365418832749,0.999698042869568,596161,146,0.3862096923178378,2.1176487079355866,0.0075867581181228,0.9995340704917908,418507,103,0.3427067016507885,1.466719957999885,5.993233539978974,0.0012516670394688,5.9944852070184425,1.5081774999853224,7.502662707003765,0.0180658350000157
15,1.914556733297138,0.964216186667113,0.3577292572051953,0.3559963810355574,0.3577292572051953,0.2936828350768403,0.9541588947362336,0.3533782846910467,0.0267765190525231,0.0149597238204833,0.9740962915691695,0.997554344668936,0.985685770005123,344284,352575,0.1453077699293642,0.417391304347826,0.2155688622754491,345,991,0.113892365456821,0.28,0.1619217081850534,325,799,0.1274509803921568,0.0149597238204833,0.0267765190525231,869,102,0.3932926829268293,0.0272554405239805,0.0509780675755779,4733,328,0.1054766734279918,0.0155363011652225,0.0270833333333333,3347,493,0.8865004299226139,0.4150563607085346,0.5653962160680011,2484,1163,0.4978571428571428,0.3635889410537298,0.4202592704250829,1917,1400,0.1655518394648829,0.4626168224299065,0.2438423645320197,214,598,0.1505376344086021,0.5833333333333334,0.2393162393162393,24,93,1.3796231746673584,0.925109326839447,266602,66,0.8843778329852731,0.9389512919588014,1.5054019689559937,0.7624290585517883,93189,23,0.8463934521238371,0.3468074999982491,1.3387172222137451,0.929425060749054,298732,73,0.9617292948027762,1.0459355419734493,0.00333166657947,0.9996779561042786,596161,146,0.3821840869847863,2.126534124952741,0.0100678484886884,0.9995173215866088,418507,103,0.3405497236476176,1.5023035840131342,5.960532042896375,0.0012834999943152,5.96181554289069,1.5004345830529928,7.462250125943683,0.0193227072013542
16,1.944972897959041,0.964422578108004,0.3671468780107008,0.3889370215440418,0.3671468780107008,0.2804505655128773,0.9542412475084908,0.3547452752344787,0.0199556541019955,0.0103567318757192,0.9742028048566098,0.9979435582251862,0.9859302856126194,344284,352674,0.1467425679949399,0.672463768115942,0.2409138110072689,345,1581,0.1042654028436018,0.0676923076923076,0.0820895522388059,325,211,0.2727272727272727,0.0103567318757192,0.0199556541019955,869,33,0.4123711340206185,0.0169025987745615,0.0324741221838847,4733,194,0.2876712328767123,0.0501942037645652,0.085474433986263,3347,584,0.9184100418410042,0.3534621578099839,0.5104651162790698,2484,956,0.5107806691449814,0.3583724569640062,0.4212139791538933,1917,1345,0.1415094339622641,0.5607476635514018,0.2259887005649717,214,848,0.1206896551724138,0.5833333333333334,0.2,24,116,1.3612518310546875,0.9273561239242554,266602,66,1.4697082154025465,0.9388326250482352,1.488124132156372,0.7701123356819153,93189,23,0.8114170981417861,0.3225331249414012,1.3417558670043943,0.9268977046012878,298732,73,1.1631994047956682,1.0659782500006258,0.0032614641822874,0.9996528029441832,596161,146,0.3772436942071858,2.129472541040741,0.0078861461952328,0.999383509159088,418507,103,0.3545664500643605,1.5025265420554206,5.959343083086424,0.0014902499970048,5.960833333083428,1.4850979580078274,7.445931291091256,0.0186824589036405
17,1.8226277576701857,0.9641436707554484,0.3717641875414251,0.3468098105599446,0.3717641875414251,0.2648413856738471,0.9568090510269002,0.3616111189243093,0.0156774916013437,0.0080552359033371,0.97881556644961,0.996334421582182,0.9874973011097836,344284,350446,0.1351351351351351,0.0144927536231884,0.0261780104712041,345,37,0.116919617762788,0.64,0.1977186311787072,325,1779,0.2916666666666667,0.0080552359033371,0.0156774916013437,869,24,0.3293768545994065,0.0469047115994084,0.0821157758461254,4733,674,0.262483994878361,0.0612488795936659,0.0993217054263565,3347,781,0.7430167597765364,0.4818840579710144,0.5846153846153846,2484,1611,0.472430224642614,0.3620239958268127,0.409923213230951,1917,1469,0.0746169220519653,0.5233644859813084,0.1306122448979592,214,1501,0.0636363636363636,0.5833333333333334,0.1147540983606557,24,220,1.3723117113113403,0.922626256942749,266602,66,1.0388327098890708,0.9648127499967812,1.493537425994873,0.7643927931785583,93189,23,0.8228187626029163,0.321688708034344,1.3325258493423462,0.9330637454986572,298732,73,1.0146928902325143,1.0673774579772726,0.0032026546541601,0.9996745586395264,596161,146,0.3650451877140311,2.1511037499876693,0.0101766185835003,0.999495804309845,418507,103,0.3204751225197222,1.48062095802743,5.985603624023497,0.0012177500175312,5.986821374041028,1.513329042005353,7.500150416046381,0.0194056679029017
18,1.831179345714259,0.9649274004161298,0.3771470516948297,0.3558660099957033,0.3771470516948297,0.2773492083199141,0.9566631442181512,0.3652707996070952,0.0198237885462555,0.0103567318757192,0.9778290835281024,0.9976734323988335,0.9876515875811402,344284,351271,0.1468531468531468,0.6695652173913044,0.2408759124087591,345,1573,0.0933852140077821,0.0738461538461538,0.0824742268041237,325,257,0.2307692307692307,0.0103567318757192,0.0198237885462555,869,39,0.3438356164383561,0.0530319036551869,0.0918909024345597,4733,730,0.1727272727272727,0.0170301762772632,0.0310035354908893,3347,330,0.9114452798663324,0.4392109500805153,0.5927737027981527,2484,1197,0.5025678650036683,0.3573291601460615,0.4176829268292683,1917,1363,0.0739842328684051,0.5700934579439252,0.1309715512614063,214,1649,0.1052631578947368,0.5833333333333334,0.1783439490445859,24,133,1.3534417152404783,0.9281100630760192,266602,66,0.8790941016459676,0.962459791917354,1.4842265844345093,0.7703055143356323,93189,23,0.7717873600045904,0.3243939160602167,1.3030847311019895,0.9302351474761964,298732,73,0.956012690326008,1.0867317089578137,0.0034375512041151,0.999607503414154,596161,146,0.3856181014546562,2.1321851250249892,0.0110769411548972,0.999440848827362,418507,103,0.3313646128228544,1.4850363340228796,5.990806875983253,0.0012187500251457,5.992025626008399,1.5112290419638157,7.5032546679722145,0.0180859579704701
19,1.8482908331185373,0.9652202531363132,0.3701668158648085,0.3539167276893206,0.3701668158648085,0.2962953804353528,0.9559862616478736,0.3689908294809404,0.0195016251354279,0.0103567318757192,0.9758010453357572,0.9977838063923968,0.9866699984489978,344284,352040,0.1490825688073394,0.1884057971014492,0.1664532650448143,345,436,0.1166306695464362,0.4984615384615384,0.1890315052508751,325,1389,0.1666666666666666,0.0103567318757192,0.0195016251354279,869,54,0.336906584992343,0.0464821466300443,0.0816932788711474,4733,653,0.0950118764845605,0.011951000896325,0.0212314225053078,3347,421,0.9318352059925094,0.500805152979066,0.6514794448808588,2484,1335,0.4974729241877256,0.3594157537819509,0.4173228346456692,1917,1385,0.152112676056338,0.5046728971962616,0.2337662337662337,214,710,0.1176470588235294,0.5833333333333334,0.1958041958041958,24,119,1.3408948183059692,0.9239277839660645,266602,66,0.953040050068523,0.9349016660125926,1.4659929275512695,0.7750378251075745,93189,23,0.820769425133048,0.3507794999750331,1.2839857339859009,0.9332411885261536,298732,73,0.9280110012029688,1.039730582968332,0.0033193256240338,0.9996359944343568,596161,146,0.3792806785007571,2.1348099160240963,0.0070713981986045,0.999409794807434,418507,103,0.3463182032184933,1.512642415938899,5.972864080918953,0.0012317920336499,5.974095872952603,1.5088793750619516,7.482975248014554,0.0184988770633935
20,1.7922176160512666,0.9654712697536132,0.3836112971523181,0.3666857211645243,0.3836112971523181,0.286537765240616,0.9593674791769662,0.3751468734115694,0.0292275574112734,0.0161104718066743,0.9805694377016878,0.9973335966818092,0.9888804730046916,344284,350170,0.1415525114155251,0.3594202898550724,0.2031122031122031,345,876,0.1071779744346116,0.3353846153846154,0.1624441132637853,325,1017,0.1573033707865168,0.0161104718066743,0.0292275574112734,869,89,0.4280936454849498,0.0811324741178956,0.1364120781527531,4733,897,0.2641315519013361,0.0767851807588885,0.1189814814814814,3347,973,0.96514745308311,0.4347826086956521,0.5995004163197336,2484,1119,0.5088888888888888,0.3583724569640062,0.4205693296602387,1917,1350,0.0751034890597279,0.5934579439252337,0.1333333333333333,214,1691,0.0388888888888888,0.5833333333333334,0.0729166666666666,24,360,1.331518292427063,0.928758978843689,266602,66,0.9506272047979416,0.9798676250502468,1.472928762435913,0.7735354900360107,93189,23,0.820062933151768,0.3276396660367027,1.2750242948532104,0.9334620833396912,298732,73,0.9415380120566826,1.0674842919688672,0.0031862375326454,0.9996460676193236,596161,146,0.3760204150276023,2.139547625090927,0.0070423320867121,0.9995077848434448,418507,103,0.3103647751543375,1.508187957922928,6.0227271660696715,0.0011975000379607,6.023924666107632,1.4764447920024395,7.500369458110072,0.0190962088527157
21,1.7713903928476888,0.96573065359149,0.3975762216044023,0.3714598768558427,0.3975762216044023,0.2880685790427298,0.9596110664681038,0.3744079018523227,0.0255047821466524,0.0138089758342922,0.98058288472248,0.9973045508940294,0.9888730327645768,344284,350155,0.1493333333333333,0.6492753623188405,0.2428184281842818,345,1500,0.0941828254847645,0.1046153846153846,0.0991253644314868,325,361,0.1666666666666666,0.0138089758342922,0.0255047821466524,869,72,0.4236037934668071,0.0849355588421719,0.1414994720168954,4733,949,0.2765957446808511,0.0776815058261129,0.1212969442500583,3347,940,0.9489966555183946,0.4569243156199677,0.6168478260869565,2484,1196,0.5580246913580247,0.3536776212832551,0.4329501915708812,1917,1215,0.0782560089435438,0.6542056074766355,0.1397903145282077,214,1789,0.0383561643835616,0.5833333333333334,0.0719794344473007,24,365,1.324065923690796,0.928005039691925,266602,66,0.9982558850875132,0.9647048340411856,1.4304548501968384,0.7773020267486572,93189,23,0.8078789782563018,0.3240334580186754,1.278164267539978,0.9336629509925842,298732,73,1.005434947142191,1.069253999972716,0.003258332144469,0.999597430229187,596161,146,0.3742397605016562,2.142911083064974,0.0118669867515563,0.999383509159088,418507,103,0.356068286823063,1.4731557500781491,5.9740591251757,0.0012194169685244,5.975278542144224,1.5101752920309082,7.485453834175132,0.0204858328215777
22,1.795596871426567,0.9656274578710444,0.3902326885574267,0.3806659429838583,0.3902326885574267,0.2914511830432524,0.9588096567043084,0.38062905648675,0.0271682340647857,0.0149597238204833,0.9793974649614328,0.9976066270869398,0.988418188437182,344284,350685,0.1444794952681388,0.663768115942029,0.2373056994818652,345,1585,0.096085409252669,0.083076923076923,0.0891089108910891,325,281,0.1477272727272727,0.0149597238204833,0.0271682340647857,869,88,0.4302059496567506,0.0794422142404394,0.1341180667023363,4733,874,0.3171912832929782,0.0782790558709291,0.1255691349149293,3347,826,0.9864077669902912,0.4090177133655394,0.5782583949914627,2484,1030,0.5281418658442559,0.3573291601460615,0.4262601120099564,1917,1297,0.0784313725490196,0.6355140186915887,0.1396303901437371,214,1734,0.0985915492957746,0.5833333333333334,0.1686746987951807,24,142,1.334112286567688,0.9323598742485046,266602,66,0.8798675641634316,0.968935125041753,1.4181251525878906,0.7811759114265442,93189,23,0.7670878374497214,0.3277582500595599,1.2593209743499756,0.9338102340698242,298732,73,0.934015726347446,1.0718651249771938,0.0032316872384399,0.9996293187141418,596161,146,0.3702692272220265,2.18485558393877,0.0073646754026412,0.9992807507514954,418507,103,0.3415482311483626,1.53377416706644,6.087188251083717,0.0022300829878076,6.089418334071524,1.501971875084564,7.591390209156088,0.0178847908973693
23,1.749779792815826,0.9660179281646224,0.4047577446764109,0.3914384493219262,0.4047577446764109,0.2922412505840123,0.960278143623503,0.3802415612698339,0.0282608695652173,0.0149597238204833,0.9812054994914228,0.9974846347782644,0.9892781010543296,344284,349996,0.1500672947510094,0.6463768115942029,0.2435827416712179,345,1486,0.1031518624641833,0.1107692307692307,0.1068249258160237,325,349,0.2549019607843137,0.0149597238204833,0.0282608695652173,869,51,0.4429028815368196,0.0876822311430382,0.146384479717813,4733,937,0.3124432334241598,0.1027786077083955,0.1546762589928057,3347,1101,0.985267034990792,0.4307568438003221,0.5994397759103641,2484,1086,0.5648918469217971,0.3541992696922274,0.4353959602436678,1917,1202,0.0717821782178217,0.677570093457944,0.1298119964189794,214,2020,0.0477707006369426,0.625,0.0887573964497041,24,314,1.317946434020996,0.9326261878013612,266602,66,0.9160290114191242,0.9329616660252212,1.4252755641937256,0.7810685634613037,93189,23,0.7686648235391137,0.3438816670095548,1.2687143087387085,0.9338537454605104,298732,73,0.9483541020902704,1.0381112080067396,0.0031007588841021,0.9995890259742736,596161,146,0.3563759994394769,2.183402374968864,0.0082114106044173,0.999428927898407,418507,103,0.3293944011588169,1.6053988330531863,6.103755749063566,0.00205804198049,6.105813791044056,1.5689492920646444,7.674763083108701,0.0173241259763017
24,1.679713264957121,0.9665645865756312,0.4203229439641257,0.388069401015237,0.4203229439641257,0.3019943736123291,0.9618203297642136,0.3875108659628427,0.0282916213275299,0.0149597238204833,0.9828110504071744,0.9969472877043372,0.989828699965394,344284,349236,0.1481233243967828,0.6405797101449275,0.2406096897114861,345,1492,0.1017543859649122,0.0892307692307692,0.0950819672131147,325,285,0.26,0.0149597238204833,0.0282916213275299,869,50,0.4697231833910034,0.1147263891823367,0.184411614875191,4733,1156,0.3036187113857017,0.1027786077083955,0.1535714285714285,3347,1133,0.9303307529908516,0.5322061191626409,0.6770806658130601,2484,1421,0.567001675041876,0.3531559728742827,0.4352298296367727,1917,1194,0.0694076038903625,0.7336448598130841,0.1268174474959612,214,2262,0.047923322683706,0.625,0.0890207715133531,24,313,1.3099772930145264,0.9327199459075928,266602,66,0.8722974304195263,0.9423520839773118,1.4144238233566284,0.7846956253051758,93189,23,0.7808975145768534,0.3273459590272978,1.256358623504639,0.9367560148239136,298732,73,0.9183283740579048,1.06075016700197,0.0032023496460169,0.9995840191841124,596161,146,0.3670287527822139,2.195691084023565,0.0093349404633045,0.999438464641571,418507,103,0.3075584431218681,1.5110571250552312,6.037196419085376,0.0013156250352039,6.03851204412058,1.4836635829415172,7.522175627062097,0.0183440399123355
25,1.7428308749830077,0.963755989535396,0.3744604566145687,0.3426988481677662,0.3744604566145687,0.2350193344103517,0.9571292484000238,0.3816862486620328,0.0043308791684712,0.0026082420448617,0.9807216256420652,0.9976792415563897,0.9891277585558969,344284,350237,0.1487771739130435,0.6347826086956522,0.2410566868464501,345,1472,0.1,0.083076923076923,0.0907563025210084,325,270,0.2448979591836734,0.0138089758342922,0.0261437908496732,869,49,0.4924242424242424,0.0824001690259877,0.1411764705882353,4733,792,0.3657407407407407,0.070809680310726,0.1186483103879849,3347,648,0.987866531850354,0.393317230273752,0.5626259717823208,2484,989,0.0127551020408163,0.0026082420448617,0.0043308791684712,1917,392,0.0543314216722004,0.8411214953271028,0.1020697476609016,214,3313,0.0394736842105263,0.625,0.0742574257425742,24,380,1.2965408563613892,0.9304431080818176,266602,66,0.9439618445649082,0.959834333974868,1.411685585975647,0.7874212861061096,93189,23,0.7882451058599385,0.323132749996148,1.2562808990478516,0.9359057545661926,298732,73,0.8973567235916485,1.068190541001968,0.0032263007014989,0.9995806217193604,596161,146,0.3800196706037162,2.1642253330210224,0.0064087505452334,0.9993190169334412,418507,103,0.3479967651394431,1.494897875003517,6.010280832997523,0.0011486660223454,6.011429499019869,1.5095953750424087,7.521024874062277,0.0173109170282259
26,1.721051416716569,0.96527882368035,0.3843520168697524,0.3497450119681431,0.3843520168697524,0.2620809455007177,0.9599903723731276,0.3933494786549205,0.0194832698009318,0.0119979134063641,0.9826472835059068,0.997571772141604,0.9900532864800512,344284,349513,0.1472081218274111,0.1681159420289855,0.1569688768606224,345,394,0.1158707865168539,0.5076923076923077,0.1886792452830188,325,1424,0.2407407407407407,0.0149597238204833,0.028169014084507,869,54,0.4800389483933788,0.1041622649482357,0.1711805555555555,4733,1027,0.3838193791157102,0.1219002091425156,0.1850340136054421,3347,1063,0.9908952959028832,0.5257648953301127,0.6870068385060495,2484,1318,0.0518018018018018,0.0119979134063641,0.0194832698009318,1917,444,0.0545938748335552,0.7663551401869159,0.1019266625233064,214,3004,0.0498338870431893,0.625,0.0923076923076923,24,301,1.3111183643341064,0.9340140223503112,266602,66,1.007220728907059,0.973505291971378,1.3974024057388306,0.7880222201347351,93189,23,0.7465276835577681,0.3258993750205263,1.2317858934402466,0.9369233846664428,298732,73,0.9414837729124728,1.084375667036511,0.003142777364701,0.9996007680892944,596161,146,0.3595022455370788,2.157668999978341,0.0082404240965843,0.9992783665657043,418507,103,0.3423093841279613,1.5076688750414178,6.049118209048174,0.0021730830194428,6.051291292067617,1.5679324170341715,7.619223709101789,0.021256998879835
27,1.7229664794101276,0.9654935823418176,0.3842241490742671,0.3461839670688627,0.3842241490742671,0.2647329622743998,0.9597427252391156,0.3911381508069263,0.0202702702702702,0.0125195618153364,0.9820673054932992,0.9978244704952888,0.9898831855143122,344284,349808,0.1419753086419753,0.1333333333333333,0.1375186846038864,345,324,0.1151358344113842,0.5476923076923077,0.1902725815072154,325,1546,0.1785714285714285,0.0172612197928653,0.0314795383001049,869,84,0.4557213930348259,0.096767377984365,0.1596375043569187,4733,1005,0.4143468950749465,0.115625933671945,0.1807988787666433,3347,934,0.9919236417033774,0.5438808373590982,0.702548101924077,2484,1362,0.0532150776053215,0.0125195618153364,0.0202702702702702,1917,451,0.0571124512238382,0.7523364485981309,0.1061655126937026,214,2819,0.0717703349282296,0.625,0.1287553648068669,24,209,1.2951970100402832,0.936365842819214,266602,66,0.8411408427058921,0.9559364169836044,1.3976702690124512,0.7818412184715271,93189,23,0.8114208404467721,0.3509817499434575,1.2338244915008545,0.9370405673980712,298732,73,0.969615758518011,1.0408339160494506,0.0031446106731891,0.9995772838592528,596161,146,0.3626096011451244,2.1665703339967877,0.0053439741022884,0.9994193911552428,418507,103,0.3355675062602598,1.613936834037304,6.128259251010604,0.001838041935116,6.13009729294572,1.5557210840051994,7.68581837695092,0.015008041053079
28,1.6685757655879714,0.9675435513831016,0.4215289824730108,0.385923563181402,0.4215289824730108,0.3136271614146211,0.96334618260664,0.401805743722151,0.0273972602739726,0.0161104718066743,0.9838396804611996,0.9973248829454752,0.9905363868066184,344284,349003,0.1423785594639866,0.2463768115942029,0.1804670912951167,345,597,0.1090781140042223,0.4769230769230769,0.1775486827033219,325,1421,0.0915032679738562,0.0161104718066743,0.0273972602739726,869,153,0.4508894044856922,0.1231776885696175,0.1934948556256223,4733,1293,0.4233432245301681,0.1278757095906782,0.1964203763194126,3347,1011,0.927237604636188,0.5797101449275363,0.7134010403765172,2484,1553,0.6158088235294118,0.3495044340114762,0.4459234608985025,1917,1088,0.0732407850646242,0.7149532710280374,0.1328701693443335,214,2089,0.0419161676646706,0.5833333333333334,0.0782122905027933,24,334,1.2981252670288086,0.9349217414855956,266602,66,0.889648192538616,0.9702361250529066,1.4066487550735474,0.788762629032135,93189,23,0.763249419455459,0.3293750839075073,1.254576563835144,0.9388448596000672,298732,73,0.9765217333867696,1.084524333011359,0.0031016173306852,0.9995638728141784,596161,146,0.3580601299596541,2.166734332917258,0.0089723179116845,0.999369204044342,418507,103,0.3130643529175818,1.526820124941878,6.077689999830909,0.0011427919380366,6.078832791768946,1.4770979589084163,7.555930750677362,0.0179216661490499
29,1.7105582355639417,0.9675379732360504,0.4105055775639936,0.3974906551926742,0.4105055775639936,0.3043049684172262,0.9623259787397836,0.4085947572666623,0.0298507462686567,0.0161104718066743,0.982326134563814,0.998013268115858,0.9901075690208136,344284,349782,0.1444939528962444,0.6579710144927536,0.2369519832985386,345,1571,0.0830670926517571,0.08,0.0815047021943573,325,313,0.2028985507246377,0.0161104718066743,0.0298507462686567,869,69,0.4456845238095238,0.1265582083245299,0.1971367451044923,4733,1344,0.3578199052132701,0.0902300567672542,0.1441183488427583,3347,844,0.9931558935361215,0.5257648953301127,0.6875493550934456,2484,1315,0.6429942418426103,0.3495044340114762,0.4528556944913822,1917,1042,0.073343449671219,0.677570093457944,0.1323596531264262,214,1977,0.0491228070175438,0.5833333333333334,0.0906148867313915,24,285,1.2887455224990845,0.9375436305999756,266602,66,0.8088199355564655,0.9633527080295607,1.3898158073425293,0.7905547022819519,93189,23,0.7580911213869618,0.3235076669370755,1.2185603380203247,0.9397319555282592,298732,73,0.845224538005943,1.0730008750688285,0.0031848312355577,0.999567210674286,596161,146,0.3815460966339371,2.183133583981544,0.0078918216750025,0.9992974996566772,418507,103,0.3411039853105743,1.5138967080274597,6.056891542044468,0.0011079160030931,6.057999458047561,1.5273573340382427,7.585356792085804,0.0164349989499896
30,1.6445959935622918,0.9687261185579374,0.4303565559460752,0.3959630298463613,0.4303565559460752,0.3228554493654374,0.9654952202533654,0.413470124848704,0.0303951367781155,0.0172612197928653,0.9854402919976126,0.9974962530933764,0.9914316233147608,344284,348496,0.1452991452991453,0.6405797101449275,0.2368703108252947,345,1521,0.0878552971576227,0.1046153846153846,0.095505617977528,325,387,0.1271186440677966,0.0172612197928653,0.0303951367781155,869,118,0.490449148167269,0.2007183604479188,0.2848575712143928,4733,1937,0.3651037663335895,0.1419181356438601,0.2043889845094664,3347,1301,0.992080633549316,0.5547504025764896,0.7115930802995094,2484,1389,0.6450676982591876,0.3479394887845592,0.4520501524906811,1917,1034,0.074235807860262,0.7149532710280374,0.1345054945054945,214,2061,0.046979865771812,0.5833333333333334,0.0869565217391304,24,298,1.2955029010772705,0.936924695968628,266602,66,0.9796012777734178,0.9995155839715152,1.363215446472168,0.7963064312934875,93189,23,0.7698851772360873,0.346112500061281,1.2248759269714355,0.9400097727775574,298732,73,0.9885885190697232,1.130126041942276,0.003005777252838,0.9995739459991456,596161,146,0.358648704083075,2.175636167055927,0.0120301879942417,0.99944806098938,418507,103,0.3007639617371492,1.5066835830220953,6.158073876053095,0.001309375045821,6.159383251098916,1.519976875046268,7.679360126145184,0.0180893319193273
31,1.7002409567757393,0.9660039827969944,0.3823927307873986,0.3436015800441551,0.3823927307873986,0.2619271891415223,0.9605314080890393,0.4142188304661744,0.0150976909413854,0.0088680229525299,0.9827265213673504,0.9980975009004194,0.9903523725670182,344284,349669,0.1442974165091367,0.663768115942029,0.2370600414078675,345,1587,0.0806916426512968,0.0861538461538461,0.0833333333333333,325,347,0.1923076923076923,0.0172612197928653,0.0316789862724392,869,78,0.4582995951417004,0.1195858863300232,0.1896782841823056,4733,1235,0.4280039721946375,0.1287720346579026,0.1979788700045934,3347,1007,0.9914330218068536,0.5124798711755234,0.6756900212314225,2484,1284,0.0507462686567164,0.0088680229525299,0.0150976909413854,1917,335,0.0552708638360175,0.705607476635514,0.1025118805159538,214,2732,0.0522388059701492,0.5833333333333334,0.0958904109589041,24,268,1.272297501564026,0.9367033839225768,266602,66,0.7917510931572197,0.9581721250433476,1.3697268962860107,0.7930012941360474,93189,23,0.7687439588516789,0.3501890829065814,1.2129182815551758,0.9335223436355592,298732,73,1.00643910858238,1.058290124987252,0.0032774016726762,0.9995722770690918,596161,146,0.3863570615313911,2.1635695829754695,0.0072222659364342,0.9992855787277222,418507,103,0.3376132792917837,1.5432004160247743,6.073421331937425,0.0019995420007035,6.075420873938128,1.5296792919980362,7.605100165936165,0.0188755431445315
32,1.7063777279231933,0.9656692939739278,0.3832452442656427,0.3483491566802191,0.3832452442656427,0.2652594229006045,0.9602661880252472,0.4038820721856265,0.0125673249551166,0.0073030777256129,0.9826298116251264,0.9978651345981806,0.9901888728444488,344284,349622,0.1434977578475336,0.5565217391304348,0.2281639928698752,345,1338,0.1043643263757115,0.1692307692307692,0.1291079812206572,325,527,0.25,0.0172612197928653,0.0322927879440258,869,60,0.4532243415077202,0.1054299598563279,0.1710661638669866,4733,1101,0.4020296643247463,0.1538691365401852,0.2225583405358686,3347,1281,0.9903225806451612,0.4943639291465378,0.6595059076262084,2484,1240,0.045016077170418,0.0073030777256129,0.0125673249551166,1917,311,0.0538132573057733,0.705607476635514,0.1,214,2806,0.05859375,0.625,0.1071428571428571,24,256,1.2963824272155762,0.9362307786941528,266602,66,0.9898478117447748,0.9722330000950024,1.3764348030090332,0.7942783236503601,93189,23,0.7736871279193576,0.3327729169977829,1.2247257232666016,0.9406859874725342,298732,73,1.0562044815089924,1.099021750036627,0.0029880425427109,0.9996158480644226,596161,146,0.3510264240116493,2.318452666979283,0.0056639784015715,0.999421775341034,418507,103,0.3161744169652829,1.515187209006399,6.237667543115094,0.0021583749912679,6.239825918106362,1.5119240409694612,7.751749959075823,0.0159489568322896
33,1.677009394066613,0.9655772545475844,0.3871222290695363,0.3356413876449737,0.3871222290695363,0.2669460344158308,0.9606334650369504,0.4098409475996781,0.0133928571428571,0.0078247261345852,0.9835056093530268,0.9974033065724808,0.9904057061028246,344284,349149,0.1484536082474226,0.208695652173913,0.1734939759036144,345,485,0.1123213070115725,0.5076923076923077,0.1839464882943143,325,1469,0.2280701754385964,0.0149597238204833,0.0280777537796976,869,57,0.4472440944881889,0.1200084512993872,0.1892387139763451,4733,1270,0.389025389025389,0.1419181356438601,0.2079684763572679,3347,1221,0.8846918489065606,0.5374396135265701,0.6686701728024043,2484,1509,0.0464396284829721,0.0078247261345852,0.0133928571428571,1917,323,0.0539007092198581,0.7102803738317757,0.1001977587343441,214,2820,0.0627615062761506,0.625,0.1140684410646387,24,239,1.2557730674743652,0.9394078254699708,266602,66,0.7850823296438043,0.9751175829442218,1.361866474151611,0.7943856120109558,93189,23,0.7385949579686584,0.3143172078998759,1.2035081386566162,0.940943717956543,298732,73,0.8949584846467964,1.1106161250500008,0.003057436319068,0.9995437264442444,596161,146,0.3489690044217703,2.324996624956839,0.0092400358989834,0.9991278648376464,418507,103,0.3447732856604113,1.5818342090351507,6.306881749886088,0.0010264159645885,6.307908165850677,1.5438894169637931,7.85179758281447,0.0152657501166686
34,1.6757598648804362,0.9668881191045958,0.4166846122083475,0.3814507506095839,0.4166846122083475,0.2940058625085048,0.9621860179484576,0.4111429206918379,0.0261569416498993,0.0149597238204833,0.9835542703352708,0.9977983292862868,0.9906250991271048,344284,349270,0.1183770883054892,0.7188405797101449,0.2032786885245901,345,2095,0.0788177339901477,0.0492307692307692,0.0606060606060606,325,203,0.104,0.0149597238204833,0.0261569416498993,869,125,0.4670245398773006,0.1286710331713501,0.2017558389928772,4733,1304,0.2717086834733893,0.0579623543471765,0.0955429697118936,3347,714,0.9935275080906149,0.4943639291465378,0.6602150537634408,2484,1236,0.6613545816733067,0.3463745435576421,0.4546388223211229,1917,1004,0.0660496424063946,0.7336448598130841,0.1211887302199922,214,2377,0.0700934579439252,0.625,0.1260504201680672,24,214,1.264634132385254,0.9389877319335938,266602,66,1.3342159682483985,1.012940541957505,1.3529934883117676,0.7966820001602173,93189,23,0.7760851413701718,0.3418925839941948,1.2002931833267212,0.9425371289253236,298732,73,0.9008718738436496,1.0755829999689013,0.0030487773474305,0.999560534954071,596161,146,0.3519553607095399,2.1556810420006514,0.0076591805554926,0.9991421699523926,418507,103,0.3374301928925037,1.4930464159697294,6.079143583890982,0.0013595420168712,6.080503125907853,1.554971875040792,7.635475000948645,0.0202164161019027
35,1.65068246096878,0.9674877699125904,0.425110080104403,0.3841517756532399,0.425110080104403,0.3070840470027479,0.9635920538075312,0.4178724351869028,0.026026026026026,0.0149597238204833,0.9845506825909214,0.9975165851448224,0.9909912249567884,344284,348818,0.1372891215823153,0.6840579710144927,0.2286821705426356,345,1719,0.0697050938337801,0.08,0.0744985673352435,325,373,0.1,0.0149597238204833,0.026026026026026,869,130,0.4593730006397952,0.1517008240016902,0.2280813214739517,4733,1563,0.3451923076923077,0.1072602330445174,0.1636653749715067,3347,1040,0.9576719576719576,0.5100644122383253,0.6656159705805096,2484,1323,0.6564659427443238,0.3468961919666145,0.4539249146757679,1917,1013,0.0674398625429553,0.7336448598130841,0.1235247836349331,214,2328,0.0638297872340425,0.625,0.1158301158301158,24,235,1.2610654830932615,0.9394190311431884,266602,66,0.8211683622337176,1.000528333010152,1.3653767108917236,0.7942031621932983,93189,23,0.7831529900921492,0.3732264999998733,1.1812719106674194,0.942922055721283,298732,73,0.859948837447265,1.0746553330682218,0.0031261015683412,0.9995236396789552,596161,146,0.3547084213878856,2.1914797499775887,0.0086599849164485,0.9990895986557008,418507,103,0.3365201635147491,1.5552794999675823,6.195169416023418,0.0011684590717777,6.196337875095196,1.5913484579650683,7.787686333060265,0.0188213759101927
36,1.646238798871002,0.9684751019406374,0.4311291376383946,0.4078531327173922,0.4311291376383946,0.3192577199455013,0.9645231607136174,0.4150580390452709,0.0268041237113402,0.0149597238204833,0.9843183315667344,0.998001649800746,0.9911127649079692,344284,349070,0.1417370325693606,0.6811594202898551,0.2346480279580629,345,1658,0.0961538461538461,0.0923076923076923,0.0941915227629513,325,312,0.1287128712871287,0.0149597238204833,0.0268041237113402,869,101,0.4980417754569191,0.1612085358123811,0.2435754189944134,4733,1532,0.4440191387559808,0.1386316103973708,0.2112932604735883,3347,1045,0.9916222391469915,0.5241545893719807,0.6858045825651831,2484,1313,0.6551724137931034,0.3468961919666145,0.4536152796725784,1917,1015,0.0683311432325887,0.7289719626168224,0.1249499399279134,214,2283,0.0704225352112676,0.625,0.1265822784810126,24,213,1.2640396356582642,0.9378999471664428,266602,66,0.9315150649153214,0.9760592089733108,1.3455150127410889,0.8014679551124573,93189,23,0.7559432283853081,0.3301510000601411,1.1827595233917236,0.942332923412323,298732,73,0.8695231897652319,1.1003625839948654,0.0031350872013717,0.9995370507240297,596161,146,0.3575538483782128,2.2971436249790713,0.0089950449764728,0.9991254806518556,418507,103,0.3344016833429233,1.5237288330681622,6.227445251075551,0.0012574580032378,6.228702709078789,1.5758257909910751,7.804528500069864,0.0179493320174515
37,1.638460036832469,0.967515660647846,0.4212153280178061,0.3873448261396089,0.4212153280178061,0.3101021307155048,0.9629451130690944,0.417591233436161,0.0263157894736842,0.0149597238204833,0.9836206378245596,0.9978970849647384,0.9907074318917476,344284,349281,0.1462522851919561,0.463768115942029,0.2223766504517025,345,1094,0.0972644376899696,0.2953846153846154,0.1463414634146341,325,987,0.1092436974789916,0.0149597238204833,0.0263157894736842,869,119,0.4762962962962963,0.1358546376505387,0.2114088443202367,4733,1350,0.3337547408343868,0.0788766059157454,0.1275978733687771,3347,791,0.9939804364183596,0.5318035426731079,0.6928927353789667,2484,1329,0.6,0.3489827856025039,0.4412928759894459,1917,1115,0.0686580472581364,0.719626168224299,0.1253561253561253,214,2243,0.0643776824034334,0.625,0.1167315175097276,24,233,1.2386828660964966,0.9407393932342528,266602,66,0.9408166501221618,0.9799829999683424,1.339629888534546,0.7985384464263916,93189,23,0.8103071593657718,0.3264234579401091,1.1819733381271362,0.94432133436203,298732,73,0.9374149527319195,1.131067999987863,0.0030418657697737,0.9995437264442444,596161,146,0.3569217570986689,2.1818448749836534,0.0063225398771464,0.9991995096206664,418507,103,0.318081173826277,1.4876816249452531,6.107000957825221,0.0011381249641999,6.108139082789421,1.5197097091004252,7.627848791889846,0.0149280001642182
38,1.580070985677336,0.9689882914693396,0.4351598915020743,0.3905987009164666,0.4351598915020743,0.32711301271977,0.9666436385478736,0.4078192218116639,0.0276100086281276,0.0184119677790563,0.9868736215864946,0.9968746732348874,0.9918489372985172,344284,347773,0.1328073635765943,0.5855072463768116,0.2165058949624866,345,1521,0.0619223659889094,0.2061538461538461,0.0952380952380952,325,1082,0.0551724137931034,0.0184119677790563,0.0276100086281276,869,290,0.5255540479421077,0.245510247200507,0.3346774193548387,4733,2211,0.4699205448354143,0.1236928592769644,0.195837275307474,3347,881,0.918197984588026,0.6235909822866345,0.742747542555742,2484,1687,0.6354961832061069,0.3474178403755869,0.4492411467116357,1917,1048,0.0711825487944891,0.5794392523364486,0.1267893660531697,214,1742,0.0488599348534201,0.625,0.0906344410876132,24,307,1.248703956604004,0.9400567412376404,266602,66,0.8867328228863061,1.0548883330775425,1.322181224822998,0.7998476028442383,93189,23,0.711614124341968,0.340290917083621,1.1774625778198242,0.941291868686676,298732,73,0.9689523957502444,1.1323231250280514,0.0031596668995916,0.9995622038841248,596161,146,0.3526050137412698,2.3138942500809208,0.0110372630879282,0.999342918395996,418507,103,0.3102415903989191,1.5584281659685075,6.399824791238643,0.0012296660570427,6.401054457295686,1.5352172079728916,7.936271665268578,0.0174580417806282
39,1.593388127891325,0.9697050833654076,0.4498322389167971,0.4015536944924734,0.4498322389167971,0.329990772019087,0.9667456493087764,0.4275801515292368,0.026639344262295,0.0149597238204833,0.9864543480508736,0.99754853551138,0.9919704234301888,344284,348156,0.1348132106118029,0.7217391304347827,0.2271897810218978,345,1847,0.1041666666666666,0.0461538461538461,0.0639658848614072,325,144,0.1214953271028037,0.0149597238204833,0.026639344262295,869,107,0.5298672566371682,0.202408620325375,0.2929215716251337,4733,1808,0.4692179700499168,0.1685091126381834,0.2479665860628709,3347,1202,0.9072922555115884,0.6461352657004831,0.7547613449329885,2484,1769,0.625587958607714,0.3468961919666145,0.4463087248322148,1917,1063,0.0702702702702702,0.7289719626168224,0.1281840591618734,214,2220,0.0663716814159292,0.625,0.12,24,226,1.2320752143859863,0.9420822262763976,266602,66,0.8228556040952761,0.9597502499818802,1.339384913444519,0.8002554178237915,93189,23,0.7488886626144517,0.3587442920543253,1.1787457466125488,0.9447933435440063,298732,73,0.9730262105417514,1.069003124954179,0.0032559870742261,0.999466598033905,596161,146,0.3706363932394131,2.2164976669009775,0.0097833555191755,0.9990370273590088,418507,103,0.3524168159542561,1.5807002499932423,6.184695583884604,0.0021786249708384,6.186874208855443,1.6062999160494655,7.793174124904908,0.0189370410516858
40,1.5826130748650042,0.9697134505859843,0.4431994488221432,0.4009123925594738,0.4431994488221432,0.3228747484902773,0.9663439807381164,0.4291171727489035,0.022944550669216,0.0138089758342922,0.9857922838788902,0.997987126906856,0.9918522228492828,344284,348543,0.1390284757118928,0.7217391304347827,0.2331460674157303,345,1791,0.07,0.0215384615384615,0.0329411764705882,325,100,0.0677966101694915,0.0138089758342922,0.022944550669216,869,177,0.5514285714285714,0.2038875977181491,0.2977016813203764,4733,1750,0.4462719298245614,0.1216014341201075,0.1911246771542615,3347,912,0.9793939393939394,0.6505636070853462,0.7818093855829705,2484,1650,0.6462585034013606,0.3468961919666145,0.451459606245757,1917,1029,0.0671834625322997,0.7289719626168224,0.1230283911671924,214,2322,0.0559701492537313,0.625,0.1027397260273972,24,268,1.2500693798065186,0.9425098299980164,266602,66,0.8334323655332554,0.9521334579912946,1.333735704421997,0.803581953048706,93189,23,0.7030027826371646,0.3247030420461669,1.172287106513977,0.9427513480186462,298732,73,0.9662386202427384,1.0847992090275511,0.0032102579716593,0.9994816780090332,596161,146,0.3631563656160974,2.1656785840168595,0.0096670994535088,0.9989367127418518,418507,103,0.3532361879293267,1.5211242079967633,6.0484385010786355,0.0011408749269321,6.049579376005568,1.4767541670007631,7.526333543006331,0.0186716648750007
41,1.6145983332000509,0.9676941613534816,0.4301240497912915,0.3591099637121561,0.4301240497912915,0.2788274825980434,0.9634324484265704,0.42803833576056,0.0,0.0,0.9853528895718536,0.9982950122573224,0.9917817310883148,344284,348806,0.1433778857837181,0.6840579710144927,0.2370668006027122,345,1646,0.1081081081081081,0.0738461538461538,0.0877513711151736,325,222,0.2321428571428571,0.0149597238204833,0.0281081081081081,869,56,0.5623100303951368,0.1954362983308683,0.2900595798055816,4733,1645,0.4436274509803921,0.1081565581117418,0.1739130434782608,3347,816,0.9920477137176938,0.6026570048309179,0.7498121712997746,2484,1509,0.0,0.0,0.0,1917,5,0.0521327014218009,0.8738317757009346,0.0983951591686398,214,3587,0.072,0.75,0.1313868613138686,24,250,1.2281723022460938,0.9416058659553528,266602,66,0.8748085733788579,1.0366501250537112,1.32818341255188,0.8032063841819763,93189,23,0.745876776891917,0.4177951660240069,1.174885630607605,0.9441773891448976,298732,73,0.908673176590272,1.1333098750328645,0.003035842673853,0.9995420575141908,596161,146,0.370017283709172,2.2322025829926133,0.0084001831710338,0.9990442395210266,418507,103,0.336942273838528,1.575852084090002,6.395809833193198,0.0023166249739006,6.3981264581670985,1.561872374964878,7.959998833131976,0.443293749820441
42,1.5657011751630203,0.968533672484674,0.4206481366095161,0.3646732607575128,0.4206481366095161,0.2885011206309816,0.9652903905579734,0.4416438381478415,0.0127099409895596,0.0073030777256129,0.9867914286452814,0.99796679485541,0.9923476497797008,344284,348183,0.1303441084462982,0.7246376811594203,0.2209456473707468,345,1918,0.0963855421686747,0.0492307692307692,0.065173116089613,325,166,0.2166666666666666,0.0149597238204833,0.0279870828848223,869,60,0.5480554313813143,0.2590323262201564,0.351793400286944,4733,2237,0.4930278884462151,0.1478936360920227,0.2275339002528154,3347,1004,0.9932840832773674,0.5954106280193237,0.7445255474452555,2484,1489,0.0489510489510489,0.0073030777256129,0.0127099409895596,1917,286,0.0559068219633943,0.7850467289719626,0.1043802423112768,214,3005,0.0773195876288659,0.625,0.1376146788990825,24,194,1.2425734996795654,0.9434887766838074,266602,66,0.8363617829681846,1.0051651250105351,1.3391886949539185,0.7998476028442383,93189,23,0.7317089559344349,0.3412402080139145,1.1645807027816772,0.9464436173439026,298732,73,0.8065364085664012,1.1217576250201091,0.0030352361500263,0.99953031539917,596161,146,0.3452419950850012,2.242131291073747,0.0080206794664263,0.9992998838424684,418507,103,0.3049881798140097,1.6306097499327734,6.340903999051079,0.0012912499951198,6.342195249046199,1.6233756250003353,7.965570874046534,0.0168385850265622
43,1.5619047153122876,0.9684304767642284,0.415941526296793,0.361091547771284,0.415941526296793,0.2899539051777175,0.9644048092797376,0.4452045752420543,0.0133392618941751,0.0078247261345852,0.985326792794704,0.9982485389968748,0.9917455773695214,344284,348799,0.1405805350028457,0.7159420289855073,0.2350142721217887,345,1757,0.0852272727272727,0.0461538461538461,0.059880239520958,325,176,0.1160714285714285,0.0149597238204833,0.0265035677879714,869,112,0.5922774869109948,0.1912106486372279,0.2890911994888995,4733,1528,0.516728624535316,0.1661189124589184,0.2514130680533574,3347,1076,0.9932432432432432,0.6509661835748792,0.7864785992217899,2484,1628,0.0451807228915662,0.0078247261345852,0.0133392618941751,1917,332,0.0538617886178861,0.7429906542056075,0.1004421983575489,214,2952,0.0824175824175824,0.625,0.145631067961165,24,182,1.2344523668289185,0.943470060825348,266602,66,0.7799723489476498,1.0412782909115776,1.3227570056915283,0.802702009677887,93189,23,0.7614899933714286,0.3502679170342162,1.1669195890426636,0.9461323022842408,298732,73,0.9002936387527676,1.1585440000053495,0.0030697556212544,0.999540388584137,596161,146,0.353485869668901,2.2785405409522355,0.006036065518856,0.9992473125457764,418507,103,0.3276753186116156,1.639820707961917,6.468451456865296,0.0014699170133098,6.469921373878606,1.617622666992247,8.087544040870853,0.0167510011233389
44,1.5505380511205105,0.9703354139821834,0.4548567581540985,0.4406289322909334,0.4548567581540985,0.3454350395824959,0.96762427551908,0.4395880486473023,0.0245649948822927,0.0138089758342922,0.9861457125472142,0.997969699434188,0.9920224745054108,344284,348412,0.1455108359133126,0.6811594202898551,0.2397959183673469,345,1615,0.0587275693311582,0.1107692307692307,0.0767590618336887,325,613,0.1111111111111111,0.0138089758342922,0.0245649948822927,869,108,0.5810356422326832,0.1825480667652651,0.2778135048231511,4733,1487,0.5160370634354954,0.2163131162234837,0.3048421052631579,3347,1403,0.9932473910374464,0.6513687600644122,0.7867736445416971,2484,1629,0.8722002635046113,0.3453312467396974,0.4947683109118087,1917,759,0.0668968493741907,0.7242990654205608,0.1224812327143421,214,2317,0.0753768844221105,0.625,0.1345291479820627,24,199,1.2273434400558472,0.9450416564941406,266602,66,1.0064042414175227,1.0074914160650223,1.3361010551452637,0.8048267364501953,93189,23,0.793873304477613,0.324385542073287,1.1549034118652344,0.947585105895996,298732,73,0.831380384144457,1.084366208058782,0.0030646286904811,0.9995152354240416,596161,146,0.3453557082503287,2.1803783329669386,0.0057606622576713,0.9993333220481871,418507,103,0.3132446066299394,1.5237325419439005,6.12035404110793,0.0012676670448854,6.121621708152816,1.4951612920267507,7.616783000179566,0.015396375907585
45,1.5285047121469295,0.9688823066753686,0.4263017102765912,0.3599025889356785,0.4263017102765912,0.2959274920192828,0.9655882234714288,0.4375790313970776,0.011722272317403,0.0067814293166405,0.9864751192147472,0.9980423139036376,0.9922250055948196,344284,348321,0.1454326923076923,0.7014492753623188,0.2409158785465405,345,1664,0.0863309352517985,0.0738461538461538,0.0796019900497512,325,278,0.0970149253731343,0.0149597238204833,0.0259222333000997,869,134,0.5951248513674198,0.2114937671667018,0.3120810600155884,4733,1682,0.5401111993645751,0.2031670152375261,0.2952670429874077,3347,1259,0.9884146341463416,0.6525764895330113,0.7861299709020368,2484,1640,0.0431893687707641,0.0067814293166405,0.011722272317403,1917,301,0.0549486924859318,0.7757009345794392,0.1026275115919629,214,3021,0.0619834710743801,0.625,0.112781954887218,24,242,1.237965703010559,0.9410244226455688,266602,66,0.8858346508356693,0.9949383749626576,1.3157023191452026,0.8086147308349609,93189,23,0.7108799497136238,0.3334422080079093,1.1621036529541016,0.9461490511894226,298732,73,0.9511417833577532,1.1057166660903022,0.0030416958034038,0.9994800090789796,596161,146,0.3467607295988043,2.198426958057098,0.0062432442791759,0.9992664456367492,418507,103,0.2976812477641083,1.586974750040099,6.219498957158066,0.001440167077817,6.220939124235883,1.5976608329219744,7.818599957157858,0.0179559178650379
46,1.570413293929953,0.968338437337885,0.4179978625341459,0.3881816415632531,0.4179978625341459,0.2862639222269577,0.9644532894871348,0.4387183925483433,0.013191273465246,0.0067814293166405,0.985334342582876,0.998184638263759,0.9917178648828814,344284,348774,0.1392476137001684,0.7188405797101449,0.2333019755409219,345,1781,0.0498154981549815,0.083076923076923,0.0622837370242214,325,542,0.2121212121212121,0.0161104718066743,0.0299465240641711,869,66,0.619128466327108,0.2311430382421297,0.3366153846153846,4733,1767,0.5188053097345132,0.1401254855094114,0.2206539637732298,3347,904,0.992,0.5990338164251208,0.7469879518072289,2484,1500,0.2407407407407407,0.0067814293166405,0.013191273465246,1917,54,0.055498808307797,0.7616822429906542,0.1034592192954617,214,2937,0.0691244239631336,0.625,0.1244813278008298,24,217,1.209699273109436,0.9442539811134338,266602,66,0.7666328460238834,1.054770000046119,1.3203116655349731,0.8064470887184143,93189,23,0.7666903486893931,0.343143375008367,1.1341410875320437,0.9466411471366882,298732,73,0.8216776897913008,1.098036166979,0.0029640148859471,0.9995622038841248,596161,146,0.3578429585120917,2.159697125083767,0.0090035516768693,0.9990418553352356,418507,103,0.3525838347156681,1.5221738750115037,6.177820542128757,0.0014972500503063,6.179317792179063,1.5291129999095574,7.70843079208862,0.0153550407849252
47,1.5313981543584247,0.9691835266161286,0.4259381865769969,0.3617100879420408,0.4259381865769969,0.2999394330708541,0.9660862936740078,0.4480833095810596,0.0134649910233393,0.0078247261345852,0.9868778540452052,0.9980742642701956,0.99244448167007,344284,348190,0.1462649089767733,0.6753623188405797,0.240454076367389,345,1593,0.093093093093093,0.0953846153846153,0.094224924012158,325,333,0.116504854368932,0.0138089758342922,0.0246913580246913,869,103,0.5997952917093142,0.2476230720473272,0.3505308808135187,4733,1954,0.5091514143094842,0.1828503137137735,0.2690701253022642,3347,1202,0.9926425505824648,0.6517713365539453,0.7868772782503037,2484,1631,0.0482315112540192,0.0078247261345852,0.0134649910233393,1917,311,0.0541168658698539,0.7616822429906542,0.1010539367637941,214,3012,0.0704225352112676,0.625,0.1265822784810126,24,213,1.208027482032776,0.9451054334640504,266602,66,0.7679148844060527,0.963848915998824,1.2958593368530271,0.8070587515830994,93189,23,0.7665874953710492,0.3363350839354098,1.1471877098083496,0.9445790648460388,298732,73,0.9301942918592688,1.0974358329549432,0.0031210181768983,0.9995420575141908,596161,146,0.3424583753845902,2.1731529579265043,0.0078655024990439,0.9991541504859924,418507,103,0.3133600909338863,1.5362794160610065,6.107052206876688,0.0011338751064613,6.108186081983149,1.5098536659497768,7.618039747932926,0.0179097931832075
48,1.4792159260489302,0.9691389014397196,0.4433440044561504,0.3620265825736086,0.4433440044561504,0.301037340138948,0.9672930581694682,0.4471481658645005,0.0117700316885468,0.0067814293166405,0.9887368317983632,0.9972203181094678,0.9929604553434308,344284,347238,0.133402813965607,0.7420289855072464,0.2261484098939929,345,1919,0.1003717472118959,0.083076923076923,0.0909090909090909,325,269,0.096551724137931,0.0161104718066743,0.0276134122287968,869,145,0.617011899515205,0.2957954785548278,0.3998857469294487,4733,2269,0.5469710272168569,0.1861368389602629,0.277753009362461,3347,1139,0.9872417982989063,0.6541867954911433,0.7869249394673123,2484,1646,0.0445205479452054,0.0067814293166405,0.0117700316885468,1917,292,0.0530098831985624,0.8271028037383178,0.0996341120180129,214,3339,0.0524475524475524,0.625,0.0967741935483871,24,286,1.2170964479446411,0.9429599046707152,266602,66,0.9330242002819564,0.9863093750318512,1.3093068599700928,0.809419572353363,93189,23,0.7396643004820407,0.3311048340983689,1.1454039812088013,0.9471968412399292,298732,73,0.9168936343345598,1.0875022079562768,0.0029501668177545,0.9995253086090088,596161,146,0.3448184116590815,2.1750405830098316,0.0089546563103795,0.9990585446357728,418507,103,0.3282299571046754,1.5420995840104297,6.122056584106758,0.0021811659680679,6.124237750074826,1.5329719999572262,7.657209750032052,0.0181900408351793
49,1.4875240114794264,0.9693369256600344,0.4561117665970983,0.3689202016733502,0.4561117665970983,0.2985392136242447,0.9673975037129764,0.4475902397501363,0.0020671834625322,0.0010432968179447,0.988701508481067,0.997371356205923,0.9930175090046516,344284,347303,0.1343600637280934,0.7333333333333333,0.2271095152603231,345,1883,0.0524412296564195,0.0892307692307692,0.0660592255125284,325,553,0.1304347826086956,0.0138089758342922,0.0249739854318418,869,92,0.6111862877762743,0.2862877667441369,0.3899280575539568,4733,2217,0.5728395061728395,0.2079474155960561,0.3051293292415607,3347,1215,0.987257281553398,0.6549919484702094,0.787512100677638,2484,1648,0.1111111111111111,0.0010432968179447,0.0020671834625322,1917,18,0.054951878298665,0.8271028037383178,0.1030567685589519,214,3221,0.0459183673469387,0.75,0.0865384615384615,24,392,1.2117875814437866,0.9450604319572448,266602,66,0.8694120382473156,0.9787063749972732,1.3151254653930664,0.8089795708656311,93189,23,0.7123918963967678,0.3249834590824321,1.1427052021026611,0.9481776356697084,298732,73,0.8404957098208533,1.0767610829789191,0.0031957968603819,0.9994917511940002,596161,146,0.3589357139917575,2.140752709005028,0.0071717635728418,0.9991828203201294,418507,103,0.2976063526078027,1.5050980420783162,6.0263016681419685,0.0021861669374629,6.0284878350794315,1.5352943339385092,7.563782169017941,0.016929956851527
50,1.5200558986662664,0.9692867223365742,0.4417437510172087,0.3876394735132271,0.4417437510172087,0.2922468042160873,0.966444090830621,0.4424542688256254,0.0142421159715157,0.0073030777256129,0.9873653055946668,0.9980510276399716,0.9926794107705684,344284,348010,0.1425260718424102,0.7130434782608696,0.2375663930468372,345,1726,0.0526315789473684,0.083076923076923,0.0644391408114558,325,513,0.15,0.0138089758342922,0.0252897787144362,869,80,0.6181998021760633,0.2641031058525248,0.3700962250185048,4733,2022,0.5592039800995025,0.1679115625933672,0.2582720588235294,3347,1005,0.9890377588306942,0.6537842190016103,0.7872031022782355,2484,1642,0.2857142857142857,0.0073030777256129,0.0142421159715157,1917,49,0.0544488711819389,0.7663551401869159,0.101673899566026,214,3012,0.0372670807453416,0.75,0.0710059171597633,24,483,1.1990731954574585,0.9463507533073424,266602,66,0.7571877372559684,0.972162708058022,1.2886282205581665,0.8141089677810669,93189,23,0.6979472164180307,0.3348250829149037,1.1537967920303345,0.9491350054740906,298732,73,0.9668074400160768,1.0958665419602769,0.0033313366584479,0.9994884133338928,596161,146,0.3619870220037087,2.1916139170061797,0.0094824489206075,0.9991254806518556,418507,103,0.3281697238517332,1.5273698749952018,6.121838124934584,0.0011698330054059,6.12300795793999,1.511113499989733,7.634121457929723,0.0171122499741613
51,1.4886213049643868,0.97021827289411,0.4695520538724553,0.3952947359966382,0.4695520538724553,0.3179680485323163,0.9687457259625548,0.4513230073391761,0.0150678051230537,0.0078247261345852,0.9891141800914548,0.9970808983281244,0.993081561776316,344284,347057,0.1290926099158091,0.8,0.2223117196939186,345,2138,0.1011235955056179,0.1107692307692307,0.105726872246696,325,356,0.1714285714285714,0.0138089758342922,0.0255591054313099,869,70,0.6158167675021607,0.3010775406718783,0.4044274159216688,4733,2314,0.6397476340694006,0.3029578727218404,0.4111922141119221,3347,1585,0.988456865127582,0.6549919484702094,0.7878934624697337,2484,1646,0.2027027027027027,0.0078247261345852,0.0150678051230537,1917,74,0.0538205980066445,0.7570093457943925,0.1004962779156327,214,3010,0.0616438356164383,0.75,0.1139240506329113,24,292,1.1941921710968018,0.94597190618515,266602,66,0.8489732926265751,0.9871544999768956,1.2915865182876587,0.8070587515830994,93189,23,0.7146297587924707,0.3482759589096531,1.1452986001968384,0.949389398097992,298732,73,0.8320967739120979,1.0843155829934403,0.0029952796176075,0.9995219707489014,596161,146,0.340216917350777,2.163545790943317,0.0100164022296667,0.9992330074310304,418507,103,0.3101050220105929,1.5019843330373988,6.085276165860705,0.0012267079437151,6.08650287380442,1.522563583101146,7.609066456905566,0.0181514590512961
52,1.4693018563494324,0.9716295440980416,0.4841526352467539,0.4524922442587248,0.4841526352467539,0.3602353717399046,0.9710073018763612,0.4414559232991397,0.0248447204968944,0.0138089758342922,0.9892059063435836,0.9968630549197756,0.993019719833978,344284,346949,0.1260732037957523,0.808695652173913,0.2181391712275215,345,2213,0.0461811722912966,0.08,0.0585585585585585,325,563,0.1237113402061855,0.0138089758342922,0.0248447204968944,869,97,0.6260195758564437,0.3243186139869005,0.4272790535838552,4733,2452,0.6098783106657122,0.2545563190917239,0.3591905564924115,3347,1397,0.963356973995272,0.6561996779388084,0.7806513409961686,2484,1692,0.9077134986225897,0.3437663015127803,0.498675747256905,1917,726,0.0715579710144927,0.7383177570093458,0.1304706853839801,214,2208,0.0612244897959183,0.625,0.1115241635687732,24,245,1.1942243576049805,0.9446065425872804,266602,66,0.9008938444392894,0.982826582971029,1.298266053199768,0.8132826685905457,93189,23,0.7069093048459211,0.3358875830890611,1.125907063484192,0.948288083076477,298732,73,0.8258766656930696,1.0866800409276038,0.003122225170955,0.9995051622390748,596161,146,0.3543742564318019,2.164577833027579,0.0087858093902468,0.9991899728775024,418507,103,0.3103462871665227,1.5174826249713078,6.087454664986581,0.0012395830126479,6.0886942479992285,1.5197362080216408,7.608430456020869,0.018222585087642
53,1.5120061958957287,0.9692560425277932,0.4270215313183588,0.3895929889286645,0.4270215313183588,0.2960162683324821,0.9657391171859394,0.4452625144577302,0.0122199592668024,0.0062597809076682,0.986042014540405,0.9982485389968748,0.9921077320554826,344284,348546,0.1436748712077847,0.7275362318840579,0.2399617590822179,345,1747,0.0445344129554655,0.0676923076923076,0.0537240537240537,325,494,0.1558441558441558,0.0138089758342922,0.0253699788583509,869,77,0.6493135011441648,0.2398056201140925,0.3502545903409967,4733,1748,0.5502742230347349,0.1798625634896922,0.27111011033551,3347,1094,0.986060606060606,0.6549919484702094,0.7871311078858249,2484,1650,0.2553191489361702,0.0062597809076682,0.0122199592668024,1917,47,0.0554225111187136,0.7570093457943925,0.1032833917755817,214,2923,0.0694444444444444,0.625,0.125,24,216,1.2020200490951538,0.9420222043991088,266602,66,0.8593678027090046,0.9473747500451282,1.2799103260040283,0.8183154463768005,93189,23,0.7508642276336813,0.3318283749977126,1.1258697509765625,0.948974311351776,298732,73,0.8828435387049923,1.0844057500362396,0.0031043393537402,0.999476671218872,596161,146,0.3538741084265366,2.1887777500087395,0.0060505322180688,0.9992664456367492,418507,103,0.3311816529588183,1.5316602080129087,6.084046833100729,0.0011909999884665,6.085237833089195,1.5141898340079931,7.5994276670971885,0.0186368329450488
54,1.5394932505437833,0.9690719636751064,0.4345278178664772,0.3897435388485236,0.4345278178664772,0.2936312835837941,0.9646720282920268,0.4390996466984684,0.0131445904954499,0.0067814293166405,0.9847482822126304,0.9986406571319028,0.9916458160579732,344284,349141,0.1462686567164179,0.7101449275362319,0.2425742574257425,345,1675,0.049090909090909,0.083076923076923,0.0617142857142857,325,550,0.1830985915492957,0.0149597238204833,0.0276595744680851,869,71,0.6322418136020151,0.2121276146207479,0.3176712545483309,4733,1588,0.5662393162393162,0.1583507618763071,0.2474900770487975,3347,936,0.9878419452887538,0.6541867954911433,0.787115524340034,2484,1645,0.2131147540983606,0.0067814293166405,0.0131445904954499,1917,61,0.0616203879802206,0.7570093457943925,0.1139641224059092,214,2629,0.073170731707317,0.75,0.1333333333333333,24,246,1.2027982473373413,0.9467708468437196,266602,66,0.8449891553229087,0.9881977919721976,1.2832586765289309,0.8156220316886902,93189,23,0.7177077931599091,0.331656499998644,1.1371811628341677,0.94987815618515,298732,73,1.0837427677641405,1.0848014579387382,0.002812772989273,0.9995554685592652,596161,146,0.3400288542245552,2.170066208927892,0.0054457373917102,0.9993811249732972,418507,103,0.3061331671849263,1.489130042027682,6.063852000865154,0.0012985420180484,6.065150542883202,1.523071917006746,7.588222459889948,0.0174602491315454
55,1.5200752481480884,0.9691444795867707,0.4271495969301765,0.3756275411591363,0.4271495969301765,0.2931968509846763,0.9648141711325658,0.4401300856631874,0.0,0.0,0.9848486584660162,0.9985622335048971,0.991658037215769,344284,349078,0.1471631205673758,0.7217391304347827,0.2444771723122238,345,1692,0.091254752851711,0.0738461538461538,0.0816326530612244,325,263,0.1578947368421052,0.0138089758342922,0.0253968253968253,869,76,0.6127946127946128,0.2307204732727656,0.3352264006139677,4733,1782,0.6531413612565445,0.1490887361816552,0.2427633179275115,3347,764,0.9878567091681846,0.6549919484702094,0.7877027354151537,2484,1647,0.0,0.0,0.0,1917,0,0.0572188955422488,0.8037383177570093,0.1068322981366459,214,3006,0.0641025641025641,0.625,0.1162790697674418,24,234,1.183013081550598,0.948233723640442,266602,66,0.8755192807012849,0.9703029999509454,1.2938381433486938,0.8158473372459412,93189,23,0.7522442650404433,0.3255865420214832,1.1259459257125854,0.949851393699646,298732,73,0.8577148875301975,1.081375667010434,0.0028533667791634,0.9995588660240172,596161,146,0.3292674402179571,2.141010166029446,0.0057998029515147,0.9993500709533693,418507,103,0.3005672650040193,1.5170142500428483,6.035289625055157,0.0012120410101488,6.0365016660653055,1.526244166074321,7.562745832139626,0.017402583034709
56,1.505251285444552,0.9690384947927996,0.4190584445028148,0.3825457127529681,0.4190584445028148,0.2929855878284614,0.9650729863795614,0.4387727310099792,0.0070814365199797,0.0036515388628064,0.985587109537394,0.9984721915627796,0.991987810737459,344284,348785,0.1419508326724821,0.518840579710145,0.2229140722291407,345,1261,0.0748502994011976,0.2307692307692307,0.1130369253956292,325,1002,0.1714285714285714,0.0138089758342922,0.0255591054313099,869,70,0.6197604790419161,0.2624128459750686,0.3687101083568354,4733,2004,0.6,0.1093516582013743,0.1849886277482941,3347,610,0.9902260232131948,0.6525764895330113,0.7867022567338025,2484,1637,0.1166666666666666,0.0036515388628064,0.0070814365199797,1917,60,0.0574195780006918,0.7757009345794392,0.1069243156199677,214,2891,0.0675675675675675,0.625,0.1219512195121951,24,222,1.1853407621383667,0.9486988186836244,266602,66,0.8160492114034489,0.9518262500641868,1.278375267982483,0.8141947984695435,93189,23,0.7364879720500277,0.3298897080821916,1.125471830368042,0.9502865672111512,298732,73,1.0317899774074026,1.0759710000129417,0.0028131564613431,0.9995688796043396,596161,146,0.3287399762129693,2.1620069169439375,0.0063411495648324,0.9992043375968932,418507,103,0.3051951308791844,1.5356275830417871,6.055321458145045,0.0012965420028194,6.056618000147864,1.5057990839704871,7.562417084118351,0.0194602088304236
57,1.4573262189087153,0.9700090923796932,0.4473554701111347,0.3774751473317801,0.4473554701111347,0.3121123000871124,0.9679099143662376,0.454134833865884,0.0123022847100175,0.0073030777256129,0.9880871213755764,0.9976240545596078,0.9928326860733844,344284,347607,0.1405579399141631,0.7594202898550725,0.2372114078768673,345,1864,0.0853658536585365,0.1076923076923077,0.0952380952380952,325,410,0.1206896551724138,0.0161104718066743,0.0284263959390862,869,116,0.6503656307129799,0.3006549757025142,0.4112122525646582,4733,2188,0.6475548060708263,0.2294592172094413,0.3388484447385837,3347,1186,0.9842615012106536,0.6545893719806763,0.7862669245647969,2484,1652,0.0389972144846796,0.0073030777256129,0.0123022847100175,1917,359,0.0568882796435915,0.7757009345794392,0.1060025542784163,214,2918,0.0619834710743801,0.625,0.112781954887218,24,242,1.181296706199646,0.9471684098243712,266602,66,0.8182668104376413,0.9723715409636496,1.2603174448013306,0.8128856420516968,93189,23,0.7524764351733338,0.3269787080353126,1.1208648681640625,0.9504271149635316,298732,73,0.9393834685040984,1.0741013750666752,0.0027898724656552,0.9995622038841248,596161,146,0.3274341622803345,2.1856145419878885,0.0068929800763726,0.9992210268974304,418507,103,0.3031840355476144,1.500304999994114,6.05937116604764,0.0011748749529942,6.060546041000634,1.5271960420068351,7.58774208300747,0.0169409590307623
58,1.48580242734231,0.9700788192178322,0.4365318556663232,0.3846279009719592,0.4365318556663232,0.309721558792821,0.9670355778293486,0.4616213725474061,0.0071364852809991,0.0041731872717788,0.986552890052296,0.998353103832882,0.9924179209627452,344284,348402,0.1483790523690773,0.6898550724637681,0.2442278091328886,345,1604,0.0898058252427184,0.1138461538461538,0.1004070556309362,325,412,0.134020618556701,0.0149597238204833,0.0269151138716356,869,97,0.6758767268862912,0.2687513205155292,0.3845804988662131,4733,1882,0.6750936329588015,0.2154167911562593,0.3266138165345413,3347,1068,0.9878493317132442,0.6545893719806763,0.787409200968523,2484,1646,0.0246153846153846,0.0041731872717788,0.0071364852809991,1917,325,0.0580062521708926,0.780373831775701,0.1079857743291303,214,2879,0.066079295154185,0.625,0.1195219123505976,24,227,1.1860271692276,0.947149693965912,266602,66,0.8669629670839446,0.9662412910256536,1.2708319425582886,0.817714512348175,93189,23,0.6924007148472796,0.3280088340397924,1.1154025793075562,0.9514548182487488,298732,73,0.8266659802334758,1.0613579159835351,0.0030092366505414,0.999493420124054,596161,146,0.3494348325054963,2.1786989169195294,0.0056243659928441,0.9993357062339784,418507,103,0.2978994426780991,1.4946518329670653,6.028958790935576,0.0012739999219775,6.0302327908575535,1.5195834159385413,7.549816206796095,0.0174528340576216
59,1.4618137769783184,0.9701624914235988,0.4487868165279354,0.3776724704790059,0.4487868165279354,0.311604432930864,0.9677526727436756,0.4646321004032921,0.0026478375992939,0.001564945226917,0.9875213031645078,0.9980452184824156,0.9927553713540304,344284,347953,0.1351351351351351,0.5797101449275363,0.2191780821917808,345,1480,0.0989208633093525,0.1692307692307692,0.1248581157775255,325,556,0.1192660550458715,0.0149597238204833,0.0265848670756646,869,109,0.6827902240325866,0.2833298119585886,0.4004778258921905,4733,1964,0.6482534524776604,0.238422467881685,0.3486238532110092,3347,1231,0.981981981981982,0.6582125603864735,0.7881417208966016,2484,1665,0.0085959885386819,0.001564945226917,0.0026478375992939,1917,349,0.0583590799862684,0.794392523364486,0.1087304125359769,214,2913,0.0559006211180124,0.75,0.1040462427745664,24,322,1.1901921033859253,0.94868004322052,266602,66,0.8467795726679478,0.9382813329575584,1.260001301765442,0.810621440410614,93189,23,0.7649687239961578,0.3268030409235507,1.1056760549545288,0.9512640237808228,298732,73,0.8778577930007139,1.0745524170342833,0.002981876488775,0.99949848651886,596161,146,0.3335174355443232,2.161791833001189,0.0063082156702876,0.9991684556007384,418507,103,0.3055550103456637,1.5221577079501003,6.023586331866682,0.001225791987963,6.024812123854645,1.4905190829886124,7.515331206843257,0.014882376184687
60,1.4283527871272783,0.9701903821588544,0.4676124991123113,0.4096120348268178,0.4676124991123113,0.32504865969395,0.9693156396559142,0.4552447215416363,0.034816247582205,0.0207134637514384,0.9894847589536644,0.9970750891705684,0.9932654233379484,344284,346925,0.1138545953360768,0.4811594202898551,0.1841375485302274,345,1458,0.0907063197026022,0.3753846153846153,0.1461077844311377,325,1345,0.109090909090909,0.0207134637514384,0.034816247582205,869,165,0.673487157161515,0.3268540038030847,0.4401137980085348,4733,2297,0.6586776859504132,0.2381236928592769,0.3497915295150318,3347,1210,0.9866747425802544,0.6557971014492754,0.7879081015719468,2484,1651,0.3605015673981191,0.0599895670318205,0.1028622540250447,1917,319,0.0579150579150579,0.7710280373831776,0.1077375122428991,214,2849,0.0557275541795665,0.75,0.1037463976945245,24,323,1.1797142028808594,0.9491714239120485,266602,66,0.8298259312731915,0.9696424580179156,1.272647261619568,0.8207728266716003,93189,23,0.7176596116619083,0.3318124579964205,1.1108994483947754,0.9519200921058656,298732,73,0.8916825960653061,1.1294815830187872,0.0029658724088221,0.99953031539917,596161,146,0.3347802665434151,2.302310750004835,0.0077627287246286,0.9992688298225404,418507,103,0.3113829156503781,1.6313305830117315,6.36457783204969,0.0017604170134291,6.366338249063119,1.6533641249407085,8.019702374003828,0.0176192090148106
61,1.4512573993146556,0.9705418054230746,0.4514390532250886,0.3821735361530676,0.4514390532250886,0.315738262950635,0.9677723458079258,0.4578749919184539,0.0019704433497536,0.0010432968179447,0.986759265641874,0.9978912758071824,0.9922940507067638,344284,348168,0.1411075612353567,0.7681159420289855,0.2384165542060279,345,1878,0.0875912408759124,0.0738461538461538,0.0801335559265442,325,274,0.1117318435754189,0.0230149597238204,0.0381679389312977,869,179,0.7056892778993435,0.2725544052398056,0.3932327389117512,4733,1828,0.7325925925925926,0.2954884971616373,0.4211198637428145,3347,1350,0.9180602006688964,0.6630434782608695,0.7699859747545582,2484,1794,0.0176991150442477,0.0010432968179447,0.0019704433497536,1917,113,0.0630329996292176,0.794392523364486,0.1167983510821023,214,2697,0.057471264367816,0.625,0.1052631578947368,24,261,1.176859974861145,0.9496740698814392,266602,66,0.8147101779928461,1.0112538329558447,1.2583221197128296,0.8195709586143494,93189,23,0.6765789357054506,0.388819208019413,1.1028625965118408,0.9497877955436708,298732,73,0.9593811700122382,1.0798038750654086,0.0030124683398753,0.999493420124054,596161,146,0.3479002022324436,2.1639914580155164,0.006239412818104,0.9992234110832214,418507,103,0.3064223387817092,1.594578249962069,6.238446624018252,0.0012688329443335,6.2397154569625854,1.4898860830580816,7.729601540020667,0.3432574180187657
62,1.4306742723418442,0.971155401598697,0.4785883498722737,0.4261528263362543,0.4785883498722737,0.3333908361472654,0.9699018298348184,0.4502865925996021,0.036734693877551,0.0207134637514384,0.9887522322714442,0.9970692800130124,0.992893339349554,344284,347180,0.1302717900656045,0.8057971014492754,0.2242839854780153,345,2134,0.0806916426512968,0.0861538461538461,0.0833333333333333,325,347,0.1621621621621621,0.0207134637514384,0.036734693877551,869,111,0.6845637583892618,0.3232622015634904,0.439150401836969,4733,2235,0.7111801242236024,0.342097400657305,0.4619729675206778,3347,1610,0.9401611047180668,0.6578099838969405,0.7740407389862625,2484,1738,0.4474708171206226,0.0599895670318205,0.1057957681692732,1917,257,0.0610599078341013,0.7429906542056075,0.112845990063875,214,2604,0.0552147239263803,0.75,0.1028571428571428,24,326,1.1734204292297363,0.9498090744018556,266602,66,0.927683865778416,0.9600414159940556,1.274665117263794,0.8183154463768005,93189,23,0.7982537850241449,0.3209061248926446,1.0907455682754517,0.9529042840003968,298732,73,0.8436522079460599,1.0579113330459222,0.0029293950647115,0.9994967579841614,596161,146,0.3363963505802558,2.1397889578947797,0.0079131331294775,0.9991039633750916,418507,103,0.318365043058723,1.546198167023249,6.024845998850651,0.0011690420797094,6.0260150409303606,1.5269939999561757,7.553009040886536,0.0166355851106345
63,1.448352736525489,0.9719837564357872,0.4834816681126692,0.4481780433699544,0.4834816681126692,0.361924729406286,0.9704551565693348,0.4510518154886856,0.0344827586206896,0.0195627157652474,0.9876946973292487,0.997365547048367,0.9925065648850548,344284,347655,0.1282051282051282,0.8260869565217391,0.2219626168224299,345,2223,0.0492700729927007,0.083076923076923,0.0618556701030927,325,548,0.1452991452991453,0.0195627157652474,0.0344827586206896,869,117,0.6896392229417206,0.3150221846608916,0.43248730964467,4733,2162,0.6621743036837376,0.2201971915147893,0.3304932735426009,3347,1113,0.975,0.6594202898550725,0.7867435158501441,2484,1680,0.7055555555555556,0.3974960876369327,0.5085085085085085,1917,1080,0.0889423076923077,0.6915887850467289,0.1576144834930777,214,1664,0.05,0.625,0.0925925925925925,24,300,1.1586097478866575,0.9498653411865234,266602,66,0.7780938872136098,0.9493496250361204,1.2549970149993896,0.8241637945175171,93189,23,0.6888580455773691,0.3190868340898305,1.087993025779724,0.9531687498092652,298732,73,0.8508168781849236,1.0662112080026418,0.0028928716201335,0.9995169043540956,596161,146,0.3439615909725215,2.14495408302173,0.0086831534281373,0.9990083575248718,418507,103,0.3298885129556895,1.5002847500145435,5.9798865001648664,0.0011804999085143,5.981067000073381,1.5083701660623774,7.489437166135758,0.0177527908235788
64,1.443045721770497,0.9709964244077404,0.4456708733070564,0.3936018850211903,0.4456708733070564,0.3149340768461806,0.9682920984453662,0.4736529580440075,0.011605415860735,0.0062597809076682,0.9869086188276924,0.9980423139036376,0.992444241622524,344284,348168,0.1400839454354669,0.7739130434782608,0.2372278987116837,345,1906,0.08,0.0492307692307692,0.0609523809523809,325,200,0.180327868852459,0.0126582278481012,0.0236559139784946,869,61,0.7074303405572755,0.2896682864990492,0.4110328286613701,4733,1938,0.7222222222222222,0.3107260233044517,0.4345101316064341,3347,1440,0.9288537549407114,0.6622383252818036,0.7732079905992949,2484,1771,0.0794701986754966,0.0062597809076682,0.011605415860735,1917,151,0.0597014925373134,0.7289719626168224,0.1103643438273788,214,2613,0.0510204081632653,0.625,0.0943396226415094,24,294,1.1663992404937744,0.950326681137085,266602,66,0.8079249701933745,0.9338645840762184,1.242238998413086,0.825880765914917,93189,23,0.6750213962382479,0.3196225001011044,1.0895590782165527,0.9541897177696228,298732,73,0.8617844086669482,1.0749217920238152,0.0029157770331948,0.9995269775390624,596161,146,0.3327365761533448,2.1310324580408633,0.0054179849103093,0.9993070363998412,418507,103,0.3016466082248702,1.5066150421043858,5.966056376346387,0.0012073339894413,5.967263710335828,1.481199458008632,7.44846316834446,0.019753664615564
65,1.4487525461027,0.9715793407745816,0.4495110883629404,0.4178120779834982,0.4495110883629404,0.3288616920892008,0.9690438949521278,0.4788071888174136,0.0266666666666666,0.0149597238204833,0.9868636402790938,0.9982892030997664,0.992543541731042,344284,348270,0.1430173864273696,0.7391304347826086,0.2396616541353383,345,1783,0.093984962406015,0.0769230769230769,0.0846023688663282,325,266,0.1226415094339622,0.0149597238204833,0.0266666666666666,869,106,0.7086693548387096,0.2970631734629199,0.4186392734851868,4733,1984,0.7161803713527851,0.3226770242007768,0.4449021627188465,3347,1508,0.9872881355932204,0.6566022544283414,0.7886847195357833,2484,1652,0.2984496124031007,0.0401669274908711,0.0708045977011494,1917,258,0.0631107491856677,0.7242990654205608,0.1161048689138576,214,2456,0.0579150579150579,0.625,0.1060070671378091,24,259,1.1587934494018557,0.9498015642166138,266602,66,0.8013454316458931,0.9608412079978734,1.2449549436569214,0.8259022235870361,93189,23,0.6842033495120459,0.3265644169878214,1.0835939645767212,0.952957808971405,298732,73,0.7980890498404735,1.07479091710411,0.0027951470110565,0.999540388584137,596161,146,0.3333550774831381,2.1315681249834597,0.0062980684451758,0.9991207122802734,418507,103,0.3035099683782816,1.4900262500159442,5.983790917089209,0.0012212500441819,5.985012167133391,1.5132450419478118,7.498257209081203,0.0201225829077884
66,1.3924182703701964,0.9713227460102304,0.4810380736487443,0.3802501977592979,0.4810380736487443,0.3248318160978173,0.9702499478591098,0.4631610092717461,0.0,0.0,0.9899264890368016,0.9970199021737868,0.9934605338369258,344284,346751,0.1288426763110307,0.8260869565217391,0.2229174814235432,345,2212,0.0921985815602836,0.08,0.085667215815486,325,282,0.1415094339622641,0.0172612197928653,0.0307692307692307,869,106,0.6855095541401274,0.3638284386224382,0.4753623188405797,4733,2512,0.7119845360824743,0.33014639976098,0.4511124719330475,3347,1552,0.9371069182389936,0.6598228663446055,0.7743916843845973,2484,1749,0.0,0.0,0.0,1917,49,0.0642292490118577,0.911214953271028,0.12,214,3036,0.0511945392491467,0.625,0.0946372239747634,24,293,1.1470273733139038,0.95143324136734,266602,66,0.906636949103997,0.9407947090221568,1.238408088684082,0.8261597156524658,93189,23,0.7160325360265173,0.3459454169496894,1.099241852760315,0.9531017541885376,298732,73,0.9118647211525328,1.0643654169980437,0.0028342411387711,0.9995739459991456,596161,146,0.3296556795558555,2.1131265410222113,0.0066242218017578,0.9992855787277222,418507,103,0.2869181721114165,1.504104166990146,5.968336250982247,0.0012485419865697,5.969584792968817,1.5073034999659285,7.4768882929347456,0.0201082909479737
67,1.425132560044966,0.9710466277312002,0.4551566977233131,0.3882121945698852,0.4551566977233131,0.317661579901379,0.9684702749065202,0.4708769099331628,0.0,0.0,0.9873410447804076,0.9981526878972012,0.9927174299258454,344284,348054,0.1422295442064799,0.7507246376811594,0.2391505078485687,345,1821,0.0963855421686747,0.0738461538461538,0.0836236933797909,325,249,0.1690140845070422,0.0138089758342922,0.025531914893617,869,71,0.7183673469387755,0.297485738432284,0.4207380845659644,4733,1960,0.698639942734431,0.2916044218703316,0.4114671163575042,3347,1397,0.9479467900520532,0.6598228663446055,0.7780678851174935,2484,1729,0.0,0.0,0.0,1917,117,0.0621976503109882,0.8411214953271028,0.1158301158301158,214,2894,0.06,0.625,0.1094890510948905,24,250,1.1599339246749878,0.9508180618286132,266602,66,0.7925863847447862,0.9359704590169712,1.2503459453582764,0.8230048418045044,93189,23,0.6996827743595585,0.3271111249923706,1.0928837060928345,0.9531352519989014,298732,73,0.8076594046475569,1.0736975410254672,0.0029689252842217,0.9994682669639589,596161,146,0.3403291824439141,2.147704750066623,0.0049483142793178,0.9993022680282592,418507,103,0.3075564683108969,1.5115213339449838,5.996005209046416,0.001227792003192,5.997233001049608,1.500240124994889,7.497473126044497,0.0169083739165216
68,1.4501108810327576,0.9710020025547912,0.4676993753778278,0.3918508875368438,0.4676993753778278,0.3213988827171938,0.9680240573043704,0.4717029789602742,0.0,0.0,0.986596213071419,0.9984170045659978,0.9924714122995324,344284,348409,0.1430192962542565,0.7304347826086957,0.2392026578073089,345,1762,0.0985401459854014,0.083076923076923,0.0901502504173622,325,274,0.1428571428571428,0.0184119677790563,0.0326197757390418,869,112,0.7120879120879121,0.2738221001478977,0.3955440256371128,4733,1820,0.7060518731988472,0.2927995219599641,0.4139387539598733,3347,1388,0.986682808716707,0.6561996779388084,0.7882011605415861,2484,1652,0.0,0.0,0.0,1917,60,0.066077738515901,0.8738317757009346,0.1228646517739816,214,2830,0.076595744680851,0.75,0.138996138996139,24,235,1.1605404615402222,0.9511556625366212,266602,66,0.7617289848129102,0.949917541933246,1.2114518880844116,0.8240886926651001,93189,23,0.7151626887718174,0.3223145001102239,1.0855952501296997,0.9529913067817688,298732,73,0.8882820914683051,1.082226083963178,0.0028618338983505,0.9995102286338806,596161,146,0.3303859467632132,2.1324789579957724,0.0053431941196322,0.9993285536766052,418507,103,0.2973945935719705,1.465002416050993,5.951939500053413,0.0011779160704463,5.95311741612386,1.507626875070855,7.460744291194715,0.0197616248624399
69,1.43778007763839,0.9712948552749748,0.4742353627308705,0.3947193566722944,0.4742353627308705,0.3267631751223331,0.9693165543717492,0.4684574032949536,0.0,0.0,0.9879584615827172,0.997560153826492,0.992736091479577,344284,347630,0.1297814207650273,0.8260869565217391,0.2243211334120425,345,2196,0.0981132075471698,0.08,0.0881355932203389,325,265,0.1707317073170731,0.0161104718066743,0.0294426919032597,869,82,0.7157695939565628,0.3203042467779421,0.4425631294701503,4733,2118,0.7320388349514563,0.3379145503435913,0.4623875715453802,3347,1545,0.9813365442504516,0.6561996779388084,0.7864897466827503,2484,1661,0.0,0.0,0.0,1917,55,0.0687022900763358,0.883177570093458,0.1274873524451939,214,2751,0.0627615062761506,0.625,0.1140684410646387,24,239,1.1486135721206665,0.9523221850395204,266602,66,0.7538500688304081,0.9329005829058588,1.224219560623169,0.825172483921051,93189,23,0.7383739442258755,0.3487626670394093,1.0787192583084106,0.952134370803833,298732,73,0.9486761229730268,1.0427839580224827,0.0027931199874728,0.9995169043540956,596161,146,0.3194351794883695,2.1520342499716207,0.0076838959939777,0.9990059733390808,418507,103,0.3175952348148494,1.4914892920060083,5.96797074994538,0.0021603340283036,5.970131083973683,1.4882249579532072,7.458356041926891,0.0168552501127123
70,1.444669582090952,0.9716713802009248,0.4928849929346273,0.4009291824681268,0.4928849929346273,0.3341049128801414,0.9702697281415252,0.4661374789368391,0.0,0.0,0.9891232022030124,0.997388783678591,0.9932387970120544,344284,347161,0.1281596452328159,0.8376811594202899,0.2223076923076923,345,2255,0.1,0.08,0.0888888888888888,325,260,0.2205882352941176,0.0172612197928653,0.032017075773746,869,68,0.7164716471647165,0.3363617156137756,0.4578001437814522,4733,2222,0.7240373395565928,0.3707798028084852,0.4904169136534281,3347,1714,0.983705491852746,0.6561996779388084,0.7872494566529824,2484,1657,0.0,0.0,0.0,1917,30,0.0638729300439337,0.883177570093458,0.1191301607311692,214,2959,0.0833333333333333,0.75,0.15,24,216,1.137914776802063,0.9523559212684632,266602,66,0.8572040902575583,0.9321175829973072,1.2357993125915527,0.8249579071998596,93189,23,0.7190135214869937,0.3169882919173687,1.0732555389404297,0.9549127817153932,298732,73,0.8542681492971975,1.0765950420172885,0.0029097509104758,0.999476671218872,596161,146,0.3291910787130224,2.121636249939911,0.009074579924345,0.9991947412490844,418507,103,0.315949739744592,1.4827559579862282,5.930093124858104,0.0020365420496091,5.932129666907713,1.5005747090326622,7.432704375940375,0.0161426251288503
71,1.3987188184258823,0.9723351797000072,0.4857232387727513,0.3922838093701187,0.4857232387727513,0.3362243662011305,0.9713174688273792,0.472952444735912,0.0,0.0,0.9901244253188508,0.9971128486946824,0.9936063490777108,344284,346714,0.1259774109470026,0.8405797101449275,0.219115980355119,345,2302,0.1023622047244094,0.08,0.0898100172711571,325,254,0.1818181818181818,0.0138089758342922,0.0256684491978609,869,66,0.693884892086331,0.4075639129516163,0.513509916145348,4733,2780,0.7409172126265634,0.3716761278757096,0.4950258654994031,3347,1679,0.9521586931155192,0.6570048309178744,0.7775131014768938,2484,1714,0.0,0.0,0.0,1917,57,0.0671019223793979,0.8644859813084113,0.1245371928643554,214,2757,0.0684931506849315,0.625,0.1234567901234567,24,219,1.1483174562454224,0.9500003457069396,266602,66,0.9082902938275056,1.0478352919453755,1.2166283130645752,0.827726423740387,93189,23,0.7102864534527819,0.3257260420359671,1.0663002729415894,0.9540424346923828,298732,73,0.8508990556731924,1.0566946669714523,0.0028221141546964,0.999508500099182,596161,146,0.3262811823995059,2.100077874958515,0.0078547075390815,0.9990752935409546,418507,103,0.2958216444579847,1.4589716660557317,5.989305541967042,0.0012630829587578,5.9905686249258,1.485142165911384,7.475710790837184,0.0166634989436715
72,1.4343608020968417,0.9718917170094438,0.4726539763751448,0.4049632478452832,0.4726539763751448,0.3315767761647717,0.9696648083547544,0.4779882183422959,0.0,0.0,0.9877000043127616,0.9978012338650648,0.9927249241065816,344284,347805,0.1334939759036144,0.8028985507246377,0.2289256198347107,345,2075,0.1044176706827309,0.08,0.0905923344947735,325,249,0.2558139534883721,0.0126582278481012,0.0241228070175438,869,43,0.7180944055944056,0.3471371223325586,0.4680244979347671,4733,2288,0.7455853499018966,0.3406035255452644,0.4675963904840032,3347,1529,0.961335676625659,0.6606280193236715,0.7831066571224051,2484,1707,0.0,0.0,0.0,1917,72,0.0717628705148206,0.8598130841121495,0.1324694024478041,214,2564,0.0714285714285714,0.625,0.1282051282051282,24,210,1.1424038410186768,0.9517820477485656,266602,66,0.7796540559168406,0.9209940420696512,1.2380685806274414,0.8221249580383301,93189,23,0.7723394013775756,0.34265254100319,1.0644035339355469,0.955649197101593,298732,73,0.7837798790592136,1.0368504580110312,0.0029040835797786,0.999508500099182,596161,146,0.3676202353406969,2.1269494589651003,0.0057913661003112,0.9992496967315674,418507,103,0.2997639257332474,1.4955222909338772,5.92296879098285,0.0011750829871743,5.924143873970024,1.4977690420346337,7.421912916004658,0.0174338339129462
73,1.357472855775924,0.971110776422288,0.4893183882298297,0.3769119219296522,0.4893183882298297,0.3202616028928932,0.970191828133734,0.4694666553623307,0.0,0.0,0.9903315156236476,0.996964715177005,0.9936370452499298,344284,346590,0.1262095077829196,0.8695652173913043,0.2204261572373255,345,2377,0.0864661654135338,0.0707692307692307,0.077834179357022,325,266,0.12,0.0138089758342922,0.0247678018575851,869,100,0.6961494471978651,0.3858018170293683,0.4964654703643284,4733,2623,0.7055722891566265,0.2799521959964147,0.400855614973262,3347,1328,0.928813559322034,0.6618357487922706,0.7729196050775741,2484,1770,0.0,0.0,0.0,1917,141,0.0613598673300165,0.8644859813084113,0.1145865593062867,214,3015,0.0542168674698795,0.75,0.1011235955056179,24,332,1.150820016860962,0.9529035687446594,266602,66,1.314180262218266,0.9302433750126512,1.232778787612915,0.8285419940948486,93189,23,0.7202208968085975,0.3178080830257386,1.0809872150421145,0.9539788365364076,298732,73,0.963563453797438,1.0599495419301093,0.0026890214066952,0.9995588660240172,596161,146,0.3148674486247835,2.118034833110869,0.0069464948028326,0.9991469383239746,418507,103,0.3056036345557932,1.4700813749805093,5.896117208059877,0.0012425419408828,5.89735975000076,1.4913958749966696,7.388755624997429,0.0175454589771106
74,1.3921856966677226,0.9711275108634414,0.4709012867430667,0.3857259285261639,0.4709012867430667,0.3186869505401309,0.9697806521142048,0.4755129112801637,0.0,0.0,0.9894962220979892,0.9973539287332552,0.9934095373657243,344284,347018,0.1267361111111111,0.8463768115942029,0.2204605511513779,345,2304,0.1011673151750972,0.08,0.0893470790378006,325,257,0.1346153846153846,0.0161104718066743,0.0287769784172661,869,104,0.7077848815344114,0.3976336361715614,0.5091991341991342,4733,2659,0.6942222222222222,0.2333432925007469,0.3492844364937388,3347,1125,0.9908424908424908,0.6533816425120773,0.7874818049490538,2484,1638,0.0,0.0,0.0,1917,145,0.0613742494996664,0.8598130841121495,0.1145703611457036,214,2998,0.0510204081632653,0.625,0.0943396226415094,24,294,1.1369575262069702,0.9532411694526672,266602,66,0.758203647014904,0.956151666934602,1.2112739086151123,0.8279625177383423,93189,23,0.6764143971097706,0.3192730830051005,1.0767920017242432,0.955676019191742,298732,73,0.7931046369469668,1.0594122500624508,0.0029974202625453,0.9994548559188844,596161,146,0.346768412938972,2.158363207941875,0.0067147742956876,0.9992377758026124,418507,103,0.3226924260033398,1.5148402500199154,6.0080404579639435,0.0012091669486835,6.009249624912627,1.6199847500538451,7.629234374966472,0.0163367090281099
75,1.412684173652852,0.9711079873487624,0.4539407877681604,0.3939094495701389,0.4539407877681604,0.3196527003852259,0.968557177484685,0.4767142523627198,0.0,0.0,0.9867950868646016,0.9978128521801768,0.9922733863653432,344284,348128,0.1324137931034482,0.8347826086956521,0.2285714285714285,345,2175,0.0825242718446602,0.0523076923076923,0.064030131826742,325,206,0.1083333333333333,0.0149597238204833,0.0262891809908999,869,120,0.7104810996563574,0.3494612296640608,0.4684888825945333,4733,2328,0.809040590405904,0.2620256946519271,0.3958474385014669,3347,1084,0.980722891566265,0.6553945249597424,0.7857142857142857,2484,1660,0.0,0.0,0.0,1917,114,0.064128256513026,0.7476635514018691,0.1181247692875599,214,2495,0.0646551724137931,0.625,0.1171875,24,232,1.1371846199035645,0.9538187980651855,266602,66,0.8374439446039167,1.019920791964978,1.2186741828918457,0.8254085779190063,93189,23,0.7528211853130833,0.3724998750258237,1.062858819961548,0.956221640110016,298732,73,0.8148911559495774,1.1225970829837024,0.002879393287003,0.9995219707489014,596161,146,0.3304411617932664,2.3248837500577793,0.0050630774348974,0.9993405342102052,418507,103,0.2822054096894503,1.6179270830471069,6.45782858307939,0.0012842499418184,6.459112833021209,1.6115958750015125,8.070708708022721,0.0180483339354395
76,1.4097356478458731,0.9722347730530873,0.469824330508276,0.3955417898410889,0.469824330508276,0.3331756997702866,0.9703509650176528,0.4786701294974502,0.0,0.0,0.9882862953683116,0.9978825620708484,0.9930612463163616,344284,347627,0.1355764473033152,0.7942028985507247,0.231614539306847,345,2021,0.0886524822695035,0.0769230769230769,0.0823723228995057,325,282,0.1415094339622641,0.0172612197928653,0.0307692307692307,869,106,0.7196377109921779,0.3693217832241707,0.4881318067578888,4733,2429,0.7594183740912095,0.3432925007469375,0.4728395061728395,3347,1513,0.989084293511219,0.6566022544283414,0.789257198161142,2484,1649,0.0,0.0,0.0,1917,103,0.067750677506775,0.8177570093457944,0.1251340722202359,214,2583,0.0655021834061135,0.625,0.1185770750988142,24,229,1.1306052207946775,0.9533686637878418,266602,66,0.8192145214439147,0.9999058329267428,1.2190569639205933,0.8260846138000488,93189,23,0.687200114426925,0.3498175831045955,1.0686707496643066,0.954962968826294,298732,73,0.9922452111055652,1.1694382090354338,0.0026943469420075,0.9995286464691162,596161,146,0.3192132210405859,2.306128790951334,0.0062778485007584,0.9992234110832214,418507,103,0.3035268917794069,1.6204995829612017,6.445789998979308,0.0011800000211223,6.44696999900043,1.625224458053708,8.072194457054138,0.0171062509762123
77,1.378999727397402,0.972178991582576,0.4716649832640881,0.3952916051847046,0.4716649832640881,0.3377390432249343,0.9709847738796676,0.4691946705967385,0.0,0.0,0.989222778224308,0.997374260784701,0.9932817957636986,344284,347121,0.1233456855479089,0.6753623188405797,0.2085944494180841,345,1889,0.1007462686567164,0.1661538461538461,0.1254355400696864,325,536,0.1511627906976744,0.0149597238204833,0.0272251308900523,869,86,0.7250303275374039,0.3788294950348616,0.4976408548431862,4733,2473,0.7492642731018246,0.3803406035255453,0.5045580657946889,3347,1699,0.987878787878788,0.6561996779388084,0.7885824866956942,2484,1650,0.0,0.0,0.0,1917,137,0.065040650406504,0.822429906542056,0.1205479452054794,214,2706,0.0612244897959183,0.625,0.1115241635687732,24,245,1.1247992515563965,0.954111397266388,266602,66,0.8759615008017246,1.0537932920269668,1.2355719804763794,0.8301194310188293,93189,23,0.7439486401123714,0.3557651669252664,1.053945541381836,0.956265151500702,298732,73,0.939605938385061,1.1690646250499412,0.0027378099039196,0.99953031539917,596161,146,0.3242724450298599,2.348640875075944,0.0057098376564681,0.9992951154708862,418507,103,0.2820757135661405,1.6323853339999914,6.55964929307811,0.0013862079940736,6.561035501072183,1.6362459589727223,8.197281460044906,0.0176376239396631
78,1.373046663854797,0.9737101929481063,0.5079593946051005,0.4711813175796052,0.5079593946051005,0.384111039976898,0.973239246433433,0.4802436662009818,0.0286591606960081,0.0161104718066743,0.9892585271965564,0.9972522684760255,0.9932393143848992,344284,347066,0.1264069264069264,0.8463768115942029,0.2199623352165725,345,2310,0.0957854406130268,0.0769230769230769,0.0853242320819112,325,261,0.1296296296296296,0.0161104718066743,0.0286591606960081,869,108,0.7149837133550488,0.3710120431016269,0.4885241340937543,4733,2456,0.7518939393939394,0.3558410516880789,0.483066315149057,3347,1584,0.9878934624697336,0.6570048309178744,0.7891682785299806,2484,1652,0.7701793721973094,0.3583724569640062,0.4891420434318262,1917,892,0.0843067546978161,0.7757009345794392,0.152084287677508,214,1969,0.0614754098360655,0.625,0.1119402985074626,24,244,1.1330461502075195,0.9535412192344666,266602,66,0.7974002546905855,1.0562590409535917,1.204803228378296,0.8319651484489441,93189,23,0.678848993544989,0.3829556660493836,1.0541118383407593,0.9568509459495544,298732,73,0.8101667644670025,1.134299875004217,0.0027194547001272,0.9994950890541076,596161,146,0.3257700900505078,2.3204556660493836,0.0063441470265388,0.9990776777267456,418507,103,0.3019880603456579,1.6617785419803113,6.555748790036887,0.0019022920168936,6.5576510820537806,1.6565483330050483,8.214199415058829,0.0194214179646223
79,1.3800022614002918,0.9720060690239916,0.4728097318121593,0.4295031676424273,0.4728097318121593,0.3374249869457037,0.9708490522586816,0.4726296433245002,0.0421455938697318,0.0253164556962025,0.9890093432103316,0.9973974974149248,0.9931857096580128,344284,347204,0.1246808510638297,0.8492753623188406,0.2174397031539888,345,2350,0.0914285714285714,0.0492307692307692,0.064,325,175,0.1257142857142857,0.0253164556962025,0.0421455938697318,869,175,0.7268571428571429,0.4031269807732939,0.5186191899972818,4733,2625,0.7703464947622884,0.2856289214221691,0.4167393199651264,3347,1241,0.9873341375150784,0.6590177133655395,0.7904394012554321,2484,1658,0.3491525423728813,0.0537297861241523,0.093128390596745,1917,295,0.064429012345679,0.780373831775701,0.1190306486101211,214,2592,0.066079295154185,0.625,0.1195219123505976,24,227,1.1242637634277344,0.952303409576416,266602,66,1.0627316260132265,0.9813001250149682,1.2198381423950195,0.8309242725372314,93189,23,0.6945729347491871,0.3574650839436799,1.059851884841919,0.9554952383041382,298732,73,0.9491591586924432,1.1157015830976889,0.0028325922321528,0.9995236396789552,596161,146,0.3258347354502041,2.1829636660404503,0.006766156759113,0.9991708397865297,418507,103,0.3071077266343562,1.5741472920635715,6.211577750160359,0.0012592090060934,6.212836959166452,1.633905207971111,7.846742167137563,0.0179665829055011
80,1.3402603112760418,0.9725583055820518,0.5042063430787507,0.4337566496480055,0.5042063430787507,0.3529224697537909,0.972453175023032,0.4749570931974868,0.0500431406384814,0.0333716915995397,0.9908149097511482,0.9969937609647848,0.9938947322701838,344284,346431,0.1255954958856648,0.8405797101449275,0.2185380557648832,345,2309,0.0931174089068826,0.0707692307692307,0.0804195804195804,325,247,0.1,0.0333716915995397,0.0500431406384814,869,290,0.7351475661172863,0.4052398056201141,0.5224734404794334,4733,2609,0.7213900539245057,0.3597251269793845,0.4800637958532695,3347,1669,0.9921116504854368,0.6582125603864735,0.7913843175217812,2484,1648,0.4406779661016949,0.081377151799687,0.1373844121532364,1917,354,0.0661308001461454,0.8457943925233645,0.1226702812605896,214,2737,0.0725806451612903,0.75,0.1323529411764706,24,248,1.135725021362305,0.9550641179084778,266602,66,0.8173242027252996,0.9637329160468652,1.2013641595840454,0.8334567546844482,93189,23,0.6815474044758218,0.3262001669500023,1.0649850368499756,0.9563254117965698,298732,73,1.0924368042393942,1.075108875054866,0.0027798921801149,0.9995219707489014,596161,146,0.3240480105357232,2.307132499990985,0.0066510024480521,0.9991230964660645,418507,103,0.3006121335913572,1.5241961249848828,6.196370583027601,0.0012166670057922,6.1975872500333935,1.582040167064406,7.7796274170978,0.0160994170000776
81,1.37631576030429,0.9713394804513836,0.4714347881713983,0.39385554270059747,0.4714347881713983,0.3281346932695844,0.9693542967495916,0.48836151572369363,0.0,0.0,0.9877493270757126,0.9976531003473876,0.9926765122395307,344284,347736,0.13095238095238096,0.8289855072463768,0.2261763542902333,345,2184,0.08664259927797834,0.07384615384615385,0.07973421926910298,325,277,0.11627906976744186,0.023014959723820484,0.03842459173871278,869,172,0.7385973516429623,0.31819142193112193,0.44477259303012406,4733,2039,0.7533422459893048,0.3367194502539588,0.46541399958703283,3347,1496,0.9914790018259282,0.6557971014492754,0.7894354252483644,2484,1643,0.0,0.0,0.0,1917,143,0.06995412844036697,0.8551401869158879,0.12932862190812722,214,2616,0.0635593220338983,0.625,0.11538461538461539,24,236,1.1273713111877441,0.9535599946975708,266602,66,0.7707708481510722,1.0267626250861213,1.2053180932998657,0.8333923816680908,93189,23,0.7195178037136726,0.3916619580704719,1.0509089231491089,0.9558969140052795,298732,73,0.9391113857232973,1.091647042077966,0.002971075940877199,0.9994497895240784,596161,146,0.3487316961061217,2.1900231660110876,0.005094882100820541,0.9992951154708862,418507,103,0.3016862814380018,1.5727960839867592,6.272890875232406,0.0011216249549761415,6.274012500187382,1.4775948750320822,7.751607375219464,0.4057369997026399
82,1.3536388987478218,0.9712139721427336,0.4822438173722527,0.4077741658760803,0.4822438173722527,0.32744173589262104,0.9697085059836669,0.4684509541809752,0.030612244897959183,0.01726121979286536,0.9886836991723642,0.9975601538264921,0.9931020922159619,344284,347375,0.1351221849544801,0.8173913043478261,0.23190789473684212,345,2087,0.08503401360544217,0.07692307692307693,0.08077544426494346,325,294,0.13513513513513514,0.01726121979286536,0.030612244897959183,869,111,0.7531380753138075,0.34227762518487215,0.4706565950029053,4733,2151,0.6908037653874004,0.28503137137735285,0.4035532994923858,3347,1381,0.9850029994001199,0.6610305958132046,0.7911346663454589,2484,1667,0.17674418604651163,0.0198226395409494,0.03564727954971857,1917,215,0.061163101604278076,0.8551401869158879,0.1141609482220836,214,2992,0.06691449814126393,0.75,0.12286689419795221,24,269,1.1226003170013428,0.9550415873527527,266602,66,0.973683083325947,0.9576142500154674,1.209180235862732,0.8238955140113831,93189,23,0.8351404259264712,0.32581687497440726,1.0607750415802002,0.9568141102790833,298732,73,0.9521876967723807,1.0886573750758544,0.0027723442763090134,0.9995236396789551,596161,146,0.3162595451475538,2.1890937499701977,0.005985674448311329,0.9992640614509583,418507,103,0.28886451930731477,1.4966014999663457,6.057783750002272,0.0012264589313417673,6.059010208933614,1.5649193749995902,7.623929583933204,0.017534834099933505
83,1.3840391817363054,0.9720311706857216,0.4694277919957738,0.3956371773469235,0.4694277919957738,0.3317872928081247,0.9698955629858116,0.48296720497291945,0.0009751340809361287,0.0005216484089723526,0.9877604885454043,0.9978709437557366,0.992789975899158,344284,347808,0.13336452971455312,0.8260869565217391,0.22965350523771152,345,2137,0.10084033613445378,0.07384615384615385,0.0852575488454707,325,238,0.1326530612244898,0.014959723820483314,0.02688728024819028,869,98,0.7317073170731707,0.34861609972533275,0.4722381224957069,4733,2255,0.7447081462475946,0.3468778010158351,0.4732980024459845,3347,1559,0.983243566726511,0.6614331723027376,0.7908543922984356,2484,1671,0.007462686567164179,0.0005216484089723526,0.0009751340809361287,1917,134,0.07107231920199501,0.7990654205607477,0.13053435114503817,214,2406,0.0635593220338983,0.625,0.11538461538461539,24,236,1.1150513887405396,0.9535750150680542,266602,66,0.8102918625872626,0.9663354170043021,1.207221508026123,0.8298726081848145,93189,23,0.6955261089871771,0.3218492909800261,1.0488563776016235,0.9570283889770508,298732,73,0.9091101608571286,1.0612301250221208,0.0027604929637163877,0.9995068311691284,596161,146,0.34879906088812757,2.1136357500217855,0.00551915867254138,0.9992998838424683,418507,103,0.2821305488658766,1.5741462080040947,6.037196791032329,0.0012976250145584345,6.038494416046888,1.5547689580125734,7.593263374059461,0.016477042925544083
84,1.318659260361816,0.9728344238610819,0.49570025420689473,0.4258070659809203,0.49570025420689473,0.3523825442223867,0.9729576703024939,0.4897115136681836,0.06677524429967427,0.047180667433831994,0.9913627001528138,0.9968020587654378,0.9940749387724362,344284,346173,0.12427506213753108,0.8695652173913043,0.21747009786154403,345,2414,0.09195402298850575,0.07384615384615385,0.08191126279863481,325,261,0.11420612813370473,0.047180667433831994,0.06677524429967427,869,359,0.7450761798587886,0.42362138178744985,0.5401400862068966,4733,2691,0.728278915329275,0.3931879294890947,0.5106713232440823,3347,1807,0.9879372738238842,0.6594202898550725,0.7909222597778851,2484,1658,0.3521594684385382,0.05529473135106938,0.09558160504959423,1917,301,0.06664113366526235,0.8130841121495327,0.12318584070796461,214,2611,0.056179775280898875,0.625,0.10309278350515463,24,267,1.1253758668899536,0.9550641179084778,266602,66,0.8404656879676347,0.9412305830046535,1.2158727645874023,0.8314607739448547,93189,23,0.7056086656263232,0.3209628750337288,1.0531198978424072,0.9574803113937378,298732,73,0.8270184810023132,1.087266292073764,0.0026690408121794462,0.9995319843292236,596161,146,0.31692105163566026,2.1374175420496613,0.008020379580557346,0.9993309378623962,418507,103,0.2970943687443707,1.5210983749711886,6.007975667132996,0.0012395409867167473,6.009215208119713,1.4913237079745159,7.500538916094229,0.018652915954589844
85,1.374124178789958,0.9720702177150794,0.4832629695559246,0.4330756294148822,0.4832629695559246,0.33453284282228757,0.9703703442233136,0.47917056995957036,0.03356367226061204,0.019562715765247412,0.9882210134818339,0.9978912758071824,0.9930326026791456,344284,347653,0.12727272727272726,0.8318840579710145,0.22076923076923077,345,2255,0.1206896551724138,0.021538461538461538,0.03655352480417755,325,58,0.11805555555555555,0.019562715765247412,0.03356367226061204,869,144,0.7426679280983917,0.3317135009507712,0.45859500511172774,4733,2114,0.7325728770595691,0.34538392590379446,0.46944162436548226,3347,1578,0.9897218863361548,0.6590177133655395,0.791203479942001,2484,1654,0.3763837638376384,0.053208137715179966,0.09323583180987204,1917,271,0.06923682140047208,0.822429906542056,0.12772133526850507,214,2542,0.06593406593406594,0.75,0.12121212121212122,24,273,1.1347333192825317,0.9540063738822937,266602,66,1.1487338148504673,0.9617151669226587,1.1896175146102905,0.8318578600883484,93189,23,0.6775482860815989,0.3285377500578761,1.0531986951828003,0.9564090967178345,298732,73,1.0002592787226738,1.0620388340903446,0.0028658672235906124,0.9994766712188721,596161,146,0.3325354902076028,2.138177708024159,0.004769354593008757,0.9992927312850952,418507,103,0.31179581283162244,1.4808097500354052,5.971279209130444,0.0012083749752491713,5.972487584105693,1.5193037090357393,7.491791293141432,0.019542706781066954
86,1.3561882668290501,0.9728455801551841,0.47848369504535804,0.4184369000965823,0.47848369504535804,0.3463730733113388,0.9717897869709793,0.48138443289304134,0.028836251287332648,0.01611047180667434,0.9894241323380706,0.9975485355113801,0.9934697242531404,344284,347111,0.1300407793384685,0.8318840579710145,0.2249216300940439,345,2207,0.1016949152542373,0.07384615384615385,0.0855614973262032,325,236,0.13725490196078433,0.01611047180667434,0.028836251287332648,869,102,0.7304210940574577,0.3921402915698289,0.510310695628265,4733,2541,0.7421236872812136,0.3800418285031371,0.5026674570243035,3347,1714,0.9939098660170523,0.6570048309178744,0.7910809500727096,2484,1642,0.22857142857142856,0.05425143453312467,0.08768971332209106,1917,455,0.07092819614711034,0.7570093457943925,0.1297037630104083,214,2284,0.06,0.625,0.10948905109489052,24,250,1.1043604612350464,0.9551053643226624,266602,66,0.7739733576065058,0.9471238340483978,1.205776333808899,0.8333601355552673,93189,23,0.7095258965833178,0.3450522079365328,1.0510865449905396,0.9575037360191345,298732,73,0.9097561161335438,1.0652429159963503,0.002782616298645735,0.9995286464691162,596161,146,0.32005867854317016,2.106600125087425,0.006186946295201778,0.9992330074310303,418507,103,0.30116782107026,1.5095093750860542,5.97352845815476,0.0013548750430345535,5.974883333197795,1.5143715830054134,7.489254916203208,0.020571874920278788
87,1.3490982577919262,0.9725499383614751,0.48674369283988944,0.397065274200322,0.48674369283988944,0.33866156413452336,0.9714819886960648,0.4754007302152101,0.0,0.0,0.9896955652018516,0.9973248829454753,0.9934955773977101,344284,346938,0.12537186570335743,0.855072463768116,0.21868050407709413,345,2353,0.10628019323671498,0.06769230769230769,0.08270676691729323,325,207,0.14516129032258066,0.020713463751438434,0.03625377643504532,869,124,0.7400635930047694,0.39340798647792097,0.513726031176714,4733,2516,0.7475672581568403,0.39020017926501344,0.5127601099332548,3347,1747,0.9861278648974668,0.6582125603864735,0.7894736842105263,2484,1658,0.0,0.0,0.0,1917,76,0.06865671641791045,0.8598130841121495,0.1271596406357982,214,2680,0.06172839506172839,0.625,0.11235955056179775,24,243,1.1060124635696411,0.9553041458129883,266602,66,0.7437169055753358,0.9340476670768112,1.1972918510437012,0.8266533613204956,93189,23,0.8263226533834667,0.3244935419643298,1.026735782623291,0.9571120738983154,298732,73,0.8148850718066852,1.0687792090466246,0.002788405865430832,0.999466598033905,596161,146,0.3216360150639649,2.149340834002942,0.005293738562613726,0.9993500709533691,418507,103,0.26450040172278966,1.5112850000150502,5.987946252105758,0.0019779580179601908,5.989924210123718,1.481923041981645,7.471847252105363,0.017523789894767106
88,1.3520041035130965,0.9728651036698629,0.48084716902581165,0.4410014764057525,0.48084716902581165,0.34376606210774185,0.9713074221871403,0.4848065897738755,0.02528977871443625,0.01380897583429229,0.9885390199898137,0.9978506117042907,0.9931729908891301,344284,347527,0.1336166194523135,0.8202898550724638,0.2298010556232237,345,2118,0.0967741935483871,0.046153846153846156,0.0625,325,155,0.15,0.01380897583429229,0.02528977871443625,869,80,0.7375565610859729,0.37882949503486163,0.5005583472920156,4733,2431,0.7569573283858998,0.36570062742754705,0.4931506849315068,3347,1617,0.9850209706411025,0.6618357487922706,0.7917168312063568,2484,1669,0.42677824267782427,0.053208137715179966,0.09461966604823747,1917,239,0.07354733848029256,0.8457943925233645,0.13532710280373833,214,2461,0.061224489795918366,0.625,0.11152416356877323,24,245,1.1068981885910034,0.9550415873527527,266602,66,0.7323819658214605,0.972363542066887,1.1914781332015991,0.8342400789260864,93189,23,0.7217575677756809,0.3377128749853,1.0419775247573853,0.9566735625267029,298732,73,1.0104739810006864,1.1312138750217855,0.002763058291748166,0.9994967579841614,596161,146,0.32268831526900976,2.1561581660062075,0.0053459531627595425,0.9993237853050232,418507,103,0.2868160369972629,1.4890418329741806,6.086490291054361,0.0012951659737154841,6.087785457028076,1.5274839169578627,7.615269373985939,0.017286666901782155
89,1.325543628661947,0.975272074122418,0.5362895278598401,0.4836731140100638,0.5362895278598401,0.4017629535339002,0.975234165492144,0.4946988799554507,0.03007518796992481,0.01611047180667434,0.990556401911225,0.9971738448490199,0.9938541081653803,344284,346584,0.12661498708010335,0.8521739130434782,0.2204724409448819,345,2322,0.09829059829059829,0.07076923076923076,0.08228980322003578,325,234,0.22580645161290322,0.01611047180667434,0.03007518796992481,869,62,0.7262825017568517,0.43672089583773505,0.5454545454545454,4733,2846,0.740128068303095,0.4144009560800717,0.5313158398774182,3347,1874,0.9832635983263598,0.6622383252818036,0.7914361318258359,2484,1673,0.7784679089026915,0.3922796035472092,0.5216788067984738,1917,966,0.09532062391681109,0.7710280373831776,0.16966580976863754,214,1731,0.072,0.75,0.13138686131386862,24,250,1.1104573011398315,0.9561706185340881,266602,66,0.8660547498417622,0.9373564999550581,1.1805545091629028,0.8334782123565674,93189,23,0.718159399907069,0.3547577920835465,1.0495662689208984,0.9580661058425903,298732,73,1.0789933193514978,1.0677434999961406,0.0028026029467582703,0.9995185732841492,596161,146,0.316035284376422,2.1110782499890774,0.011233995668590069,0.9988817572593689,418507,103,0.33559347443983256,1.5126825830666348,5.9836186250904575,0.0012430839706212282,5.984861709061079,1.5210326249944046,7.505894334055483,0.017708332976326346
90,1.3242803762957014,0.9735735283453543,0.4925018769535393,0.42814600627800575,0.4925018769535393,0.35362939738321014,0.9730931127536361,0.4920077825056347,0.031746031746031744,0.01726121979286536,0.9907503874447693,0.9971302761673502,0.9939300940234661,344284,346501,0.12664125370605675,0.8666666666666667,0.22099039172209903,345,2361,0.0851063829787234,0.04923076923076923,0.06237816764132553,325,188,0.19736842105263158,0.01726121979286536,0.031746031746031744,869,76,0.7221108884435538,0.45679273188252695,0.5595962210430956,4733,2994,0.739542665923034,0.39617567971317597,0.5159533073929962,3347,1793,0.982078853046595,0.6618357487922706,0.7907647907647908,2484,1674,0.29832935560859186,0.06520605112154408,0.10702054794520548,1917,419,0.07316017316017316,0.7897196261682243,0.13391442155309033,214,2310,0.06637168141592921,0.625,0.12,24,226,1.1038322448730469,0.9544376730918884,266602,66,0.7585185531045384,0.9458312500501052,1.1844431161880493,0.8357638716697693,93189,23,0.6875498967595529,0.32414841593708843,1.0302331447601318,0.9568877816200256,298732,73,0.9488608981841156,1.0741130000678822,0.0027756355702877045,0.9994632601737976,596161,146,0.3243782729282229,2.143367249984294,0.008132422342896461,0.9991828203201294,418507,103,0.31553369558942823,1.5058668750571087,5.993326791096479,0.001291917054913938,5.994618708151393,1.502809957950376,7.497428666101769,0.0172330008354038
91,1.354697843629977,0.9730212917872941,0.4841035863716804,0.4417303827800521,0.4841035863716804,0.34601502653450417,0.971462900668858,0.4972353015617104,0.026172300981461286,0.01380897583429229,0.9887406315837948,0.9978157567589548,0.9932574653621077,344284,347444,0.13258636788048553,0.8231884057971014,0.22838761560112586,345,2142,0.09917355371900827,0.07384615384615385,0.08465608465608465,325,242,0.25,0.01380897583429229,0.026172300981461286,869,48,0.7374710871241326,0.404183393196704,0.5221782448478232,4733,2594,0.7604035308953342,0.3603226770242008,0.48895195621325765,3347,1586,0.9855508729680915,0.6590177133655395,0.7898673100120627,2484,1661,0.31683168316831684,0.03338549817423057,0.060405851816894764,1917,202,0.07545605306799337,0.8504672897196262,0.13861386138613863,214,2412,0.07109004739336493,0.625,0.1276595744680851,24,211,1.1000770330429077,0.9552891850471497,266602,66,0.7950352267515453,0.9618369579548016,1.1888924837112427,0.8354955911636353,93189,23,0.732593157131847,0.32407816604245454,1.0218608379364014,0.958896279335022,298732,73,0.8032197494222341,1.0744522920576856,0.0028459280729293823,0.9994716048240662,596161,146,0.3251485511735866,2.1352980410447344,0.006923347245901823,0.9991326332092285,418507,103,0.3021841627048749,1.4781246249331161,5.973790082032792,0.0011904999846592546,5.9749805820174515,1.53070550004486,7.5056860820623115,0.020320000941865146
92,1.3628785805198467,0.9724885787439128,0.470802992787417,0.43493142321819167,0.470802992787417,0.33364145398656186,0.9702726196997288,0.4825624952959016,0.026970954356846474,0.014959723820483314,0.987476435698193,0.9980887871640854,0.992754251243738,344284,347984,0.13612313612313612,0.8202898550724638,0.2334983498349835,345,2079,0.09210526315789473,0.021538461538461538,0.034912718204488775,325,76,0.1368421052631579,0.014959723820483314,0.026970954356846474,869,95,0.7396226415094339,0.372702302979083,0.49564484405731946,4733,2385,0.7639575971731449,0.3229757992231849,0.45401091978160435,3347,1415,0.9797619047619047,0.6626409017713365,0.7905859750240154,2484,1680,0.378698224852071,0.03338549817423057,0.061361457334611694,1917,169,0.0742430526752385,0.8364485981308412,0.13638095238095238,214,2411,0.06048387096774194,0.625,0.11029411764705882,24,248,1.1151111125946045,0.954171359539032,266602,66,1.1329509255908035,0.9484932919731364,1.1824321746826172,0.8346800804138184,93189,23,0.7557288366406196,0.34803545800969005,1.0247771739959717,0.9585816264152527,298732,73,0.7973062870986485,1.062971500097774,0.0026575359515845776,0.9995336532592773,596161,146,0.315697176516788,2.1122072499711066,0.00666013453155756,0.9990681409835815,418507,103,0.300837340868617,1.5118944590212777,5.983601959072985,0.0011715409345924854,5.984773500007577,1.5250404169782996,7.509813916985877,0.019062165985815227
93,1.304008297510741,0.9731858471253019,0.488718255493792,0.44110344032900006,0.488718255493792,0.35917951882721433,0.9729819538669738,0.4877520306630651,0.03571428571428571,0.020713463751438434,0.9906908024782204,0.9971796540065759,0.9939246377147257,344284,346539,0.10341805433829973,0.34202898550724636,0.15881561238223418,345,1141,0.11465400271370421,0.52,0.18788215675375208,325,1474,0.12949640287769784,0.020713463751438434,0.03571428571428571,869,139,0.7303617099013519,0.4223536868793577,0.5352074966532798,4733,2737,0.7386681589255736,0.39438302957872723,0.514218932606155,3347,1787,0.9815035799522673,0.6622383252818036,0.7908653846153846,2484,1676,0.49363057324840764,0.08085550339071466,0.13895114298520841,1917,314,0.07113985448666128,0.822429906542056,0.13095238095238096,214,2474,0.05747126436781609,0.625,0.10526315789473684,24,261,1.1042892932891846,0.9562681317329407,266602,66,0.7996035335720613,0.9517950409790501,1.1782021522521973,0.8359570503234863,93189,23,0.7443359899508344,0.3255745420465246,1.0193064212799072,0.9592109322547913,298732,73,0.763842077142455,1.0782891670241952,0.0027824093122035265,0.9995303153991699,596161,146,0.3141586188132577,2.177490459056571,0.007212536409497261,0.9991111159324646,418507,103,0.2998351060706987,1.532643208047375,6.065792417153716,0.001255249953828752,6.067047667107545,1.5018018339760602,7.568849501083605,0.01925937389023602
94,1.4091582205861908,0.9715291374511215,0.4606372190158489,0.3851125648502203,0.4606372190158489,0.327628060066777,0.969548930237686,0.45860508653806065,0.0,0.0,0.9878206603013919,0.9976792415563895,0.9927254755752857,344284,347720,0.11761121267519806,0.5594202898550724,0.19436052366565962,345,1641,0.09059233449477352,0.32,0.14120841819416158,325,1148,0.09302325581395349,0.018411967779056387,0.03073967339097022,869,172,0.7475029964043148,0.39530952884005915,0.5171365395245993,4733,2503,0.7068965517241379,0.2572452942933971,0.3772179627601314,3347,1218,0.9815366289458011,0.6634460547504025,0.7917367283209225,2484,1679,0.0,0.0,0.0,1917,47,0.06512505899008966,0.6448598130841121,0.11830261465923704,214,2119,0.061016949152542375,0.75,0.11285266457680251,24,295,1.107351541519165,0.9556229710578918,266602,66,0.9730990844733661,0.9713380419416353,1.1754509210586548,0.8357102274894714,93189,23,0.6986839237611713,0.32647983299102634,1.0182018280029297,0.960128128528595,298732,73,0.9112939436577129,1.0678404580103233,0.0028803045861423016,0.9994330406188965,596161,146,0.3257821618783205,2.188998957979493,0.00818851962685585,0.9989414811134338,418507,103,0.3264625611711834,1.483223250019364,6.037880540941842,0.0011152500519528985,6.038995790993795,1.513198749977164,7.552194540970959,0.017456334084272385
95,1.364352921247777,0.9724327972734017,0.47131631801841,0.394375074311618,0.47131631801841,0.33308749267083293,0.9702816414048335,0.4797449834671525,0.0,0.0,0.9879065648433546,0.9979726040129661,0.9929140730208821,344284,347792,0.13629842180774748,0.8260869565217391,0.23399014778325122,345,2091,0.1016260162601626,0.07692307692307693,0.08756567425569177,325,246,0.12244897959183673,0.01380897583429229,0.02481902792140641,869,98,0.7322645290581162,0.3860130995140503,0.5055340343110127,4733,2495,0.7477785372522214,0.3268598745144906,0.4548856548856549,3347,1463,0.9844218094667465,0.6614331723027376,0.791235251625331,2484,1669,0.0,0.0,0.0,1917,64,0.07218235542422963,0.7990654205607477,0.13240418118466898,214,2369,0.058823529411764705,0.625,0.10752688172043011,24,255,1.1093991994857788,0.9555254578590393,266602,66,0.7832152280680935,0.9244777499698102,1.1590994596481323,0.83537757396698,93189,23,0.7374074605340645,0.3406198340235278,1.0249212980270386,0.9591975212097168,298732,73,0.825148057995377,1.0669511249288917,0.0027097819838672876,0.9995303153991699,596161,146,0.3191953815082099,2.1084702919470146,0.005214151460677385,0.9992903470993042,418507,103,0.28361950788469353,1.504091416951269,5.944610417820513,0.0011812919983640313,5.945791709818877,1.5285723339766264,7.474364043795504,0.016050290199927986
96,1.3260942745902689,0.9732834646986964,0.4920132198790503,0.4283382845662225,0.4920132198790503,0.34885191926137205,0.9726804966178325,0.4889970528001396,0.03494347379239465,0.019562715765247412,0.9907593121141898,0.9971680356914641,0.9939533436113464,344284,346511,0.12812769628990509,0.8608695652173913,0.22305670296657903,345,2318,0.10267857142857142,0.07076923076923076,0.08378870673952642,325,224,0.16346153846153846,0.019562715765247412,0.03494347379239465,869,104,0.7074135090609556,0.4536234946122966,0.5527806385169928,4733,3035,0.7373913043478261,0.3800418285031371,0.501577287066246,3347,1725,0.9861944777911165,0.6614331723027376,0.7918072289156627,2484,1666,0.3333333333333333,0.03390714658320292,0.061553030303030304,1917,195,0.06908803789972365,0.8177570093457944,0.12741172187841282,214,2533,0.06493506493506493,0.625,0.11764705882352941,24,231,1.0995855331420898,0.957873523235321,266602,66,0.8106363591815188,1.0001619999529794,1.1860697269439697,0.8363218903541565,93189,23,0.738324208246025,0.33816529205068946,1.0327156782150269,0.9594017267227173,298732,73,0.9120102814261628,1.1010726249078289,0.0026442664675414562,0.9995688796043396,596161,146,0.31092357430592055,2.1711484999395907,0.006643886677920818,0.9992927312850952,418507,103,0.28206149495339283,1.5395261669764295,6.150074583827518,0.0012294580228626728,6.151304041850381,1.525870000012219,7.6771740418625996,0.019064375199377537
97,1.3961772503980772,0.9718219901713049,0.4590982975757701,0.4136988413368109,0.4590982975757701,0.3259291211083248,0.9706710640986309,0.46657464002173243,0.04594330400782014,0.024517475221700575,0.9899376073994626,0.9972755051062495,0.993593008450052,344284,346836,0.09762282091917591,0.8927536231884058,0.176,345,3155,0.044444444444444446,0.07384615384615385,0.055491329479768786,325,540,0.14124293785310735,0.028768699654775604,0.04780114722753346,869,177,0.6876234364713627,0.4413691105007395,0.5376399433792305,4733,3038,0.6934931506849316,0.24200776815058261,0.3588039867109635,3347,1168,0.975696502667457,0.6626409017713365,0.7892591704627188,2484,1687,0.3643410852713178,0.024517475221700575,0.04594330400782014,1917,129,0.08258642765685019,0.602803738317757,0.14527027027027026,214,1562,0.06,0.625,0.10948905109489052,24,250,1.1031790971755981,0.957678496837616,266602,66,0.9285461287569216,0.970528541947715,1.1764065027236938,0.8406357169151306,93189,23,0.722499426373127,0.32426041597500443,1.017013669013977,0.9589866399765015,298732,73,0.8623278216221306,1.0753102500457317,0.002707430860027671,0.9994833469390869,596161,146,0.32441289771693105,2.162738209008239,0.007327096536755562,0.9991135001182556,418507,103,0.3105639969930994,1.4903357499279082,6.0231731669045985,0.0011968750040978193,6.024370041908696,1.510993207921274,7.53536324982997,0.017502125119790435
98,1.3472540655654601,0.9743377344913566,0.5038112815298073,0.4659131716859625,0.5038112815298073,0.3853028287114767,0.9736630197827624,0.4856117604731628,0.025889967637540454,0.01380897583429229,0.9897622725910212,0.9974323523602607,0.993582510170188,344284,346952,0.12602965403624383,0.8869565217391304,0.22069960331770647,345,2428,0.09056603773584905,0.07384615384615385,0.08135593220338982,325,265,0.20689655172413793,0.01380897583429229,0.025889967637540454,869,58,0.6898195437521281,0.42805831396577226,0.5282920469361148,4733,2937,0.7343522561863173,0.3014639976097998,0.42745181105697944,3347,1374,0.9832033593281344,0.6598228663446055,0.7896892315104794,2484,1667,0.6804942630185349,0.40219092331768386,0.5055737704918033,1917,1133,0.09279038718291055,0.6495327102803738,0.16238317757009346,214,1498,0.06521739130434782,0.625,0.11811023622047244,24,230,1.08624267578125,0.9565644860267639,266602,66,0.780830222244466,0.9622427088906989,1.1949429512023926,0.8390153050422668,93189,23,0.6881002006167766,0.3815244169672951,1.0067859888076782,0.9601549506187439,298732,73,0.9058635659550637,1.0856954170158133,0.002687065862119198,0.9994833469390869,596161,146,0.31528624509434194,2.2194090409902856,0.00770321860909462,0.9989606142044067,418507,103,0.310065065808219,1.5231415829621255,6.172013166826218,0.001176042016595602,6.173189208842814,1.5620178750250489,7.735207083867863,0.019347916124388576
99,1.3251303167481427,0.9753222774458781,0.5255088386256308,0.46863856984716623,0.5255088386256308,0.40042027679387926,0.9752389454286327,0.49138724065595596,0.03497942386831276,0.019562715765247412,0.990882722195766,0.9972174135306898,0.9940399757371856,344284,346485,0.12505075111652456,0.8927536231884058,0.21937321937321938,345,2463,0.10697674418604651,0.07076923076923076,0.08518518518518518,325,215,0.1650485436893204,0.019562715765247412,0.03497942386831276,869,103,0.7183098591549296,0.4525670821888865,0.5552819183408944,4733,2982,0.7455439459127228,0.3624141021810577,0.4877362283876156,3347,1627,0.9832033593281344,0.6598228663446055,0.7896892315104794,2484,1667,0.6834532374100719,0.4460093896713615,0.5397727272727273,1917,1251,0.10269914417379855,0.7289719626168224,0.18003462204270052,214,1519,0.06521739130434782,0.625,0.11811023622047244,24,230,1.0871562957763672,0.957202136516571,266602,66,0.7587949446961982,0.9739937500562519,1.174492597579956,0.8391655683517456,93189,23,0.6767758529427369,0.3343329159542918,1.0132389068603516,0.9591640830039978,298732,73,0.8390897521107756,1.1326027909526601,0.0026454217731952667,0.9995253086090088,596161,146,0.33399076884406925,2.2297340829391032,0.008947453461587429,0.9988841414451599,418507,103,0.32642523277139973,1.5273977919714525,6.19806133187376,0.0012525420170277357,6.199313873890787,1.5252748749917373,7.724588748882525,0.015811959048733115
100,1.290591825681212,0.9754533639015792,0.5328884432655244,0.4742553359218773,0.5328884432655244,0.4062984332432424,0.9760196084295552,0.4974815273148884,0.07017543859649122,0.04833141542002301,0.9917125395518183,0.9968427228683296,0.9942710136467208,344284,346065,0.12444444444444444,0.8927536231884058,0.21843971631205675,345,2475,0.096,0.07384615384615385,0.08347826086956522,325,250,0.12804878048780488,0.04833141542002301,0.07017543859649122,869,328,0.7304874163746417,0.48447073737587154,0.5825711382113821,4733,3139,0.7369878183831672,0.3976695548252166,0.5165922763438774,3347,1806,0.9832134292565947,0.6602254428341385,0.789980732177264,2484,1668,0.7857142857142857,0.37871674491392804,0.5110876451953538,1917,924,0.09927797833935018,0.7710280373831776,0.17590618336886993,214,1662,0.06666666666666667,0.625,0.12048192771084337,24,225,1.0913389921188354,0.95706707239151,266602,66,0.793539820533461,1.0050527909770608,1.1654021739959717,0.8386611938476562,93189,23,0.7631476967997596,0.32736570900306106,1.007688045501709,0.9595088362693787,298732,73,0.8028561199292554,1.0727844999637455,0.0028113392181694508,0.9994649291038513,596161,146,0.31582869214575676,2.1536469579441473,0.00749886455014348,0.9990681409835815,418507,103,0.2939917341199381,1.4868817090755329,6.0457316669635475,0.0012005409225821495,6.04693220788613,1.5197827079100534,7.566714915796183,0.02233637508470565
