round,val_loss,accuracy,balanced_accuracy,macro_precision,macro_recall,macro_f1,weighted_f1,macro_pr_auc,worst_class_f1,worst_class_recall,precision_c0,recall_c0,f1_c0,support_c0,predicted_count_c0,precision_c1,recall_c1,f1_c1,support_c1,predicted_count_c1,precision_c2,recall_c2,f1_c2,support_c2,predicted_count_c2,precision_c3,recall_c3,f1_c3,support_c3,predicted_count_c3,precision_c4,recall_c4,f1_c4,support_c4,predicted_count_c4,precision_c5,recall_c5,f1_c5,support_c5,predicted_count_c5,precision_c6,recall_c6,f1_c6,support_c6,predicted_count_c6,train_loss_client_0,train_accuracy_client_0,train_samples_client_0,train_batches_client_0,update_l2_client_0,train_seconds_client_0,train_loss_client_1,train_accuracy_client_1,train_samples_client_1,train_batches_client_1,update_l2_client_1,train_seconds_client_1,train_loss_client_2,train_accuracy_client_2,train_samples_client_2,train_batches_client_2,update_l2_client_2,train_seconds_client_2,train_loss_client_3,train_accuracy_client_3,train_samples_client_3,train_batches_client_3,update_l2_client_3,train_seconds_client_3,train_loss_client_4,train_accuracy_client_4,train_samples_client_4,train_batches_client_4,update_l2_client_4,train_seconds_client_4,round_train_seconds,aggregation_seconds,fl_round_seconds,validation_seconds,round_total_seconds,round_orchestration_seconds
1,7.316975872989368,0.8845371407870012,0.1428571428571428,0.1263624486838573,0.1428571428571428,0.1341044927680089,0.83034283219794,0.3044211728940485,0.0,0.0,0.8845371407870012,1.0,0.9387314493760626,2495335,2821063,0.0,0.0,0.0,6186,0,0.0,0.0,0.0,18137,0,0.0,0.0,0.0,208540,0,0.0,0.0,0.0,72600,0,0.0,0.0,0.0,19740,0,0.0,0.0,0.0,525,0,0.7061749696731567,0.3935702741146087,175684,43,2.0233415245801467,0.4844812294468283,0.2651055455207824,0.6759329438209534,685642,168,2.9809994331362204,0.3835521563887596,0.1823027580976486,0.8066082000732422,1291611,316,2.143775223876931,0.6192940976470709,0.7160230278968811,0.6580502390861511,79035,20,1.263644323535069,0.0836052680388093,0.0049803559668362,0.9996851086616516,11023039,2692,2.65597749883064,5.834066270850599,7.404999022372067,0.0487259523943066,7.453724974766374,3.505583543330431,10.959308518096805,2.5508975526317954
2,7.663176188476095,0.8845371407870012,0.1428571428571428,0.1263624486838573,0.1428571428571428,0.1341044927680089,0.83034283219794,0.3212655576008152,0.0,0.0,0.8845371407870012,1.0,0.9387314493760626,2495335,2821063,0.0,0.0,0.0,6186,0,0.0,0.0,0.0,18137,0,0.0,0.0,0.0,208540,0,0.0,0.0,0.0,72600,0,0.0,0.0,0.0,19740,0,0.0,0.0,0.0,525,0,0.8273417353630066,0.4248024821281433,175684,43,2.709090386855617,0.0968931159004569,0.298789232969284,0.8574387431144714,685642,168,3.239597055532866,0.4048208072781563,0.1810118407011032,0.9143131971359252,1291611,316,2.4992670124601464,0.6992242904379964,1.308648705482483,0.5468336939811707,79035,20,2.2411428387171477,0.1527499509975314,0.0002079769910778,1.0,11023039,2692,0.3831482523041151,5.7772238459438086,7.1309120105579495,0.0182116730138659,7.149123683571816,3.413262514397502,10.562386197969316,0.0153445238247513
3,7.436183390141869,0.8845371407870012,0.1428571428571428,0.1263624486838573,0.1428571428571428,0.1341044927680089,0.83034283219794,0.3649865963699883,0.0,0.0,0.8845371407870012,1.0,0.9387314493760626,2495335,2821063,0.0,0.0,0.0,6186,0,0.0,0.0,0.0,18137,0,0.0,0.0,0.0,208540,0,0.0,0.0,0.0,72600,0,0.0,0.0,0.0,19740,0,0.0,0.0,0.0,525,0,0.8218992948532104,0.4320313930511474,175684,43,2.6957516561245902,0.08970283344388,0.2495339810848236,0.8693326711654663,685642,168,3.087232132852682,0.4127805782482028,0.1576419472694397,0.9286186099052428,1291611,316,2.3879067762225854,0.6672130916267633,1.2810883522033691,0.5767444968223572,79035,20,2.300743858052988,0.0883650742471218,0.0001342219038633,1.0,11023039,2692,0.2591572182879286,5.743928427807987,7.001990005373955,0.0100815799087286,7.012071585282683,3.472293745726347,10.48436533100903,0.0183872217312455
4,7.144830715691623,0.8845371407870012,0.1428571428571428,0.1263624486838573,0.1428571428571428,0.1341044927680089,0.83034283219794,0.3788129201512892,0.0,0.0,0.8845371407870012,1.0,0.9387314493760626,2495335,2821063,0.0,0.0,0.0,6186,0,0.0,0.0,0.0,18137,0,0.0,0.0,0.0,208540,0,0.0,0.0,0.0,72600,0,0.0,0.0,0.0,19740,0,0.0,0.0,0.0,525,0,0.7390875220298767,0.4450832307338714,175684,43,2.622965707041472,0.1018710313364863,0.2040096521377563,0.8776256442070007,685642,168,2.853892988100522,0.4159634951502085,0.1411063969135284,0.9351902604103088,1291611,316,2.276646458249921,0.6414625272154808,1.1819992065429688,0.6031252145767212,79035,20,2.2395498182687,0.049192052334547,0.0001186046938528,1.0,11023039,2692,0.2378164655270052,6.0444463565945625,7.252935462631285,0.0282086627557873,7.281144125387073,3.441705495119095,10.722849620506167,0.0518010398373007
5,6.855991239249024,0.8845371407870012,0.1428571428571428,0.1263624486838573,0.1428571428571428,0.1341044927680089,0.83034283219794,0.3924444105528029,0.0,0.0,0.8845371407870012,1.0,0.9387314493760626,2495335,2821063,0.0,0.0,0.0,6186,0,0.0,0.0,0.0,18137,0,0.0,0.0,0.0,208540,0,0.0,0.0,0.0,72600,0,0.0,0.0,0.0,19740,0,0.0,0.0,0.0,525,0,0.6872530579566956,0.4538831114768982,175684,43,2.551826009704047,0.1399006936699152,0.1829491853713989,0.8851397633552551,685642,168,2.6482334262295875,0.4031263580545783,0.1283041089773178,0.9440063834190368,1291611,316,2.0846081276623862,0.6047097723931074,1.0985872745513916,0.6276206374168396,79035,20,2.1853133486772416,0.085735885426402,0.0001101184170693,1.0,11023039,2692,0.2281591174540531,5.953118755482137,7.18659146502614,0.0393586317077279,7.225950096733868,3.4705081563442945,10.696458253078164,0.0151598863303661
6,6.536085500804552,0.8845371407870012,0.1428571428571428,0.1263624486838573,0.1428571428571428,0.1341044927680089,0.83034283219794,0.3998160056784999,0.0,0.0,0.8845371407870012,1.0,0.9387314493760626,2495335,2821063,0.0,0.0,0.0,6186,0,0.0,0.0,0.0,18137,0,0.0,0.0,0.0,208540,0,0.0,0.0,0.0,72600,0,0.0,0.0,0.0,19740,0,0.0,0.0,0.0,525,0,0.6362956166267395,0.4655005633831024,175684,43,2.4861203239427536,0.0845649186521768,0.1572341918945312,0.8894189596176147,685642,168,2.470316406562993,0.326312392950058,0.1149028912186622,0.9493934512138368,1291611,316,1.9823711595484248,0.6586816096678376,1.0355703830718994,0.6746377944946289,79035,20,2.159846331040069,0.1345898192375898,0.0001022409996949,1.0,11023039,2692,0.2183486680745825,5.87119487579912,7.075343616306782,0.0098748803138732,7.085218496620655,3.4531572544947267,10.538375751115382,0.0132942963391542
7,6.215434688981237,0.8845371407870012,0.1428571428571428,0.1263624486838573,0.1428571428571428,0.1341044927680089,0.83034283219794,0.4054155070474378,0.0,0.0,0.8845371407870012,1.0,0.9387314493760626,2495335,2821063,0.0,0.0,0.0,6186,0,0.0,0.0,0.0,18137,0,0.0,0.0,0.0,208540,0,0.0,0.0,0.0,72600,0,0.0,0.0,0.0,19740,0,0.0,0.0,0.0,525,0,0.5945188403129578,0.4757120907306671,175684,43,2.425433930274457,0.0783552043139934,0.1390994191169738,0.8940656781196594,685642,168,2.327012894141232,0.3834047168493271,0.1058512851595878,0.9525483846664428,1291611,316,1.8704441984834368,0.7238389756530523,0.9689040184020996,0.7355981469154358,79035,20,2.120766444094481,0.1405659923329949,9.69248721958138e-05,1.0,11023039,2692,0.21281039091486,5.86982620600611,7.1959910951554775,0.0234951078891754,7.219486203044653,3.446333320811391,10.665819523856044,0.0204191617667675
8,5.876656243479882,0.8845371407870012,0.1428571428571428,0.1263624486838573,0.1428571428571428,0.1341044927680089,0.83034283219794,0.4507559880663037,0.0,0.0,0.8845371407870012,1.0,0.9387314493760626,2495335,2821063,0.0,0.0,0.0,6186,0,0.0,0.0,0.0,18137,0,0.0,0.0,0.0,208540,0,0.0,0.0,0.0,72600,0,0.0,0.0,0.0,19740,0,0.0,0.0,0.0,525,0,0.5716925859451294,0.4802201688289642,175684,43,2.372635889374208,0.1261226469650864,0.1254846006631851,0.9005092978477478,685642,168,2.195855699649368,0.3386645801365375,0.1023746579885482,0.9572084546089172,1291611,316,1.8162397959539684,0.7057176847010851,0.912377119064331,0.7789080739021301,79035,20,2.0968968865692115,0.0661382153630256,9.33290211833082e-05,1.0,11023039,2692,0.2108753237438105,5.857897067442536,7.094540194608271,0.006821284070611,7.101361478678882,3.436106880195439,10.53746835887432,0.0124677093699574
9,5.66904814884906,0.8845371407870012,0.1428571428571428,0.1263624486838573,0.1428571428571428,0.1341044927680089,0.83034283219794,0.5494252811594119,0.0,0.0,0.8845371407870012,1.0,0.9387314493760626,2495335,2821063,0.0,0.0,0.0,6186,0,0.0,0.0,0.0,18137,0,0.0,0.0,0.0,208540,0,0.0,0.0,0.0,72600,0,0.0,0.0,0.0,19740,0,0.0,0.0,0.0,525,0,0.5736971497535706,0.4867944717407226,175684,43,2.322940032282665,0.0868797553703188,0.119872823357582,0.9022813439369202,685642,168,2.0873934226932964,0.3934191269800067,0.0920656397938728,0.9597456455230712,1291611,316,1.7278790999154643,0.6368122715502977,0.8759922981262207,0.7973302602767944,79035,20,2.1012862105429373,0.0881475638598203,9.278229117626324e-05,1.0,11023039,2692,0.2145695946082174,5.916117831133306,7.12137654889375,0.0096109695732593,7.130987518467009,3.503209096379578,10.634196614846587,0.0735768396407365
10,5.489274203772041,0.8845371407870012,0.1428571428571428,0.1263624486838573,0.1428571428571428,0.1341044927680089,0.83034283219794,0.5537918492914896,0.0,0.0,0.8845371407870012,1.0,0.9387314493760626,2495335,2821063,0.0,0.0,0.0,6186,0,0.0,0.0,0.0,18137,0,0.0,0.0,0.0,208540,0,0.0,0.0,0.0,72600,0,0.0,0.0,0.0,19740,0,0.0,0.0,0.0,525,0,0.5202581286430359,0.4947405755519867,175684,43,2.2812022471982147,0.0839986773207783,0.1029537767171859,0.9075552225112916,685642,168,2.000525487470456,0.3656952856108546,0.0924677401781082,0.9619157910346984,1291611,316,1.6724074492921837,0.6332420138642192,0.8533761501312256,0.8156639337539673,79035,20,2.110424294690176,0.0952933579683303,8.932422497309744e-05,1.0,11023039,2692,0.2119942740727269,5.873876091092825,7.052105425857008,0.0246643852442502,7.076769811101258,3.4323168843984604,10.509086695499718,0.0831344602629542
11,5.379786814677328,0.8845371407870012,0.1428571428571428,0.1263624486838573,0.1428571428571428,0.1341044927680089,0.83034283219794,0.5753703257964051,0.0,0.0,0.8845371407870012,1.0,0.9387314493760626,2495335,2821063,0.0,0.0,0.0,6186,0,0.0,0.0,0.0,18137,0,0.0,0.0,0.0,208540,0,0.0,0.0,0.0,72600,0,0.0,0.0,0.0,19740,0,0.0,0.0,0.0,525,0,0.5003151297569275,0.497922420501709,175684,43,2.248475011627966,0.0849805576726794,0.0982236117124557,0.9072693586349488,685642,168,1.9419361740224532,0.3678233036771416,0.0840992406010627,0.964183509349823,1291611,316,1.6284172263994483,0.6772350613027811,0.8146166205406189,0.8271018862724304,79035,20,2.078234772722828,0.1135836699977517,8.74179822858423e-05,0.9999998211860656,11023039,2692,0.2125728188879938,5.835987647995353,7.079610240645707,0.0579046737402677,7.137514914385974,3.4682170702144504,10.605731984600425,0.0131119275465607
12,5.285809007846308,0.8845371407870012,0.1428571428571428,0.1263624486838573,0.1428571428571428,0.1341044927680089,0.83034283219794,0.5740602216717045,0.0,0.0,0.8845371407870012,1.0,0.9387314493760626,2495335,2821063,0.0,0.0,0.0,6186,0,0.0,0.0,0.0,18137,0,0.0,0.0,0.0,208540,0,0.0,0.0,0.0,72600,0,0.0,0.0,0.0,19740,0,0.0,0.0,0.0,525,0,0.4860114753246307,0.5034209489822388,175684,43,2.221438485351256,0.1009129220619797,0.0905288979411125,0.9134212732315063,685642,168,1.8861575106366248,0.4266140554100275,0.0847008228302002,0.9669288992881776,1291611,316,1.542586413528091,0.702898726798594,0.7938717007637024,0.8377301096916199,79035,20,2.0706933346041776,0.1109238723292946,8.499171963194385e-05,0.9999991655349731,11023039,2692,0.2116580106481364,5.771441570483148,7.112791147083044,0.0291989808902144,7.1419901279732585,3.421532374806702,10.56352250277996,0.0781037053093314
13,5.1940758088015455,0.8845371407870012,0.1428571428571428,0.1263624486838573,0.1428571428571428,0.1341044927680089,0.83034283219794,0.5784631189697961,0.0,0.0,0.8845371407870012,1.0,0.9387314493760626,2495335,2821063,0.0,0.0,0.0,6186,0,0.0,0.0,0.0,18137,0,0.0,0.0,0.0,208540,0,0.0,0.0,0.0,72600,0,0.0,0.0,0.0,19740,0,0.0,0.0,0.0,525,0,0.4842210412025451,0.5049406886100769,175684,43,2.183300328287712,0.0810375707224011,0.0841709077358245,0.9194740056991576,685642,168,1.8281997330176336,0.3631515670567751,0.0816660523414611,0.967656672000885,1291611,316,1.5286299321800578,0.5993771180510521,0.7682657241821289,0.8453596234321594,79035,20,2.0677126601956224,0.1188795734196901,8.314551814692095e-05,0.9999992847442628,11023039,2692,0.2104737258955618,5.965933442115784,7.128379271365702,0.0253963451832532,7.153775616548955,3.51115488819778,10.664930504746737,0.012031759135425
14,5.130184544925008,0.8845371407870012,0.1428571428571428,0.1263624486838573,0.1428571428571428,0.1341044927680089,0.83034283219794,0.5790337665530811,0.0,0.0,0.8845371407870012,1.0,0.9387314493760626,2495335,2821063,0.0,0.0,0.0,6186,0,0.0,0.0,0.0,18137,0,0.0,0.0,0.0,208540,0,0.0,0.0,0.0,72600,0,0.0,0.0,0.0,19740,0,0.0,0.0,0.0,525,0,0.4670310616493225,0.5077013373374939,175684,43,2.1637162007221367,0.151801542378962,0.0801097154617309,0.9218761324882508,685642,168,1.78663575249033,0.3183578914031386,0.0808042809367179,0.9696913361549376,1291611,316,1.507020370410509,0.552138370461762,0.747767448425293,0.8524324297904968,79035,20,2.0572504776843306,0.0816705441102385,8.204324694816023e-05,0.9999985694885254,11023039,2692,0.2116144674416323,5.772559743374586,6.876528091728687,0.0289206728339195,6.905448764562607,3.428970984183252,10.33441974874586,0.0716321440413594
15,5.060871174191491,0.8845371407870012,0.1428571428571428,0.1263624486838573,0.1428571428571428,0.1341044927680089,0.83034283219794,0.579703577769361,0.0,0.0,0.8845371407870012,1.0,0.9387314493760626,2495335,2821063,0.0,0.0,0.0,6186,0,0.0,0.0,0.0,18137,0,0.0,0.0,0.0,208540,0,0.0,0.0,0.0,72600,0,0.0,0.0,0.0,19740,0,0.0,0.0,0.0,525,0,0.4717282056808471,0.5084356069564819,175684,43,2.136385522501364,0.0868683885782957,0.0800289958715438,0.9181978106498718,685642,168,1.767556018585729,0.4687230614945292,0.076371781527996,0.9714047312736512,1291611,316,1.484440047946963,0.719137498177588,0.7344517111778259,0.8572404384613037,79035,20,2.0735629862677176,0.0758720394223928,8.017254731385037e-05,0.9999989867210388,11023039,2692,0.2106361513168729,6.164598097093403,7.515199084766209,0.026472495868802,7.541671580635011,3.423978160135448,10.96564974077046,0.0153589658439159
16,5.0420641104292825,0.8845371407870012,0.1428571428571428,0.1263624486838573,0.1428571428571428,0.1341044927680089,0.83034283219794,0.5803965362308064,0.0,0.0,0.8845371407870012,1.0,0.9387314493760626,2495335,2821063,0.0,0.0,0.0,6186,0,0.0,0.0,0.0,18137,0,0.0,0.0,0.0,208540,0,0.0,0.0,0.0,72600,0,0.0,0.0,0.0,19740,0,0.0,0.0,0.0,525,0,0.457289457321167,0.5104164481163025,175684,43,2.115446382995041,0.1438037455081939,0.0727916583418846,0.9234192371368408,685642,168,1.7081961497947982,0.3563035568222403,0.0743006467819213,0.9730204939842224,1291611,316,1.422635026935287,0.6725391112267971,0.7056440711021423,0.863718569278717,79035,20,2.035090633037432,0.107055889442563,7.985271804500371e-05,0.9999979138374328,11023039,2692,0.2109518638164167,5.927512789145112,7.207215092144906,0.0359833864495158,7.243198478594422,3.429706304334104,10.672904782928526,0.0209601512178778
17,4.968681001105458,0.8845371407870012,0.1428571428571428,0.1263624486838573,0.1428571428571428,0.1341044927680089,0.83034283219794,0.5807398237719673,0.0,0.0,0.8845371407870012,1.0,0.9387314493760626,2495335,2821063,0.0,0.0,0.0,6186,0,0.0,0.0,0.0,18137,0,0.0,0.0,0.0,208540,0,0.0,0.0,0.0,72600,0,0.0,0.0,0.0,19740,0,0.0,0.0,0.0,525,0,0.4266845881938934,0.5133649110794067,175684,43,2.095123693527741,0.1360127227380871,0.0694015771150589,0.922134280204773,685642,168,1.671135991419984,0.3220530794933438,0.0747691243886947,0.9729028344154358,1291611,316,1.4206462052883977,0.6193385208025575,0.6985111236572266,0.866046667098999,79035,20,2.0702435239061896,0.1047660019248724,7.701930735493079e-05,0.9999975562095642,11023039,2692,0.2065764072784836,6.072441183030605,7.254611507989466,0.0270425044000148,7.281654012389481,3.43988258484751,10.721536597236993,0.0775670679286122
18,4.957445310723269,0.8845371407870012,0.1428571428571428,0.1263624486838573,0.1428571428571428,0.1341044927680089,0.83034283219794,0.5806161709540072,0.0,0.0,0.8845371407870012,1.0,0.9387314493760626,2495335,2821063,0.0,0.0,0.0,6186,0,0.0,0.0,0.0,18137,0,0.0,0.0,0.0,208540,0,0.0,0.0,0.0,72600,0,0.0,0.0,0.0,19740,0,0.0,0.0,0.0,525,0,0.4362380504608154,0.5144520998001099,175684,43,2.065476917962326,0.1274229409173131,0.0693790018558502,0.9257571697235109,685642,168,1.6511370156134542,0.3631889298558235,0.0755239203572273,0.9748809933662416,1291611,316,1.392759092003222,0.6522569116204977,0.6787580251693726,0.8717023730278015,79035,20,2.0372470953627837,0.1008702060207724,7.794634439051151e-05,0.9999972581863404,11023039,2692,0.2104230459122937,5.84555147588253,7.089290464296937,0.045617276802659,7.134907741099596,3.418662143871188,10.553569884970784,0.0124184777960181
19,4.887166729785945,0.8845371407870012,0.1428571428571428,0.1263624486838573,0.1428571428571428,0.1341044927680089,0.83034283219794,0.5779933810487916,0.0,0.0,0.8845371407870012,1.0,0.9387314493760626,2495335,2821063,0.0,0.0,0.0,6186,0,0.0,0.0,0.0,18137,0,0.0,0.0,0.0,208540,0,0.0,0.0,0.0,72600,0,0.0,0.0,0.0,19740,0,0.0,0.0,0.0,525,0,0.4526935219764709,0.5142300724983215,175684,43,2.057443242535176,0.0865803491324186,0.0659297779202461,0.9262195229530334,685642,168,1.6359299241694858,0.395540471188724,0.0750552639365196,0.9756234884262084,1291611,316,1.3532377263262565,0.7068771095946431,0.6576260328292847,0.8752957582473755,79035,20,2.025379773132034,0.0965209100395441,7.659349648747593e-05,0.9999974370002748,11023039,2692,0.2073533222813994,5.714187858626247,6.999706698581576,0.0583259752020239,7.0580326737836,3.501804136671126,10.559836810454726,0.0120474370196461
20,4.8804102845937205,0.8845371407870012,0.1428571428571428,0.1263624486838573,0.1428571428571428,0.1341044927680089,0.83034283219794,0.5757330985174506,0.0,0.0,0.8845371407870012,1.0,0.9387314493760626,2495335,2821063,0.0,0.0,0.0,6186,0,0.0,0.0,0.0,18137,0,0.0,0.0,0.0,208540,0,0.0,0.0,0.0,72600,0,0.0,0.0,0.0,19740,0,0.0,0.0,0.0,525,0,0.4235471189022064,0.5160686373710632,175684,43,2.024333748004064,0.1124160951003432,0.0614569745957851,0.9314686059951782,685642,168,1.5878838208182973,0.4003440467640757,0.0695312470197677,0.9765711426734924,1291611,316,1.339029770056646,0.6532985297963023,0.6447482109069824,0.8756247162818909,79035,20,2.037143355878899,0.0894145863130688,7.580147939734161e-05,0.9999977946281432,11023039,2692,0.2081046763871117,5.858762623742223,7.114235881716013,0.0195674914866685,7.1338033732026815,3.537429893389344,10.671233266592026,0.1006096834316849
21,4.825019692263457,0.8845371407870012,0.1428571428571428,0.1263624486838573,0.1428571428571428,0.1341044927680089,0.83034283219794,0.5742876824829606,0.0,0.0,0.8845371407870012,1.0,0.9387314493760626,2495335,2821063,0.0,0.0,0.0,6186,0,0.0,0.0,0.0,18137,0,0.0,0.0,0.0,208540,0,0.0,0.0,0.0,72600,0,0.0,0.0,0.0,19740,0,0.0,0.0,0.0,525,0,0.4094423651695251,0.5160059928894043,175684,43,2.026134644918851,0.0901189660653472,0.0594580397009849,0.9319032430648804,685642,168,1.5826420305503797,0.402187573723495,0.071214847266674,0.9765618443489076,1291611,316,1.3184521289268376,0.6272054426372051,0.633457601070404,0.8766748905181885,79035,20,2.0219313362356384,0.0747283296659588,7.419208850478753e-05,0.9999974370002748,11023039,2692,0.2038448491188303,5.636722900904715,6.830963212996721,0.0557863870635628,6.886749600060284,3.3968946849927306,10.283644285053017,0.0384334763512015
22,4.753487721021767,0.884542812407947,0.1428886265249901,0.2692203082249756,0.1428886265249901,0.1341678498259209,0.8303566719116583,0.5736479617747255,0.0,0.0,0.8845421575748295,1.0,0.9387342745498723,2495335,2821047,0.0,0.0,0.0,6186,0,0.0,0.0,0.0,18137,0,0.0,0.0,0.0,208540,0,1.0,0.0002203856749311,0.0004406742315743,72600,16,0.0,0.0,0.0,19740,0,0.0,0.0,0.0,525,0,0.404121994972229,0.5172696709632874,175684,43,1.9932122287789795,0.0947149815037846,0.057759903371334,0.931898832321167,685642,168,1.5802904459087863,0.4166676504537463,0.0694746151566505,0.9776744246482848,1291611,316,1.3680522288945889,0.5983975399285555,0.620103657245636,0.8788764476776123,79035,20,2.030293827404041,0.0781988762319088,7.416555308736861e-05,0.9999974370002748,11023039,2692,0.2051057821737566,5.732474332675338,6.920453380793333,0.0585864642634987,6.979039845056832,3.637776300311089,10.61681614536792,0.0119878184050321
23,4.762955789734916,0.8845371407870012,0.1428571428571428,0.1263624486838573,0.1428571428571428,0.1341044927680089,0.83034283219794,0.5731952221177367,0.0,0.0,0.8845371407870012,1.0,0.9387314493760626,2495335,2821063,0.0,0.0,0.0,6186,0,0.0,0.0,0.0,18137,0,0.0,0.0,0.0,208540,0,0.0,0.0,0.0,72600,0,0.0,0.0,0.0,19740,0,0.0,0.0,0.0,525,0,0.3905873596668243,0.5188121795654297,175684,43,1.977758191059675,0.1368127232417464,0.0585559345781803,0.932536244392395,685642,168,1.5194092017537169,0.4163032211363315,0.0705584660172462,0.9778021574020386,1291611,316,1.2367235247483075,0.6086243214085698,0.605678379535675,0.8797115087509155,79035,20,2.0243250205759207,0.1657908344641327,7.525010005338117e-05,0.9999970197677612,11023039,2692,0.2086263510479837,5.951698135584593,7.279229235835373,0.0443975487723946,7.323626784607768,3.41837852448225,10.742005309090018,0.0123859578743577
24,4.748554144101337,0.8845371407870012,0.1428571428571428,0.1263624486838573,0.1428571428571428,0.1341044927680089,0.83034283219794,0.5729907690927447,0.0,0.0,0.8845371407870012,1.0,0.9387314493760626,2495335,2821063,0.0,0.0,0.0,6186,0,0.0,0.0,0.0,18137,0,0.0,0.0,0.0,208540,0,0.0,0.0,0.0,72600,0,0.0,0.0,0.0,19740,0,0.0,0.0,0.0,525,0,0.3946641385555267,0.5182771682739258,175684,43,1.9575718820127297,0.0884907366707921,0.0554113313555717,0.932280957698822,685642,168,1.5785521339965445,0.3981082085520029,0.0689268708229065,0.977600872516632,1291611,316,1.3044152661082296,0.6548295272514224,0.602570116519928,0.8805465698242188,79035,20,2.0648645335727216,0.1210703970864415,7.344954792642966e-05,0.999996304512024,11023039,2692,0.2041734685412792,5.95929806958884,7.221796939149499,0.0311319222673773,7.252928861416876,3.461121244356036,10.714050105772913,0.0132737774401903
25,4.74008413685829,0.8845474205999654,0.1429142070051161,0.2692208905366918,0.1429142070051161,0.134219307013728,0.8303679130109352,0.5731808510466637,0.0,0.0,0.8845462337568424,1.0,0.9387365700161144,2495335,2821034,0.0,0.0,0.0,6186,0,0.0,0.0,0.0,18137,0,0.0,0.0,0.0,208540,0,1.0,0.0003994490358126,0.0007985790799818,72600,29,0.0,0.0,0.0,19740,0,0.0,0.0,0.0,525,0,0.3809273838996887,0.5199050903320312,175684,43,1.9444999491531447,0.1908558011054992,0.0511407889425754,0.9390629529953004,685642,168,1.488731727858306,0.3910884745419025,0.0699026510119438,0.9793413281440736,1291611,316,1.247021421356839,0.625752504914999,0.585525393486023,0.8829885125160217,79035,20,2.0287405551192847,0.0897863851860165,7.196731166914105e-05,0.9999970197677612,11023039,2692,0.2020123625277758,5.822417846880853,7.119901012629271,0.0683335354551673,7.188234548084438,3.669944569468498,10.858179117552936,0.0150583069771528
26,4.636259856973603,0.8846874387420628,0.1436914600550964,0.2692385864135244,0.1436914600550964,0.1357741346766268,0.8307079105733781,0.5760245732215507,0.0,0.0,0.884670104894671,1.0,0.938806322228062,2495335,2820639,0.0,0.0,0.0,6186,0,0.0,0.0,0.0,18137,0,0.0,0.0,0.0,208540,0,1.0,0.0058402203856749,0.011612620508326,72600,424,0.0,0.0,0.0,19740,0,0.0,0.0,0.0,525,0,0.3818681538105011,0.5188748240470886,175684,43,1.945942111368996,0.158810400404036,0.0570632480084896,0.9338750839233398,685642,168,1.5305205670825166,0.3291409322991967,0.0691064521670341,0.979297935962677,1291611,316,1.2650030062503348,0.6276774127036333,0.5747731924057007,0.8838236331939697,79035,20,2.020640992485685,0.0632714005187153,6.998507888056338e-05,0.9999968409538268,11023039,2692,0.1976080597276198,6.200008204206824,7.378908350132406,0.0486202547326684,7.427528604865074,3.6816273080185056,11.10915591288358,0.0753752710297703
27,4.646252195941555,0.8846129987171503,0.1432782369146005,0.2692291778620043,0.1432782369146005,0.1349496039970657,0.8305275271502242,0.5786298037081669,0.0,0.0,0.8846042450340306,1.0,0.938769237483127,2495335,2820849,0.0,0.0,0.0,6186,0,0.0,0.0,0.0,18137,0,0.0,0.0,0.0,208540,0,1.0,0.0029476584022038,0.0058779904963331,72600,214,0.0,0.0,0.0,19740,0,0.0,0.0,0.0,525,0,0.381748229265213,0.5203717947006226,175684,43,1.9221221970318612,0.1329312054440379,0.0510236024856567,0.9347297549247742,685642,168,1.5324351513384986,0.3693303950130939,0.0711075216531753,0.9785608649253844,1291611,316,1.315741156623046,0.6452385364100337,0.5658352971076965,0.8825963139533997,79035,20,1.999797015394756,0.1442986549809575,7.249692862387747e-05,0.999996304512024,11023039,2692,0.2037065462333353,5.86030740197748,7.1521061938256025,0.0347025580704212,7.186808751896024,3.691308269277215,10.87811702117324,0.0146796759217977
28,4.6119665675628685,0.8846293046273692,0.1433687524596615,0.2692312386629926,0.1433687524596615,0.1351306193683135,0.8305671122529036,0.5796384651603753,0.0,0.0,0.8846186706409487,1.0,0.9387773605576076,2495335,2820803,0.0,0.0,0.0,6186,0,0.0,0.0,0.0,18137,0,0.0,0.0,0.0,208540,0,1.0,0.0035812672176308,0.0071369750205874,72600,260,0.0,0.0,0.0,19740,0,0.0,0.0,0.0,525,0,0.3710462152957916,0.520656406879425,175684,43,1.9052545941514505,0.0982813984155654,0.0492691881954669,0.9368197917938232,685642,168,1.483945425516013,0.4283012291416526,0.0665661245584487,0.9802804589271544,1291611,316,1.241550105086087,0.701743733137846,0.5590288043022156,0.8832542300224304,79035,20,1.9971714553776456,0.1496503204107284,7.043036021059379e-05,0.9999967217445374,11023039,2692,0.1992591159318849,5.963438025675714,7.341414706781506,0.0356791568920016,7.377093863673508,3.6639340044930577,11.041027868166566,0.0202182019129395
29,4.622283204454905,0.884595629378004,0.1431728393202538,0.4120841255920227,0.1431728393202538,0.1347386972800882,0.8304853373270248,0.5804463089033087,0.0,0.0,0.8845888791441591,1.0,0.9387605847975437,2495335,2820898,0.0,0.0,0.0,6186,0,0.0,0.0,0.0,18137,0,1.0,3.356670183178287e-05,6.713115029226026e-05,208540,7,1.0,0.0021763085399449,0.004343165012782,72600,158,0.0,0.0,0.0,19740,0,0.0,0.0,0.0,525,0,0.369897723197937,0.5202409029006958,175684,43,1.899740460748363,0.1050165025517344,0.0487900339066982,0.9358134269714355,685642,168,1.4969148020091592,0.4178478186950087,0.0650411248207092,0.9811088442802428,1291611,316,1.2365572876696262,0.6961247390136123,0.5467819571495056,0.8868982195854187,79035,20,1.978076768463392,0.1067204102873802,7.087073754519224e-05,0.9999953508377076,11023039,2692,0.201313361610235,5.904264841228724,7.229974311776459,0.0639220308512449,7.293896342627704,3.651779676787555,10.94567601941526,0.0110524194315075
30,4.609542590906349,0.8846792857869533,0.1436167003088544,0.4120946987419468,0.1436167003088544,0.1356260148058625,0.8306883673383717,0.5812734867529363,0.0,0.0,0.8846628911936276,1.0,0.938802260422645,2495335,2820662,0.0,0.0,0.0,6186,0,0.0,0.0,0.0,18137,0,1.0,0.000110290591733,0.0002205568581196,208540,23,1.0,0.0052066115702479,0.0103592863602729,72600,378,0.0,0.0,0.0,19740,0,0.0,0.0,0.0,525,0,0.3876978754997253,0.5199733376502991,175684,43,1.9166343207238723,0.1270681107416749,0.0465717576444149,0.9381032586097716,685642,168,1.491609337778819,0.6092227399349213,0.0641818046569824,0.9811336398124696,1291611,316,1.1698722004892357,0.7130210539326072,0.5470123291015625,0.8863794207572937,79035,20,2.012290357656995,0.1942078880965709,6.905277405166999e-05,0.9999958276748656,11023039,2692,0.1982596391480102,5.818754410371184,7.462274203076959,0.0544596193358302,7.516733822412789,3.622373683378101,11.13910750579089,0.0216067805886268
31,4.576750814446483,0.8848455351759248,0.1445305864610641,0.4075074657792362,0.1445305864610641,0.1374355369043864,0.8310888659334317,0.5819362550143844,0.0,0.0,0.8848103249707822,1.0,0.938885269513258,2495335,2820192,0.0,0.0,0.0,6186,0,0.0,0.0,0.0,18137,0,0.967741935483871,0.0001438572935647,0.0002876718239831,208540,31,1.0,0.0115702479338842,0.022875816993464,72600,840,0.0,0.0,0.0,19740,0,0.0,0.0,0.0,525,0,0.3692021369934082,0.5229275226593018,175684,43,1.876762822593396,0.0971114495769143,0.0470861233770847,0.938537895679474,685642,168,1.4909126024530062,0.3906907737255096,0.0646639987826347,0.9817375540733336,1291611,316,1.198934062286909,0.6557407276704907,0.538455605506897,0.8875308036804199,79035,20,1.995239396910664,0.1153510920703411,6.73934118822217e-05,0.9999969005584716,11023039,2692,0.1945181364972551,5.840443541295826,7.099337584339082,0.0532600497826933,7.152597634121776,3.626884840428829,10.779482474550605,0.011938028037548
32,4.558988061006118,0.8849391169215293,0.1450372400354527,0.4086432737843298,0.1450372400354527,0.1384293982168679,0.8313125731521062,0.5828664003375584,0.0,0.0,0.8848931603927476,1.0,0.938931902334842,2495335,2819928,0.0,0.0,0.0,6186,0,0.0,0.0,0.0,18137,0,0.975609756097561,0.000191809724753,0.0003835440428418,208540,41,1.0,0.0150688705234159,0.0296903411403913,72600,1094,0.0,0.0,0.0,19740,0,0.0,0.0,0.0,525,0,0.3700886964797973,0.5214134454727173,175684,43,1.890463878331464,0.0925707435235381,0.0476372241973876,0.9377722144126892,685642,168,1.484900936638987,0.357799076475203,0.0646825581789016,0.9817700386047364,1291611,316,1.1997237031622057,0.5937529057264328,0.5290452241897583,0.8892515897750854,79035,20,1.978808472661644,0.0915051149204373,6.748925079591572e-05,0.999997079372406,11023039,2692,0.1964228220135009,5.856561064720154,6.992188905365765,0.0427276603877544,7.03491656575352,3.6938309278339143,10.728747493587434,0.0141104059293866
33,4.533865775213421,0.8849465609240205,0.1450785623495023,0.4086442151910787,0.1450785623495023,0.1385101144077105,0.8313302995954734,0.58328404214246,0.0,0.0,0.8848997502399902,1.0,0.9389356119627292,2495335,2819907,0.0,0.0,0.0,6186,0,0.0,0.0,0.0,18137,0,0.975609756097561,0.000191809724753,0.0003835440428418,208540,41,1.0,0.015358126721763,0.0302516448484026,72600,1115,0.0,0.0,0.0,19740,0,0.0,0.0,0.0,525,0,0.3576822578907013,0.5219314098358154,175684,43,1.8672014623981827,0.1345797842368483,0.046003621071577,0.9390891790390016,685642,168,1.4734479043680204,0.3877770667895674,0.0662987977266311,0.9824095964431764,1291611,316,1.1254142422434004,0.6032020160928369,0.5236790776252747,0.8902511596679688,79035,20,1.9838459096134,0.1407231781631708,6.759325333405286e-05,0.9999961256980896,11023039,2692,0.1960879234317708,5.745432958938181,7.011715004220605,0.0471303956583142,7.058845399878919,3.639084937982261,10.69793033786118,0.0207078615203499
34,4.495871431500528,0.8851751981433948,0.1463464650150875,0.4087560966707758,0.1463464650150875,0.1409648162485031,0.8318708264286039,0.5835599625900453,0.0,0.0,0.8851022005049548,1.0,0.9390495648117816,2495335,2819262,0.0,0.0,0.0,6186,0,0.0,0.0,0.0,18137,0,0.9761904761904762,0.0001966049678718,0.0003931307591259,208540,42,1.0,0.024228650137741,0.0473110181686144,72600,1759,0.0,0.0,0.0,19740,0,0.0,0.0,0.0,525,0,0.3449035286903381,0.5210320949554443,175684,43,1.8654392045083528,0.0873104780912399,0.0431995131075382,0.937702178955078,685642,168,1.4625502369884429,0.3513017622753978,0.0636874139308929,0.9821950793266296,1291611,316,1.1651043789661175,0.5600014375522733,0.5142417550086975,0.8899221420288086,79035,20,1.987720172385895,0.1270495112985372,6.625089008593932e-05,0.999996542930603,11023039,2692,0.1933747417010476,5.588937185704708,6.714600374922156,0.1038871333003044,6.818487508222461,3.643924803473056,10.462412311695516,0.0189955793321132
35,4.506957166291661,0.8897638939647927,0.1550526201031009,0.4124267206984834,0.1550526201031009,0.1576628744945837,0.8425337377140149,0.5835938158846139,0.0,0.0,0.8891938784636935,1.0,0.9413474060023872,2495335,2806289,0.0,0.0,0.0,6186,0,0.0,0.0,0.0,18137,0,0.9977931664256906,0.0628752277740481,0.1182961101763344,208540,13141,1.0,0.0224931129476584,0.0439966052833645,72600,1633,0.0,0.0,0.0,19740,0,0.0,0.0,0.0,525,0,0.3749492764472961,0.5198253989219666,175684,43,1.853083874288728,0.093484653159976,0.0445441231131553,0.9391650557518004,685642,168,1.4124978811851578,0.3435843391343951,0.0650689527392387,0.9822462201118468,1291611,316,1.141385155815128,0.6909615835174918,0.5077734589576721,0.8903903365135193,79035,20,1.9729946695995055,0.0954898511990904,6.652549927821383e-05,0.9999970197677612,11023039,2692,0.1949780851929139,5.738311415538192,6.961831842549145,0.0475484551861882,7.009380297735333,3.651963295415044,10.661343593150375,0.0116128996014595
36,4.48727156292039,0.89615616524693,0.16714802981558,0.4131349110556798,0.16714802981558,0.1777850519898421,0.8558159514690148,0.5880974338343001,0.0,0.0,0.8949659097837666,1.0,0.944572042339158,2495335,2788190,0.0,0.0,0.0,6186,0,0.0,0.0,0.0,18137,0,0.9969784676059922,0.1503116908027237,0.2612373479567132,208540,31441,1.0,0.019724517906336,0.0386859736330235,72600,1432,0.0,0.0,0.0,19740,0,0.0,0.0,0.0,525,0,0.3540573120117187,0.5231096744537354,175684,43,1.836832157237636,0.09757093898952,0.0415745973587036,0.942257046699524,685642,168,1.4391702855466773,0.3441338995471596,0.0646839812397956,0.9830947518348694,1291611,316,1.150174104362558,0.6265306435525417,0.5051758885383606,0.891718864440918,79035,20,1.957274205817832,0.1381669510155916,6.581216439371929e-05,0.9999967217445374,11023039,2692,0.1919845236267801,5.813993364572525,7.020395797677338,0.0819401126354932,7.102335910312831,3.65534564293921,10.75768155325204,0.0157607551664114
37,4.46436246359642,0.8949839120927111,0.1653572169277026,0.412992380004091,0.1653572169277026,0.1752303873345491,0.8535431908978715,0.5961703982246436,0.0,0.0,0.8939015085025667,1.0,0.9439788758702023,2495335,2791510,0.0,0.0,0.0,6186,0,0.0,0.0,0.0,18137,0,0.9970451515260712,0.1326795818548,0.2341942773952457,208540,27751,1.0,0.0248209366391184,0.0484395580763957,72600,1802,0.0,0.0,0.0,19740,0,0.0,0.0,0.0,525,0,0.3519082367420196,0.5222615599632263,175684,43,1.8479571722446413,0.1037659430876374,0.0441271290183067,0.938222885131836,685642,168,1.460789037367077,0.3233623476698994,0.0648440867662429,0.9839603304862976,1291611,316,1.0994528570969742,0.577558109536767,0.5014314651489258,0.8930094242095947,79035,20,1.9539754751572505,0.0643689483404159,6.414698873413727e-05,0.999997079372406,11023039,2692,0.190686526620543,5.9564901404082775,7.025545489042997,0.0366450753062963,7.062190564349294,3.671270848251879,10.733461412601171,0.0554808415472507
38,4.484554592490651,0.894818726132667,0.1648545654281201,0.4129660949391658,0.1648545654281201,0.1743363315235306,0.8531942072269563,0.5957214193556533,0.0,0.0,0.8937523101917781,1.0,0.943895677784038,2495335,2791976,0.0,0.0,0.0,6186,0,0.0,0.0,0.0,18137,0,0.997010354382383,0.1311307183274192,0.2317771901274749,208540,27428,1.0,0.0228512396694214,0.0446814527532016,72600,1659,0.0,0.0,0.0,19740,0,0.0,0.0,0.0,525,0,0.3476075232028961,0.5209751725196838,175684,43,1.833426836638507,0.1056144712492823,0.0412580408155918,0.9438657164573668,685642,168,1.3542675692916997,0.3328246800228953,0.0659900978207588,0.9840369820594788,1291611,316,1.1127923059063989,0.6502345819026232,0.4982096552848816,0.8943379521369934,79035,20,1.951354887878429,0.1242679944261908,6.523340562125668e-05,0.999997079372406,11023039,2692,0.1929177746083621,5.940764006227255,7.153705733828247,0.0149211455136537,7.1686268793419,3.706010395660997,10.874637275002897,0.0130419274792075
39,4.435535258456598,0.8999458714675993,0.1748090847834084,0.4136137558036878,0.1748090847834084,0.1893886843175814,0.8630434845629519,0.629647102509039,0.0,0.0,0.8984224092274137,1.0,0.946493683239904,2495335,2777463,0.0,0.0,0.0,6186,0,0.0,0.0,0.0,18137,0,0.9968738813984012,0.2003164860458425,0.3335981952125217,208540,41905,1.0,0.0233471074380165,0.045628911770644,72600,1695,0.0,0.0,0.0,19740,0,0.0,0.0,0.0,525,0,0.3526537418365478,0.5229844450950623,175684,43,1.8139859389545592,0.1147221429273486,0.0404248386621475,0.9451565146446228,685642,168,1.4001246769079012,0.3080795016139745,0.0602443851530551,0.983653724193573,1291611,316,1.1429796100369085,0.6042713047936559,0.4900704026222229,0.893806517124176,79035,20,1.961001202319906,0.0847328910604119,6.285415292950347e-05,0.9999955296516418,11023039,2692,0.1860784451489293,5.744118350557983,6.855924190953374,0.0471122963353991,6.903036487288773,3.6450551729649305,10.548091660253704,0.0125314677134156
40,4.417313720229424,0.8976825402339472,0.1706378037567606,0.4133283256022643,0.1706378037567606,0.1834347351010486,0.8588314212809736,0.6443386448311905,0.0,0.0,0.8963543928580024,1.0,0.9453448113220057,2495335,2783871,0.0,0.0,0.0,6186,0,0.0,0.0,0.0,18137,0,0.9969438863578484,0.1689412103193631,0.288921965400875,208540,35339,1.0,0.0255234159779614,0.0497763689844599,72600,1853,0.0,0.0,0.0,19740,0,0.0,0.0,0.0,525,0,0.3403179943561554,0.523291826248169,175684,43,1.8002636355893646,0.1170038310810923,0.0420191995799541,0.9421520233154296,685642,168,1.4165228961091147,0.3248005677014589,0.066698171198368,0.9838078022003174,1291611,316,1.0980255076019954,0.577990859746933,0.4844431281089782,0.8950970768928528,79035,20,1.9263004121613707,0.1094422377645969,6.412056245608255e-05,0.9999957084655762,11023039,2692,0.1915088817537562,5.6778056435287,6.807043139822781,0.0161215849220752,6.823164724744856,3.673779916018248,10.496944640763104,0.0107757374644279
41,4.394049967656489,0.9002595830011595,0.17578347384471346,0.41365764341500405,0.17578347384471346,0.19105266113688701,0.8636710637211593,0.6515360873007986,0.0,0.0,0.8987090939671402,1.0,0.9466527514116321,2495335,2776577,0.0,0.0,0.0,6186,0,0.0,0.0,0.0,18137,0,0.9968944099378882,0.20318404143090055,0.33756632303500583,208540,42504,1.0,0.027300275482093662,0.053149553511571156,72600,1982,0.0,0.0,0.0,19740,0,0.0,0.0,0.0,525,0,0.3537384867668152,0.5224892497062683,175684,43,1.7944847447377514,0.2523296969011426,0.04007873684167862,0.9418632388114929,685642,168,1.4042237326418048,0.4043555883690715,0.06448584794998169,0.9844914674758911,1291611,316,1.0984998113870676,0.7124912878498435,0.4805360734462738,0.8951350450515747,79035,20,1.9201136480661023,0.09127042349427938,6.292423495324329e-05,0.9999968409538269,11023039,2692,0.18712706158732834,5.866583781316876,7.327030777931213,0.03384868148714304,7.360879459418356,3.7052646577358246,11.066144117154181,2.5499176755547523
42,4.3730557309444915,0.9009603826642653,0.1774417861070956,0.413744364684076,0.1774417861070956,0.19361791336934187,0.864990199933395,0.6577486819322381,0.0,0.0,0.8993517247394482,1.0,0.9470091431989204,2495335,2774593,0.0,0.0,0.0,6186,0,0.0,0.0,0.0,18137,0,0.9968588280490837,0.211527764457658,0.34899976660561494,208540,44251,1.0,0.03056473829201102,0.059316483780857805,72600,2219,0.0,0.0,0.0,19740,0,0.0,0.0,0.0,525,0,0.34010055661201477,0.5227852463722229,175684,43,1.7896117758146755,0.11577154230326414,0.03947510942816734,0.9420368075370789,685642,168,1.3997881908996226,0.3923606975004077,0.061695396900177,0.9849908351898193,1291611,316,1.1721751663112883,0.6482725013047457,0.47920316457748413,0.8957043886184692,79035,20,1.934840829952242,0.10280028451234102,6.321731780190021e-05,0.9999963641166687,11023039,2692,0.18735186553995947,6.027855645865202,7.2870606714859605,0.06585334427654743,7.352914015762508,3.6671304311603308,11.020044446922839,0.01629685703665018
43,4.37801779206221,0.9025675782497591,0.18047333729709905,0.41397102017315274,0.18047333729709905,0.19772561978048322,0.8678506542718728,0.6566373050567637,0.0,0.0,0.9008266998790636,1.0,0.9478262273319045,2495335,2770050,0.0,0.0,0.0,6186,0,0.0,0.0,0.0,18137,0,0.9969704413330058,0.23354752085930758,0.3784422204264313,208540,48852,1.0,0.029765840220385673,0.05781089070504675,72600,2161,0.0,0.0,0.0,19740,0,0.0,0.0,0.0,525,0,0.3294779062271118,0.5224835276603699,175684,43,1.7932332712239683,0.10143510438501835,0.03886105865240097,0.9447466731071472,685642,168,1.3917002994243262,0.4350214824080467,0.06249978765845299,0.9852625727653503,1291611,316,1.0879495620172286,0.7234486378729343,0.4739131033420563,0.8968051671981812,79035,20,1.922661895464654,0.1299562705680728,6.284068513195962e-05,0.9999955296516418,11023039,2692,0.1877632663085255,6.052652845159173,7.442514340393245,0.04296747408807278,7.485481814481318,3.701195922680199,11.186677737161517,0.012780409306287766
44,4.303774358799334,0.8981866055454982,0.17309884092111963,0.5562537146758518,0.17309884092111963,0.18799675823677028,0.8599249679369931,0.6644487568866232,0.0,0.0,0.8968128065645791,1.0,0.9455996959329325,2495335,2782448,0.0,0.0,0.0,6186,0,1.0,0.0034735623311462757,0.006923076923076923,18137,63,0.9969631961663834,0.17159297976407403,0.29279188980211346,208540,35893,1.0,0.03662534435261708,0.07066264499926919,72600,2659,0.0,0.0,0.0,19740,0,0.0,0.0,0.0,525,0,0.3345615267753601,0.5230413675308228,175684,43,1.787760542445631,0.10745415929704905,0.03763434290885925,0.94223952293396,685642,168,1.438732852428128,0.4120082017034292,0.06207101792097092,0.9847849011421204,1291611,316,1.121310947807969,0.7142863059416413,0.46727603673934937,0.8986018896102905,79035,20,1.9219748894582693,0.09110681246966124,6.0870468587381765e-05,0.9999967217445374,11023039,2692,0.18398674817020158,6.20623048581183,7.53108596522361,0.08606934733688831,7.617155312560499,3.991082706488669,11.608238019049168,0.04852510895580053
45,4.29693772434126,0.9017299507313378,0.18013067326352525,0.556712429656488,0.18013067326352525,0.19819991896399677,0.8664711202946641,0.6647983243490521,0.0,0.0,0.900056629226452,1.0,0.9473997936502362,2495335,2772420,0.0,0.0,0.0,6186,0,1.0,0.005348183271764901,0.010639464736207086,18137,97,0.9969303783689641,0.21958856814040473,0.3599031728192271,208540,45934,1.0,0.03597796143250689,0.06945700154230708,72600,2612,0.0,0.0,0.0,19740,0,0.0,0.0,0.0,525,0,0.32806581258773804,0.5235251784324646,175684,43,1.7696836344892106,0.10168167389929295,0.03774946182966232,0.9439051151275635,685642,168,1.3486458137598192,0.42804338876158,0.06316369771957397,0.984640896320343,1291611,316,1.147093411288878,0.7124192574992776,0.4624638259410858,0.8955905437469482,79035,20,1.9080587315859705,0.08306670002639294,6.339592073345557e-05,0.9999961853027344,11023039,2692,0.18743291298224177,6.008399383164942,7.333610403351486,0.04014377575367689,7.373754179105163,4.197923043742776,11.571677222847939,0.015860095620155334
46,4.3013499899183065,0.9009362782752459,0.18234942367010637,0.6994636801719992,0.18234942367010637,0.20346259602900596,0.8650777055172413,0.665365090015607,0.0,0.0,0.8993280632695971,1.0,0.9469960252379459,2495335,2774666,0.0,0.0,0.0,6186,0,1.0,0.0075536196724926945,0.014993980518769837,18137,137,0.9969176979343976,0.20782583676992422,0.3439491456823827,208540,43474,1.0,0.03820936639118457,0.07360628333377557,72600,2774,0.0,0.0,0.0,19740,0,1.0,0.022857142857142857,0.0446927374301676,525,12,0.3174680471420288,0.5235081315040588,175684,43,1.7688720530009674,0.12672309391200542,0.03733377531170845,0.9445949792861938,685642,168,1.334244674068235,0.418468926101923,0.06390085071325302,0.9843025803565979,1291611,316,1.2612357687755702,0.6849764408543706,0.4554552733898163,0.8995634913444519,79035,20,1.8848607113427713,0.13911341316998005,6.285515701165423e-05,0.9999964833259583,11023039,2692,0.18801301438941426,6.210387052036822,7.579668926075101,0.08106652181595564,7.6607354478910565,3.9651414388790727,11.62587688677013,0.014151345938444138
47,4.295712959309478,0.9054937801814422,0.191082056458138,0.7000735874192129,0.191082056458138,0.21509963510904645,0.8730514966625968,0.6653868894837219,0.0,0.0,0.9035264665126351,1.0,0.9493185226554219,2495335,2761773,0.0,0.0,0.0,6186,0,1.0,0.007884435132601864,0.015645514223194747,18137,143,0.9969886454218554,0.26989066845689075,0.4247885793209632,208540,56453,1.0,0.03694214876033058,0.07125209213357775,72600,2682,0.0,0.0,0.0,19740,0,1.0,0.022857142857142857,0.0446927374301676,525,12,0.31235381960868835,0.5238041281700134,175684,43,1.7567494844514875,0.09983620513230562,0.03696194663643837,0.9450938105583191,685642,168,1.367388014735142,0.43610697239637375,0.060972098261117935,0.9847074747085571,1291611,316,1.1171480460302798,0.7121535083279014,0.45302656292915344,0.8987283706665039,79035,20,1.8779394196145562,0.053495895117521286,6.22299121459946e-05,0.9999954700469971,11023039,2692,0.1873474924236796,6.098915905691683,7.400508486665785,0.07201076950877905,7.472519256174564,3.9570348355919123,11.429554091766477,0.017870305106043816
48,4.331942124600361,0.9145393066372498,0.2073421781391192,0.7012882829919985,0.2073421781391192,0.23294493752916007,0.887255015116993,0.6654472695890403,0.0,0.0,0.9119773143662645,1.0,0.9539624842970947,2495335,2736181,0.0,0.0,0.0,6186,0,1.0,0.006395765562110602,0.012710239412699283,18137,116,0.9970406665777249,0.3942025510693392,0.5650140382348595,208540,82451,1.0,0.03174931129476584,0.061544623189373204,72600,2305,0.0,0.0,0.0,19740,0,1.0,0.01904761904761905,0.037383177570093455,525,10,0.3287613093852997,0.5236902832984924,175684,43,1.7402824085897697,0.1127436151728034,0.036027755588293076,0.9481507539749146,685642,168,1.3216992881170473,0.42537342105060816,0.06550367176532745,0.9859307408332825,1291611,316,1.084426498890735,0.7119607282802463,0.4525175392627716,0.8991079926490784,79035,20,1.909384297970267,0.1503057237714529,6.143255450297147e-05,0.9999956488609314,11023039,2692,0.18620867971788424,6.030239233747125,7.430622722022235,0.06961820181459188,7.500240923836827,3.99528141412884,11.495522337965667,0.015964734368026257
49,4.298702549852054,0.9147300148915497,0.20605088685790887,0.5584542225548504,0.20605088685790887,0.2302708196118975,0.8876539659490803,0.6655386127538995,0.0,0.0,0.9121573335097697,1.0,0.9540609630019331,2495335,2735641,0.0,0.0,0.0,6186,0,1.0,0.011578541103820918,0.022892025944296072,18137,210,0.997022224374183,0.39496499472523255,0.5657938121668407,208540,82612,1.0,0.03581267217630854,0.06914893617021277,72600,2600,0.0,0.0,0.0,19740,0,0.0,0.0,0.0,525,0,0.32202160358428955,0.5244928598403931,175684,43,1.7469638815499575,0.1291068010032177,0.03769881650805473,0.9436104893684387,685642,168,1.3732312642979954,0.42494025081396103,0.059886131435632706,0.986190915107727,1291611,316,1.0484377713565505,0.6736063016578555,0.458507776260376,0.9003479480743408,79035,20,1.8981264241183078,0.12761224154382944,5.926767335040495e-05,0.9999952912330627,11023039,2692,0.17966249637945053,5.911170455627143,7.266436050646007,0.010861190967261791,7.277297241613269,4.046808670274913,11.324105911888182,0.01286292728036642
50,4.310843283038118,0.9202942295156117,0.21675599704037088,0.5592115121097574,0.21675599704037088,0.24101125538590035,0.8955887858347682,0.6673910568978892,0.0,0.0,0.9174366401105335,1.0,0.9569407623895687,2495335,2719899,0.0,0.0,0.0,6186,0,1.0,0.012185036114021061,0.024076696807931147,18137,221,0.997043944657768,0.47065790735590296,0.6394576880729164,208540,98442,1.0,0.034449035812672175,0.0666036404308864,72600,2501,0.0,0.0,0.0,19740,0,0.0,0.0,0.0,525,0,0.31395506858825684,0.523758590221405,175684,43,1.759227155890145,0.1180852996185422,0.037057701498270035,0.9446183443069458,685642,168,1.3437130771875985,0.4835434313863516,0.05761060491204262,0.9867367148399353,1291611,316,1.0425516501788823,0.6045434596017003,0.4430809020996094,0.9026507139205933,79035,20,1.8672555767402004,0.09552558977156878,5.941422932664864e-05,0.9999952912330627,11023039,2692,0.1810481948592441,6.028686654753983,7.330384435132146,0.06963735166937113,7.400021786801517,3.7364747133105993,11.136496500112116,0.01479242742061615
51,4.279649079693925,0.9100534089454932,0.19767156294490612,0.55781686393082,0.19767156294490612,0.22158303318817466,0.8805518542921985,0.670427104820445,0.0,0.0,0.9077678856285986,1.0,0.9516544360211769,2495335,2748869,0.0,0.0,0.0,6186,0,1.0,0.015327782985058169,0.030192777626934564,18137,278,0.9969501618871416,0.3307423036347943,0.49670176146101885,208540,69184,1.0,0.03763085399449036,0.07253225720809219,72600,2732,0.0,0.0,0.0,19740,0,0.0,0.0,0.0,525,0,0.31581422686576843,0.5237358212471008,175684,43,1.7490408815060343,0.10170406475663185,0.03541254997253418,0.9446518421173096,685642,168,1.336981503824587,0.3559863092377782,0.06213287264108658,0.9858200550079346,1291611,316,1.0366129198798741,0.677362147718668,0.4546339809894562,0.901537299156189,79035,20,1.8851201682584058,0.07591935619711876,5.84461959078908e-05,0.9999952912330627,11023039,2692,0.17837031808778314,6.020946071483195,7.231917949393392,0.07010454032570124,7.302022489719093,3.981559264473617,11.28358175419271,0.015492386184632778
52,4.2139548201576,0.9455783156916382,0.2671704488075291,0.5627521722647375,0.2671704488075291,0.2830120078339083,0.9265830487344457,0.6705087958266686,0.0,0.0,0.9422182465992187,1.0,0.9702496084042276,2495335,2648362,0.0,0.0,0.0,6186,0,1.0,0.018746209406186248,0.03680251123017806,18137,340,0.9970469592539438,0.8095185575908699,0.8935496762002556,208540,169317,1.0,0.04192837465564738,0.08048225900269684,72600,3044,0.0,0.0,0.0,19740,0,0.0,0.0,0.0,525,0,0.3226213753223419,0.5240886807441711,175684,43,1.7380196985357839,0.10422669257968664,0.0345371812582016,0.9471575617790222,685642,168,1.4173462160602286,0.44290017522871494,0.06448893994092941,0.9863062500953674,1291611,316,1.0888838189398753,0.6776511883363128,0.4440954327583313,0.9022331833839417,79035,20,1.8822667490378255,0.06556656397879124,5.897582013858482e-05,0.9999953508377075,11023039,2692,0.17931085449720147,6.02026164252311,7.3106062626466155,0.0740854674950242,7.38469173014164,3.7530258782207966,11.137717608362436,0.012008359655737877
53,4.243994831888111,0.9364307000588076,0.2493013210507408,0.5614598285733411,0.2493013210507408,0.27029061273034,0.9162434771432739,0.6705802257503034,0.0,0.0,0.9330953854437964,1.0,0.9653899051955764,2495335,2674255,0.0,0.0,0.0,6186,0,1.0,0.018746209406186248,0.03680251123017806,18137,340,0.9971234145695917,0.686487004891148,0.8131480519037922,208540,143573,1.0,0.03987603305785124,0.0766938207828333,72600,2895,0.0,0.0,0.0,19740,0,0.0,0.0,0.0,525,0,0.3212650716304779,0.524481475353241,175684,43,1.7278833919475,0.11395478341728449,0.03424111381173134,0.9523060321807861,685642,168,1.305377820407787,0.402792539447546,0.06053296476602554,0.9868079423904419,1291611,316,1.0324038467897128,0.6118129622191191,0.43742555379867554,0.9022204875946045,79035,20,1.8714880194416523,0.08074880205094814,6.035768456058577e-05,0.9999961853027344,11023039,2692,0.18447576406805835,5.9165965197607875,7.125905606895685,0.07790119387209415,7.203806800767779,3.710343373939395,10.914150174707174,0.01101980172097683
54,4.225718903698088,0.9456141177988581,0.2673672130609219,0.5627574128803146,0.2673672130609219,0.283346771670591,0.9266473309196531,0.6724348324873713,0.0,0.0,0.9422541811400009,1.0,0.9702686602913604,2495335,2648261,0.0,0.0,0.0,6186,0,1.0,0.019242432596350004,0.03775830358108839,18137,349,0.9970477090222012,0.8097247530449794,0.893675575549087,208540,169360,1.0,0.04260330578512397,0.08172486227260116,72600,3093,0.0,0.0,0.0,19740,0,0.0,0.0,0.0,525,0,0.3182474970817566,0.5233487486839294,175684,43,1.7338038827310625,0.17227104492485523,0.03486689552664757,0.9456056952476501,685642,168,1.356173390568334,0.39968716260045767,0.060268063098192215,0.986668586730957,1291611,316,1.0594751746012105,0.5994535237550735,0.4406379759311676,0.9029037356376648,79035,20,1.8669045789603587,0.10061963461339474,5.8559206081554294e-05,0.9999960064888,11023039,2692,0.17874123754190133,5.830945132300258,7.102976498194039,0.06298202741891146,7.16595852561295,3.773961910046637,10.939920435659587,0.009774451144039631
55,4.2414922878923464,0.9455581105420191,0.2672060511471187,0.5627493326085532,0.2672060511471187,0.2830753740049602,0.9265270372805813,0.6822695168789537,0.0,0.0,0.9421979679197288,1.0,0.9702388566793824,2495335,2648419,0.0,0.0,0.0,6186,0,1.0,0.020400286706732093,0.03998487058950667,18137,370,0.9970473603401441,0.8096288481826028,0.8936170212765957,208540,169340,1.0,0.04041322314049587,0.07768686948923663,72600,2934,0.0,0.0,0.0,19740,0,0.0,0.0,0.0,525,0,0.31838259100914,0.5247660875320435,175684,43,1.7363114758477476,0.17651882953941822,0.03430650383234024,0.9496690630912781,685642,168,1.3651511411848527,0.35016497410833836,0.060171034187078476,0.9874017834663391,1291611,316,1.0333278523031866,0.698670769110322,0.43274542689323425,0.9042449593544006,79035,20,1.835942758897595,0.0765950558707118,6.0179547290317714e-05,0.9999951124191284,11023039,2692,0.18221925878185422,5.86715545412153,7.16910508275032,0.027403165586292744,7.196508248336613,3.7189295161515474,10.91543776448816,0.010210561566054821
56,4.235071905512771,0.9456240431355131,0.267583446147211,0.5627589132846927,0.267583446147211,0.2837410963623376,0.9266577282813393,0.6882284795911621,0.0,0.0,0.9422641436761795,1.0,0.9702739421351093,2495335,2648233,0.0,0.0,0.0,6186,0,1.0,0.021117053536968626,0.041360691144708424,18137,383,0.9970482493166697,0.809873405581663,0.8937663224239345,208540,169391,1.0,0.04209366391184573,0.08078671883261077,72600,3056,0.0,0.0,0.0,19740,0,0.0,0.0,0.0,525,0,0.3044034540653229,0.527446985244751,175684,43,1.708814373825191,0.14696630276739597,0.037847235798835754,0.9451477527618408,685642,168,1.364594025234809,0.3452235385775566,0.06087462231516838,0.9875984191894531,1291611,316,1.0378507390755383,0.6832952611148357,0.4313321113586426,0.9050673842430115,79035,20,1.8407867873804475,0.0892330827191472,5.743793735746294e-05,0.9999961256980896,11023039,2692,0.17749175490183222,5.915089301764965,7.179807486943901,0.07563460990786552,7.255442096851766,3.710805590264499,10.966247687116265,0.010119685903191566
57,4.204075553069938,0.9457091174496989,0.26788253740617923,0.5627706599856611,0.26788253740617923,0.2841836710394357,0.9267954211795807,0.6917050033775848,0.0,0.0,0.9423499013592186,1.0,0.9703194060964819,2495335,2647992,0.0,0.0,0.0,6186,0,1.0,0.021117053536968626,0.041360691144708424,18137,383,0.9970447185404095,0.8105207634027045,0.8941589718224547,208540,169527,1.0,0.04353994490358127,0.0834466282124048,72600,3161,0.0,0.0,0.0,19740,0,0.0,0.0,0.0,525,0,0.32397589087486267,0.5234739780426025,175684,43,1.7341527882408196,0.08949498273432255,0.03584712743759155,0.9469037652015686,685642,168,1.3295922291594537,0.39236164558678865,0.06183214113116264,0.9874258041381836,1291611,316,1.04717316135726,0.6974850222468376,0.42689797282218933,0.904890239238739,79035,20,1.850443450555405,0.08687765430659056,5.6481545470887795e-05,0.9999968409538269,11023039,2692,0.1757719647170458,5.926429756917059,7.192649061791599,0.06874353345483541,7.261392595246434,3.735665918327868,10.997058513574302,0.009072305634617805
58,4.218640710606657,0.9456389311404956,0.2675044712671516,0.5627613615991184,0.2675044712671516,0.28349014815420276,0.9266370916351845,0.6926275917106777,0.0,0.0,0.9422790878754591,1.0,0.9702818650085564,2495335,2648191,0.0,0.0,0.0,6186,0,1.0,0.021117053536968626,0.041360691144708424,18137,383,0.9970504433183692,0.810477606214635,0.8941350113871718,208540,169517,1.0,0.0409366391184573,0.0786534695389827,72600,2972,0.0,0.0,0.0,19740,0,0.0,0.0,0.0,525,0,0.31327107548713684,0.5240830183029175,175684,43,1.7142225516566325,0.11667057871818542,0.03378093242645264,0.9509000182151794,685642,168,1.2725182090014562,0.35367801412940025,0.06086515635251999,0.9882403016090393,1291611,316,1.0146355678634345,0.6671119397506118,0.4249488115310669,0.9046118855476379,79035,20,1.8492816289252563,0.07690452877432108,5.8449586504139006e-05,0.9999951720237732,11023039,2692,0.1790697369930314,6.157019415870309,7.371384477242827,0.033528171479701996,7.404912648722529,3.73467867821455,11.13959132693708,0.013171673752367496
59,4.178525507348117,0.9456991921130439,0.26774827168187343,0.5627695276781683,0.26774827168187343,0.28384441059586746,0.9267217693475673,0.6937194691439362,0.0,0.0,0.9423399370095392,1.0,0.9703141237577417,2495335,2648020,0.0,0.0,0.0,6186,0,1.0,0.021778684457186965,0.042628966112669975,18137,395,0.9970467567376389,0.8110818068476072,0.8945010894167919,208540,169644,1.0,0.04137741046831956,0.07946669488386858,72600,3004,0.0,0.0,0.0,19740,0,0.0,0.0,0.0,525,0,0.32042640447616577,0.5239065885543823,175684,43,1.713516745101054,0.10479463543742895,0.03500011935830116,0.9485576748847961,685642,168,1.3313452909984858,0.3634833600372076,0.05885761231184006,0.9876696467399597,1291611,316,1.0333685427032864,0.6747868061065674,0.43145623803138733,0.9036755561828613,79035,20,1.873607625645875,0.1046725157648325,5.6895256420830265e-05,0.9999949932098389,11023039,2692,0.17498529146846045,5.788651129230857,7.036388446576893,0.09094422124326229,7.127332667820156,3.746779072098434,10.87411173991859,0.015447079204022884
60,4.077720679389226,0.9449512471008269,0.2711057714826031,0.7055229405995375,0.2711057714826031,0.292931946730758,0.9263289975277883,0.692586929406885,0.0,0.0,0.9415846837002064,1.0,0.9699135882198723,2495335,2650144,0.0,0.0,0.0,6186,0,1.0,0.024700887688151294,0.04821092278719397,18137,448,0.9970759004965565,0.7962980723122662,0.8854479094183483,208540,166547,1.0,0.05388429752066116,0.10225846925972397,72600,3912,0.0,0.0,0.0,19740,0,1.0,0.022857142857142857,0.0446927374301676,525,12,0.3226476311683655,0.5259670615196228,175684,43,1.6941392943852225,0.09853102825582027,0.03353209048509598,0.9479421973228455,685642,168,1.324421916978321,0.36155625991523266,0.05978681519627571,0.988113284111023,1291611,316,1.191848262496714,0.6987928533926606,0.419686496257782,0.9055734872817993,79035,20,1.8318025419796966,0.0737377405166626,5.722760033677332e-05,0.9999963641166687,11023039,2692,0.17752260539481016,6.110637799836695,7.343255681917071,0.00970720499753952,7.352962886914611,3.824226710945368,11.177189597859979,0.010552634485065937
61,4.130853202398101,0.9458229043449224,0.2718897985387081,0.7056450203482724,0.2718897985387081,0.2919209584871561,0.9270402041810433,0.6931115156039505,0.0,0.0,0.9424637946089999,1.0,0.9703797797669729,2495335,2647672,0.0,0.0,0.0,6186,0,1.0,0.022881402657550863,0.04473911168607158,18137,415,0.9970513478289074,0.810726958856814,0.8942870971069189,208540,169569,1.0,0.04676308539944904,0.08934798341996184,72600,3395,0.0,0.0,0.0,19740,0,1.0,0.022857142857142857,0.0446927374301676,525,12,0.30834445357322693,0.5238553285598755,175684,43,1.6819520444865195,0.09705749899148941,0.03287636861205101,0.9534173607826233,685642,168,1.2683143531220848,0.3506775265559554,0.06039484590291977,0.9877385497093201,1291611,316,1.051498715002263,0.6999280415475368,0.4155239462852478,0.9053710103034973,79035,20,1.7922378283329277,0.11482515931129456,5.987780605209991e-05,0.9999951124191284,11023039,2692,0.1841624462012065,6.396055409684777,7.6585436360910535,0.049517964012920856,7.708061600103974,3.6964674377813935,11.404529037885368,0.01134550478309393
62,4.1537327157618495,0.945784975379848,0.27108816614423,0.7056396664016865,0.27108816614423,0.29037325545951226,0.9269377731816242,0.6946197972188061,0.0,0.0,0.9424257084900213,1.0,0.9703595914848475,2495335,2647779,0.0,0.0,0.0,6186,0,1.0,0.02282626674753267,0.04463371246833055,18137,414,0.9970519563217849,0.810894792365973,0.8943894389438944,208540,169604,1.0,0.044848484848484846,0.08584686774941995,72600,3256,0.0,0.0,0.0,19740,0,1.0,0.01904761904761905,0.037383177570093455,525,10,0.30526819825172424,0.5246579051017761,175684,43,1.6869681257475688,0.1185958981513977,0.03351063281297684,0.9512471556663513,685642,168,1.3106355427481466,0.4240652984008193,0.06014542654156685,0.988611102104187,1291611,316,1.0050983827953432,0.6775201037526131,0.4187115430831909,0.9061807990074158,79035,20,1.8263110118022905,0.16157694533467293,5.738576874136925e-05,0.9999967217445374,11023039,2692,0.17916668493773463,6.062282225117087,7.44404047075659,0.030569104477763176,7.4746095752343535,3.750660049729049,11.225269624963403,0.010324223898351192
63,4.121169961674958,0.9459260569508727,0.27177419535322983,0.7056594433819692,0.27177419535322983,0.2915351076417366,0.927205663304297,0.6970850157216216,0.0,0.0,0.9425677462245692,1.0,0.970434877297303,2495335,2647380,0.0,0.0,0.0,6186,0,1.0,0.023487897667751008,0.04589775359586274,18137,426,0.9970483574492153,0.8115229692145391,0.8947699563281837,208540,169736,1.0,0.04836088154269973,0.09225998870071343,72600,3511,0.0,0.0,0.0,19740,0,1.0,0.01904761904761905,0.037383177570093455,525,10,0.3194667398929596,0.5252271294593811,175684,43,1.6887643964783476,0.09463325049728155,0.03416147828102112,0.9524708390235901,685642,168,1.2837640332600164,0.35261538345366716,0.06029101833701134,0.9882820844650269,1291611,316,1.038818456199274,0.6980221038684249,0.41810882091522217,0.9057126641273499,79035,20,1.830198378667933,0.08124284818768501,5.506805973709561e-05,0.9999964833259583,11023039,2692,0.17160660119863005,6.025995624251664,7.252509210258722,0.06780312489718199,7.320312335155904,3.7727246172726154,11.09303695242852,0.011640042066574097
64,4.084375170363589,0.9461440598809739,0.27352425294036126,0.7056909148801387,0.27352425294036126,0.29472714946523565,0.9276715467502682,0.6978646199746147,0.0,0.0,0.9427867604415201,1.0,0.9705509422220494,2495335,2646765,0.0,0.0,0.0,6186,0,1.0,0.024370072228042123,0.04758060175466925,18137,442,0.9970496437194512,0.8118778172053324,0.894986123959297,208540,169810,1.0,0.05556473829201102,0.10527964089046637,72600,4034,0.0,0.0,0.0,19740,0,1.0,0.022857142857142857,0.0446927374301676,525,12,0.311198890209198,0.5254377126693726,175684,43,1.6835210147201196,0.11502662021666765,0.03141675889492035,0.9522695541381836,685642,168,1.2518174429701674,0.42094578966498375,0.058647505939006805,0.9875775575637817,1291611,316,1.2220530842680397,0.6518254466354847,0.4148046672344208,0.9084076285362244,79035,20,1.8251628510561775,0.13204465992748737,5.5982098274398595e-05,0.9999954700469971,11023039,2692,0.17476174515378315,6.201239632442594,7.521082148887217,0.06429300643503666,7.585375155322254,3.9366886829957366,11.52206383831799,0.018840650096535683
65,4.107877239341371,0.945966467250111,0.27255991081650804,0.7056653040605795,0.27255991081650804,0.2930071300495189,0.9272878021153683,0.6981664815802436,0.0,0.0,0.9426083362986568,1.0,0.9704563896751858,2495335,2647266,0.0,0.0,0.0,6186,0,1.0,0.02398412085791476,0.046844712470385526,18137,435,0.9970487921253999,0.8116428502925098,0.8948429953925577,208540,169761,1.0,0.04943526170798898,0.09421307537833545,72600,3589,0.0,0.0,0.0,19740,0,1.0,0.022857142857142857,0.0446927374301676,525,12,0.33137622475624084,0.5242765545845032,175684,43,1.6712461162228134,0.1092169126495719,0.03410281240940094,0.9515796899795532,685642,168,1.286406477775586,0.4251599358394742,0.05748135596513748,0.9888480305671692,1291611,316,0.9948620764004638,0.6970934541895986,0.4108370542526245,0.9090149998664856,79035,20,1.8050226229637851,0.08074093703180552,5.731784040108323e-05,0.9999956488609314,11023039,2692,0.18012080760840404,6.110745120793581,7.422956360504031,0.07493382133543491,7.497890181839466,3.8479069685563445,11.34579715039581,0.015953101217746735
66,4.160470346342004,0.9458498445444147,0.27117889474830237,0.7056487049815418,0.27117889474830237,0.29036817590303754,0.9269961294447757,0.6989575543328674,0.0,0.0,0.9424912042816216,1.0,0.9703943083028546,2495335,2647595,0.0,0.0,0.0,6186,0,1.0,0.02282626674753267,0.04463371246833055,18137,414,0.9970497305891706,0.8119017934209264,0.895000726830622,208540,169815,1.0,0.044476584022038565,0.08516530614936238,72600,3229,0.0,0.0,0.0,19740,0,1.0,0.01904761904761905,0.037383177570093455,525,10,0.3169918954372406,0.5247205495834351,175684,43,1.6695944180585514,0.10704230330884457,0.031976036727428436,0.9509598016738892,685642,168,1.3073827684398982,0.4000792382284999,0.05619172751903534,0.9883981943130493,1291611,316,0.9861143654820346,0.692833655513823,0.41224929690361023,0.9076358675956726,79035,20,1.8365059378428266,0.11658298876136541,5.664344280376099e-05,0.9999943971633911,11023039,2692,0.17728036360037436,6.2143262242898345,7.530864410102367,0.07369033060967922,7.604554740712047,3.7317821299657226,11.33633687067777,0.11740482319146395
67,4.128573493258938,0.9459859634471119,0.2719366900413127,0.705668414489355,0.2719366900413127,0.2917129266770913,0.9272782086550276,0.6998380512092027,0.0,0.0,0.9426279204793271,1.0,0.9704667687950677,2495335,2647211,0.0,0.0,0.0,6186,0,1.0,0.023708441307823784,0.04631873754510691,18137,430,0.9970509809461583,0.8122470509254819,0.8952109653909472,208540,169887,1.0,0.04855371900826446,0.09261083743842365,72600,3525,0.0,0.0,0.0,19740,0,1.0,0.01904761904761905,0.037383177570093455,525,10,0.3023921847343445,0.5257678627967834,175684,43,1.6757473125222444,0.10831964295357466,0.03048679418861866,0.9510269165039062,685642,168,1.314362145147664,0.37788090109825134,0.06107592582702637,0.9889479279518127,1291611,316,0.9993433323638644,0.7760875523090363,0.4137808680534363,0.9080154299736023,79035,20,1.8374000141778837,0.08712776564061642,5.385044642025605e-05,0.9999957084655762,11023039,2692,0.1688457178055043,6.1031132051721215,7.4525290671736,0.011646684259176254,7.4641757514327765,3.769978060387075,11.234153811819851,0.0157304797321558
68,4.118520513219856,0.9459678851553475,0.2718158127379023,0.7056658598906598,0.2718158127379023,0.2914781913465236,0.9272299077188009,0.7003533374725401,0.0,0.0,0.942609760575266,1.0,0.9704571445127822,2495335,2647262,0.0,0.0,0.0,6186,0,1.0,0.023708441307823784,0.04631873754510691,18137,430,0.9970512586593527,0.8123237748153831,0.8952576742072121,208540,169903,1.0,0.04763085399449036,0.09093060559047043,72600,3458,0.0,0.0,0.0,19740,0,1.0,0.01904761904761905,0.037383177570093455,525,10,0.3075287640094757,0.5253010988235474,175684,43,1.6645806305128918,0.09291980136185884,0.03266806900501251,0.951483428478241,685642,168,1.285623812119158,0.480649477802217,0.05928733944892883,0.9890346527099609,1291611,316,0.9707697369614083,0.6978358533233404,0.41512027382850647,0.9077117443084717,79035,20,1.8357101685213157,0.10624367464333773,5.4799907957203686e-05,0.9999952912330627,11023039,2692,0.17166527858114894,6.337926710024476,7.71557551715523,0.04942802432924509,7.765003541484475,3.721115364693105,11.48611890617758,0.008683525957167149
69,4.09740685461082,0.9460855712899712,0.26987344351566506,0.7056831313595341,0.26987344351566506,0.2874886744820608,0.9274338393040649,0.7010154814144675,0.0,0.0,0.942727990539984,1.0,0.9705198001269868,2495335,2646930,1.0,0.0017782088587132234,0.0035501048894626434,6186,11,1.0,0.024370072228042123,0.04758060175466925,18137,442,0.9970539289767548,0.8130622422556824,0.8957070446939622,208540,170057,1.0,0.04990358126721763,0.09506316990934495,72600,3623,0.0,0.0,0.0,19740,0,0.0,0.0,0.0,525,0,0.30243635177612305,0.526519238948822,175684,43,1.657981171373151,0.1382925184443593,0.033242546021938324,0.9521557688713074,685642,168,1.299920015356106,0.372483734972775,0.05788532644510269,0.9890469908714294,1291611,316,1.0307378237587081,0.7439262205734849,0.4048810601234436,0.9082684516906738,79035,20,1.8386610526387797,0.09897742792963982,5.403646355262026e-05,0.9999961853027344,11023039,2692,0.16920291872335994,5.979582388885319,7.333262290805578,0.013798322528600693,7.347060613334179,3.8063235599547625,11.153384173288941,0.01651372853666544
70,4.082837422905794,0.9369301571783403,0.2548906658909126,0.7043885217787846,0.2548906658909126,0.28064787837101074,0.9172145662922992,0.6994127989905279,0.0,0.0,0.9335872698988269,1.0,0.9656530992238855,2495335,2672846,0.0,0.0,0.0,6186,0,1.0,0.025197110878315047,0.04915564160481876,18137,457,0.9971323825526656,0.6886400690515009,0.8146595492424028,208540,144022,1.0,0.05134986225895317,0.09768368095587465,72600,3728,0.0,0.0,0.0,19740,0,1.0,0.01904761904761905,0.037383177570093455,525,10,0.3037683665752411,0.5237699747085571,175684,43,1.6733639150178836,0.10290516633540392,0.03070088103413582,0.9534640312194824,685642,168,1.2640151979150807,0.3857705779373646,0.05687869340181351,0.9898552894592285,1291611,316,0.8977992542946487,0.6570721352472901,0.40937551856040955,0.9089010953903198,79035,20,1.8283193242482279,0.12274147570133209,5.528170004254207e-05,0.9999949932098389,11023039,2692,0.17433380063040618,5.988924084231257,7.257413439452648,0.1042000949382782,7.361613534390926,3.703610783442855,11.065224317833781,0.0096918735653162
71,4.023544080824687,0.9461235002550457,0.2731867801850081,0.848545359420797,0.2731867801850081,0.2940591901928558,0.9275834709026752,0.7003631133760003,0.0,0.0,0.9427661010955398,1.0,0.9705399950759973,2495335,2646823,1.0,0.002748140963465891,0.005481218765113655,6186,17,1.0,0.025197110878315047,0.04915564160481876,18137,457,0.99705141485004,0.8123669320034526,0.8952839461807574,208540,169912,1.0,0.052947658402203855,0.1005703521532102,72600,3844,0.0,0.0,0.0,19740,0,1.0,0.01904761904761905,0.037383177570093455,525,10,0.2999064028263092,0.5269347429275513,175684,43,1.6454192865029977,0.08996217232197523,0.03134320676326752,0.9555263519287109,685642,168,1.2716777056838389,0.4072283962741494,0.06062344089150429,0.9883843064308167,1291611,316,1.0202622364560792,0.7031189808622003,0.4051560163497925,0.9062946438789368,79035,20,1.8156589349974803,0.07880365755409002,5.2846717153443024e-05,0.9999958276748657,11023039,2692,0.16551712932620916,6.0265642842277884,7.305677491240203,0.0652416655793786,7.370919156819582,3.7401415845379233,11.111060741357505,0.008945725858211517
72,4.046750903481009,0.94609797796079,0.2700520305333789,0.5628272911303206,0.2700520305333789,0.2879358314058605,0.9275440690338914,0.6998705824490229,0.0,0.0,0.9427404562704603,1.0,0.9705264058589367,2495335,2646895,0.0,0.0,0.0,6186,0,1.0,0.02525224678833324,0.04926055391234203,18137,458,0.9970505816417841,0.8121367603337489,0.895143814547415,208540,169864,1.0,0.05297520661157025,0.10062004552232949,72600,3846,0.0,0.0,0.0,19740,0,0.0,0.0,0.0,525,0,0.2888519763946533,0.5292172431945801,175684,43,1.6421744483343803,0.11074651218950748,0.03205890208482742,0.955885112285614,685642,168,1.2539952857799066,0.3595507014542818,0.058865293860435486,0.9898266792297363,1291611,316,0.9301267631010299,0.657116555608809,0.40496501326560974,0.9059404134750366,79035,20,1.8310233171954688,0.10441716574132442,5.523090294445865e-05,0.9999964833259583,11023039,2692,0.1731596003310335,6.0191842475906014,7.251015182584524,0.07339506130665541,7.32441024389118,3.7441828828305006,11.06859312672168,0.015394800342619419
73,4.028460871774147,0.9461362614021736,0.2705136471407635,0.705690164896436,0.2705136471407635,0.28877006212162776,0.9275921299768565,0.6999933112040363,0.0,0.0,0.9427789240312877,1.0,0.9705467898272347,2495335,2646787,1.0,0.002748140963465891,0.005481218765113655,6186,17,1.0,0.02536251860836963,0.049470344679249344,18137,460,0.9970522302437647,0.8125923084300374,0.8954211239659814,208540,169959,1.0,0.05289256198347107,0.10047095761381476,72600,3840,0.0,0.0,0.0,19740,0,0.0,0.0,0.0,525,0,0.29915714263916016,0.5272762775421143,175684,43,1.6400364898828643,0.10434892494231462,0.030240999534726143,0.9578074216842651,685642,168,1.2487711237754615,0.35640137270092964,0.05962817370891571,0.9892103672027588,1291611,316,0.9874385861798809,0.7082974081858993,0.4024856984615326,0.905750572681427,79035,20,1.8334454881208961,0.0896092327311635,5.376978879212402e-05,0.9999958276748657,11023039,2692,0.16854029196814907,6.090319691225886,7.348976629786193,0.0673343250527978,7.416310954838991,3.7462304420769215,11.162541396915913,0.02067398838698864
74,4.019749593864971,0.946154339693938,0.27025439869264906,0.5628356866071382,0.27025439869264906,0.2882105960991449,0.9276204437280015,0.7002381820119169,0.0,0.0,0.9427970904540536,1.0,0.9705564158876842,2495335,2646736,0.0,0.0,0.0,6186,0,1.0,0.0256933340684788,0.05009944632586142,18137,466,0.9970527157959138,0.8127265752373646,0.8955028307095663,208540,169987,1.0,0.053360881542699724,0.10131547977090252,72600,3874,0.0,0.0,0.0,19740,0,0.0,0.0,0.0,525,0,0.304426908493042,0.525875985622406,175684,43,1.6574392508190017,0.1100036222487688,0.03180341050028801,0.9595036506652832,685642,168,1.2109119939425175,0.3436121800914407,0.057406600564718246,0.9898158311843872,1291611,316,0.9265395973810208,0.7104687569662929,0.3998890817165375,0.9086607098579407,79035,20,1.8134594322303488,0.08803434483706951,5.319550837157294e-05,0.9999961853027344,11023039,2692,0.16756341852548712,6.224222850985825,7.476341755129397,0.04165178816765547,7.517993543297052,3.691680601797998,11.20967414509505,0.009880483150482178
75,4.002851027526087,0.9461929776116308,0.2710423786861513,0.7056984779388337,0.2710423786861513,0.28972380840912887,0.927693117092112,0.7002713409605696,0.0,0.0,0.9428359190773766,1.0,0.9705769898727373,2495335,2646627,1.0,0.004203039120594891,0.008370895041854474,6186,26,1.0,0.026410100898715334,0.05146110872367855,18137,479,0.9970534264944597,0.8129231802052364,0.8956224509203102,208540,170028,1.0,0.0537603305785124,0.10203521430532136,72600,3903,0.0,0.0,0.0,19740,0,0.0,0.0,0.0,525,0,0.28947654366493225,0.5269461274147034,175684,43,1.6338466342283815,0.0922617819160223,0.032381631433963776,0.9530192017555237,685642,168,1.3103206154243103,0.4302380345761776,0.05954594910144806,0.9897446036338806,1291611,316,0.9643030857393646,0.6878306586295366,0.3958444595336914,0.908711314201355,79035,20,1.823234691921165,0.07568757981061935,5.341308133210987e-05,0.9999963045120239,11023039,2692,0.1676364331831606,6.326362727209926,7.6123807821422815,0.07015915308147669,7.682539935223758,3.7456362629309297,11.428176198154688,0.009882894344627857
76,4.0104106839374225,0.9461479591203741,0.2707378680248867,0.7056921659909451,0.2707378680248867,0.28912341203318176,0.9275648644979965,0.7003914775696554,0.0,0.0,0.9427906786954889,1.0,0.970553018432781,2495335,2646754,1.0,0.004203039120594891,0.008370895041854474,6186,26,1.0,0.026630644538788113,0.0518796992481203,18137,483,0.9970544832411267,0.8132156900354848,0.8958003745090841,208540,170089,1.0,0.051115702479338845,0.09725989700043244,72600,3711,0.0,0.0,0.0,19740,0,0.0,0.0,0.0,525,0,0.30564984679222107,0.52633136510849,175684,43,1.6393715651391083,0.12331074476242065,0.029691211879253387,0.9550523161888123,685642,168,1.2533582031154402,0.39593995176255703,0.05975006893277168,0.9894403219223022,1291611,316,1.0567373585800515,0.6281452998518944,0.3985799252986908,0.909027636051178,79035,20,1.8010453560099884,0.10100830718874931,5.437001527752727e-05,0.9999949336051941,11023039,2692,0.17042956939321202,6.298531771637499,7.546936075203121,0.06369649711996317,7.610632572323084,3.7564019868150353,11.36703455913812,0.009884894825518131
77,3.9895863665415643,0.9462677721128525,0.27415237816413957,0.84856646371474,0.27415237816413957,0.2957411372730149,0.9278459595126785,0.7009089104043431,0.0,0.0,0.9429110918313675,1.0,0.9706168190563876,2495335,2646416,1.0,0.004203039120594891,0.008370895041854474,6186,26,1.0,0.026851188178860893,0.05229810996563574,18137,487,0.9970541541718116,0.8131245804162271,0.8957449618340773,208540,170070,1.0,0.05584022038567493,0.10577399744305581,72600,4054,0.0,0.0,0.0,19740,0,1.0,0.01904761904761905,0.037383177570093455,525,10,0.2965359389781952,0.5272876620292664,175684,43,1.636292377576844,0.10501585528254509,0.030539825558662415,0.9523658156394958,685642,168,1.2647267980122026,0.36260370910167694,0.058541398495435715,0.989823579788208,1291611,316,0.9630914477722747,0.6594177335500717,0.3907338082790375,0.9095084071159363,79035,20,1.830643207346196,0.09446276072412729,5.274786599329673e-05,0.999997079372406,11023039,2692,0.1686191764125161,5.863636690191925,7.085136748850346,0.028574004769325256,7.113710753619671,3.702113904990256,10.815824658609927,0.009395935572683811
78,4.030528567227684,0.9461933320879399,0.2735035808689416,0.8485558177033996,0.2735035808689416,0.294512396240556,0.9276690610626515,0.7014319912273044,0.0,0.0,0.9428362753180842,1.0,0.9705771786289317,2495335,2646626,1.0,0.002748140963465891,0.005481218765113655,6186,17,1.0,0.026630644538788113,0.0518796992481203,18137,483,0.9970544486057136,0.8132060995492472,0.8957945418578178,208540,170087,1.0,0.05289256198347107,0.10047095761381476,72600,3840,0.0,0.0,0.0,19740,0,1.0,0.01904761904761905,0.037383177570093455,525,10,0.28565752506256104,0.526445209980011,175684,43,1.627733073978989,0.10045901779085398,0.02894127368927002,0.9626627564430237,685642,168,1.1779073877553015,0.4080082159489393,0.05716507509350777,0.9897066354751587,1291611,316,0.9749930306064805,0.6886464282870293,0.3950677812099457,0.908078670501709,79035,20,1.8007824731230977,0.07774263899773359,5.357536792871542e-05,0.9999958872795105,11023039,2692,0.1690373767208688,6.210643947124481,7.485500248149037,0.08648987393826246,7.5719901220873,3.74040540587157,11.31239552795887,0.008243265561759472
79,4.020037023163279,0.9461901418011579,0.2709566354703906,0.7056982514568441,0.2709566354703906,0.2895122206985678,0.9276558825768574,0.7008424342722396,0.0,0.0,0.9428330691614069,1.0,0.9705754798258255,2495335,2646635,1.0,0.004203039120594891,0.008370895041854474,6186,26,1.0,0.026630644538788113,0.0518796992481203,18137,483,0.9970546910365018,0.8132732329529108,0.895835369122731,208540,170101,1.0,0.05258953168044077,0.09992410165144337,72600,3818,0.0,0.0,0.0,19740,0,0.0,0.0,0.0,525,0,0.28449103236198425,0.5290578603744507,175684,43,1.6237405563869831,0.12641073390841484,0.029868127778172493,0.9577826261520386,685642,168,1.2553821590682237,0.42468175757676363,0.05615481361746788,0.9899668097496033,1291611,316,0.9702283338041833,0.6821717014536262,0.39144769310951233,0.9098753333091736,79035,20,1.8251046770021921,0.16496620420366526,5.2392162615433335e-05,0.9999954700469971,11023039,2692,0.1665143155437241,6.102356153540313,7.500586550682783,0.09346079081296921,7.594047341495752,3.756799097172916,11.350846438668668,0.009844624437391758
80,4.016362165185801,0.9465247674369555,0.2899663778491662,0.7057463593594961,0.2899663778491662,0.32288023214934153,0.9283944008953453,0.7010089334018821,0.0,0.0,0.9431694782194897,1.0,0.9707536978027343,2495335,2645691,1.0,0.1354671839637892,0.2386104783599089,6186,838,1.0,0.026851188178860893,0.05229810996563574,18137,487,0.9970550372969827,0.8133691378152872,0.8958936885499167,208540,170121,1.0,0.0540771349862259,0.10260565036719546,72600,3926,0.0,0.0,0.0,19740,0,0.0,0.0,0.0,525,0,0.2951700687408447,0.5277088284492493,175684,43,1.629414298509513,0.1087992237880826,0.027782615274190903,0.9577738642692566,685642,168,1.2498836019830446,0.4162934711202979,0.05550063028931618,0.9904088973999023,1291611,316,0.9453130940758596,0.7021859018132091,0.3865523934364319,0.911153256893158,79035,20,1.8133776858094193,0.1661262335255742,5.153075835551135e-05,0.9999970197677612,11023039,2692,0.16634386593884878,6.112540548667312,7.505945378914475,0.0876826448366046,7.59362802375108,3.702468886040151,11.296096909791231,0.01703133061528206
81,3.985630988391364,0.9465917634593768,0.29039044885318976,0.7057560100780698,0.29039044885318976,0.3236474945194952,0.9285424782759718,0.701041088591443,0.0,0.0,0.9432368601497939,1.0,0.9707893870200514,2495335,2645502,1.0,0.1354671839637892,0.2386104783599089,6186,838,1.0,0.027457683189061034,0.053447813254628385,18137,498,0.9970552103966943,0.8134170902464755,0.8959228459533474,208540,170131,1.0,0.05639118457300275,0.10676193704853053,72600,4094,0.0,0.0,0.0,19740,0,0.0,0.0,0.0,525,0,0.29369935393333435,0.5292969346046448,175684,43,1.625136494635202,0.09456937946379185,0.030064331367611885,0.959386944770813,685642,168,1.3052545413833263,0.4227114077657461,0.05686710402369499,0.9905877113342285,1291611,316,0.9306055012518254,0.6757981162518263,0.38840457797050476,0.9116719961166382,79035,20,1.814375223329125,0.07596644014120102,5.163103560335003e-05,0.9999956488609314,11023039,2692,0.16505934658337015,6.264995849691331,7.534041193313897,0.02251569740474224,7.556556890718639,3.7508878596127033,11.307444750331342,0.014112771488726139
82,3.9736943735711407,0.9466190581351781,0.2939377842029672,0.8486170775018838,0.2939377842029672,0.330525999524781,0.9286045994388823,0.7015636712044884,0.0,0.0,0.9432643148076396,1.0,0.9708039278239016,2495335,2645425,1.0,0.13611380536695764,0.2396129766647695,6186,842,1.0,0.028119314109279373,0.05470048801415777,18137,510,0.9970552277055463,0.8134218854895944,0.8959257616089914,208540,170132,1.0,0.057052341597796145,0.10794610513147951,72600,4142,0.0,0.0,0.0,19740,0,1.0,0.022857142857142857,0.0446927374301676,525,12,0.28615158796310425,0.5271111726760864,175684,43,1.6613590645930671,0.10839908290654421,0.027243921533226967,0.957754909992218,685642,168,1.246969745467382,0.44644475542008877,0.057399336248636246,0.989935040473938,1291611,316,0.9779604452319643,0.67544368468225,0.3902001678943634,0.9114822149276733,79035,20,1.8106850095067286,0.07198011223226786,5.2762065024580806e-05,0.9999957084655762,11023039,2692,0.16619358823542296,6.033349760808051,7.3356173960492015,0.05654879007488489,7.392166186124086,3.7339320490136743,11.12609823513776,0.010852795094251633
83,3.9883435016744815,0.9465864463147402,0.2931604526231464,0.8486123740807321,0.2931604526231464,0.32905851739986935,0.9285332547716707,0.7015390537343741,0.0,0.0,0.9432315120258158,1.0,0.970786554446617,2495335,2645517,1.0,0.13611380536695764,0.2396129766647695,6186,842,1.0,0.027512819099079232,0.05355226443442799,18137,499,0.9970551065393093,0.8133883187877625,0.8959053516960902,208540,170125,1.0,0.05606060606060606,0.10616929698708752,72600,4070,0.0,0.0,0.0,19740,0,1.0,0.01904761904761905,0.037383177570093455,525,10,0.2958230972290039,0.5265704393386841,175684,43,1.6211551321427191,0.10014404729008675,0.028844887390732765,0.959789514541626,685642,168,1.2214849665249672,0.4343056818470359,0.05846666544675827,0.9903639554977417,1291611,316,0.9352015283963666,0.6252066725865006,0.3841206431388855,0.9102928638458252,79035,20,1.8157695649104806,0.16419148445129395,5.23404341947753e-05,0.9999953508377075,11023039,2692,0.16655791441861906,6.052360321395099,7.376208207570016,0.016013892367482185,7.392222099937499,3.8068350898101926,11.199057189747691,0.014574689790606499
84,3.976356399337404,0.9466133865142324,0.2932535614870164,0.8486163539717404,0.2932535614870164,0.32919176519344523,0.9285757655127488,0.7017265704952814,0.0,0.0,0.9432586098121258,1.0,0.970800906322314,2495335,2645441,1.0,0.13611380536695764,0.2396129766647695,6186,842,1.0,0.027512819099079232,0.05355226443442799,18137,499,0.997055867990057,0.8135993094849909,0.8960336300431202,208540,170169,1.0,0.05650137741046832,0.10695940131939194,72600,4102,0.0,0.0,0.0,19740,0,1.0,0.01904761904761905,0.037383177570093455,525,10,0.29155510663986206,0.527407169342041,175684,43,1.6104967579294172,0.10776198282837868,0.030215751379728317,0.9637070298194885,685642,168,1.184791045131585,0.430645102635026,0.05595961585640907,0.9901533722877502,1291611,316,0.9669666699899132,0.71624665427953,0.3805663287639618,0.9114189743995667,79035,20,1.784430757092379,0.13533584866672754,5.095195956528187e-05,0.9999954700469971,11023039,2692,0.16191972614357852,6.003163976594806,7.393153565004468,0.011984503827989101,7.405138068832457,3.971951943822205,11.377090012654662,0.013536783866584301
85,3.963761382452614,0.9466612408159619,0.2934937896586087,0.8486232308381771,0.2934937896586087,0.3296553831182917,0.9286846263595181,0.7019086327834636,0.0,0.0,0.9433067478771832,1.0,0.9708264008321141,2495335,2645306,1.0,0.1354671839637892,0.2386104783599089,6186,838,1.0,0.02806417819926118,0.054596160034323715,18137,509,0.997055867990057,0.8135993094849909,0.8960336300431202,208540,170169,1.0,0.05827823691460055,0.11013783498848122,72600,4231,0.0,0.0,0.0,19740,0,1.0,0.01904761904761905,0.037383177570093455,525,10,0.2881922125816345,0.528596818447113,175684,43,1.6119092298033346,0.09746237937361002,0.02825082093477249,0.95961594581604,685642,168,1.2392604480652256,0.43106940295547247,0.0571039579808712,0.9910499453544617,1291611,316,0.9218599613223847,0.7004381632432342,0.38034194707870483,0.9123299717903137,79035,20,1.7997317555512655,0.0825674869120121,5.0896473112516105e-05,0.9999955296516418,11023039,2692,0.163586564452169,6.285049598664045,7.596587031148374,0.08688562363386154,7.683472654782236,3.8550316942855716,11.538504349067807,0.009077013470232487
86,3.9608678892690223,0.9466701027236896,0.29085054322902837,0.7057673590802283,0.29085054322902837,0.3244225389207279,0.9287035714098479,0.7013730852627756,0.0,0.0,0.9433156628728668,1.0,0.9708311221845787,2495335,2645281,1.0,0.13611380536695764,0.2396129766647695,6186,842,1.0,0.027347411369024646,0.05323887726077389,18137,496,0.9970558506887311,0.813594514241872,0.8960307149571701,208540,170168,1.0,0.058898071625344356,0.11124408137780321,72600,4276,0.0,0.0,0.0,19740,0,0.0,0.0,0.0,525,0,0.2893129289150238,0.529319703578949,175684,43,1.6146027599724706,0.10723473317921162,0.028641508892178535,0.9576674103736877,685642,168,1.2359549846690399,0.38354356959462166,0.05501115322113037,0.9904119968414307,1291611,316,0.9395752280226488,0.7287412388250232,0.3819030225276947,0.9127095341682434,79035,20,1.8049914343563316,0.10498278494924307,5.051426705904305e-05,0.9999957084655762,11023039,2692,0.16209254429703276,6.362693088129163,7.687195414677262,0.02669721655547619,7.7138926312327385,3.876936564221978,11.590829195454717,0.010207132436335087
87,3.959882193088765,0.9466630131975075,0.2908461369770083,0.7057663525794523,0.2908461369770083,0.324416159919999,0.9286857667301766,0.701310450346732,0.0,0.0,0.9433085308628394,1.0,0.9708273450989333,2495335,2645301,1.0,0.13611380536695764,0.2396129766647695,6186,842,1.0,0.02773336273915201,0.05396995708154506,18137,503,0.9970559371933267,0.8136184904574661,0.8960452902329733,208540,170173,1.0,0.05845730027548209,0.1104575503617719,72600,4244,0.0,0.0,0.0,19740,0,0.0,0.0,0.0,525,0,0.2845098376274109,0.5297523140907288,175684,43,1.6168920349564462,0.13246466126292944,0.027106821537017822,0.9600709676742554,685642,168,1.2223203074895237,0.4183904295787215,0.05641549080610275,0.9911575317382812,1291611,316,0.9309583135724278,0.7021466614678502,0.3801285922527313,0.9133927822113037,79035,20,1.7674752964226734,0.14381430484354496,5.005858474760316e-05,0.9999961853027344,11023039,2692,0.16161728477023318,6.124913573265076,7.521729630418122,0.06841104384511709,7.590140674263239,3.7810981338843703,11.37123880814761,0.010870382189750671
88,3.960905868146017,0.9466665579605985,0.29082188707505946,0.7057668669497306,0.29082188707505946,0.32436550373176026,0.9286926582054319,0.7014106467672946,0.0,0.0,0.9433120968543726,1.0,0.9708292336380822,2495335,2645291,1.0,0.13611380536695764,0.2396129766647695,6186,842,1.0,0.027347411369024646,0.05323887726077389,18137,496,0.9970559717937417,0.8136280809437039,0.8960511202355333,208540,170175,1.0,0.05866391184573003,0.1108263183231632,72600,4259,0.0,0.0,0.0,19740,0,0.0,0.0,0.0,525,0,0.28818801045417786,0.528482973575592,175684,43,1.6144940779739214,0.11215248145163059,0.027765441685914993,0.9592877626419067,685642,168,1.1763943910343024,0.49681055918335915,0.057158682495355606,0.9905799627304077,1291611,316,0.9033413735073835,0.6697950474917889,0.37708908319473267,0.9137470722198486,79035,20,1.7949488314035456,0.11598992999643087,5.080810296931304e-05,0.9999958276748657,11023039,2692,0.16231406452269168,6.379564159549773,7.774312177672982,0.023616276681423187,7.797928454354405,3.8941069347783923,11.692035389132798,0.010847632773220539
89,3.933788963660118,0.9466856996812903,0.29099854576283457,0.7057696302808242,0.29099854576283457,0.32468929114010747,0.9287342439438621,0.7013437048928024,0.0,0.0,0.9433313536745479,1.0,0.9708394318764526,2495335,2645237,1.0,0.13611380536695764,0.2396129766647695,6186,842,1.0,0.02806417819926118,0.054596160034323715,18137,509,0.997056058291221,0.813652057159298,0.8960656949725391,208540,170180,1.0,0.059159779614325066,0.11171077443266793,72600,4295,0.0,0.0,0.0,19740,0,0.0,0.0,0.0,525,0,0.2955527901649475,0.5265021324157715,175684,43,1.6299533108777755,0.10334205627441406,0.026211868971586227,0.9643968939781189,685642,168,1.2172608149329232,0.39700288232415915,0.05385800451040268,0.9910956025123596,1291611,316,0.9096574485813438,0.687283649109304,0.37227511405944824,0.9125197529792786,79035,20,1.8018213819128863,0.08007561787962914,5.0342012400506064e-05,0.9999957084655762,11023039,2692,0.16013539864714463,5.953927552327514,7.22163175791502,0.033102202229201794,7.254733960144222,3.835073884576559,11.08980784472078,0.011905702762305737
90,3.9056838664379305,0.9467346174119472,0.2912547000639072,0.7057766907121302,0.2912547000639072,0.32513930918049505,0.928839380953258,0.7013615352747046,0.0,0.0,0.9433805691204753,1.0,0.9708654950146233,2495335,2645099,1.0,0.13611380536695764,0.2396129766647695,6186,842,1.0,0.02806417819926118,0.054596160034323715,18137,509,0.9970562658644354,0.8137096000767239,0.8961006727712472,208540,170192,1.0,0.06089531680440771,0.11479985977850196,72600,4421,0.0,0.0,0.0,19740,0,0.0,0.0,0.0,525,0,0.2928451895713806,0.525597095489502,175684,43,1.6286294573891889,0.11100835166871548,0.028354793787002563,0.9643006324768066,685642,168,1.201196804020547,0.3573623225092888,0.05705840885639191,0.9910004138946533,1291611,316,0.8848543648922584,0.7187315719202161,0.37028080224990845,0.9132156372070312,79035,20,1.818561514549809,0.14990161173045635,4.9061902245739475e-05,0.9999966621398926,11023039,2692,0.15935158790605336,6.187217620201409,7.524221478030086,0.10671186354011297,7.6309333415701985,3.7363619981333613,11.36729533970356,0.01706648152321577
91,3.949185036089825,0.9466445804294339,0.2906501361843769,0.7057638271573217,0.2906501361843769,0.3240198153356069,0.9286230364776977,0.7015066502716013,0.0,0.0,0.9432899881414692,1.0,0.9708175248137992,2495335,2645353,1.0,0.13611380536695764,0.2396129766647695,6186,842,1.0,0.027457683189061034,0.053447813254628385,18137,498,0.9970568019597822,0.8138582526134075,0.8961910218263136,208540,170223,1.0,0.05712121212121212,0.1080693707897377,72600,4147,0.0,0.0,0.0,19740,0,0.0,0.0,0.0,525,0,0.28177329897880554,0.528750479221344,175684,43,1.5918124350272898,0.13106113113462925,0.028170570731163025,0.9644902348518372,685642,168,1.159257467194457,0.37703975196927786,0.053306903690099716,0.9911900758743286,1291611,316,0.9386057422421772,0.627966639585793,0.37610331177711487,0.9116467237472534,79035,20,1.7980311535594025,0.08854157291352749,5.006816718378104e-05,0.9999958276748657,11023039,2692,0.16116509299351525,6.288587687537074,7.513196783140302,0.011707252822816372,7.524904035963118,3.80100267380476,11.325906709767878,0.015349753201007843
92,3.93042194393852,0.9467048414019822,0.2935901326181188,0.8486298378436137,0.2935901326181188,0.32969001138982473,0.9287247278333687,0.7021458415008857,0.0,0.0,0.9433506112809587,1.0,0.9708496303290836,2495335,2645183,1.0,0.13611380536695764,0.2396129766647695,6186,842,1.0,0.027567955009097426,0.05365670440521543,18137,500,0.9970582536243372,0.8142610530353889,0.8964357643059071,208540,170307,1.0,0.05814049586776859,0.10989182645370406,72600,4221,0.0,0.0,0.0,19740,0,1.0,0.01904761904761905,0.037383177570093455,525,10,0.29431983828544617,0.5269745588302612,175684,43,1.6203262965599903,0.09731615986675024,0.028480995446443558,0.9593140482902527,685642,168,1.2241132280989455,0.4077407047152519,0.05832469463348389,0.9910205006599426,1291611,316,0.9463880996922334,0.7076031882315874,0.3722376823425293,0.9144176244735718,79035,20,1.797899785345647,0.0996150579303503,4.926097608404234e-05,0.9999949336051941,11023039,2692,0.15757495193377483,5.981411227025092,7.2936863377690315,0.07504786178469658,7.368734199553728,3.698882327415049,11.067616526968777,0.010943484492599964
93,3.90473923127847,0.9467665202797669,0.29406738291227813,0.8486386094305077,0.29406738291227813,0.33057983135676877,0.9288798516399122,0.701991832821446,0.0,0.0,0.9434126689171947,1.0,0.9708824934673633,2495335,2645009,1.0,0.13627546071774976,0.23986342296201452,6186,843,1.0,0.028174450019297567,0.054804804804804805,18137,511,0.9970575970963593,0.8140788337968735,0.8963250609146034,208540,170269,1.0,0.06089531680440771,0.11479985977850196,72600,4421,0.0,0.0,0.0,19740,0,1.0,0.01904761904761905,0.037383177570093455,525,10,0.29623207449913025,0.5278397798538208,175684,43,1.590850344468677,0.10388655494898558,0.027389351278543472,0.9620807766914368,685642,168,1.2088880111517324,0.41550916247069836,0.05424977466464043,0.9917877912521362,1291611,316,0.9109070586120422,0.6867927191779017,0.3749980628490448,0.9129499197006226,79035,20,1.8115167216667452,0.07601732946932316,5.011107350583188e-05,0.9999954700469971,11023039,2692,0.16009558692355152,5.9966331804171205,7.278838946484029,0.09511920996010303,7.373958156444132,3.7104507107287645,11.084408867172897,0.009385854937136173
94,3.895581749204077,0.9467704195191671,0.2940279210677379,0.8486392192927743,0.2940279210677379,0.33048852343289514,0.9288800818178845,0.7020155373732214,0.0,0.0,0.9434165923754951,1.0,0.9708845710968531,2495335,2644998,1.0,0.13627546071774976,0.23986342296201452,6186,843,1.0,0.0278436345591884,0.054178736187104386,18137,505,0.9970579426739249,0.81417473865925,0.8963833286258444,208540,170289,1.0,0.060853994490358124,0.11472642758835597,72600,4418,0.0,0.0,0.0,19740,0,1.0,0.01904761904761905,0.037383177570093455,525,10,0.29101988673210144,0.5267354846000671,175684,43,1.5991705757231327,0.11692097783088684,0.027623437345027924,0.9603903889656067,685642,168,1.1896989522163057,0.39963308069854975,0.055437151342630386,0.9912760257720947,1291611,316,0.9070366336233955,0.7682088874280453,0.37130674719810486,0.9128866791725159,79035,20,1.8063783424312994,0.07583640050143003,4.9318485253024846e-05,0.9999958872795105,11023039,2692,0.15970676934790914,6.7910268027335405,8.151626149192452,0.10210676677525043,8.253732915967703,3.787582580000162,12.041315495967865,0.01592455990612507
95,3.8840652452809086,0.9467275278857651,0.293861930130242,0.8486329380809725,0.293861930130242,0.3302294876907966,0.9288031627450811,0.7017323360508998,0.0,0.0,0.9433734361289605,1.0,0.970861717661514,2495335,2645119,1.0,0.13627546071774976,0.23986342296201452,6186,843,1.0,0.027953906379224788,0.054387470499892725,18137,507,0.9970571304378473,0.8139493622326652,0.8962463897439689,208540,170242,1.0,0.059807162534435264,0.11286423539809207,72600,4342,0.0,0.0,0.0,19740,0,1.0,0.01904761904761905,0.037383177570093455,525,10,0.277344286441803,0.5301848649978638,175684,43,1.5907055958037857,0.10374231543391943,0.026762662455439568,0.9634371995925903,685642,168,1.1596673210543782,0.44677698612213135,0.055050596594810486,0.991680920124054,1291611,316,0.8925691636510033,0.686824799515307,0.3701571822166443,0.9138103127479553,79035,20,1.7892746976503957,0.151650900952518,4.970495501765981e-05,0.9999963045120239,11023039,2692,0.16134715896323054,6.048857782036066,7.437852784059942,0.0434218468144536,7.481274630874395,3.7166014183312654,11.19787604920566,0.010293574072420597
96,3.865976391718759,0.9468037402922231,0.2942214040076491,0.8486440609834424,0.2942214040076491,0.3308233265361064,0.9289465036718528,0.7027466219400057,0.0,0.0,0.9434501214410806,1.0,0.9709023257478884,2495335,2644904,1.0,0.13627546071774976,0.23986342296201452,6186,843,1.0,0.028174450019297567,0.054804804804804805,18137,511,0.9970583054430157,0.8142754387647454,0.8964445031014914,208540,170310,1.0,0.06177685950413223,0.11636505156645262,72600,4485,0.0,0.0,0.0,19740,0,1.0,0.01904761904761905,0.037383177570093455,525,10,0.2834964096546173,0.5291375517845154,175684,43,1.5841627632001802,0.10609516501426697,0.027037249878048897,0.9666064977645874,685642,168,1.2015186976006287,0.456658530049026,0.057212620973587036,0.9914990067481995,1291611,316,0.9220491084258765,0.6665350301191211,0.3735508918762207,0.9142278432846069,79035,20,1.8068344440109716,0.12937538139522076,4.873852230957709e-05,0.9999958276748657,11023039,2692,0.15788328238501897,5.991706192493439,7.3503702990710735,0.10051176697015762,7.450882066041231,3.684982574544847,11.135864640586078,0.016010470688343048
97,3.8724895339830443,0.9467948783844955,0.2942042781393676,0.8486427253526683,0.2942042781393676,0.33081224802600057,0.9289369432556276,0.7028594211643646,0.0,0.0,0.9434412039037721,1.0,0.9708976037028448,2495335,2644929,1.0,0.13627546071774976,0.23986342296201452,6186,843,1.0,0.028174450019297567,0.054804804804804805,18137,511,0.9970578735649059,0.8141555576867747,0.8963716755757936,208540,170285,1.0,0.06177685950413223,0.11636505156645262,72600,4485,0.0,0.0,0.0,19740,0,1.0,0.01904761904761905,0.037383177570093455,525,10,0.28401458263397217,0.5296555161476135,175684,43,1.580818213956054,0.11177477240562439,0.026332158595323563,0.9628071188926697,685642,168,1.195320186637024,0.401969688013196,0.05458931252360344,0.9917049407958984,1291611,316,0.9195097447573078,0.7171343741938472,0.37037181854248047,0.9135825634002686,79035,20,1.818122592776414,0.09007267281413078,4.9456823035143316e-05,0.9999952912330627,11023039,2692,0.16048576158469569,6.176772645674646,7.497724153101444,0.08162988722324371,7.579354040324688,3.7009042659774423,11.28025830630213,0.009797923266887665
98,3.820541359319245,0.9468640012647714,0.29511173285112907,0.8486528033182592,0.29511173285112907,0.33246016527037975,0.9290687157352914,0.7025293066155885,0.0,0.0,0.9435107651657973,1.0,0.9709344368723455,2495335,2644734,1.0,0.13643711606854186,0.24011379800853486,6186,844,1.0,0.02850526547940674,0.0554304706765305,18137,517,0.9970588580620164,0.8144288865445478,0.896537708310239,208540,170342,1.0,0.06355371900826447,0.11951200559484032,72600,4614,0.0,0.0,0.0,19740,0,1.0,0.022857142857142857,0.0446927374301676,525,12,0.2896382808685303,0.5281357765197754,175684,43,1.5792817076134693,0.09922453854233027,0.02775535173714161,0.9642991423606873,685642,168,1.1703903171097618,0.42244680877774954,0.05482334643602371,0.9908060431480408,1291611,316,1.1067351603836357,0.7046925593167543,0.3641968369483948,0.914822518825531,79035,20,1.7924513470251433,0.14468443393707275,4.8739806516095996e-05,0.9999958872795105,11023039,2692,0.15826018128356797,6.100320625118911,7.471368965692818,0.09248095192015171,7.56384991761297,3.6769974892959,11.24084740690887,0.016155571676790714
99,3.8732951848129966,0.9467803448558221,0.29461364093914516,0.8486407052524838,0.29461364093914516,0.3315827540933686,0.9288924671622111,0.7033010821974827,0.0,0.0,0.9434265795075181,1.0,0.9708898596484061,2495335,2644970,1.0,0.13643711606854186,0.24011379800853486,6186,844,1.0,0.0278436345591884,0.054178736187104386,18137,505,0.9970583572598686,0.8142898244941018,0.8964532417586768,208540,170313,1.0,0.060867768595041324,0.114750905620691,72600,4419,0.0,0.0,0.0,19740,0,1.0,0.022857142857142857,0.0446927374301676,525,12,0.28635281324386597,0.5279536247253418,175684,43,1.5697358262255179,0.10545946378260851,0.026673678308725357,0.9631702899932861,685642,168,1.1610756459773537,0.43056303448975086,0.05371734872460365,0.9920223951339722,1291611,316,0.9173350891481865,0.6746011963114142,0.3599587380886078,0.9154298305511475,79035,20,1.7714104484517772,0.16164799593389034,4.971564339939505e-05,0.9999951124191284,11023039,2692,0.16351441377203355,6.199848474003375,7.5721201645210385,0.09339322056621313,7.665513385087252,3.7663367008790374,11.431850085966289,0.012098331935703754
100,3.881362851340366,0.9467792814268947,0.2945184116060361,0.8486406559931038,0.2945184116060361,0.3313742074902972,0.9288724011206888,0.703292425785606,0.0,0.0,0.9434255094475444,1.0,0.9708892930151267,2495335,2644973,1.0,0.13643711606854186,0.24011379800853486,6186,844,1.0,0.027512819099079232,0.05355226443442799,18137,499,0.9970590825041824,0.8144912247050925,0.8965755684292482,208540,170355,1.0,0.0603305785123967,0.11379579111457522,72600,4380,0.0,0.0,0.0,19740,0,1.0,0.022857142857142857,0.0446927374301676,525,12,0.2760171890258789,0.5300824046134949,175684,43,1.5746065731681362,0.12201377470046282,0.026781633496284485,0.9663264751434326,685642,168,1.1996431127963356,0.49209379125386477,0.05357736721634865,0.9913271069526672,1291611,316,0.9275937480754626,0.6892898483201861,0.3598981201648712,0.9148098826408386,79035,20,1.7985387785827909,0.10783349443227053,4.8802328819874674e-05,0.9999945759773254,11023039,2692,0.15822412168833705,5.995581960305572,7.406812869012356,0.09342172089964151,7.500234589911997,3.6933691697195172,11.193603759631515,0.010770455002784729
